ARTÍCULO,DESCRIPCIÓN,CANAL,SUBCANAL,CLIENTE,2025-01-01 00:00:00_kg,2025-02-01 00:00:00_kg,2025-03-01 00:00:00_kg,2025-04-01 00:00:00_kg,2025-05-01 00:00:00_kg,2025-06-01 00:00:00_kg,2025-07-01 00:00:00_kg,2025-08-01 00:00:00_kg,2025-09-01 00:00:00_kg,2025-10-01 00:00:00_kg,2025-11-01 00:00:00_kg,2025-12-01 00:00:00_kg,2026-01-01 00:00:00_kg,2026-02-01 00:00:00_kg,2026-03-01 00:00:00_kg,2026-04-01 00:00:00_kg,2026-05-01 00:00:00_kg,2026-06-01 00:00:00_kg,2026-07-01 00:00:00_kg,2025-01-01 00:00:00_ing,2025-02-01 00:00:00_ing,2025-03-01 00:00:00_ing,2025-04-01 00:00:00_ing,2025-05-01 00:00:00_ing,2025-06-01 00:00:00_ing,2025-07-01 00:00:00_ing,2025-08-01 00:00:00_ing,2025-09-01 00:00:00_ing,2025-10-01 00:00:00_ing,2025-11-01 00:00:00_ing,2025-12-01 00:00:00_ing,2026-01-01 00:00:00_ing,2026-02-01 00:00:00_ing,2026-03-01 00:00:00_ing,2026-04-01 00:00:00_ing,2026-05-01 00:00:00_ing,2026-06-01 00:00:00_ing,2026-07-01 00:00:00_ing
1043.0,LA CABRA FELIZ,DISTRIBUIDORES,RESTO DISTRIBUIDORES,"000898-JOSÉ XARGAYÓ, S.A. (BLOQ )",41.535,0.0,0.0,0.0,0.0,0.0,0.0,0.0,0.0,0.0,0.0,0.0,0.0,0.0,0.0,0.0,0.0,0.0,0.0,525.42,0.0,0.0,0.0,0.0,0.0,0.0,0.0,0.0,0.0,0.0,0.0,0.0,0.0,0.0,0.0,0.0,0.0,0.0
1045.0,QUESO CABRA SEMICURADO MONTESINOS,DISTRIBUIDORES,RESTO DISTRIBUIDORES,"000855-CASA BASTIDA, S.L. ( BLOQ )",0.0,0.0,0.0,14.87,30.2,0.0,0.0,0.0,0.0,0.0,0.0,0.0,0.0,0.0,0.0,0.0,0.0,0.0,0.0,0.0,0.0,0.0,177.7,360.89,0.0,0.0,0.0,0.0,0.0,0.0,0.0,0.0,0.0,0.0,0.0,0.0,0.0,0.0
1050.0,ERMITA DE SAN LORENZO,DISTRIBUIDORES,RESTO DISTRIBUIDORES,"000898-JOSÉ XARGAYÓ, S.A. (BLOQ )",44.45,0.0,0.0,14.855,0.0,0.0,0.0,0.0,0.0,0.0,0.0,0.0,0.0,0.0,0.0,0.0,0.0,0.0,0.0,562.29,0.0,0.0,187.92,0.0,0.0,0.0,0.0,0.0,0.0,0.0,0.0,0.0,0.0,0.0,0.0,0.0,0.0,0.0
1078.0,"QUESO BARRA TIERNO 2,6 KG ""CAMPO ADENTRO""",DISTRIBUIDORES,RESTO DISTRIBUIDORES,"000763-BENIBALDO, S.A.U. (BLOQ.)",0.0,0.0,0.0,111.465,0.0,0.0,0.0,0.0,0.0,0.0,0.0,0.0,0.0,0.0,0.0,0.0,0.0,0.0,0.0,0.0,0.0,0.0,886.14,0.0,0.0,0.0,0.0,0.0,0.0,0.0,0.0,0.0,0.0,0.0,0.0,0.0,0.0,0.0
1078.0,"QUESO BARRA TIERNO 2,6 KG ""CAMPO ADENTRO""",DISTRIBUIDORES,RESTO DISTRIBUIDORES,"000854-EL CONCHEL D´GUSTO, S.L.U. (BLOQ.)",67.61,171.33,185.51,0.0,0.0,0.0,0.0,0.0,0.0,0.0,0.0,0.0,0.0,0.0,0.0,0.0,0.0,0.0,0.0,510.46,1293.54,1417.85,0.0,0.0,0.0,0.0,0.0,0.0,0.0,0.0,0.0,0.0,0.0,0.0,0.0,0.0,0.0,0.0
1078.0,"QUESO BARRA TIERNO 2,6 KG ""CAMPO ADENTRO""",DISTRIBUIDORES,RESTO DISTRIBUIDORES,"000890-OCEANÍA FOOD SELECTION, S.L. ( bloq)",0.0,0.0,23.11,0.0,0.0,0.0,0.0,0.0,0.0,0.0,0.0,0.0,0.0,0.0,0.0,0.0,0.0,0.0,0.0,0.0,0.0,183.72,0.0,0.0,0.0,0.0,0.0,0.0,0.0,0.0,0.0,0.0,0.0,0.0,0.0,0.0,0.0,0.0
1082.0,"QUESO SEMICURADO 3 KG ""CAMPO ADENTRO""",DISTRIBUIDORES,RESTO DISTRIBUIDORES,000942-MIGUEL ANGEL LAGUNA ORTIZ (BLOQ.),0.0,0.0,0.0,0.0,0.0,0.0,0.0,0.0,509.68,1022.63,0.0,0.0,0.0,0.0,0.0,0.0,0.0,0.0,0.0,0.0,0.0,0.0,0.0,0.0,0.0,0.0,0.0,4051.96,8129.91,0.0,0.0,0.0,0.0,0.0,0.0,0.0,0.0,0.0
1082.0,"QUESO SEMICURADO 3 KG ""CAMPO ADENTRO""",INDUSTRIALES & FOOD SERVICE,RESTO INDUSTRIALES & FOODSERVICE,"000885-OBRADOR LEVADURAMADRE, S.L. (BLOQ.)",0.0,0.0,0.0,305.055,0.0,0.0,0.0,0.0,0.0,0.0,0.0,0.0,0.0,0.0,0.0,0.0,0.0,0.0,0.0,0.0,0.0,0.0,2364.18,0.0,0.0,0.0,0.0,0.0,0.0,0.0,0.0,0.0,0.0,0.0,0.0,0.0,0.0,0.0
1099.0,MURCIA AL VINO DOP MONTESINOS 1 u/c,CASH & CARRY,MAKRO,000621-MAKRO DISTRIBUCIÓN MAYORISTA SA,0.0,22.055,24.54,21.46,47.55,64.053,37.005,7.61,0.0,0.0,0.0,0.0,0.0,0.0,0.0,0.0,0.0,0.0,0.0,0.0,325.15,361.79,316.39,701.02,944.33,545.57,112.19,0.0,0.0,0.0,0.0,0.0,0.0,0.0,0.0,0.0,0.0,0.0
1227.0,RULO FRESCO DE CABRA 1 KG,CASH & CARRY,MAKRO,000621-MAKRO DISTRIBUCIÓN MAYORISTA SA,780.0,873.0,1170.0,1377.0,1041.0,1152.0,1377.0,1164.0,-12.0,0.0,0.0,0.0,0.0,0.0,0.0,0.0,0.0,0.0,0.0,7282.08,8150.33,10923.12,10155.67,8157.29,9495.08,12855.67,10867.1,-112.03,0.0,0.0,0.0,0.0,0.0,0.0,0.0,0.0,0.0,0.0
1227.0,RULO FRESCO DE CABRA 1 KG,CASH & CARRY,MAKRO,000645-MAKRO CASH & CARRY PORTUGAL S.A.,0.0,0.0,0.0,0.0,0.0,0.0,0.0,0.0,0.0,0.0,0.0,0.0,0.0,0.0,0.0,0.0,0.0,0.0,0.0,0.0,0.0,0.0,0.0,0.0,0.0,0.0,0.0,0.0,0.0,0.0,0.0,0.0,0.0,0.0,0.0,0.0,0.0,0.0
1227.0,RULO FRESCO DE CABRA 1 KG,DISTRIBUIDORES,RESTO DISTRIBUIDORES,"000836-DISTRIBUCIONES SERVERA, S.A.",0.0,0.0,0.0,0.0,0.0,0.0,0.0,0.0,0.0,0.0,0.0,0.0,0.0,0.0,0.0,0.0,0.0,0.0,0.0,0.0,0.0,0.0,0.0,0.0,0.0,0.0,0.0,0.0,0.0,0.0,0.0,0.0,0.0,0.0,0.0,0.0,0.0,0.0
1227.0,RULO FRESCO DE CABRA 1 KG,DISTRIBUIDORES,RESTO DISTRIBUIDORES,000942-MIGUEL ANGEL LAGUNA ORTIZ (BLOQ.),0.0,0.0,0.0,0.0,0.0,0.0,0.0,0.0,360.0,0.0,0.0,0.0,0.0,0.0,0.0,0.0,0.0,0.0,0.0,0.0,0.0,0.0,0.0,0.0,0.0,0.0,0.0,3330.0,0.0,0.0,0.0,0.0,0.0,0.0,0.0,0.0,0.0,0.0
1389.0,LONCHAS 150 G. LA ERMITA,INTERNO,INTERNO,"000086-CENTRAL QUESERA MONTESINOS, S.L.U.",117.6,128.1,252.0,0.0,0.0,0.0,0.0,0.0,0.0,0.0,0.0,0.0,0.0,0.0,0.0,0.0,0.0,0.0,0.0,162.64,279.64,550.12,0.0,0.0,0.0,0.0,0.0,0.0,0.0,0.0,0.0,0.0,0.0,0.0,0.0,0.0,0.0,0.0
1560.0,"QUESO FRESCO DE CABRA 1,5 KG FRESCOY",DISTRIBUIDORES,RESTO DISTRIBUIDORES,"000763-BENIBALDO, S.A.U. (BLOQ.)",0.0,0.0,0.0,22.5,0.0,0.0,0.0,0.0,0.0,0.0,0.0,0.0,0.0,0.0,0.0,0.0,0.0,0.0,0.0,0.0,0.0,0.0,219.38,0.0,0.0,0.0,0.0,0.0,0.0,0.0,0.0,0.0,0.0,0.0,0.0,0.0,0.0,0.0
1560.0,"QUESO FRESCO DE CABRA 1,5 KG FRESCOY",DISTRIBUIDORES,RESTO DISTRIBUIDORES,"000854-EL CONCHEL D´GUSTO, S.L.U. (BLOQ.)",18.0,0.0,18.0,0.0,0.0,0.0,0.0,0.0,0.0,0.0,0.0,0.0,0.0,0.0,0.0,0.0,0.0,0.0,0.0,172.8,0.0,174.15,0.0,0.0,0.0,0.0,0.0,0.0,0.0,0.0,0.0,0.0,0.0,0.0,0.0,0.0,0.0,0.0
1560.0,"QUESO FRESCO DE CABRA 1,5 KG FRESCOY",DISTRIBUIDORES,RESTO DISTRIBUIDORES,"000855-CASA BASTIDA, S.L. ( BLOQ )",0.0,0.0,3.0,7.5,0.0,0.0,0.0,0.0,0.0,0.0,0.0,0.0,0.0,0.0,0.0,0.0,0.0,0.0,0.0,0.0,0.0,27.75,69.38,0.0,0.0,0.0,0.0,0.0,0.0,0.0,0.0,0.0,0.0,0.0,0.0,0.0,0.0,0.0
1637.0,LONCHAS IWS CHEF BRUNO 450 g,DISTRIBUIDORES,PROVISIONES SUROESTE,"000879-PROVISIONES SUROESTE, S.L.",0.0,0.0,0.0,0.0,0.0,0.0,0.0,0.0,0.0,0.0,0.0,0.0,0.0,0.0,0.0,0.0,0.0,0.0,0.0,0.0,0.0,0.0,0.0,0.0,0.0,0.0,0.0,0.0,0.0,0.0,0.0,0.0,0.0,0.0,0.0,0.0,0.0,0.0
1637.0,LONCHAS IWS CHEF BRUNO 450 g,DISTRIBUIDORES,RESTO DISTRIBUIDORES,000651-COMERGRAN S.L.,756.0,0.0,270.0,450.0,495.0,0.0,0.0,0.0,0.0,0.0,0.0,0.0,0.0,0.0,0.0,0.0,0.0,0.0,0.0,2343.6,0.0,882.9,1471.5,1618.65,0.0,0.0,0.0,0.0,0.0,0.0,0.0,0.0,0.0,0.0,0.0,0.0,0.0,0.0
1637.0,LONCHAS IWS CHEF BRUNO 450 g,DISTRIBUIDORES,RESTO DISTRIBUIDORES,000816-CARLAFEX S.L.,360.0,270.0,270.0,360.0,495.0,540.0,270.0,360.0,540.0,720.0,0.0,378.0,270.0,216.0,540.0,216.0,108.0,324.0,108.0,954.0,769.5,769.5,1026.0,1410.75,1539.0,769.5,1026.0,1539.0,2052.0,0.0,1077.3,769.5,615.6,1539.0,615.6,307.8,923.4,307.8
1637.0,LONCHAS IWS CHEF BRUNO 450 g,DISTRIBUIDORES,RESTO DISTRIBUIDORES,"000865-DISALCON95, S.L.",0.0,0.0,0.0,0.0,0.0,0.0,0.0,0.0,0.0,0.0,0.0,0.0,0.0,0.0,0.0,0.0,0.0,0.0,0.0,0.0,0.0,0.0,0.0,0.0,0.0,0.0,0.0,0.0,0.0,0.0,0.0,0.0,0.0,0.0,0.0,0.0,0.0,0.0
1637.0,LONCHAS IWS CHEF BRUNO 450 g,DISTRIBUIDORES,RESTO DISTRIBUIDORES,000925-CAFES MORA S.L. ( BLOQ ),0.0,0.0,0.0,180.0,0.0,0.0,0.0,0.0,0.0,0.0,0.0,0.0,0.0,0.0,0.0,0.0,0.0,0.0,0.0,0.0,0.0,0.0,630.0,0.0,0.0,0.0,0.0,0.0,0.0,0.0,0.0,0.0,0.0,0.0,0.0,0.0,0.0,0.0
1637.0,LONCHAS IWS CHEF BRUNO 450 g,RETAIL,IFA,000823-HIPER USERA S.L.,531.0,486.0,891.0,513.0,1125.0,198.0,423.0,495.0,585.0,792.0,630.0,603.0,657.0,603.0,1512.0,0.0,756.0,1512.0,756.0,1593.0,1458.0,2673.0,1539.0,3375.0,594.0,1269.0,1485.0,1755.0,2376.0,1890.0,1809.0,1971.0,1350.0,4536.0,0.0,2268.0,4536.0,2268.0
1637.0,LONCHAS IWS CHEF BRUNO 450 g,RETAIL,OTROS RETAILERS,000824-GRUPO HERMANOS MARTÍN S.A. ( BLOQ),0.0,0.0,0.0,0.0,0.0,0.0,0.0,0.0,0.0,0.0,0.0,0.0,0.0,0.0,0.0,0.0,0.0,0.0,0.0,0.0,0.0,0.0,0.0,0.0,0.0,0.0,0.0,0.0,0.0,0.0,0.0,0.0,0.0,0.0,0.0,0.0,0.0,0.0
1667.0,LONCHAS DE QUESO FUNDIDO IWS 800 g METRO C,CASH & CARRY,MAKRO,000615-MAKRO DISTRIBUCIÓN MAYORISTA SA (BLOQ.),2712.0,0.0,0.0,0.0,0.0,0.0,0.0,0.0,0.0,0.0,0.0,0.0,0.0,0.0,0.0,0.0,0.0,0.0,0.0,13041.47,0.0,0.0,0.0,0.0,0.0,0.0,0.0,0.0,0.0,0.0,0.0,0.0,0.0,0.0,0.0,0.0,0.0,0.0
1667.0,LONCHAS DE QUESO FUNDIDO IWS 800 g METRO C,CASH & CARRY,MAKRO,000912-MAKRO DISTRIBUCIÓN MAYORISTA SA,0.0,2884.8,2803.2,4656.0,3782.4,3436.8,3984.0,4315.2,206.4,0.0,0.0,0.0,0.0,0.0,0.0,0.0,0.0,0.0,0.0,0.0,11912.8,11421.91,19269.89,15790.0,14347.28,16631.62,18014.26,861.63,0.0,0.0,0.0,0.0,0.0,0.0,0.0,0.0,0.0,0.0
1700.0,RULO DE CABRA 1 KG METRO CHEF,CASH & CARRY,MAKRO,000721-MAKRO CASH & CARRY PORTUGAL S.A.,300.0,452.0,476.0,556.0,592.0,660.0,728.0,828.0,840.0,1012.0,568.0,772.0,552.0,456.0,736.0,868.0,1008.0,1000.0,980.0,3168.0,4773.12,4294.92,4753.8,5061.6,6350.52,7687.68,8743.68,8870.4,10686.72,5998.08,2069.76,5829.12,4815.36,7772.16,9166.08,10644.48,10560.0,10348.8
1705.0,RULO COMBI 1 KG,DISTRIBUIDORES,RESTO DISTRIBUIDORES,000751-PLACOR 2006 S.L.,0.0,0.0,0.0,0.0,0.0,0.0,0.0,0.0,0.0,0.0,0.0,0.0,0.0,0.0,0.0,0.0,0.0,0.0,0.0,0.0,0.0,0.0,0.0,0.0,0.0,0.0,0.0,0.0,0.0,0.0,0.0,0.0,0.0,0.0,0.0,0.0,0.0,0.0
1705.0,RULO COMBI 1 KG,DISTRIBUIDORES,RESTO DISTRIBUIDORES,000789-PALENZUELA DISTRIBUCION 1970 S.L.,0.0,0.0,0.0,0.0,0.0,0.0,0.0,0.0,0.0,0.0,0.0,0.0,0.0,0.0,0.0,0.0,0.0,0.0,0.0,0.0,0.0,0.0,0.0,0.0,0.0,0.0,0.0,0.0,0.0,0.0,0.0,0.0,0.0,0.0,0.0,0.0,0.0,0.0
1705.0,RULO COMBI 1 KG,DISTRIBUIDORES,RESTO DISTRIBUIDORES,"000822-JASLA HOSTELERIA, S.L. (BLOQ.)",0.0,0.0,0.0,0.0,0.0,0.0,0.0,0.0,0.0,0.0,0.0,0.0,0.0,0.0,0.0,0.0,0.0,0.0,0.0,0.0,0.0,0.0,0.0,0.0,0.0,0.0,0.0,0.0,0.0,0.0,0.0,0.0,0.0,0.0,0.0,0.0,0.0,0.0
1705.0,RULO COMBI 1 KG,INDUSTRIALES & FOOD SERVICE,RESTO INDUSTRIALES & FOODSERVICE,000809-CHAVINADOR S.L.,0.0,0.0,0.0,0.0,0.0,0.0,0.0,0.0,0.0,0.0,0.0,0.0,0.0,0.0,0.0,0.0,0.0,0.0,0.0,0.0,0.0,0.0,0.0,0.0,0.0,0.0,0.0,0.0,0.0,0.0,0.0,0.0,0.0,0.0,0.0,0.0,0.0,0.0
1706.0,RULO DE CABRA MADURADO 1 KG LAFUENTE,CASH & CARRY,MAKRO,000621-MAKRO DISTRIBUCIÓN MAYORISTA SA,948.0,540.0,1016.0,1052.0,816.0,804.0,980.0,896.0,0.0,0.0,0.0,0.0,0.0,0.0,0.0,0.0,0.0,0.0,0.0,9907.32,5940.83,10465.13,9476.93,7411.74,7886.73,10861.35,9886.04,0.0,0.0,0.0,0.0,0.0,0.0,0.0,0.0,0.0,0.0,0.0
1706.0,RULO DE CABRA MADURADO 1 KG LAFUENTE,DISTRIBUIDORES,RESTO DISTRIBUIDORES,"000038-LÁCTEOS MENDI, S.L.",0.0,0.0,0.0,0.0,0.0,224.0,88.0,276.0,160.0,144.0,192.0,180.0,212.0,148.0,180.0,140.0,216.0,192.0,128.0,0.0,0.0,0.0,0.0,0.0,2004.8,787.6,2470.2,1432.0,1288.8,1718.4,1611.0,1974.8,1391.2,1692.0,1316.0,2030.4,1804.8,1203.2
1706.0,RULO DE CABRA MADURADO 1 KG LAFUENTE,DISTRIBUIDORES,RESTO DISTRIBUIDORES,"000643-ORTHIDAL, S.L.",384.0,192.0,872.0,0.0,640.0,860.0,200.0,448.0,816.0,232.0,840.0,420.0,580.0,648.0,788.0,168.0,292.0,632.0,448.0,3436.8,1706.45,7155.25,0.0,4756.0,7547.0,1790.0,4009.6,7303.2,2076.4,7518.0,3759.0,5403.94,6258.0,7614.95,1626.24,2826.56,6103.82,4333.01
1706.0,RULO DE CABRA MADURADO 1 KG LAFUENTE,DISTRIBUIDORES,RESTO DISTRIBUIDORES,000654-COMERCIAL PINAMAS S.L.,0.0,0.0,0.0,0.0,0.0,0.0,0.0,0.0,0.0,0.0,0.0,0.0,0.0,0.0,0.0,0.0,0.0,0.0,0.0,0.0,0.0,0.0,0.0,0.0,0.0,0.0,0.0,0.0,0.0,0.0,0.0,0.0,0.0,0.0,0.0,0.0,0.0,0.0
1706.0,RULO DE CABRA MADURADO 1 KG LAFUENTE,DISTRIBUIDORES,RESTO DISTRIBUIDORES,000667-MENA ALIMENTARIA S.L.,0.0,12.0,40.0,24.0,24.0,12.0,12.0,8.0,0.0,12.0,8.0,0.0,0.0,0.0,0.0,0.0,0.0,0.0,0.0,0.0,115.2,384.0,230.4,230.4,115.2,115.2,76.8,0.0,115.2,76.8,0.0,0.0,0.0,0.0,0.0,0.0,0.0,0.0
1706.0,RULO DE CABRA MADURADO 1 KG LAFUENTE,DISTRIBUIDORES,RESTO DISTRIBUIDORES,000711-DISTRIBUCIONES J.M. S.A.,40.0,80.0,616.0,416.0,200.0,616.0,80.0,200.0,200.0,320.0,300.0,400.0,120.0,240.0,40.0,64.0,0.0,0.0,0.0,358.0,716.0,4937.2,3307.2,1590.0,5513.2,716.0,1790.0,1790.0,2864.0,2685.0,3580.0,1128.0,2256.0,376.0,601.6,0.0,0.0,0.0
1706.0,RULO DE CABRA MADURADO 1 KG LAFUENTE,DISTRIBUIDORES,RESTO DISTRIBUIDORES,"000734-UDIAL, S.A. (BLOQ.)",12.0,20.0,28.0,48.0,32.0,40.0,32.0,40.0,0.0,0.0,0.0,0.0,0.0,0.0,0.0,0.0,0.0,0.0,0.0,130.68,217.8,304.92,522.72,348.48,435.6,348.48,435.6,0.0,0.0,0.0,0.0,0.0,0.0,0.0,0.0,0.0,0.0,0.0
1706.0,RULO DE CABRA MADURADO 1 KG LAFUENTE,DISTRIBUIDORES,RESTO DISTRIBUIDORES,000745-MARIANO HERNANDEZ MARTIN (BLOQ.),0.0,40.0,0.0,0.0,0.0,0.0,0.0,0.0,0.0,0.0,0.0,0.0,0.0,0.0,0.0,0.0,0.0,0.0,0.0,0.0,406.0,0.0,0.0,0.0,0.0,0.0,0.0,0.0,0.0,0.0,0.0,0.0,0.0,0.0,0.0,0.0,0.0,0.0
1706.0,RULO DE CABRA MADURADO 1 KG LAFUENTE,DISTRIBUIDORES,RESTO DISTRIBUIDORES,000751-PLACOR 2006 S.L.,0.0,0.0,0.0,0.0,0.0,0.0,0.0,0.0,0.0,0.0,0.0,0.0,0.0,0.0,0.0,0.0,0.0,0.0,0.0,0.0,0.0,0.0,0.0,0.0,0.0,0.0,0.0,0.0,0.0,0.0,0.0,0.0,0.0,0.0,0.0,0.0,0.0,0.0
1706.0,RULO DE CABRA MADURADO 1 KG LAFUENTE,DISTRIBUIDORES,RESTO DISTRIBUIDORES,000758-JOSE A. JIMÉNEZ CARRIÓN (BLOQ.),0.0,0.0,0.0,0.0,0.0,0.0,0.0,0.0,0.0,0.0,0.0,0.0,0.0,0.0,0.0,0.0,0.0,0.0,0.0,0.0,0.0,0.0,0.0,0.0,0.0,0.0,0.0,0.0,0.0,0.0,0.0,0.0,0.0,0.0,0.0,0.0,0.0,0.0
1706.0,RULO DE CABRA MADURADO 1 KG LAFUENTE,DISTRIBUIDORES,RESTO DISTRIBUIDORES,000816-CARLAFEX S.L.,0.0,0.0,12.0,28.0,16.0,16.0,0.0,0.0,0.0,0.0,0.0,0.0,0.0,0.0,0.0,0.0,0.0,0.0,0.0,0.0,0.0,107.4,250.6,143.2,143.2,0.0,0.0,0.0,0.0,0.0,0.0,0.0,0.0,0.0,0.0,0.0,0.0,0.0
1706.0,RULO DE CABRA MADURADO 1 KG LAFUENTE,DISTRIBUIDORES,RESTO DISTRIBUIDORES,"000854-EL CONCHEL D´GUSTO, S.L.U. (BLOQ.)",8.0,52.0,16.0,0.0,0.0,0.0,0.0,0.0,0.0,0.0,0.0,0.0,0.0,0.0,0.0,0.0,0.0,0.0,0.0,76.8,499.2,153.6,0.0,0.0,0.0,0.0,0.0,0.0,0.0,0.0,0.0,0.0,0.0,0.0,0.0,0.0,0.0,0.0
1706.0,RULO DE CABRA MADURADO 1 KG LAFUENTE,DISTRIBUIDORES,RESTO DISTRIBUIDORES,"000855-CASA BASTIDA, S.L. ( BLOQ )",0.0,0.0,4.0,60.0,40.0,64.0,0.0,0.0,0.0,0.0,0.0,0.0,0.0,0.0,0.0,0.0,0.0,0.0,0.0,0.0,0.0,31.8,537.0,358.0,572.8,0.0,0.0,0.0,0.0,0.0,0.0,0.0,0.0,0.0,0.0,0.0,0.0,0.0
1706.0,RULO DE CABRA MADURADO 1 KG LAFUENTE,DISTRIBUIDORES,RESTO DISTRIBUIDORES,"000858-COVADUL FAST FOOD, S.L.",24.0,48.0,56.0,168.0,576.0,0.0,64.0,136.0,96.0,88.0,56.0,112.0,104.0,80.0,96.0,32.0,128.0,96.0,64.0,214.8,429.6,501.2,1503.6,4579.2,0.0,572.8,1217.2,859.2,787.6,501.2,1002.4,970.4,752.0,902.4,300.8,1203.2,902.4,601.6
1706.0,RULO DE CABRA MADURADO 1 KG LAFUENTE,DISTRIBUIDORES,RESTO DISTRIBUIDORES,"000864-RISCALES ALIMENTACIÓN, S.L.",0.0,0.0,0.0,0.0,0.0,0.0,0.0,0.0,0.0,0.0,0.0,0.0,0.0,48.0,20.0,64.0,64.0,96.0,160.0,0.0,0.0,0.0,0.0,0.0,0.0,0.0,0.0,0.0,0.0,0.0,0.0,0.0,451.2,188.0,601.6,601.6,902.4,1504.0
1706.0,RULO DE CABRA MADURADO 1 KG LAFUENTE,DISTRIBUIDORES,RESTO DISTRIBUIDORES,"000865-DISALCON95, S.L.",120.0,120.0,364.0,288.0,0.0,576.0,0.0,180.0,280.0,232.0,180.0,336.0,40.0,128.0,224.0,192.0,192.0,288.0,96.0,1152.0,1152.0,3494.4,1814.4,0.0,4579.2,0.0,1728.0,2688.0,2227.2,1728.0,3225.6,402.0,1286.4,2251.2,1929.6,1929.6,2894.4,964.8
1706.0,RULO DE CABRA MADURADO 1 KG LAFUENTE,DISTRIBUIDORES,RESTO DISTRIBUIDORES,000870-COMERCIAL LEÓN ZARAGOZA S.L.,0.0,8.0,8.0,4.0,16.0,20.0,8.0,12.0,20.0,20.0,32.0,24.0,8.0,20.0,20.0,32.0,0.0,48.0,0.0,0.0,73.2,73.2,36.6,146.4,183.0,73.2,109.8,183.0,183.0,292.8,219.6,76.8,192.0,192.0,307.2,0.0,460.8,0.0
1706.0,RULO DE CABRA MADURADO 1 KG LAFUENTE,DISTRIBUIDORES,RESTO DISTRIBUIDORES,"000890-OCEANÍA FOOD SELECTION, S.L. ( bloq)",32.0,40.0,32.0,20.0,0.0,0.0,0.0,0.0,0.0,0.0,0.0,0.0,0.0,0.0,0.0,0.0,0.0,0.0,0.0,307.2,384.0,307.2,192.0,0.0,0.0,0.0,0.0,0.0,0.0,0.0,0.0,0.0,0.0,0.0,0.0,0.0,0.0,0.0
1706.0,RULO DE CABRA MADURADO 1 KG LAFUENTE,DISTRIBUIDORES,RESTO DISTRIBUIDORES,000900-ESTABLECIMIENTOS LOS MELLIZOS JJ ( bloq),40.0,0.0,0.0,40.0,0.0,0.0,0.0,0.0,0.0,0.0,0.0,0.0,0.0,0.0,0.0,0.0,0.0,0.0,0.0,390.0,0.0,0.0,390.0,0.0,0.0,0.0,0.0,0.0,0.0,0.0,0.0,0.0,0.0,0.0,0.0,0.0,0.0,0.0
1706.0,RULO DE CABRA MADURADO 1 KG LAFUENTE,DISTRIBUIDORES,RESTO DISTRIBUIDORES,"000914-HIJOS DE EUSEBIO CARRERAS, S.L. (BLOQ.)",12.0,28.0,0.0,0.0,0.0,0.0,0.0,0.0,0.0,0.0,0.0,0.0,0.0,0.0,0.0,0.0,0.0,0.0,0.0,110.4,257.6,0.0,0.0,0.0,0.0,0.0,0.0,0.0,0.0,0.0,0.0,0.0,0.0,0.0,0.0,0.0,0.0,0.0
1706.0,RULO DE CABRA MADURADO 1 KG LAFUENTE,DISTRIBUIDORES,RESTO DISTRIBUIDORES,"000937-SEÑORIO DE ARCE, S.L.",0.0,0.0,0.0,0.0,0.0,0.0,0.0,0.0,20.0,80.0,60.0,80.0,0.0,100.0,16.0,0.0,0.0,0.0,0.0,0.0,0.0,0.0,0.0,0.0,0.0,0.0,0.0,179.0,716.0,537.0,716.0,0.0,940.0,150.4,0.0,0.0,0.0,0.0
1706.0,RULO DE CABRA MADURADO 1 KG LAFUENTE,DISTRIBUIDORES,RESTO DISTRIBUIDORES,"000946-LLUIS CANADELL, S.L.U.",0.0,0.0,0.0,0.0,0.0,0.0,0.0,0.0,0.0,0.0,0.0,0.0,0.0,0.0,280.0,100.0,120.0,0.0,0.0,0.0,0.0,0.0,0.0,0.0,0.0,0.0,0.0,0.0,0.0,0.0,0.0,0.0,0.0,2632.0,940.0,1128.0,0.0,0.0
1706.0,RULO DE CABRA MADURADO 1 KG LAFUENTE,DISTRIBUIDORES,RESTO DISTRIBUIDORES,000950-GRUP ALIMENTARI DISTECO S.A,0.0,0.0,0.0,0.0,0.0,0.0,0.0,0.0,0.0,0.0,100.0,92.0,68.0,84.0,124.0,128.0,124.0,160.0,192.0,0.0,0.0,0.0,0.0,0.0,0.0,0.0,0.0,0.0,0.0,895.0,537.0,617.6,789.6,1165.6,1203.2,1165.6,1504.0,1804.8
1706.0,RULO DE CABRA MADURADO 1 KG LAFUENTE,DISTRIBUIDORES,RESTO DISTRIBUIDORES,000987-LPA ALIMENTACION S.L.,0.0,0.0,0.0,0.0,0.0,0.0,0.0,0.0,0.0,0.0,0.0,0.0,0.0,0.0,0.0,0.0,0.0,96.0,64.0,0.0,0.0,0.0,0.0,0.0,0.0,0.0,0.0,0.0,0.0,0.0,0.0,0.0,0.0,0.0,0.0,0.0,902.4,601.6
1706.0,RULO DE CABRA MADURADO 1 KG LAFUENTE,INDUSTRIALES & FOOD SERVICE,RESTO INDUSTRIALES & FOODSERVICE,000672-CHARITO 1953 GROUP S.L. ( bloq ),0.0,0.0,24.0,0.0,0.0,0.0,0.0,0.0,0.0,0.0,0.0,0.0,0.0,0.0,0.0,0.0,0.0,0.0,0.0,0.0,0.0,230.4,0.0,0.0,0.0,0.0,0.0,0.0,0.0,0.0,0.0,0.0,0.0,0.0,0.0,0.0,0.0,0.0
1706.0,RULO DE CABRA MADURADO 1 KG LAFUENTE,INDUSTRIALES & FOOD SERVICE,RESTO INDUSTRIALES & FOODSERVICE,"000753-PIZZERÍA TOTÓ VITORIA, S.C. (BLOQ.)",12.0,8.0,16.0,8.0,12.0,12.0,0.0,0.0,0.0,0.0,0.0,0.0,0.0,0.0,0.0,0.0,0.0,0.0,0.0,131.4,87.6,175.2,87.6,131.4,131.4,0.0,0.0,0.0,0.0,0.0,0.0,0.0,0.0,0.0,0.0,0.0,0.0,0.0
1706.0,RULO DE CABRA MADURADO 1 KG LAFUENTE,INDUSTRIALES & FOOD SERVICE,RESTO INDUSTRIALES & FOODSERVICE,000809-CHAVINADOR S.L.,0.0,0.0,0.0,0.0,0.0,0.0,0.0,0.0,0.0,0.0,0.0,0.0,0.0,0.0,0.0,0.0,0.0,0.0,0.0,0.0,0.0,0.0,0.0,0.0,0.0,0.0,0.0,0.0,0.0,0.0,0.0,0.0,0.0,0.0,0.0,0.0,0.0,0.0
1706.0,RULO DE CABRA MADURADO 1 KG LAFUENTE,INDUSTRIALES & FOOD SERVICE,RESTO INDUSTRIALES & FOODSERVICE,000813-TERESA DERMIT BEASCOECHEA (BLOQ.),4.0,4.0,12.0,4.0,0.0,0.0,0.0,0.0,0.0,0.0,0.0,0.0,0.0,0.0,0.0,0.0,0.0,0.0,0.0,40.2,40.2,120.6,40.2,0.0,0.0,0.0,0.0,0.0,0.0,0.0,0.0,0.0,0.0,0.0,0.0,0.0,0.0,0.0
1706.0,RULO DE CABRA MADURADO 1 KG LAFUENTE,INDUSTRIALES & FOOD SERVICE,RESTO INDUSTRIALES & FOODSERVICE,000892-CARNES IBERICAS DEL NORTE S.L.U.,0.0,0.0,0.0,0.0,0.0,0.0,0.0,0.0,0.0,0.0,0.0,0.0,0.0,0.0,0.0,0.0,0.0,0.0,0.0,0.0,0.0,0.0,0.0,0.0,0.0,0.0,0.0,0.0,0.0,0.0,0.0,0.0,0.0,0.0,0.0,0.0,0.0,0.0
1706.0,RULO DE CABRA MADURADO 1 KG LAFUENTE,INDUSTRIALES & FOOD SERVICE,RESTO INDUSTRIALES & FOODSERVICE,"000924-CHARITO FOOD SERVICE, S.L.",0.0,0.0,0.0,152.0,0.0,0.0,0.0,0.0,0.0,0.0,0.0,0.0,0.0,0.0,0.0,0.0,0.0,0.0,0.0,0.0,0.0,0.0,1459.2,0.0,0.0,0.0,0.0,0.0,0.0,0.0,0.0,0.0,0.0,0.0,0.0,0.0,0.0,0.0
1706.0,RULO DE CABRA MADURADO 1 KG LAFUENTE,RETAIL,OTROS RETAILERS,000824-GRUPO HERMANOS MARTÍN S.A. ( BLOQ),0.0,0.0,0.0,0.0,0.0,0.0,0.0,0.0,0.0,0.0,0.0,0.0,0.0,0.0,0.0,0.0,0.0,0.0,0.0,0.0,0.0,0.0,0.0,0.0,0.0,0.0,0.0,0.0,0.0,0.0,0.0,0.0,0.0,0.0,0.0,0.0,0.0,0.0
1713.0,IWS CLASSIC 800G NATU DAIRY,RETAIL,EUROMADI,"000512-TRANSGOURMET IBÉRICA, SAU",0.0,0.0,0.0,0.0,0.0,0.0,0.0,0.0,0.0,0.0,0.0,0.0,0.0,0.0,0.0,0.0,0.0,0.0,0.0,0.0,0.0,0.0,0.0,0.0,0.0,0.0,0.0,0.0,0.0,0.0,0.0,0.0,0.0,0.0,0.0,0.0,0.0,0.0
1736.0,LONCHAS QUESO FUNDIDO QUALITY 800g,RETAIL,EUROMADI,"000512-TRANSGOURMET IBÉRICA, SAU",1497.6,1267.2,1382.4,1497.6,2188.8,1152.0,2188.8,2304.0,1036.8,1728.0,576.0,1497.6,1267.2,1036.8,1728.0,1382.4,1440.0,1526.4,1728.0,7487.27,6336.0,6912.0,7488.0,10944.0,5768.64,10960.43,11537.27,5191.75,8652.96,2884.3,7499.21,6345.49,5191.75,8652.91,6922.33,7210.75,7643.42,8652.92
1739.0,RULO VACA-CABRA 1 KG METRO CHEF,CASH & CARRY,MAKRO,000621-MAKRO DISTRIBUCIÓN MAYORISTA SA,20472.0,22020.0,22716.0,32128.0,30080.0,37152.0,32448.0,32064.0,644.0,0.0,0.0,-1440.0,0.0,0.0,0.0,0.0,0.0,0.0,0.0,160274.13,165832.63,167319.78,235527.94,220516.48,272361.31,246722.67,244680.38,4914.36,0.0,0.0,-10556.64,0.0,0.0,0.0,0.0,0.0,0.0,0.0
1739.0,RULO VACA-CABRA 1 KG METRO CHEF,CASH & CARRY,MAKRO,000645-MAKRO CASH & CARRY PORTUGAL S.A.,652.0,836.0,772.0,1264.0,1040.0,1696.0,676.0,-32.0,0.0,0.0,0.0,0.0,0.0,0.0,0.0,0.0,0.0,0.0,0.0,5216.0,6688.0,6176.0,10112.0,8320.0,13568.0,5408.0,-256.0,0.0,0.0,0.0,0.0,0.0,0.0,0.0,0.0,0.0,0.0,0.0
1739.0,RULO VACA-CABRA 1 KG METRO CHEF,CASH & CARRY,MAKRO,000721-MAKRO CASH & CARRY PORTUGAL S.A.,0.0,0.0,0.0,0.0,0.0,0.0,124.0,1664.0,1668.0,1592.0,1004.0,1068.0,768.0,920.0,1048.0,1208.0,1516.0,1428.0,1508.0,0.0,0.0,0.0,0.0,0.0,0.0,992.0,13312.0,13344.0,12736.0,8032.0,8544.0,6144.0,6784.0,6912.0,9664.0,12128.0,11424.0,12064.0
1760.0,RULO COMBI LAFUENTE 1 KG - 2 UD/CAJA,DISTRIBUIDORES,RESTO DISTRIBUIDORES,000636-DISTRILOR S.C.L. (BLOQ),0.0,20.0,0.0,22.0,0.0,8.0,10.0,0.0,0.0,0.0,0.0,0.0,0.0,0.0,0.0,0.0,0.0,0.0,0.0,0.0,158.0,0.0,173.8,0.0,63.2,79.5,0.0,0.0,0.0,0.0,0.0,0.0,0.0,0.0,0.0,0.0,0.0,0.0
1760.0,RULO COMBI LAFUENTE 1 KG - 2 UD/CAJA,DISTRIBUIDORES,RESTO DISTRIBUIDORES,"000643-ORTHIDAL, S.L.",0.0,0.0,0.0,0.0,0.0,0.0,0.0,0.0,0.0,0.0,0.0,0.0,0.0,0.0,0.0,0.0,0.0,0.0,0.0,0.0,0.0,0.0,0.0,0.0,0.0,0.0,0.0,0.0,0.0,0.0,0.0,0.0,0.0,0.0,0.0,0.0,0.0,0.0
1760.0,RULO COMBI LAFUENTE 1 KG - 2 UD/CAJA,DISTRIBUIDORES,RESTO DISTRIBUIDORES,"000646-EL ESPEJO HOSTELERO, S.A.",160.0,0.0,20.0,16.0,0.0,0.0,0.0,0.0,0.0,0.0,0.0,0.0,0.0,0.0,0.0,0.0,0.0,0.0,0.0,1216.0,0.0,156.0,124.8,0.0,0.0,0.0,0.0,0.0,0.0,0.0,0.0,0.0,0.0,0.0,0.0,0.0,0.0,0.0
1760.0,RULO COMBI LAFUENTE 1 KG - 2 UD/CAJA,DISTRIBUIDORES,RESTO DISTRIBUIDORES,000651-COMERGRAN S.L.,60.0,50.0,30.0,50.0,40.0,80.0,20.0,130.0,170.0,110.0,130.0,150.0,80.0,130.0,180.0,130.0,220.0,90.0,90.0,462.0,362.5,208.5,347.5,278.0,556.0,139.0,903.5,1181.5,764.5,903.5,1042.5,556.0,936.0,1296.0,936.0,1584.0,648.0,648.0
1760.0,RULO COMBI LAFUENTE 1 KG - 2 UD/CAJA,DISTRIBUIDORES,RESTO DISTRIBUIDORES,000654-COMERCIAL PINAMAS S.L.,0.0,0.0,0.0,0.0,0.0,0.0,0.0,0.0,0.0,0.0,0.0,0.0,0.0,0.0,0.0,0.0,0.0,0.0,0.0,0.0,0.0,0.0,0.0,0.0,0.0,0.0,0.0,0.0,0.0,0.0,0.0,0.0,0.0,0.0,0.0,0.0,0.0,0.0
1760.0,RULO COMBI LAFUENTE 1 KG - 2 UD/CAJA,DISTRIBUIDORES,RESTO DISTRIBUIDORES,000667-MENA ALIMENTARIA S.L.,0.0,12.0,10.0,0.0,8.0,16.0,12.0,0.0,6.0,8.0,12.0,0.0,0.0,0.0,0.0,0.0,0.0,0.0,0.0,0.0,91.8,76.5,0.0,61.2,122.4,91.8,0.0,45.9,61.2,91.8,0.0,0.0,0.0,0.0,0.0,0.0,0.0,0.0
1760.0,RULO COMBI LAFUENTE 1 KG - 2 UD/CAJA,DISTRIBUIDORES,RESTO DISTRIBUIDORES,"000675-CORPORACIÓN LÁCTEA DEL NORTE, S.L.",0.0,0.0,0.0,0.0,0.0,0.0,0.0,0.0,0.0,0.0,0.0,0.0,0.0,20.0,290.0,150.0,300.0,250.0,400.0,0.0,0.0,0.0,0.0,0.0,0.0,0.0,0.0,0.0,0.0,0.0,0.0,0.0,148.0,2146.0,1110.0,2220.0,1850.0,2960.0
1760.0,RULO COMBI LAFUENTE 1 KG - 2 UD/CAJA,DISTRIBUIDORES,RESTO DISTRIBUIDORES,000676-EXCLUSIVAS ALIMENTARIAS 1998 S.L. (BLOQ.),0.0,0.0,50.0,30.0,20.0,20.0,40.0,0.0,20.0,20.0,30.0,10.0,10.0,10.0,0.0,0.0,0.0,0.0,0.0,0.0,0.0,382.5,229.5,153.0,153.0,306.0,0.0,153.0,159.0,238.5,79.5,82.5,82.5,0.0,0.0,0.0,0.0,0.0
1760.0,RULO COMBI LAFUENTE 1 KG - 2 UD/CAJA,DISTRIBUIDORES,RESTO DISTRIBUIDORES,000711-DISTRIBUCIONES J.M. S.A.,0.0,0.0,0.0,0.0,40.0,50.0,0.0,140.0,20.0,100.0,100.0,180.0,70.0,120.0,50.0,90.0,0.0,0.0,0.0,0.0,0.0,0.0,0.0,282.0,352.5,0.0,987.0,141.0,705.0,705.0,1269.0,511.0,876.0,365.0,657.0,0.0,0.0,0.0
1760.0,RULO COMBI LAFUENTE 1 KG - 2 UD/CAJA,DISTRIBUIDORES,RESTO DISTRIBUIDORES,000719-ANGEL IGAL MIÑES ( bloq),0.0,0.0,0.0,0.0,0.0,0.0,0.0,0.0,0.0,0.0,0.0,0.0,0.0,0.0,0.0,0.0,0.0,0.0,0.0,0.0,0.0,0.0,0.0,0.0,0.0,0.0,0.0,0.0,0.0,0.0,0.0,0.0,0.0,0.0,0.0,0.0,0.0,0.0
1760.0,RULO COMBI LAFUENTE 1 KG - 2 UD/CAJA,DISTRIBUIDORES,RESTO DISTRIBUIDORES,000725-DISTRIBUCIONES MORERA 2020 S.L.,0.0,30.0,30.0,0.0,0.0,0.0,0.0,0.0,0.0,0.0,0.0,0.0,0.0,0.0,0.0,0.0,0.0,0.0,0.0,0.0,229.5,229.5,0.0,0.0,0.0,0.0,0.0,0.0,0.0,0.0,0.0,0.0,0.0,0.0,0.0,0.0,0.0,0.0
1760.0,RULO COMBI LAFUENTE 1 KG - 2 UD/CAJA,DISTRIBUIDORES,RESTO DISTRIBUIDORES,"000734-UDIAL, S.A. (BLOQ.)",0.0,0.0,4.0,20.0,0.0,0.0,0.0,0.0,0.0,0.0,0.0,0.0,0.0,0.0,0.0,0.0,0.0,0.0,0.0,0.0,0.0,32.6,163.0,0.0,0.0,0.0,0.0,0.0,0.0,0.0,0.0,0.0,0.0,0.0,0.0,0.0,0.0,0.0
1760.0,RULO COMBI LAFUENTE 1 KG - 2 UD/CAJA,DISTRIBUIDORES,RESTO DISTRIBUIDORES,"000773-DISTRIBUIDORA HOSTELERIA ALAN TRES, S.L. ( BLOQ)",16.0,30.0,14.0,0.0,30.0,30.0,0.0,0.0,0.0,0.0,0.0,0.0,0.0,0.0,0.0,0.0,0.0,0.0,0.0,126.4,237.0,110.6,0.0,237.0,237.0,0.0,0.0,0.0,0.0,0.0,0.0,0.0,0.0,0.0,0.0,0.0,0.0,0.0
1760.0,RULO COMBI LAFUENTE 1 KG - 2 UD/CAJA,DISTRIBUIDORES,RESTO DISTRIBUIDORES,000778-FUENTES SERVICIO Y DISTRIBUCIÓN S.L.,40.0,0.0,54.0,10.0,54.0,30.0,20.0,20.0,18.0,20.0,24.0,40.0,0.0,0.0,0.0,0.0,0.0,0.0,0.0,308.0,0.0,415.8,77.0,415.8,231.0,154.0,154.0,138.6,154.0,184.8,308.0,0.0,0.0,0.0,0.0,0.0,0.0,0.0
1760.0,RULO COMBI LAFUENTE 1 KG - 2 UD/CAJA,DISTRIBUIDORES,RESTO DISTRIBUIDORES,"000806-CUSTODIO MARTÍN LÓPEZ, S.L.",0.0,0.0,0.0,0.0,0.0,0.0,0.0,0.0,0.0,0.0,40.0,40.0,60.0,0.0,90.0,30.0,64.0,420.0,90.0,0.0,0.0,0.0,0.0,0.0,0.0,0.0,0.0,0.0,0.0,306.0,306.0,474.0,0.0,711.0,237.0,505.6,3255.0,711.0
1760.0,RULO COMBI LAFUENTE 1 KG - 2 UD/CAJA,DISTRIBUIDORES,RESTO DISTRIBUIDORES,000816-CARLAFEX S.L.,0.0,0.0,0.0,0.0,0.0,0.0,0.0,0.0,0.0,0.0,0.0,0.0,0.0,0.0,0.0,0.0,0.0,0.0,0.0,0.0,0.0,0.0,0.0,0.0,0.0,0.0,0.0,0.0,0.0,0.0,0.0,0.0,0.0,0.0,0.0,0.0,0.0,0.0
1760.0,RULO COMBI LAFUENTE 1 KG - 2 UD/CAJA,DISTRIBUIDORES,RESTO DISTRIBUIDORES,"000836-DISTRIBUCIONES SERVERA, S.A.",0.0,0.0,0.0,0.0,0.0,0.0,0.0,0.0,0.0,0.0,0.0,0.0,0.0,0.0,0.0,0.0,0.0,0.0,0.0,0.0,0.0,0.0,0.0,0.0,0.0,0.0,0.0,0.0,0.0,0.0,0.0,0.0,0.0,0.0,0.0,0.0,0.0,0.0
1760.0,RULO COMBI LAFUENTE 1 KG - 2 UD/CAJA,DISTRIBUIDORES,RESTO DISTRIBUIDORES,"000854-EL CONCHEL D´GUSTO, S.L.U. (BLOQ.)",0.0,0.0,0.0,0.0,0.0,0.0,0.0,0.0,0.0,0.0,0.0,0.0,0.0,0.0,0.0,0.0,0.0,0.0,0.0,0.0,0.0,0.0,0.0,0.0,0.0,0.0,0.0,0.0,0.0,0.0,0.0,0.0,0.0,0.0,0.0,0.0,0.0,0.0
1760.0,RULO COMBI LAFUENTE 1 KG - 2 UD/CAJA,DISTRIBUIDORES,RESTO DISTRIBUIDORES,"000858-COVADUL FAST FOOD, S.L.",96.0,62.0,164.0,196.0,74.0,108.0,48.0,144.0,120.0,100.0,96.0,120.0,102.0,98.0,120.0,90.0,122.0,120.0,60.0,676.8,437.1,1156.2,1381.8,521.7,761.4,338.4,1015.2,846.0,705.0,676.8,846.0,732.6,715.4,876.0,657.0,890.6,876.0,438.0
1760.0,RULO COMBI LAFUENTE 1 KG - 2 UD/CAJA,DISTRIBUIDORES,RESTO DISTRIBUIDORES,"000864-RISCALES ALIMENTACIÓN, S.L.",8.0,2.0,0.0,14.0,4.0,6.0,6.0,0.0,0.0,0.0,0.0,0.0,0.0,0.0,0.0,0.0,0.0,0.0,0.0,60.0,15.0,0.0,105.0,30.0,45.0,45.0,0.0,0.0,0.0,0.0,0.0,0.0,0.0,0.0,0.0,0.0,0.0,0.0
1760.0,RULO COMBI LAFUENTE 1 KG - 2 UD/CAJA,DISTRIBUIDORES,RESTO DISTRIBUIDORES,"000868-CODILEX ALIMENTACIÓN TRADICIONAL, S.L.",30.0,70.0,64.0,70.0,30.0,100.0,138.0,120.0,120.0,30.0,16.0,132.0,0.0,30.0,60.0,120.0,0.0,90.0,86.0,229.5,535.5,489.6,508.73,229.5,765.0,1055.7,688.5,918.0,229.5,122.4,1009.8,0.0,237.0,450.0,948.0,0.0,711.0,679.4
1760.0,RULO COMBI LAFUENTE 1 KG - 2 UD/CAJA,DISTRIBUIDORES,RESTO DISTRIBUIDORES,000870-COMERCIAL LEÓN ZARAGOZA S.L.,38.0,68.0,40.0,70.0,62.0,112.0,0.0,30.0,82.0,56.0,85.0,66.0,86.0,120.0,134.0,90.0,60.0,120.0,30.0,285.0,510.0,300.0,525.0,465.0,840.0,0.0,225.0,615.0,420.0,637.5,495.0,666.5,930.0,1038.5,697.5,465.0,930.0,232.5
1760.0,RULO COMBI LAFUENTE 1 KG - 2 UD/CAJA,DISTRIBUIDORES,RESTO DISTRIBUIDORES,"000890-OCEANÍA FOOD SELECTION, S.L. ( bloq)",0.0,20.0,40.0,20.0,0.0,0.0,0.0,0.0,0.0,0.0,0.0,0.0,0.0,0.0,0.0,0.0,0.0,0.0,0.0,0.0,153.0,306.0,153.0,0.0,0.0,0.0,0.0,0.0,0.0,0.0,0.0,0.0,0.0,0.0,0.0,0.0,0.0,0.0
1760.0,RULO COMBI LAFUENTE 1 KG - 2 UD/CAJA,DISTRIBUIDORES,RESTO DISTRIBUIDORES,000900-ESTABLECIMIENTOS LOS MELLIZOS JJ ( bloq),40.0,0.0,0.0,40.0,0.0,0.0,0.0,0.0,0.0,0.0,0.0,0.0,0.0,0.0,0.0,0.0,0.0,0.0,0.0,304.0,0.0,0.0,304.0,0.0,0.0,0.0,0.0,0.0,0.0,0.0,0.0,0.0,0.0,0.0,0.0,0.0,0.0,0.0
1760.0,RULO COMBI LAFUENTE 1 KG - 2 UD/CAJA,DISTRIBUIDORES,RESTO DISTRIBUIDORES,"000914-HIJOS DE EUSEBIO CARRERAS, S.L. (BLOQ.)",4.0,8.0,0.0,24.0,108.0,50.0,100.0,60.0,0.0,0.0,0.0,0.0,0.0,0.0,0.0,0.0,0.0,0.0,0.0,28.8,57.6,0.0,181.2,815.4,377.5,755.0,453.0,0.0,0.0,0.0,0.0,0.0,0.0,0.0,0.0,0.0,0.0,0.0
1760.0,RULO COMBI LAFUENTE 1 KG - 2 UD/CAJA,DISTRIBUIDORES,RESTO DISTRIBUIDORES,"000922-GRUPO EMPRESARIAL SOS, S.L.",0.0,0.0,0.0,20.0,30.0,24.0,24.0,0.0,30.0,40.0,0.0,0.0,0.0,0.0,0.0,30.0,0.0,30.0,30.0,0.0,0.0,0.0,159.0,238.5,190.8,190.8,0.0,238.5,318.0,0.0,0.0,0.0,0.0,0.0,246.0,0.0,246.0,246.0
1760.0,RULO COMBI LAFUENTE 1 KG - 2 UD/CAJA,DISTRIBUIDORES,RESTO DISTRIBUIDORES,"000937-SEÑORIO DE ARCE, S.L.",0.0,0.0,0.0,0.0,0.0,0.0,0.0,4.0,60.0,20.0,10.0,70.0,0.0,24.0,20.0,150.0,30.0,90.0,30.0,0.0,0.0,0.0,0.0,0.0,0.0,0.0,28.2,423.0,141.0,70.5,493.5,0.0,175.2,146.0,1095.0,219.0,657.0,219.0
1760.0,RULO COMBI LAFUENTE 1 KG - 2 UD/CAJA,DISTRIBUIDORES,RESTO DISTRIBUIDORES,"000946-LLUIS CANADELL, S.L.U.",0.0,0.0,0.0,0.0,0.0,0.0,0.0,0.0,0.0,0.0,0.0,0.0,0.0,0.0,96.0,50.0,70.0,0.0,0.0,0.0,0.0,0.0,0.0,0.0,0.0,0.0,0.0,0.0,0.0,0.0,0.0,0.0,0.0,700.8,365.0,511.0,0.0,0.0
1760.0,RULO COMBI LAFUENTE 1 KG - 2 UD/CAJA,DISTRIBUIDORES,RESTO DISTRIBUIDORES,000950-GRUP ALIMENTARI DISTECO S.A,0.0,0.0,0.0,0.0,0.0,0.0,0.0,0.0,0.0,0.0,340.0,362.0,290.0,318.0,390.0,360.0,370.0,540.0,270.0,0.0,0.0,0.0,0.0,0.0,0.0,0.0,0.0,0.0,0.0,2397.0,2368.8,2102.0,2321.4,2847.0,2628.0,2701.0,3942.0,1971.0
1760.0,RULO COMBI LAFUENTE 1 KG - 2 UD/CAJA,DISTRIBUIDORES,RESTO DISTRIBUIDORES,000987-LPA ALIMENTACION S.L.,0.0,0.0,0.0,0.0,0.0,0.0,0.0,0.0,0.0,0.0,0.0,0.0,0.0,0.0,0.0,0.0,0.0,870.0,390.0,0.0,0.0,0.0,0.0,0.0,0.0,0.0,0.0,0.0,0.0,0.0,0.0,0.0,0.0,0.0,0.0,0.0,6351.0,2847.0
1760.0,RULO COMBI LAFUENTE 1 KG - 2 UD/CAJA,EXPORT,RESTO EXPORT,"000842-NUNES & FREITAS, LDA (BLOQ.)",0.0,0.0,0.0,0.0,0.0,0.0,0.0,0.0,0.0,0.0,0.0,0.0,0.0,0.0,0.0,0.0,0.0,0.0,0.0,0.0,0.0,0.0,0.0,0.0,0.0,0.0,0.0,0.0,0.0,0.0,0.0,0.0,0.0,0.0,0.0,0.0,0.0,0.0
1760.0,RULO COMBI LAFUENTE 1 KG - 2 UD/CAJA,INDUSTRIALES & FOOD SERVICE,RESTO INDUSTRIALES & FOODSERVICE,000720-MENDOZA´S COOK S.L. (BLOQ.),2.0,80.0,0.0,116.0,0.0,0.0,0.0,0.0,0.0,0.0,0.0,0.0,0.0,0.0,0.0,0.0,0.0,0.0,0.0,15.0,600.0,0.0,870.0,0.0,0.0,0.0,0.0,0.0,0.0,0.0,0.0,0.0,0.0,0.0,0.0,0.0,0.0,0.0
1760.0,RULO COMBI LAFUENTE 1 KG - 2 UD/CAJA,INDUSTRIALES & FOOD SERVICE,RESTO INDUSTRIALES & FOODSERVICE,000860-Mª DEL CARMEN LARA PRADOS (BLOQ.),0.0,0.0,2.0,0.0,0.0,0.0,0.0,0.0,0.0,0.0,0.0,0.0,0.0,0.0,0.0,0.0,0.0,0.0,0.0,0.0,0.0,14.1,0.0,0.0,0.0,0.0,0.0,0.0,0.0,0.0,0.0,0.0,0.0,0.0,0.0,0.0,0.0,0.0
1760.0,RULO COMBI LAFUENTE 1 KG - 2 UD/CAJA,INDUSTRIALES & FOOD SERVICE,RESTO INDUSTRIALES & FOODSERVICE,"000885-OBRADOR LEVADURAMADRE, S.L. (BLOQ.)",0.0,0.0,0.0,0.0,0.0,0.0,0.0,0.0,0.0,0.0,0.0,0.0,0.0,0.0,0.0,0.0,0.0,0.0,0.0,0.0,0.0,0.0,0.0,0.0,0.0,0.0,0.0,0.0,0.0,0.0,0.0,0.0,0.0,0.0,0.0,0.0,0.0,0.0
1760.0,RULO COMBI LAFUENTE 1 KG - 2 UD/CAJA,INDUSTRIALES & FOOD SERVICE,RESTO INDUSTRIALES & FOODSERVICE,"000888-EL DUO HARINERO, S.A. (BLOQ.)",8.0,0.0,8.0,16.0,0.0,12.0,8.0,0.0,2.0,4.0,0.0,8.0,0.0,0.0,0.0,0.0,0.0,0.0,0.0,60.88,0.0,60.88,121.76,0.0,91.32,60.88,0.0,15.22,30.44,0.0,60.88,0.0,0.0,0.0,0.0,0.0,0.0,0.0
1760.0,RULO COMBI LAFUENTE 1 KG - 2 UD/CAJA,INDUSTRIALES & FOOD SERVICE,RESTO INDUSTRIALES & FOODSERVICE,000892-CARNES IBERICAS DEL NORTE S.L.U.,0.0,0.0,0.0,0.0,0.0,0.0,0.0,0.0,0.0,0.0,0.0,0.0,0.0,0.0,0.0,0.0,0.0,0.0,0.0,0.0,0.0,0.0,0.0,0.0,0.0,0.0,0.0,0.0,0.0,0.0,0.0,0.0,0.0,0.0,0.0,0.0,0.0,0.0
1760.0,RULO COMBI LAFUENTE 1 KG - 2 UD/CAJA,RETAIL,IFA,000823-HIPER USERA S.L.,496.0,360.0,1060.0,0.0,750.0,516.0,690.0,600.0,780.0,1050.0,570.0,390.0,690.0,328.0,940.0,540.0,780.0,720.0,690.0,3794.4,2754.0,4896.0,0.0,5737.5,3947.4,5278.5,4590.0,5278.5,8032.5,4360.5,2983.5,5278.5,2509.2,7191.0,4131.0,5967.0,5508.0,5278.5
1770.0,QUESO SEMICURADO DE MEZCLA LA LEYENDA (COLOR CORTEZA MARRON),DISTRIBUIDORES,RESTO DISTRIBUIDORES,"000643-ORTHIDAL, S.L.",0.0,0.0,0.0,0.0,0.0,0.0,0.0,0.0,0.0,0.0,0.0,0.0,0.0,655.625,527.3,139.305,0.0,44.375,89.24,0.0,0.0,0.0,0.0,0.0,0.0,0.0,0.0,0.0,0.0,0.0,0.0,0.0,5081.09,4086.58,1079.61,0.0,343.91,690.25
1770.0,QUESO SEMICURADO DE MEZCLA LA LEYENDA (COLOR CORTEZA MARRON),DISTRIBUIDORES,RESTO DISTRIBUIDORES,"000946-LLUIS CANADELL, S.L.U.",0.0,0.0,0.0,0.0,0.0,0.0,0.0,0.0,0.0,0.0,0.0,0.0,0.0,0.0,52.41,60.0,33.05,0.0,0.0,0.0,0.0,0.0,0.0,0.0,0.0,0.0,0.0,0.0,0.0,0.0,0.0,0.0,0.0,408.8,468.0,257.79,0.0,0.0
1770.0,QUESO SEMICURADO DE MEZCLA LA LEYENDA (COLOR CORTEZA MARRON),INDUSTRIALES & FOOD SERVICE,RESTO INDUSTRIALES & FOODSERVICE,"000888-EL DUO HARINERO, S.A. (BLOQ.)",434.53,190.54,639.53,285.325,512.87,334.95,154.41,0.0,0.0,0.0,0.0,0.0,0.0,0.0,0.0,0.0,0.0,0.0,0.0,3128.61,1491.93,5007.52,2376.75,4272.21,2790.13,1286.24,0.0,0.0,0.0,0.0,0.0,0.0,0.0,0.0,0.0,0.0,0.0,0.0
1770.0,QUESO SEMICURADO DE MEZCLA LA LEYENDA (COLOR CORTEZA MARRON),RETAIL,IFA,000823-HIPER USERA S.L.,3658.068,275.64,481.62,3708.275,853.44,309.085,329.625,692.845,337.87,534.16,393.225,653.876,388.108,133.614,514.008,513.91,569.02,377.1,342.545,21216.79,1598.72,2793.4,23362.13,6016.76,2179.05,2323.87,4884.56,2381.98,3765.82,2772.23,4609.83,2736.16,941.98,3623.76,3623.06,4011.59,2658.55,2414.93
1770.0,QUESO SEMICURADO DE MEZCLA LA LEYENDA (COLOR CORTEZA MARRON),RETAIL,OTROS RETAILERS,000824-GRUPO HERMANOS MARTÍN S.A. ( BLOQ),0.0,0.0,0.0,0.0,0.0,0.0,0.0,0.0,0.0,0.0,0.0,0.0,0.0,0.0,0.0,0.0,0.0,0.0,0.0,0.0,0.0,0.0,0.0,0.0,0.0,0.0,0.0,0.0,0.0,0.0,0.0,0.0,0.0,0.0,0.0,0.0,0.0,0.0
1771.0,QUESO CURADO DE MEZCLA LA LEYENDA,DISTRIBUIDORES,RESTO DISTRIBUIDORES,"000643-ORTHIDAL, S.L.",0.0,0.0,0.0,0.0,0.0,0.0,0.0,0.0,0.0,0.0,0.0,0.0,0.0,593.385,132.25,0.0,0.0,0.0,0.0,0.0,0.0,0.0,0.0,0.0,0.0,0.0,0.0,0.0,0.0,0.0,0.0,0.0,5310.79,1183.64,0.0,0.0,0.0,0.0
1771.0,QUESO CURADO DE MEZCLA LA LEYENDA,DISTRIBUIDORES,RESTO DISTRIBUIDORES,000909-DELICATA GOURMET S.L.U. ( BLOQ),0.0,293.485,0.0,310.555,306.495,0.0,0.0,0.0,0.0,0.0,0.0,0.0,0.0,0.0,0.0,0.0,0.0,0.0,0.0,0.0,2509.3,0.0,2810.52,2773.78,0.0,0.0,0.0,0.0,0.0,0.0,0.0,0.0,0.0,0.0,0.0,0.0,0.0,0.0
1771.0,QUESO CURADO DE MEZCLA LA LEYENDA,DISTRIBUIDORES,RESTO DISTRIBUIDORES,"000922-GRUPO EMPRESARIAL SOS, S.L.",0.0,0.0,11.835,0.0,0.0,67.27,0.0,0.0,0.0,0.0,0.0,0.0,0.0,0.0,0.0,0.0,0.0,0.0,0.0,0.0,0.0,102.37,0.0,0.0,581.89,0.0,0.0,0.0,0.0,0.0,0.0,0.0,0.0,0.0,0.0,0.0,0.0,0.0
1781.0,RULITO COMBI 180 g LA TAPERIA,DISTRIBUIDORES,RESTO DISTRIBUIDORES,"000643-ORTHIDAL, S.L.",0.0,0.0,0.0,0.0,0.0,0.0,0.0,0.0,0.0,0.0,0.0,0.0,0.0,16.2,354.24,129.6,0.0,222.48,163.08,0.0,0.0,0.0,0.0,0.0,0.0,0.0,0.0,0.0,0.0,0.0,0.0,0.0,123.3,2792.16,1022.4,0.0,1755.12,1245.09
1787.0,BARRA SEMICURADO MEZCLA LA LEYENDA,RETAIL,OTROS RETAILERS,000824-GRUPO HERMANOS MARTÍN S.A. ( BLOQ),0.0,0.0,0.0,0.0,0.0,0.0,0.0,0.0,0.0,0.0,0.0,0.0,0.0,0.0,0.0,0.0,0.0,0.0,0.0,0.0,0.0,0.0,0.0,0.0,0.0,0.0,0.0,0.0,0.0,0.0,0.0,0.0,0.0,0.0,0.0,0.0,0.0,0.0
1889.0,QUESO COTTAGE 200 g,RETAIL,OTROS RETAILERS,000935-CORPORACION ALIMENTARIA DE GUISSONA,0.0,0.0,0.0,0.0,0.0,0.0,0.0,0.0,0.0,0.0,0.0,0.0,0.0,0.0,0.0,2073.6,4761.6,8294.4,4459.2,0.0,0.0,0.0,0.0,0.0,0.0,0.0,0.0,0.0,0.0,0.0,0.0,0.0,0.0,0.0,11093.76,25474.56,44375.04,23856.72
1915.0,QUESO SEMICURADO RIONANSA NATURAL,DISTRIBUIDORES,RESTO DISTRIBUIDORES,"000643-ORTHIDAL, S.L.",0.0,0.0,0.0,0.0,0.0,0.0,0.0,0.0,0.0,0.0,0.0,0.0,0.0,0.0,0.0,0.0,0.0,0.0,3025.355,0.0,0.0,0.0,0.0,0.0,0.0,0.0,0.0,0.0,0.0,0.0,0.0,0.0,0.0,0.0,0.0,0.0,0.0,18091.62
1916.0,QUESO SEMICURADO RIONANSA MARRON,DISTRIBUIDORES,RESTO DISTRIBUIDORES,"000643-ORTHIDAL, S.L.",0.0,0.0,0.0,0.0,0.0,0.0,0.0,0.0,0.0,0.0,0.0,0.0,0.0,0.0,0.0,0.0,0.0,0.0,3555.24,0.0,0.0,0.0,0.0,0.0,0.0,0.0,0.0,0.0,0.0,0.0,0.0,0.0,0.0,0.0,0.0,0.0,0.0,21260.34
1919.0,LONCHAS IWS CHEF BRUNO 450 G MAURITANIA,EXPORT,DISTRIBUIDORES EXPORT,000982-DISTRIM MAURITANIENNE DE DISTRIBUTION,0.0,0.0,0.0,0.0,0.0,0.0,0.0,0.0,0.0,0.0,0.0,0.0,0.0,0.0,0.0,0.0,0.0,0.0,756.0,0.0,0.0,0.0,0.0,0.0,0.0,0.0,0.0,0.0,0.0,0.0,0.0,0.0,0.0,0.0,0.0,0.0,0.0,2101.68
3014.0,QUESO TOSTADO MADURADO CUÑA 200 G,RETAIL,OTROS RETAILERS,000824-GRUPO HERMANOS MARTÍN S.A. ( BLOQ),0.0,0.0,0.0,0.0,0.0,0.0,0.0,0.0,0.0,0.0,0.0,0.0,0.0,0.0,0.0,0.0,0.0,0.0,0.0,0.0,0.0,0.0,0.0,0.0,0.0,0.0,0.0,0.0,0.0,0.0,0.0,0.0,0.0,0.0,0.0,0.0,0.0,0.0
4000.0,MOZZARELLA TACOS 3 KG,INDUSTRIALES & FOOD SERVICE,INTERPROVEEDORES,000442-PLATOS TRADICIONALES S.A.,2880.0,2160.0,5040.0,3240.0,3960.0,3600.0,4680.0,3240.0,3600.0,1800.0,2520.0,2880.0,2880.0,0.0,1080.0,1080.0,1080.0,1080.0,1080.0,14256.0,10692.0,24948.0,16038.0,19602.0,17820.0,23774.4,16459.2,18288.0,8550.0,11970.0,13680.0,13104.0,0.0,4914.0,4914.0,4914.0,4914.0,4914.0
4002.0,CREMA DE QUESO TEX MEX SPANISH CHEESE 125 g,DISTRIBUIDORES,RESTO DISTRIBUIDORES,000679-SPANISH CHEESE S.L.U.,0.0,130.0,0.0,130.0,0.0,0.0,0.0,0.0,0.0,168.0,0.0,0.0,0.0,0.0,0.0,68.0,0.0,155.0,0.0,0.0,1004.12,0.0,1004.12,0.0,0.0,0.0,0.0,0.0,1297.55,0.0,0.0,0.0,0.0,0.0,525.2,0.0,1197.15,0.0
4002.0,CREMA DE QUESO TEX MEX SPANISH CHEESE 125 g,EXPORT,RESTO EXPORT,111112-CLIENTES EXPORTACION (PRESUPESTO),0.0,0.0,0.0,0.0,0.0,0.0,0.0,0.0,0.0,0.0,0.0,0.0,0.0,0.0,0.0,0.0,0.0,0.0,0.0,0.0,0.0,0.0,0.0,0.0,0.0,0.0,0.0,0.0,0.0,0.0,0.0,0.0,0.0,0.0,0.0,0.0,0.0,0.0
4002.0,CREMA DE QUESO TEX MEX SPANISH CHEESE 125 g,INTERNO,INTERNO,000679-SPANISH CHEESE S.L.U.,0.0,0.0,0.0,0.0,0.0,0.0,0.0,0.0,0.0,0.0,0.0,0.0,0.0,0.0,0.0,0.0,0.0,0.0,0.0,0.0,0.0,0.0,0.0,0.0,0.0,0.0,0.0,0.0,0.0,0.0,0.0,0.0,0.0,0.0,0.0,0.0,0.0,0.0
4003.0,CREMA DE QUESO BRIE CON TRUFA SPANISH CHEESE 125 g,DISTRIBUIDORES,RESTO DISTRIBUIDORES,000679-SPANISH CHEESE S.L.U.,0.0,0.0,174.0,324.0,0.0,0.0,0.0,0.0,0.0,0.0,0.0,0.0,0.0,0.0,0.0,0.0,0.0,0.0,0.0,0.0,0.0,1544.95,2891.79,0.0,0.0,0.0,0.0,0.0,0.0,0.0,0.0,0.0,0.0,0.0,0.0,0.0,0.0,0.0
4003.0,CREMA DE QUESO BRIE CON TRUFA SPANISH CHEESE 125 g,INTERNO,INTERNO,000679-SPANISH CHEESE S.L.U.,0.0,0.0,0.0,0.0,0.0,0.0,0.0,0.0,0.0,0.0,0.0,0.0,0.0,0.0,0.0,0.0,0.0,0.0,0.0,0.0,0.0,0.0,0.0,0.0,0.0,0.0,0.0,0.0,0.0,0.0,0.0,0.0,0.0,0.0,0.0,0.0,0.0,0.0
4004.0,463352 TRANCHETTES SANDWICH 8 160G X 10 ES,INDUSTRIALES & FOOD SERVICE,RESTO INDUSTRIALES & FOODSERVICE,"000638-GRUPO FROMAGERIES BEL ESPAÑA, S.L.",7760.0,3225.6,6280.0,5880.0,5208.0,7120.0,4784.0,4256.0,9440.0,5153.6,2542.4,3200.0,5918.4,5440.0,6084.8,2979.2,3558.4,2827.2,5825.6,46234.08,19218.12,37416.24,35879.76,31779.21,43446.24,29191.97,25970.11,57602.88,31447.27,15513.72,19526.4,34178.76,28252.72,35139.72,16713.31,19962.63,15860.59,32681.62
4005.0,QUESO RALLADO EMMENTAL ZIPPER 200 G. COALIMENT,RETAIL,IFA,000754-COALIMENT GRANOLLERS SAU,1612.8,1545.6,1608.0,1612.8,1610.4,1344.0,1612.8,2150.4,1869.6,1344.0,1876.8,1872.0,1612.8,1344.0,1881.6,1600.8,1344.0,1344.0,1881.6,11386.38,10911.95,11352.49,11386.38,11214.89,9334.1,11200.92,14934.56,12984.4,9334.1,11767.63,13001.06,11200.92,9334.1,13067.74,10740.16,8904.0,8877.12,12418.56
4005.0,QUESO RALLADO EMMENTAL ZIPPER 200 G. COALIMENT,RETAIL,IFA,"000861-CARO RUIZ, S.A.",201.6,0.0,201.6,201.6,0.0,0.0,268.8,0.0,115.2,115.2,115.2,115.2,115.2,115.2,115.2,115.2,115.2,115.2,115.2,1474.7,0.0,1474.7,1474.7,0.0,0.0,1866.82,0.0,834.62,834.62,834.62,834.62,834.62,834.62,834.62,796.03,796.03,794.88,794.88
4009.0,"CREMA DE QUESO 1,5 KG - QUALITY",RETAIL,EUROMADI,"000512-TRANSGOURMET IBÉRICA, SAU",4251.0,4275.0,5112.0,6081.0,4959.0,3282.0,5820.0,4464.0,4950.0,5331.0,4902.0,5985.0,4275.0,3819.0,6897.0,5196.0,5016.0,5643.0,4890.0,20193.0,20311.78,24288.65,28892.67,23561.69,15616.36,27695.61,21242.81,23555.54,25368.61,23327.13,28480.8,20343.42,18173.45,32820.72,24726.16,23869.65,26853.34,23270.08
4010.0,LONCHAS HAVARTI ESCALONADO 1 KG,DISTRIBUIDORES,PROVISIONES SUROESTE,"000879-PROVISIONES SUROESTE, S.L.",108.0,108.0,180.0,180.0,36.0,288.0,252.0,192.0,0.0,78.0,36.0,12.0,12.0,72.0,144.0,36.0,72.0,72.0,36.0,918.0,918.0,1530.0,1620.0,324.0,2592.0,2268.0,1728.0,0.0,702.0,324.0,108.0,108.0,648.0,1296.0,324.0,648.0,648.0,324.0
4010.0,LONCHAS HAVARTI ESCALONADO 1 KG,DISTRIBUIDORES,RESTO DISTRIBUIDORES,000651-COMERGRAN S.L.,0.0,0.0,0.0,0.0,0.0,0.0,0.0,0.0,0.0,18.0,0.0,0.0,0.0,0.0,0.0,0.0,0.0,0.0,0.0,0.0,0.0,0.0,0.0,0.0,0.0,0.0,0.0,0.0,162.0,0.0,0.0,0.0,0.0,0.0,0.0,0.0,0.0,0.0
4010.0,LONCHAS HAVARTI ESCALONADO 1 KG,DISTRIBUIDORES,RESTO DISTRIBUIDORES,"000710-SELECCIO REGISA, S.L.",24.0,24.0,6.0,42.0,0.0,30.0,18.0,6.0,36.0,30.0,24.0,36.0,0.0,30.0,36.0,36.0,36.0,72.0,36.0,214.8,226.8,56.7,459.9,0.0,328.5,197.1,65.7,394.2,328.5,262.8,371.4,0.0,300.0,360.0,360.0,360.0,720.0,360.0
4010.0,LONCHAS HAVARTI ESCALONADO 1 KG,DISTRIBUIDORES,RESTO DISTRIBUIDORES,000766-DISTRIBUCIONES FASGARÓN S.L.,0.0,0.0,0.0,0.0,0.0,324.0,0.0,324.0,0.0,0.0,0.0,324.0,0.0,0.0,324.0,0.0,0.0,324.0,0.0,0.0,0.0,0.0,0.0,0.0,3418.2,0.0,3418.2,0.0,0.0,0.0,3515.4,0.0,0.0,3418.2,0.0,0.0,3515.4,0.0
4010.0,LONCHAS HAVARTI ESCALONADO 1 KG,DISTRIBUIDORES,RESTO DISTRIBUIDORES,"000822-JASLA HOSTELERIA, S.L. (BLOQ.)",0.0,0.0,0.0,0.0,0.0,0.0,0.0,0.0,0.0,0.0,0.0,0.0,0.0,0.0,0.0,0.0,0.0,0.0,0.0,0.0,0.0,0.0,0.0,0.0,0.0,0.0,0.0,0.0,0.0,0.0,0.0,0.0,0.0,0.0,0.0,0.0,0.0,0.0
4010.0,LONCHAS HAVARTI ESCALONADO 1 KG,DISTRIBUIDORES,RESTO DISTRIBUIDORES,000950-GRUP ALIMENTARI DISTECO S.A,0.0,0.0,0.0,0.0,0.0,0.0,0.0,0.0,0.0,0.0,0.0,60.0,30.0,0.0,48.0,0.0,36.0,36.0,0.0,0.0,0.0,0.0,0.0,0.0,0.0,0.0,0.0,0.0,0.0,0.0,600.0,300.0,0.0,480.0,0.0,360.0,360.0,0.0
4010.0,LONCHAS HAVARTI ESCALONADO 1 KG,INDUSTRIALES & FOOD SERVICE,RESTO INDUSTRIALES & FOODSERVICE,000610-CORIGA BAKERY GROUP S.L.,6.0,6.0,12.0,18.0,6.0,6.0,18.0,18.0,12.0,18.0,18.0,24.0,12.0,0.0,30.0,24.0,12.0,18.0,48.0,48.9,48.9,97.8,146.7,48.9,48.9,146.7,146.7,97.8,146.7,146.7,195.6,97.8,0.0,244.5,195.6,97.8,146.7,391.2
4010.0,LONCHAS HAVARTI ESCALONADO 1 KG,INDUSTRIALES & FOOD SERVICE,RESTO INDUSTRIALES & FOODSERVICE,"000612-BIDFOOD SPAIN, S.L.U.",0.0,72.0,0.0,144.0,54.0,144.0,120.0,180.0,72.0,144.0,72.0,72.0,78.0,72.0,144.0,72.0,144.0,72.0,144.0,0.0,612.0,0.0,1440.0,540.0,1440.0,1200.0,1800.0,720.0,1440.0,720.0,720.0,780.0,720.0,1440.0,720.0,1440.0,720.0,1440.0
4011.0,LONCHAS SANDWICH 1 KG - QUALITY,RETAIL,EUROMADI,"000512-TRANSGOURMET IBÉRICA, SAU",4656.0,5632.0,4272.0,6576.0,6720.0,6096.0,7840.0,5232.0,6320.0,4504.0,4416.0,4560.0,3984.0,4320.0,6048.0,4992.0,5032.0,6328.0,7296.0,20099.96,24313.34,18442.21,28388.59,29010.21,26353.72,33900.14,21979.74,24594.9,19105.18,18638.16,17745.66,16874.0,18679.66,26151.58,21585.39,21758.38,27362.22,31547.88
4012.0,MOZZARELLA RALLADA TIRAS 1 KG - QUALITY,RETAIL,EUROMADI,"000512-TRANSGOURMET IBÉRICA, SAU",3480.0,2570.0,3240.0,4620.0,4620.0,4200.0,6120.0,6200.0,5160.0,4740.0,4620.0,5400.0,3720.0,4440.0,6900.0,5520.0,5610.0,6660.0,8500.0,19028.16,14821.26,18685.08,26643.54,26643.54,24262.8,35355.24,35817.4,29809.32,27382.98,26689.74,31195.8,21490.44,25649.88,39861.3,31889.04,32408.97,38474.82,49104.5
4017.0,LONCHAS SANDWICH 1 KG - P,EXPORT,RESTO EXPORT,000812-SPINACH MFCO (BLOQ.),1920.0,0.0,480.0,480.0,960.0,480.0,480.0,480.0,0.0,0.0,0.0,0.0,0.0,0.0,0.0,0.0,0.0,0.0,0.0,9465.6,0.0,2366.4,2366.4,4732.8,2928.0,2928.0,2928.0,0.0,0.0,0.0,0.0,0.0,0.0,0.0,0.0,0.0,0.0,0.0
4017.0,LONCHAS SANDWICH 1 KG - P,INDUSTRIALES & FOOD SERVICE,RESTO EXPORT,000812-SPINACH MFCO (BLOQ.),0.0,1.0,0.0,0.0,0.0,0.0,0.0,0.0,0.0,0.0,0.0,0.0,0.0,0.0,0.0,0.0,0.0,0.0,0.0,0.0,0.0,0.0,0.0,0.0,0.0,0.0,0.0,0.0,0.0,0.0,0.0,0.0,0.0,0.0,0.0,0.0,0.0,0.0
4017.0,LONCHAS SANDWICH 1 KG - P,INDUSTRIALES & FOOD SERVICE,RESTO INDUSTRIALES & FOODSERVICE,"000497-CONWAY-THE CONVENIENCE COMPANY, S.A.",23520.0,-16.0,0.0,0.0,0.0,0.0,0.0,0.0,0.0,0.0,0.0,0.0,0.0,0.0,0.0,0.0,0.0,0.0,0.0,142296.0,-99.54,0.0,0.0,0.0,0.0,0.0,0.0,0.0,0.0,0.0,0.0,0.0,0.0,0.0,0.0,0.0,0.0,0.0
4017.0,LONCHAS SANDWICH 1 KG - P,INDUSTRIALES & FOOD SERVICE,RESTO INDUSTRIALES & FOODSERVICE,000825-QSL - STEF PORTUGAL LDA,3440.0,0.0,0.0,0.0,0.0,0.0,0.0,0.0,0.0,0.0,0.0,0.0,0.0,0.0,0.0,0.0,0.0,0.0,0.0,21328.0,0.0,0.0,0.0,0.0,0.0,0.0,0.0,0.0,0.0,0.0,0.0,0.0,0.0,0.0,0.0,0.0,0.0,0.0
4018.0,QUESO RALLADO CHEDDAR 200 g,DISTRIBUIDORES,PROVISIONES SUROESTE,"000879-PROVISIONES SUROESTE, S.L.",288.0,0.0,38.4,345.6,0.0,0.0,0.0,0.0,0.0,0.0,0.0,0.0,0.0,0.0,0.0,0.0,0.0,0.0,0.0,2289.6,0.0,305.28,2733.7,0.0,0.0,0.0,0.0,0.0,0.0,0.0,0.0,0.0,0.0,0.0,0.0,0.0,0.0,0.0
4018.0,QUESO RALLADO CHEDDAR 200 g,DISTRIBUIDORES,RESTO DISTRIBUIDORES,"000643-ORTHIDAL, S.L.",0.0,0.0,0.0,0.0,0.0,0.0,0.0,0.0,0.0,0.0,0.0,0.0,0.0,0.0,0.0,0.0,0.0,0.0,0.0,0.0,0.0,0.0,0.0,0.0,0.0,0.0,0.0,0.0,0.0,0.0,0.0,0.0,0.0,0.0,0.0,0.0,0.0,0.0
4018.0,QUESO RALLADO CHEDDAR 200 g,RETAIL,IFA,000597-AHORRAMAS S.A.,806.4,225.6,1075.2,268.8,1.0,1.0,0.0,0.0,0.0,0.0,0.0,0.0,0.0,0.0,0.0,0.0,0.0,0.0,0.0,5787.93,1604.89,7717.24,1927.87,0.0,0.0,0.0,0.0,0.0,0.0,0.0,0.0,0.0,0.0,0.0,0.0,0.0,0.0,0.0
4018.0,QUESO RALLADO CHEDDAR 200 g,RETAIL,IFA,000823-HIPER USERA S.L.,88.8,64.8,115.2,86.4,168.0,7.2,0.0,0.0,105.6,62.4,76.8,48.0,0.0,0.0,0.0,0.0,0.0,0.0,0.0,710.4,518.4,921.6,691.2,1344.0,57.6,0.0,0.0,844.8,499.2,614.4,384.0,0.0,0.0,0.0,0.0,0.0,0.0,0.0
4018.0,QUESO RALLADO CHEDDAR 200 g,RETAIL,OTROS RETAILERS,000824-GRUPO HERMANOS MARTÍN S.A. ( BLOQ),0.0,0.0,0.0,0.0,0.0,0.0,0.0,0.0,0.0,0.0,0.0,0.0,0.0,0.0,0.0,0.0,0.0,0.0,0.0,0.0,0.0,0.0,0.0,0.0,0.0,0.0,0.0,0.0,0.0,0.0,0.0,0.0,0.0,0.0,0.0,0.0,0.0,0.0
4019.0,QUESO RALLADO TEX MEX CON CHEDDAR 200 g,DISTRIBUIDORES,PROVISIONES SUROESTE,"000879-PROVISIONES SUROESTE, S.L.",230.4,0.0,244.8,100.8,0.0,537.6,268.8,0.0,0.0,0.0,0.0,0.0,0.0,0.0,0.0,0.0,0.0,0.0,0.0,1831.68,0.0,1946.16,801.36,0.0,2747.52,2136.96,0.0,0.0,0.0,0.0,0.0,0.0,0.0,0.0,0.0,0.0,0.0,0.0
4019.0,QUESO RALLADO TEX MEX CON CHEDDAR 200 g,DISTRIBUIDORES,RESTO DISTRIBUIDORES,"000643-ORTHIDAL, S.L.",0.0,0.0,0.0,0.0,0.0,0.0,0.0,0.0,0.0,0.0,0.0,0.0,0.0,0.0,0.0,0.0,0.0,0.0,0.0,0.0,0.0,0.0,0.0,0.0,0.0,0.0,0.0,0.0,0.0,0.0,0.0,0.0,0.0,0.0,0.0,0.0,0.0,0.0
4019.0,QUESO RALLADO TEX MEX CON CHEDDAR 200 g,RETAIL,IFA,000597-AHORRAMAS S.A.,1.0,0.0,0.0,0.0,0.0,1228.8,0.0,0.0,-4.8,0.6,0.0,0.0,0.0,0.0,0.0,1267.2,1.0,0.0,0.0,0.0,0.0,0.0,0.0,0.0,8106.91,-199.58,0.0,-38.77,4.31,0.0,0.0,0.0,0.0,0.0,8154.43,0.0,0.0,0.0
4019.0,QUESO RALLADO TEX MEX CON CHEDDAR 200 g,RETAIL,OTROS RETAILERS,000824-GRUPO HERMANOS MARTÍN S.A. ( BLOQ),0.0,0.0,0.0,0.0,0.0,0.0,0.0,0.0,0.0,0.0,0.0,0.0,0.0,0.0,0.0,0.0,0.0,0.0,0.0,0.0,0.0,0.0,0.0,0.0,0.0,0.0,0.0,0.0,0.0,0.0,0.0,0.0,0.0,0.0,0.0,0.0,0.0,0.0
4020.0,QUESO MASCARPONE 500 G. SP,INTERNO,INTERNO,000679-SPANISH CHEESE S.L.U.,0.0,0.0,0.0,0.0,0.0,0.0,0.0,0.0,0.0,0.0,0.0,0.0,0.0,0.0,0.0,0.0,0.0,0.0,0.0,0.0,0.0,0.0,0.0,0.0,0.0,0.0,0.0,0.0,0.0,0.0,0.0,0.0,0.0,0.0,0.0,0.0,0.0,0.0
4024.0,MOZZARELLA RALLADA PIZZA-ROMA 200 G HACENDADO,MERCADONA,IRMADONA,"000525-IRMÃDONA SUPERMERCADOS, UNIPESSOAL, LDA",15040.0,23040.0,25920.0,21760.0,0.0,0.0,0.0,0.0,0.0,0.0,0.0,0.0,0.0,0.0,0.0,0.0,0.0,0.0,0.0,92195.2,141235.2,158070.4,133824.0,0.0,0.0,0.0,0.0,0.0,0.0,0.0,0.0,0.0,0.0,0.0,0.0,0.0,0.0,0.0
4024.0,MOZZARELLA RALLADA PIZZA-ROMA 200 G HACENDADO,MERCADONA,MERCADONA,"000128-MERCADONA, S.A.",878080.0,828680.0,924160.0,874880.0,11840.0,0.0,0.0,0.0,0.0,0.0,0.0,0.0,0.0,0.0,0.0,0.0,0.0,0.0,0.0,5382630.4,5079808.4,5663139.23,5412934.4,74000.0,0.0,0.0,0.0,0.0,0.0,0.0,0.0,0.0,0.0,0.0,0.0,0.0,0.0,0.0
4026.0,"MOZZARELLA STYLE WITH VEGETABLE FAT 2,5 KG FROZEN",EXPORT,RESTO EXPORT,000533-EURO EUROPEAN DAIRIES (GOLD FROST) LTD.,0.0,0.0,0.0,0.0,0.0,0.0,0.0,16117.59,32335.9,0.0,0.0,0.0,0.0,0.0,0.0,0.0,0.0,0.0,0.0,0.0,0.0,0.0,0.0,0.0,0.0,0.0,65759.77,131930.47,0.0,0.0,0.0,0.0,0.0,0.0,0.0,0.0,0.0,0.0
4028.0,"LONCHAS AMERICAN STYLE BURGER CON CHEDDAR 1,35 KG",CASH & CARRY,MAKRO,000621-MAKRO DISTRIBUCIÓN MAYORISTA SA,507.6,874.8,853.2,982.8,0.0,0.0,0.0,0.0,0.0,0.0,0.0,0.0,0.0,0.0,0.0,0.0,0.0,0.0,0.0,3851.66,6637.96,6474.06,7457.48,0.0,0.0,0.0,0.0,0.0,0.0,0.0,0.0,0.0,0.0,0.0,0.0,0.0,0.0,0.0
4028.0,"LONCHAS AMERICAN STYLE BURGER CON CHEDDAR 1,35 KG",DISTRIBUIDORES,PROVISIONES SUROESTE,"000879-PROVISIONES SUROESTE, S.L.",432.0,0.0,0.0,0.0,0.0,0.0,0.0,0.0,0.0,0.0,0.0,0.0,0.0,0.0,0.0,0.0,0.0,0.0,0.0,2406.24,0.0,0.0,0.0,0.0,0.0,0.0,0.0,0.0,0.0,0.0,0.0,0.0,0.0,0.0,0.0,0.0,0.0,0.0
4029.0,ESPECIALIDAD RALLADO CANAL HORECA IDEAL PARA PIZZA,DISTRIBUIDORES,RESTO DISTRIBUIDORES,000816-CARLAFEX S.L.,6048.0,4320.0,5616.0,3888.0,5184.0,3624.0,3456.0,4968.0,3672.0,5400.0,3240.0,0.0,0.0,0.0,0.0,0.0,0.0,0.0,0.0,16372.8,12312.0,16005.6,11080.8,14774.4,10328.4,9849.6,14158.8,10465.2,15390.0,9234.0,0.0,0.0,0.0,0.0,0.0,0.0,0.0,0.0
4030.0,LONCHAS SANDWICH CANAL HORECA 1 KG,DISTRIBUIDORES,RESTO DISTRIBUIDORES,000816-CARLAFEX S.L.,4880.0,4960.0,4400.0,4336.0,5680.0,4560.0,4440.0,5600.0,4920.0,5280.0,4160.0,240.0,0.0,0.0,0.0,0.0,0.0,0.0,0.0,16456.0,17360.0,15400.0,15176.0,19880.0,15960.0,15540.0,19600.0,17220.0,18480.0,14560.0,840.0,0.0,0.0,0.0,0.0,0.0,0.0,0.0
4031.0,MIX 4 RALLADOS FUNDIR Y GRATINAR,INDUSTRIALES & FOOD SERVICE,RESTO INDUSTRIALES & FOODSERVICE,000814-SABOR MEX S.L ( bloq),5040.0,5040.0,4200.0,3780.0,840.0,420.0,0.0,0.0,0.0,0.0,0.0,0.0,0.0,0.0,0.0,0.0,0.0,0.0,0.0,22008.0,22680.0,18900.0,17010.0,1890.0,1890.0,0.0,0.0,0.0,0.0,0.0,0.0,0.0,0.0,0.0,0.0,0.0,0.0,0.0
4032.0,QUESO RALLADO EMMENTAL ZIPPER 200 G. ALIMERKA,RETAIL,IFA,000661-ALIMERKA S.A.U.,2419.2,2419.2,2688.0,2688.0,1881.6,1881.6,2150.4,2419.2,2150.4,2419.2,1881.6,2688.0,1881.6,2150.4,2688.0,1881.6,1881.6,1612.8,2419.2,17079.57,17079.57,18977.3,18977.3,13098.65,13067.74,14934.56,16801.38,14934.56,16801.38,13067.74,18668.2,13067.74,14934.56,18668.2,12373.54,12465.6,10651.2,15966.72
4033.0,QUESO RALLADO SIN LACTOSA ZIPPER 150 G. ALIMERKA,RETAIL,IFA,000661-ALIMERKA S.A.U.,470.4,705.6,470.4,705.6,705.6,235.2,705.6,470.4,470.4,705.6,470.4,705.6,470.4,470.4,705.6,703.5,470.4,235.2,705.6,3810.24,5715.36,3810.24,5715.36,5643.24,1869.06,5607.18,3738.12,3738.12,5607.18,3738.12,5607.18,3738.12,3738.12,5607.18,5418.78,3565.64,1613.47,4840.41
4034.0,LONCHAS SANDWICH 1 KG,CASH & CARRY,MAKRO,000621-MAKRO DISTRIBUCIÓN MAYORISTA SA,256.0,256.0,232.0,296.0,56.0,0.0,0.0,0.0,0.0,0.0,0.0,0.0,0.0,0.0,0.0,0.0,0.0,0.0,0.0,1584.64,1584.64,1436.08,1832.24,346.64,0.0,0.0,0.0,0.0,0.0,0.0,0.0,0.0,0.0,0.0,0.0,0.0,0.0,0.0
4034.0,LONCHAS SANDWICH 1 KG,DISTRIBUIDORES,PROVISIONES SUROESTE,"000879-PROVISIONES SUROESTE, S.L.",0.0,0.0,0.0,0.0,0.0,0.0,0.0,0.0,0.0,0.0,0.0,0.0,0.0,0.0,0.0,0.0,0.0,0.0,0.0,0.0,0.0,0.0,0.0,0.0,0.0,0.0,0.0,0.0,0.0,0.0,0.0,0.0,0.0,0.0,0.0,0.0,0.0,0.0
4036.0,"LONCHAS AMERICAN STYLE CON CHEDDAR 1,35 KG",CASH & CARRY,MAKRO,000621-MAKRO DISTRIBUCIÓN MAYORISTA SA,194.4,367.2,399.6,410.4,86.4,0.0,0.0,0.0,0.0,0.0,0.0,0.0,0.0,0.0,0.0,0.0,0.0,0.0,0.0,1475.11,2786.3,3032.15,3114.1,655.6,0.0,0.0,0.0,0.0,0.0,0.0,0.0,0.0,0.0,0.0,0.0,0.0,0.0,0.0
4036.0,"LONCHAS AMERICAN STYLE CON CHEDDAR 1,35 KG",DISTRIBUIDORES,PROVISIONES SUROESTE,"000879-PROVISIONES SUROESTE, S.L.",0.0,108.0,0.0,0.0,0.0,0.0,0.0,0.0,0.0,0.0,0.0,0.0,0.0,0.0,0.0,0.0,0.0,0.0,0.0,0.0,601.56,0.0,0.0,0.0,0.0,0.0,0.0,0.0,0.0,0.0,0.0,0.0,0.0,0.0,0.0,0.0,0.0,0.0
4036.0,"LONCHAS AMERICAN STYLE CON CHEDDAR 1,35 KG",INDUSTRIALES & FOOD SERVICE,RESTO INDUSTRIALES & FOODSERVICE,"000828-QUE S LIDER, S.L.",0.0,0.0,0.0,0.0,0.0,0.0,0.0,0.0,0.0,0.0,0.0,0.0,0.0,0.0,0.0,0.0,0.0,0.0,0.0,0.0,0.0,0.0,0.0,0.0,0.0,0.0,0.0,0.0,0.0,0.0,0.0,0.0,0.0,0.0,0.0,0.0,0.0,0.0
4039.0,QUESO BM EDAM LONCHAS 300 G,RETAIL,EUROMADI,"000714-UNIALCO, S.L.",0.0,0.0,0.0,0.0,0.0,0.0,0.0,0.0,0.0,0.0,0.0,0.0,0.0,0.0,2085.6,2152.8,3338.4,3993.6,2745.6,0.0,0.0,0.0,0.0,0.0,0.0,0.0,0.0,0.0,0.0,0.0,0.0,0.0,0.0,11544.99,12522.2,19488.38,23509.12,16162.52
4039.0,QUESO BM EDAM LONCHAS 300 G,RETAIL,IFA,"000714-UNIALCO, S.L.",0.0,0.0,0.0,561.6,1216.8,1677.6,1591.2,1591.2,2464.8,2340.0,2215.2,2496.0,2059.2,2620.8,0.0,0.0,0.0,0.0,0.0,0.0,0.0,0.0,3659.76,7807.8,7761.6,10210.2,10163.4,15815.8,15015.0,14214.2,16016.0,13213.2,14337.04,0.0,0.0,0.0,0.0,0.0
4041.0,QUESO RALLADO EMMENTAL ZIPPER 200G. BM,RETAIL,EUROMADI,"000714-UNIALCO, S.L.",0.0,0.0,0.0,0.0,0.0,0.0,0.0,0.0,0.0,0.0,0.0,0.0,0.0,0.0,4065.6,3873.6,3484.8,3955.2,2534.4,0.0,0.0,0.0,0.0,0.0,0.0,0.0,0.0,0.0,0.0,0.0,0.0,0.0,0.0,28235.59,26902.14,24668.49,29248.69,18706.38
4041.0,QUESO RALLADO EMMENTAL ZIPPER 200G. BM,RETAIL,IFA,"000714-UNIALCO, S.L.",3787.2,4099.2,4291.2,4171.2,2793.6,4056.0,2980.8,2829.6,4660.8,4708.8,3705.6,4444.8,3993.6,4180.8,0.0,0.0,0.0,0.0,0.0,26737.65,28940.38,30295.89,29448.69,19467.25,28168.93,20701.65,19623.84,32369.24,31636.0,25735.39,30869.14,27735.55,29035.65,0.0,0.0,0.0,0.0,0.0
4042.0,QUESO BM MOZZARELLA LONCHAS 200 G,RETAIL,EUROMADI,"000714-UNIALCO, S.L.",0.0,0.0,0.0,0.0,0.0,0.0,0.0,0.0,0.0,0.0,0.0,0.0,0.0,0.0,3244.8,2714.4,3494.4,3379.2,3494.4,0.0,0.0,0.0,0.0,0.0,0.0,0.0,0.0,0.0,0.0,0.0,0.0,0.0,0.0,26834.48,22448.1,28667.8,27320.88,28252.27
4042.0,QUESO BM MOZZARELLA LONCHAS 200 G,RETAIL,IFA,"000714-UNIALCO, S.L.",2277.6,2808.0,3244.8,2805.6,2652.0,3276.0,2558.4,2239.2,3712.8,3744.0,2808.0,3369.6,2277.6,2995.2,0.0,0.0,0.0,0.0,0.0,19211.57,23685.47,27369.88,23665.24,22004.11,27092.51,21157.97,16116.56,30704.86,30665.16,23222.16,27866.61,18835.76,24770.31,0.0,0.0,0.0,0.0,0.0
4043.0,QUESO BM CHEDDAR LONCHAS 200 G,RETAIL,EUROMADI,"000714-UNIALCO, S.L.",0.0,0.0,0.0,0.0,0.0,0.0,0.0,0.0,0.0,0.0,0.0,0.0,0.0,0.0,1965.6,343.2,1248.0,2308.8,1560.0,0.0,0.0,0.0,0.0,0.0,0.0,0.0,0.0,0.0,0.0,0.0,0.0,0.0,0.0,15371.0,2683.82,10118.78,18074.49,9581.52
4043.0,QUESO BM CHEDDAR LONCHAS 200 G,RETAIL,IFA,"000714-UNIALCO, S.L.",1809.6,1840.8,2433.6,1747.2,2028.0,2121.6,1653.6,1653.6,2371.2,1996.8,1778.4,1684.8,1435.2,1684.8,0.0,0.0,0.0,0.0,0.0,14413.45,14661.96,19383.61,13916.44,15972.06,15858.96,12931.15,12884.36,18542.78,13418.99,13907.09,13175.14,11223.25,13175.15,0.0,0.0,0.0,0.0,0.0
4044.0,QUESO BM EMMENTAL LONCHAS 200 G,RETAIL,EUROMADI,"000714-UNIALCO, S.L.",0.0,0.0,0.0,0.0,0.0,0.0,0.0,0.0,0.0,0.0,0.0,0.0,0.0,0.0,2028.0,1732.8,2464.8,2611.2,1747.2,0.0,0.0,0.0,0.0,0.0,0.0,0.0,0.0,0.0,0.0,0.0,0.0,0.0,0.0,16791.83,14347.58,19731.19,19440.36,13007.89
4044.0,QUESO BM EMMENTAL LONCHAS 200 G,RETAIL,IFA,"000714-UNIALCO, S.L.",1872.0,1653.6,2152.8,2059.2,2059.2,2371.2,1497.6,1778.4,2652.0,2371.2,1778.4,2121.6,1716.0,2152.8,0.0,0.0,0.0,0.0,0.0,15809.04,13964.65,18180.4,17389.96,16114.64,19633.52,12400.12,14678.34,21958.55,19633.52,14725.14,17566.84,14208.47,17825.18,0.0,0.0,0.0,0.0,0.0
4045.0,QUESO BM SUAVE Y CREMOSO LIGHT LONCHAS 300 G,RETAIL,EUROMADI,"000714-UNIALCO, S.L.",0.0,0.0,0.0,0.0,0.0,0.0,0.0,0.0,0.0,0.0,0.0,0.0,0.0,0.0,2090.4,405.6,1248.0,1099.2,0.0,0.0,0.0,0.0,0.0,0.0,0.0,0.0,0.0,0.0,0.0,0.0,0.0,0.0,0.0,18444.28,3578.74,11014.85,9705.94,0.0
4045.0,QUESO BM SUAVE Y CREMOSO LIGHT LONCHAS 300 G,RETAIL,IFA,"000714-UNIALCO, S.L.",1622.4,1840.8,2402.4,1747.2,1903.2,2402.4,1584.0,1363.2,2210.4,1903.2,1872.0,1965.6,1497.6,1778.4,0.0,0.0,0.0,0.0,0.0,13319.9,15112.98,19723.72,15742.28,16926.52,21197.16,13976.15,11981.16,19503.1,16792.56,16517.27,17343.15,13213.81,15691.41,0.0,0.0,0.0,0.0,0.0
4046.0,QUESO BM SUAVE Y CREMOSO LONCHAS 300 G,RETAIL,EUROMADI,"000714-UNIALCO, S.L.",0.0,0.0,0.0,0.0,0.0,0.0,0.0,0.0,0.0,0.0,0.0,0.0,0.0,0.0,3837.6,2776.8,3307.2,3993.6,2995.2,0.0,0.0,0.0,0.0,0.0,0.0,0.0,0.0,0.0,0.0,0.0,0.0,0.0,0.0,34548.52,25315.17,29864.44,35263.52,26447.64
4046.0,QUESO BM SUAVE Y CREMOSO LONCHAS 300 G,RETAIL,IFA,"000714-UNIALCO, S.L.",4056.0,5678.4,6364.8,5460.0,4992.0,3432.0,2964.0,1860.0,4212.0,4056.0,2901.6,3712.8,2870.4,3525.6,0.0,0.0,0.0,0.0,0.0,33718.88,47206.43,52912.71,50782.04,45694.45,31288.4,27021.8,16910.2,38399.4,36977.2,26452.92,33848.36,26168.48,32141.72,0.0,0.0,0.0,0.0,0.0
4050.0,CREMA DE QUESO FP 2 KG,INDUSTRIALES & FOOD SERVICE,RESTO INDUSTRIALES & FOODSERVICE,"000532-UNUSUAL FOODS, S.L.U.",0.0,48.0,0.0,0.0,0.0,0.0,0.0,0.0,0.0,0.0,0.0,0.0,0.0,0.0,0.0,0.0,0.0,0.0,0.0,0.0,208.8,0.0,0.0,0.0,0.0,0.0,0.0,0.0,0.0,0.0,0.0,0.0,0.0,0.0,0.0,0.0,0.0,0.0
4052.0,BURRATA 5x125 g METRO CHEF,CASH & CARRY,MAKRO,000645-MAKRO CASH & CARRY PORTUGAL S.A.,-50.0,0.0,0.0,0.0,0.0,0.0,0.0,0.0,0.0,0.0,0.0,0.0,0.0,0.0,0.0,0.0,0.0,0.0,0.0,-543.2,0.0,0.0,0.0,0.0,0.0,0.0,0.0,0.0,0.0,0.0,0.0,0.0,0.0,0.0,0.0,0.0,0.0,0.0
4052.0,BURRATA 5x125 g METRO CHEF,CASH & CARRY,MAKRO,000721-MAKRO CASH & CARRY PORTUGAL S.A.,287.5,547.5,630.0,850.0,917.5,1160.0,1320.0,1662.5,1492.5,1575.0,1052.5,1040.0,1075.0,885.0,1692.5,2170.0,2030.0,2022.5,3230.0,3123.4,5948.04,6844.32,9234.4,9967.72,12602.24,13335.56,18061.4,15399.72,17110.8,11434.36,10157.84,11678.8,9614.64,16920.68,23574.88,22053.92,19691.0,35090.72
4053.0,BURRATA 125 g METRO CHEF,CASH & CARRY,MAKRO,000721-MAKRO CASH & CARRY PORTUGAL S.A.,738.75,1003.5,1042.5,1597.5,1888.5,1889.25,2681.25,3579.75,2944.5,2574.75,1049.25,1085.25,1356.75,1020.0,1697.25,2425.5,2455.5,2830.5,3712.5,8805.9,11961.72,12426.6,19042.2,22510.92,22226.46,31960.5,42670.62,34159.74,30691.02,12507.06,12936.18,16172.46,12158.4,20231.22,28911.96,29269.56,33739.56,44253.0
4054.0,GOUDA 48% FUNDIR,INTERNO,INTERNO,"000086-CENTRAL QUESERA MONTESINOS, S.L.U.",0.0,0.0,0.0,0.0,0.0,0.0,0.0,840.0,-1.66,0.0,0.0,0.0,0.0,0.0,0.0,0.0,0.0,0.0,0.0,0.0,0.0,0.0,0.0,0.0,0.0,0.0,3654.0,-7.22,0.0,0.0,0.0,0.0,0.0,0.0,0.0,0.0,0.0,0.0
4055.0,LONCHAS SOS BACON 76x76 MM. APROX.,INDUSTRIALES & FOOD SERVICE,RESTO INDUSTRIALES & FOODSERVICE,"000497-CONWAY-THE CONVENIENCE COMPANY, S.A.",0.0,0.0,0.0,0.0,0.0,0.0,0.0,0.0,-18.0,0.0,0.0,0.0,0.0,0.0,0.0,0.0,0.0,0.0,0.0,0.0,0.0,0.0,0.0,0.0,0.0,0.0,0.0,-110.62,0.0,0.0,0.0,0.0,0.0,0.0,0.0,0.0,0.0,0.0
4055.0,LONCHAS SOS BACON 76x76 MM. APROX.,INDUSTRIALES & FOOD SERVICE,RESTO INDUSTRIALES & FOODSERVICE,000825-QSL - STEF PORTUGAL LDA,0.0,0.0,0.0,0.0,0.0,0.0,0.0,0.0,0.0,0.0,0.0,0.0,0.0,0.0,0.0,0.0,0.0,0.0,0.0,0.0,0.0,0.0,0.0,0.0,0.0,0.0,0.0,0.0,0.0,0.0,0.0,0.0,0.0,0.0,0.0,0.0,0.0,0.0
4056.0,MOZZARELLA RALLADA PIZZA-ROMA LIGHT 200G HACENDADO,MERCADONA,IRMADONA,"000525-IRMÃDONA SUPERMERCADOS, UNIPESSOAL, LDA",7680.0,7040.0,8960.0,8000.0,7680.0,9280.0,2240.0,0.0,0.0,0.0,0.0,0.0,0.0,0.0,0.0,0.0,0.0,0.0,0.0,48153.6,44140.8,56179.2,50576.0,48921.6,59113.6,14268.8,0.0,0.0,0.0,0.0,0.0,0.0,0.0,0.0,0.0,0.0,0.0,0.0
4062.0,SALSA DE QUESO BLANCO CUBO DE 3 KG,INDUSTRIALES & FOOD SERVICE,RESTO INDUSTRIALES & FOODSERVICE,000629-MALVON FACTORY S.L.,180.0,96.0,0.0,132.0,0.0,0.0,390.0,0.0,0.0,0.0,0.0,138.0,0.0,0.0,0.0,0.0,0.0,300.0,0.0,657.0,350.4,0.0,481.8,0.0,0.0,1423.5,0.0,0.0,0.0,0.0,503.7,0.0,0.0,0.0,0.0,0.0,1095.0,0.0
4063.0,CHEDDAR MILD NEWMARKET,INTERNO,INTERNO,"000086-CENTRAL QUESERA MONTESINOS, S.L.U.",0.0,0.0,0.0,0.0,4037.74,8061.91,0.0,-4037.74,-8061.93,15022.14,0.0,38.92,0.0,7033.79,2610.97,176.66,197.15,0.0,1140.69,0.0,0.0,0.0,0.0,20148.32,40594.73,0.0,-20148.32,-40594.83,24756.49,0.0,542.94,0.0,33888.1,12019.51,851.13,949.84,0.0,5495.73
4067.0,SEMITERMINADO POLVO,INDUSTRIALES & FOOD SERVICE,RESTO INDUSTRIALES & FOODSERVICE,000774-QUESOS LA VASCO NAVARRA S.A.,10378.86,5243.18,10456.86,11890.0,7129.2,9415.6,9542.2,7697.68,15185.16,7097.2,9522.6,9536.1,4768.3,9464.6,13271.14,12344.38,7100.2,9525.6,12202.88,40477.55,20448.4,40781.75,46371.0,27803.88,36720.84,38047.7,30790.72,60740.64,28388.8,38090.4,38144.4,19073.2,37858.4,53084.56,49377.52,28400.8,38102.4,48811.52
4067.0,SEMITERMINADO POLVO,INDUSTRIALES & FOOD SERVICE,RESTO INDUSTRIALES & FOODSERVICE,"000959-SANT DALMAI, S.A.U.",0.0,0.0,0.0,0.0,0.0,0.0,0.0,0.0,0.0,0.0,0.0,0.0,894.76,0.0,958.76,943.76,0.0,0.0,946.26,0.0,0.0,0.0,0.0,0.0,0.0,0.0,0.0,0.0,0.0,0.0,0.0,3936.94,0.0,4218.54,4152.54,0.0,0.0,4163.54
4068.0,MOZZARELLA FRESCA ANTONELLA 125 G.,DISTRIBUIDORES,PROVISIONES SUROESTE,"000879-PROVISIONES SUROESTE, S.L.",0.0,0.0,0.0,0.0,0.0,210.0,750.0,1050.0,666.0,592.5,721.5,349.5,457.5,484.5,810.0,1054.5,571.5,1206.0,937.5,0.0,0.0,0.0,0.0,0.0,1333.5,4762.51,6667.51,4229.11,3762.38,4581.53,2219.33,3002.63,3197.7,5346.0,6959.7,3771.9,7959.6,6187.5
4068.0,MOZZARELLA FRESCA ANTONELLA 125 G.,DISTRIBUIDORES,RESTO DISTRIBUIDORES,"000006-LISARDO ISMAEL FERNANDEZ RAMIREZ, S.A. (BLOQ.)",0.0,0.0,0.0,0.0,0.0,1.5,0.0,0.0,0.0,0.0,0.0,0.0,0.0,0.0,0.0,0.0,0.0,0.0,0.0,0.0,0.0,0.0,0.0,0.0,10.83,0.0,0.0,0.0,0.0,0.0,0.0,0.0,0.0,0.0,0.0,0.0,0.0,0.0
4068.0,MOZZARELLA FRESCA ANTONELLA 125 G.,DISTRIBUIDORES,RESTO DISTRIBUIDORES,"000038-LÁCTEOS MENDI, S.L.",0.0,0.0,0.0,0.0,0.0,240.0,165.0,135.0,156.0,133.5,126.0,69.0,123.0,102.0,117.0,105.0,106.5,195.0,136.5,0.0,0.0,0.0,0.0,0.0,1596.01,1097.26,897.76,1037.41,887.78,837.9,458.85,844.2,703.8,807.3,724.5,734.85,1345.5,941.85
4068.0,MOZZARELLA FRESCA ANTONELLA 125 G.,DISTRIBUIDORES,RESTO DISTRIBUIDORES,"000643-ORTHIDAL, S.L.",0.0,0.0,0.0,0.0,0.0,0.0,0.0,42.0,3.0,64.5,78.0,39.0,58.5,19.5,19.5,0.0,0.0,0.0,0.0,0.0,0.0,0.0,0.0,0.0,0.0,0.0,279.3,19.95,428.93,518.7,259.35,403.65,138.65,138.65,0.0,0.0,0.0,0.0
4068.0,MOZZARELLA FRESCA ANTONELLA 125 G.,DISTRIBUIDORES,RESTO DISTRIBUIDORES,000644-COMERCIAL LUIS ROSQUELLAS S.L.,0.0,0.0,0.0,0.0,0.0,7.5,9.0,0.0,0.0,0.0,0.0,0.0,0.0,0.0,0.0,0.0,0.0,0.0,0.0,0.0,0.0,0.0,0.0,0.0,56.6,67.92,0.0,0.0,0.0,0.0,0.0,0.0,0.0,0.0,0.0,0.0,0.0,0.0
4068.0,MOZZARELLA FRESCA ANTONELLA 125 G.,DISTRIBUIDORES,RESTO DISTRIBUIDORES,000651-COMERGRAN S.L.,0.0,0.0,0.0,0.0,0.0,9.0,24.0,36.0,10.5,18.0,22.5,24.0,3.0,9.0,13.5,3.0,3.0,0.0,0.0,0.0,0.0,0.0,0.0,0.0,57.14,152.4,228.6,66.67,114.28,142.87,152.41,19.8,59.4,89.1,19.8,19.8,0.0,0.0
4068.0,MOZZARELLA FRESCA ANTONELLA 125 G.,DISTRIBUIDORES,RESTO DISTRIBUIDORES,000654-COMERCIAL PINAMAS S.L.,0.0,0.0,0.0,0.0,0.0,145.5,82.5,187.5,78.0,51.0,45.0,66.0,9.0,84.0,28.5,28.5,39.0,97.5,97.5,0.0,0.0,0.0,0.0,0.0,967.59,548.64,1246.88,518.7,339.15,299.26,438.91,59.85,579.6,196.65,196.65,269.1,672.75,672.75
4068.0,MOZZARELLA FRESCA ANTONELLA 125 G.,DISTRIBUIDORES,RESTO DISTRIBUIDORES,"000709-DISTRIBUCIONES MONTEVERDE, S.L.U. ( BLOQ)",0.0,0.0,0.0,0.0,0.0,15.0,34.5,-12.0,0.0,0.0,0.0,0.0,0.0,0.0,0.0,0.0,0.0,0.0,0.0,0.0,0.0,0.0,0.0,0.0,115.5,265.65,-92.4,0.0,0.0,0.0,0.0,0.0,0.0,0.0,0.0,0.0,0.0,0.0
4068.0,MOZZARELLA FRESCA ANTONELLA 125 G.,DISTRIBUIDORES,RESTO DISTRIBUIDORES,"000710-SELECCIO REGISA, S.L.",0.0,0.0,0.0,0.0,0.0,55.5,57.0,67.5,6.0,7.5,0.0,0.0,0.0,12.0,15.0,51.0,19.5,58.5,78.0,0.0,0.0,0.0,0.0,0.0,419.03,419.04,509.63,45.3,56.63,0.0,0.0,0.0,82.8,103.5,351.9,134.55,403.65,538.2
4068.0,MOZZARELLA FRESCA ANTONELLA 125 G.,DISTRIBUIDORES,RESTO DISTRIBUIDORES,000711-DISTRIBUCIONES J.M. S.A.,0.0,0.0,0.0,0.0,0.0,21.0,45.0,15.0,37.5,15.0,15.0,22.5,7.5,12.0,9.0,7.5,9.0,27.0,13.5,0.0,0.0,0.0,0.0,0.0,139.66,299.26,99.75,249.39,99.76,99.76,149.63,51.75,82.8,62.1,51.75,62.1,186.3,93.15
4068.0,MOZZARELLA FRESCA ANTONELLA 125 G.,DISTRIBUIDORES,RESTO DISTRIBUIDORES,000776-COMERCIAL DIALVA S.A.,0.0,0.0,0.0,0.0,0.0,0.0,49.5,108.0,12.0,72.0,15.0,72.0,31.5,54.0,27.0,87.0,18.0,111.0,78.0,0.0,0.0,0.0,0.0,0.0,0.0,329.18,718.2,69.82,478.8,99.75,478.8,213.97,372.6,186.3,589.95,124.2,765.9,538.2
4068.0,MOZZARELLA FRESCA ANTONELLA 125 G.,DISTRIBUIDORES,RESTO DISTRIBUIDORES,000816-CARLAFEX S.L.,0.0,0.0,0.0,0.0,0.0,0.0,225.0,120.0,195.0,135.0,180.0,120.0,75.0,0.0,0.0,0.0,0.0,0.0,0.0,0.0,0.0,0.0,0.0,0.0,0.0,1428.75,762.0,1238.25,857.25,1143.0,762.0,495.0,0.0,0.0,0.0,0.0,0.0,0.0
4068.0,MOZZARELLA FRESCA ANTONELLA 125 G.,DISTRIBUIDORES,RESTO DISTRIBUIDORES,"000855-CASA BASTIDA, S.L. ( BLOQ )",0.0,0.0,0.0,45.0,15.0,55.5,15.0,15.0,0.0,0.0,0.0,0.0,0.0,0.0,0.0,0.0,0.0,0.0,0.0,0.0,0.0,0.0,299.25,99.75,369.08,99.75,99.75,0.0,0.0,0.0,0.0,0.0,0.0,0.0,0.0,0.0,0.0,0.0
4068.0,MOZZARELLA FRESCA ANTONELLA 125 G.,DISTRIBUIDORES,RESTO DISTRIBUIDORES,"000858-COVADUL FAST FOOD, S.L.",0.0,0.0,0.0,0.0,0.0,15.0,6.0,0.0,0.0,0.0,0.0,0.0,0.0,0.0,0.0,0.0,0.0,0.0,0.0,0.0,0.0,0.0,0.0,0.0,99.75,39.9,0.0,0.0,0.0,0.0,0.0,0.0,0.0,0.0,0.0,0.0,0.0,0.0
4068.0,MOZZARELLA FRESCA ANTONELLA 125 G.,DISTRIBUIDORES,RESTO DISTRIBUIDORES,"000864-RISCALES ALIMENTACIÓN, S.L.",22.5,15.0,0.0,0.0,0.0,6.0,16.5,13.5,13.5,45.0,4.5,15.0,15.0,6.0,25.5,27.0,15.0,25.5,22.5,156.38,104.26,0.0,0.0,0.0,41.7,114.68,93.83,93.83,312.76,31.28,101.56,101.63,41.4,175.95,186.3,103.5,175.95,155.25
4068.0,MOZZARELLA FRESCA ANTONELLA 125 G.,DISTRIBUIDORES,RESTO DISTRIBUIDORES,"000890-OCEANÍA FOOD SELECTION, S.L. ( bloq)",0.0,3.0,0.0,0.0,0.0,0.0,0.0,0.0,0.0,0.0,0.0,0.0,0.0,0.0,0.0,0.0,0.0,0.0,0.0,0.0,22.08,0.0,0.0,0.0,0.0,0.0,0.0,0.0,0.0,0.0,0.0,0.0,0.0,0.0,0.0,0.0,0.0,0.0
4068.0,MOZZARELLA FRESCA ANTONELLA 125 G.,DISTRIBUIDORES,RESTO DISTRIBUIDORES,"000946-LLUIS CANADELL, S.L.U.",0.0,0.0,0.0,0.0,0.0,0.0,0.0,0.0,0.0,0.0,0.0,0.0,0.0,0.0,21.0,0.0,0.0,0.0,0.0,0.0,0.0,0.0,0.0,0.0,0.0,0.0,0.0,0.0,0.0,0.0,0.0,0.0,0.0,144.9,0.0,0.0,0.0,0.0
4068.0,MOZZARELLA FRESCA ANTONELLA 125 G.,DISTRIBUIDORES,RESTO DISTRIBUIDORES,000950-GRUP ALIMENTARI DISTECO S.A,0.0,0.0,0.0,0.0,0.0,0.0,0.0,0.0,0.0,0.0,9.0,12.0,22.5,39.0,61.5,42.0,75.0,73.5,73.5,0.0,0.0,0.0,0.0,0.0,0.0,0.0,0.0,0.0,0.0,59.85,79.81,153.38,269.1,424.35,289.8,517.5,507.15,507.15
4068.0,MOZZARELLA FRESCA ANTONELLA 125 G.,DISTRIBUIDORES,RESTO DISTRIBUIDORES,000987-LPA ALIMENTACION S.L.,0.0,0.0,0.0,0.0,0.0,0.0,0.0,0.0,0.0,0.0,0.0,0.0,0.0,0.0,0.0,0.0,0.0,100.5,117.0,0.0,0.0,0.0,0.0,0.0,0.0,0.0,0.0,0.0,0.0,0.0,0.0,0.0,0.0,0.0,0.0,0.0,693.45,807.3
4068.0,MOZZARELLA FRESCA ANTONELLA 125 G.,INDUSTRIALES & FOOD SERVICE,RESTO INDUSTRIALES & FOODSERVICE,"000089-EL CORTE INGLES, S.A.",0.0,0.0,0.0,0.0,0.0,0.0,0.0,0.0,0.0,0.0,0.0,0.0,0.0,0.0,0.0,0.0,0.0,0.0,0.0,0.0,0.0,0.0,0.0,0.0,0.0,0.0,0.0,0.0,0.0,0.0,0.0,0.0,0.0,0.0,0.0,0.0,0.0,0.0
4068.0,MOZZARELLA FRESCA ANTONELLA 125 G.,INDUSTRIALES & FOOD SERVICE,RESTO INDUSTRIALES & FOODSERVICE,000727-ORTEGA 1939 S.L.,0.0,0.0,0.0,0.0,0.0,3.0,3.0,3.0,0.0,3.0,0.0,0.0,0.0,0.0,0.0,0.0,0.0,0.0,0.0,0.0,0.0,0.0,0.0,0.0,21.94,21.94,21.94,0.0,21.94,0.0,0.0,0.0,0.0,0.0,0.0,0.0,0.0,0.0
4068.0,MOZZARELLA FRESCA ANTONELLA 125 G.,INDUSTRIALES & FOOD SERVICE,RESTO INDUSTRIALES & FOODSERVICE,000809-CHAVINADOR S.L.,0.0,0.0,0.0,0.0,0.0,0.0,75.0,0.0,0.0,0.0,0.0,0.0,0.0,0.0,0.0,0.0,0.0,0.0,0.0,0.0,0.0,0.0,0.0,0.0,0.0,577.5,0.0,0.0,0.0,0.0,0.0,0.0,0.0,0.0,0.0,0.0,0.0,0.0
4068.0,MOZZARELLA FRESCA ANTONELLA 125 G.,RETAIL,IFA,000823-HIPER USERA S.L.,0.0,0.0,0.0,0.0,0.0,0.0,133.5,108.0,192.0,310.5,283.5,222.0,276.0,229.5,348.0,295.5,418.5,315.0,315.0,0.0,0.0,0.0,0.0,0.0,0.0,875.76,708.48,1259.52,2036.88,1859.76,1456.32,1810.56,1505.52,2282.88,1938.48,2745.36,2066.4,2066.4
4068.0,MOZZARELLA FRESCA ANTONELLA 125 G.,RETAIL,OTROS RETAILERS,"000246-AGROPECUARIA DE GUISSONA, S.C.L. (BLOQ)",0.0,0.0,0.0,0.0,0.0,0.0,0.0,0.0,0.0,0.0,0.0,0.0,0.0,0.0,0.0,0.0,0.0,0.0,0.0,0.0,0.0,0.0,0.0,0.0,0.0,0.0,0.0,0.0,0.0,0.0,0.0,0.0,0.0,0.0,0.0,0.0,0.0,0.0
4068.0,MOZZARELLA FRESCA ANTONELLA 125 G.,RETAIL,OTROS RETAILERS,000935-CORPORACION ALIMENTARIA DE GUISSONA,0.0,0.0,0.0,0.0,0.0,0.0,0.0,0.0,0.0,0.0,0.0,0.0,0.0,0.0,0.0,0.0,0.0,0.0,0.0,0.0,0.0,0.0,0.0,0.0,0.0,0.0,0.0,0.0,0.0,0.0,0.0,0.0,0.0,0.0,0.0,0.0,0.0,0.0
4068.0,MOZZARELLA FRESCA ANTONELLA 125 G.,RETAIL,RESTO DISTRIBUIDORES,000644-COMERCIAL LUIS ROSQUELLAS S.L.,0.0,0.0,0.0,0.0,0.0,0.0,0.0,1.0,0.0,0.0,0.0,0.0,0.0,0.0,0.0,0.0,0.0,0.0,0.0,0.0,0.0,0.0,0.0,0.0,0.0,0.0,0.0,0.0,0.0,0.0,0.0,0.0,0.0,0.0,0.0,0.0,0.0,0.0
4068.0,MOZZARELLA FRESCA ANTONELLA 125 G.,RETAIL,RESTO INDUSTRIALES & FOODSERVICE,000809-CHAVINADOR S.L.,0.0,0.0,0.0,0.0,0.0,0.0,0.0,0.0,1.0,0.0,0.0,0.0,0.0,0.0,0.0,0.0,0.0,0.0,0.0,0.0,0.0,0.0,0.0,0.0,0.0,0.0,0.0,0.0,0.0,0.0,0.0,0.0,0.0,0.0,0.0,0.0,0.0,0.0
4069.0,QUESO EMMENTAL BLOQUE,DISTRIBUIDORES,RESTO DISTRIBUIDORES,000776-COMERCIAL DIALVA S.A.,454.4,465.0,610.6,654.26,578.42,348.2,559.0,465.0,279.0,468.6,568.0,370.6,186.0,184.6,568.0,156.2,198.8,355.0,454.4,2594.62,2655.15,3486.53,3997.53,3534.15,2127.5,3415.49,2841.15,1612.31,2863.15,607.33,2264.37,1043.46,1035.61,3186.48,876.28,1115.26,1991.54,2549.18
4069.0,QUESO EMMENTAL BLOQUE,INDUSTRIALES & FOOD SERVICE,RESTO INDUSTRIALES & FOODSERVICE,000756-QUESOS EL PASTOR-HIJOS DE SALVADOR S.A.,15196.27,15067.95,19029.75,14355.4,11269.14,12177.17,10126.39,20408.06,13094.72,18936.64,17592.37,9645.99,19061.72,17570.12,17565.19,20965.75,7451.36,16232.77,18251.15,97164.94,96344.48,121676.22,91788.43,73621.29,79553.46,66155.7,133325.87,85547.81,123713.07,114930.96,63017.25,124530.22,114785.59,114753.38,119960.87,43612.81,73047.47,82130.16
4071.0,BURRATA ANTONELLA 125 g,CASH & CARRY,OTROS CASH & CARRY,"000931-TRANSGOURMET IBÉRICA, SAU",0.0,0.0,0.0,0.0,0.0,0.0,0.0,606.0,199.5,209.25,0.0,0.0,0.0,0.0,0.0,0.0,0.0,0.0,0.0,0.0,0.0,0.0,0.0,0.0,0.0,0.0,6447.84,2122.68,2226.42,0.0,0.0,0.0,0.0,0.0,0.0,0.0,0.0,0.0
4071.0,BURRATA ANTONELLA 125 g,DISTRIBUIDORES,PROVISIONES SUROESTE,"000879-PROVISIONES SUROESTE, S.L.",939.0,426.75,236.25,498.0,236.25,564.75,1099.5,969.0,783.0,1318.5,1318.5,778.5,664.5,598.5,1419.0,1392.75,1359.0,2256.0,1864.5,9859.51,4480.9,2480.64,5229.0,2480.63,5929.88,11544.75,10174.5,8221.5,13844.25,13844.25,8174.25,7158.91,6493.73,15396.15,15111.36,14745.15,24477.6,20229.83
4071.0,BURRATA ANTONELLA 125 g,DISTRIBUIDORES,RESTO DISTRIBUIDORES,"000006-LISARDO ISMAEL FERNANDEZ RAMIREZ, S.A. (BLOQ.)",3.75,14.25,31.5,42.0,24.75,7.5,0.0,0.0,0.0,0.0,0.0,0.0,0.0,0.0,0.0,0.0,0.0,0.0,0.0,42.6,161.88,357.84,477.12,281.16,85.2,0.0,0.0,0.0,0.0,0.0,0.0,0.0,0.0,0.0,0.0,0.0,0.0,0.0
4071.0,BURRATA ANTONELLA 125 g,DISTRIBUIDORES,RESTO DISTRIBUIDORES,"000038-LÁCTEOS MENDI, S.L.",109.5,112.5,161.25,108.75,232.5,210.0,202.5,352.5,227.25,285.0,262.5,198.75,243.75,225.0,314.25,270.0,376.5,516.0,540.0,1226.4,1260.0,1806.0,1218.0,2562.0,2205.0,2126.25,3701.25,2386.12,2992.5,2756.25,2086.88,2609.26,2441.26,3409.62,2929.5,4085.03,5598.6,5859.0
4071.0,BURRATA ANTONELLA 125 g,DISTRIBUIDORES,RESTO DISTRIBUIDORES,000644-COMERCIAL LUIS ROSQUELLAS S.L.,0.0,0.0,0.0,0.0,0.0,9.0,6.75,0.0,0.0,0.0,0.0,6.0,0.0,0.0,0.0,0.0,0.0,0.0,0.0,0.0,0.0,0.0,0.0,0.0,113.79,85.35,0.0,0.0,0.0,0.0,75.86,0.0,0.0,0.0,0.0,0.0,0.0,0.0
4071.0,BURRATA ANTONELLA 125 g,DISTRIBUIDORES,RESTO DISTRIBUIDORES,000651-COMERGRAN S.L.,45.0,82.5,93.75,172.5,127.5,277.5,187.5,285.0,180.0,225.0,112.5,217.5,52.5,96.75,291.75,165.0,232.5,289.5,240.0,517.52,873.76,984.39,1811.25,1338.75,2913.75,1968.75,2992.5,1890.0,2362.5,1181.25,2283.75,559.13,1049.75,3165.49,1790.26,2522.64,3141.09,2604.0
4071.0,BURRATA ANTONELLA 125 g,DISTRIBUIDORES,RESTO DISTRIBUIDORES,000654-COMERCIAL PINAMAS S.L.,230.25,202.5,247.5,210.0,217.5,401.25,487.5,525.0,390.0,172.5,240.0,255.0,195.0,237.0,229.5,204.0,264.0,624.0,510.0,2417.62,2126.25,2598.76,2205.0,2283.75,4213.13,5118.75,5512.5,4095.0,1811.25,2520.0,2677.5,2063.25,2571.46,2490.08,2213.4,2864.4,6770.4,5533.5
4071.0,BURRATA ANTONELLA 125 g,DISTRIBUIDORES,RESTO DISTRIBUIDORES,"000675-CORPORACIÓN LÁCTEA DEL NORTE, S.L.",0.0,0.0,0.0,22.5,45.0,15.0,150.0,246.75,0.0,9.0,31.5,15.0,15.0,17.25,37.5,67.5,37.5,52.5,97.5,0.0,0.0,0.0,245.25,490.5,163.5,1635.0,2689.58,0.0,98.1,343.35,163.5,163.5,188.03,408.75,735.75,408.75,572.25,1062.75
4071.0,BURRATA ANTONELLA 125 g,DISTRIBUIDORES,RESTO DISTRIBUIDORES,"000709-DISTRIBUCIONES MONTEVERDE, S.L.U. ( BLOQ)",0.0,0.0,0.0,0.0,0.0,18.75,54.0,-12.75,0.0,0.0,0.0,0.0,0.0,0.0,0.0,0.0,0.0,0.0,0.0,0.0,0.0,0.0,0.0,0.0,241.88,696.61,-183.83,0.0,0.0,0.0,0.0,0.0,0.0,0.0,0.0,0.0,0.0,0.0
4071.0,BURRATA ANTONELLA 125 g,DISTRIBUIDORES,RESTO DISTRIBUIDORES,"000710-SELECCIO REGISA, S.L.",52.5,30.0,60.0,150.0,93.75,390.0,487.5,360.0,123.75,82.5,15.0,33.75,15.0,37.5,195.0,120.0,180.0,456.0,468.0,596.4,340.8,681.6,1704.0,1065.0,4430.4,5538.0,4089.6,1405.8,937.2,170.4,367.28,162.75,406.88,2115.75,1302.0,1953.0,4947.6,5077.8
4071.0,BURRATA ANTONELLA 125 g,DISTRIBUIDORES,RESTO DISTRIBUIDORES,000711-DISTRIBUCIONES J.M. S.A.,26.25,24.0,26.25,27.75,33.75,37.5,45.0,67.5,37.5,45.0,30.0,33.75,7.5,22.5,21.75,13.5,27.0,30.0,24.0,275.63,252.01,275.63,291.38,354.38,393.75,472.51,708.75,393.75,472.51,315.01,354.38,81.38,244.14,235.98,146.46,292.94,325.49,260.4
4071.0,BURRATA ANTONELLA 125 g,DISTRIBUIDORES,RESTO DISTRIBUIDORES,000776-COMERCIAL DIALVA S.A.,206.25,225.0,345.0,348.0,300.0,564.0,468.0,504.0,444.0,216.0,384.0,537.0,276.0,252.0,348.0,372.0,348.0,552.0,462.0,2165.63,2362.5,3622.5,3654.0,3150.0,5922.0,4914.0,5292.01,4638.37,2268.0,4032.0,5638.5,2944.2,2734.2,3775.8,4036.2,3775.8,5989.2,5012.7
4071.0,BURRATA ANTONELLA 125 g,DISTRIBUIDORES,RESTO DISTRIBUIDORES,000789-PALENZUELA DISTRIBUCION 1970 S.L.,0.0,0.0,0.0,0.0,0.0,0.0,0.0,0.0,0.0,0.0,0.0,0.0,0.0,0.0,0.0,0.0,0.0,0.0,0.0,0.0,0.0,0.0,0.0,0.0,0.0,0.0,0.0,0.0,0.0,0.0,0.0,0.0,0.0,0.0,0.0,0.0,0.0,0.0
4071.0,BURRATA ANTONELLA 125 g,DISTRIBUIDORES,RESTO DISTRIBUIDORES,000816-CARLAFEX S.L.,161.25,108.75,127.5,75.0,172.5,120.0,165.0,127.5,165.0,210.0,90.0,120.0,62.25,0.0,0.0,0.0,0.0,0.0,0.0,1596.38,1076.63,1262.25,742.5,1707.75,1188.0,1633.5,1262.25,1633.5,2079.0,891.0,1188.0,638.07,0.0,0.0,0.0,0.0,0.0,0.0
4071.0,BURRATA ANTONELLA 125 g,DISTRIBUIDORES,RESTO DISTRIBUIDORES,"000855-CASA BASTIDA, S.L. ( BLOQ )",0.0,0.0,2.25,33.75,7.5,19.5,0.0,0.0,0.0,0.0,0.0,0.0,0.0,0.0,0.0,0.0,0.0,0.0,0.0,0.0,0.0,23.63,354.38,78.76,204.75,0.0,0.0,0.0,0.0,0.0,0.0,0.0,0.0,0.0,0.0,0.0,0.0,0.0
4071.0,BURRATA ANTONELLA 125 g,DISTRIBUIDORES,RESTO DISTRIBUIDORES,"000858-COVADUL FAST FOOD, S.L.",9.0,15.0,13.5,15.0,18.0,22.5,13.5,30.0,30.0,3.0,0.0,0.0,0.0,0.0,0.0,0.0,0.0,0.0,0.0,94.5,157.5,141.75,157.5,189.0,236.25,141.75,315.0,315.0,31.5,0.0,0.0,0.0,0.0,0.0,0.0,0.0,0.0,0.0
4071.0,BURRATA ANTONELLA 125 g,DISTRIBUIDORES,RESTO DISTRIBUIDORES,"000864-RISCALES ALIMENTACIÓN, S.L.",40.5,52.5,39.75,39.75,57.0,45.75,76.5,93.0,59.25,57.0,49.5,62.25,27.75,27.75,87.75,66.75,99.0,96.0,72.0,445.5,577.5,437.25,437.25,627.0,503.25,841.5,1023.0,651.75,627.0,544.5,657.38,297.42,301.09,952.09,724.24,1074.15,1041.6,781.2
4071.0,BURRATA ANTONELLA 125 g,DISTRIBUIDORES,RESTO DISTRIBUIDORES,"000890-OCEANÍA FOOD SELECTION, S.L. ( bloq)",1.5,1.5,12.0,3.0,0.0,0.0,0.0,0.0,0.0,0.0,0.0,0.0,0.0,0.0,0.0,0.0,0.0,0.0,0.0,18.6,18.6,148.8,37.2,0.0,0.0,0.0,0.0,0.0,0.0,0.0,0.0,0.0,0.0,0.0,0.0,0.0,0.0,0.0
4071.0,BURRATA ANTONELLA 125 g,DISTRIBUIDORES,RESTO DISTRIBUIDORES,"000922-GRUPO EMPRESARIAL SOS, S.L.",0.0,0.0,0.0,18.75,105.0,97.5,30.0,0.0,22.5,22.5,22.5,11.25,0.0,0.0,0.0,48.0,0.0,48.0,36.0,0.0,0.0,0.0,234.38,1312.5,1218.75,375.0,0.0,281.25,281.25,281.25,140.63,0.0,0.0,0.0,616.8,0.0,616.8,462.6
4071.0,BURRATA ANTONELLA 125 g,DISTRIBUIDORES,RESTO DISTRIBUIDORES,"000937-SEÑORIO DE ARCE, S.L.",0.0,0.0,0.0,0.0,0.0,0.0,0.0,0.0,0.75,3.0,0.0,0.0,0.0,0.0,0.0,0.0,0.0,22.5,0.0,0.0,0.0,0.0,0.0,0.0,0.0,0.0,0.0,7.88,31.5,0.0,0.0,0.0,0.0,0.0,0.0,0.0,244.14,0.0
4071.0,BURRATA ANTONELLA 125 g,DISTRIBUIDORES,RESTO DISTRIBUIDORES,"000946-LLUIS CANADELL, S.L.U.",0.0,0.0,0.0,0.0,0.0,0.0,0.0,0.0,0.0,0.0,0.0,0.0,0.0,0.0,12.75,0.0,0.0,0.0,0.0,0.0,0.0,0.0,0.0,0.0,0.0,0.0,0.0,0.0,0.0,0.0,0.0,0.0,0.0,138.34,0.0,0.0,0.0,0.0
4071.0,BURRATA ANTONELLA 125 g,DISTRIBUIDORES,RESTO DISTRIBUIDORES,000950-GRUP ALIMENTARI DISTECO S.A,0.0,0.0,0.0,0.0,0.0,0.0,0.0,0.0,0.0,0.0,11.25,14.25,22.5,50.25,108.0,84.0,132.0,191.25,108.0,0.0,0.0,0.0,0.0,0.0,0.0,0.0,0.0,0.0,0.0,118.13,149.63,241.51,545.21,1171.8,911.4,1432.2,2075.07,1171.8
4071.0,BURRATA ANTONELLA 125 g,DISTRIBUIDORES,RESTO DISTRIBUIDORES,000987-LPA ALIMENTACION S.L.,0.0,0.0,0.0,0.0,0.0,0.0,0.0,0.0,0.0,0.0,0.0,0.0,0.0,0.0,0.0,0.0,0.0,157.5,168.0,0.0,0.0,0.0,0.0,0.0,0.0,0.0,0.0,0.0,0.0,0.0,0.0,0.0,0.0,0.0,0.0,0.0,1708.87,1822.8
4071.0,BURRATA ANTONELLA 125 g,EXPORT,RESTO EXPORT,"000801-ALEXANDRINO PEREIRA & SILVA PEREIRA, LDA ( BLOQ)",0.0,0.0,0.0,0.0,0.0,0.0,0.0,0.0,0.0,0.0,0.0,0.0,0.0,0.0,0.0,0.0,0.0,0.0,0.0,0.0,0.0,0.0,0.0,0.0,0.0,0.0,0.0,0.0,0.0,0.0,0.0,0.0,0.0,0.0,0.0,0.0,0.0,0.0
4071.0,BURRATA ANTONELLA 125 g,INDUSTRIALES & FOOD SERVICE,RESTO INDUSTRIALES & FOODSERVICE,"000089-EL CORTE INGLES, S.A.",0.0,0.0,0.0,0.0,0.0,0.0,0.0,0.0,0.0,0.0,0.0,0.0,0.0,0.0,0.0,0.0,0.0,0.0,0.0,0.0,0.0,0.0,0.0,0.0,0.0,0.0,0.0,0.0,0.0,0.0,0.0,0.0,0.0,0.0,0.0,0.0,0.0,0.0
4071.0,BURRATA ANTONELLA 125 g,INDUSTRIALES & FOOD SERVICE,RESTO INDUSTRIALES & FOODSERVICE,000610-CORIGA BAKERY GROUP S.L.,0.0,0.0,1.5,1.5,0.75,1.5,0.0,3.0,2.25,0.0,0.0,0.75,0.0,0.0,0.0,0.0,0.0,0.0,0.0,0.0,0.0,15.76,15.76,7.88,15.75,0.0,31.5,23.63,0.0,0.0,7.88,0.0,0.0,0.0,0.0,0.0,0.0,0.0
4071.0,BURRATA ANTONELLA 125 g,INDUSTRIALES & FOOD SERVICE,RESTO INDUSTRIALES & FOODSERVICE,000727-ORTEGA 1939 S.L.,4.5,3.0,0.0,1.5,1.5,0.75,3.0,3.0,0.0,2.875,0.0,0.0,0.0,0.0,0.0,0.0,0.0,0.0,0.0,52.62,35.07,0.0,17.54,17.54,8.73,35.07,35.07,0.0,33.6,0.0,0.0,0.0,0.0,0.0,0.0,0.0,0.0,0.0
4071.0,BURRATA ANTONELLA 125 g,INDUSTRIALES & FOOD SERVICE,RESTO INDUSTRIALES & FOODSERVICE,000809-CHAVINADOR S.L.,0.75,1.5,28.5,3.0,0.0,10.5,52.5,0.0,0.0,0.0,7.5,3.0,7.5,12.0,0.0,12.0,12.0,12.0,24.0,9.68,19.36,367.66,38.7,0.0,135.45,677.25,0.0,0.0,0.0,96.75,38.7,96.75,159.0,0.0,159.0,159.0,159.0,318.0
4071.0,BURRATA ANTONELLA 125 g,INDUSTRIALES & FOOD SERVICE,RESTO INDUSTRIALES & FOODSERVICE,000813-TERESA DERMIT BEASCOECHEA (BLOQ.),0.0,0.0,0.0,0.0,0.0,0.0,0.0,0.0,0.0,0.0,0.0,0.0,0.0,0.0,0.0,0.0,0.0,0.0,0.0,0.0,0.0,0.0,0.0,0.0,0.0,0.0,0.0,0.0,0.0,0.0,0.0,0.0,0.0,0.0,0.0,0.0,0.0,0.0
4071.0,BURRATA ANTONELLA 125 g,RETAIL,EUROMADI,000666-ALCAMPO S.A.,0.0,0.0,0.0,0.0,0.0,0.0,0.0,0.0,0.0,0.0,0.0,0.0,0.0,0.0,0.0,0.0,0.0,0.0,0.0,0.0,0.0,0.0,0.0,0.0,0.0,0.0,0.0,0.0,0.0,0.0,0.0,0.0,0.0,0.0,0.0,0.0,0.0,0.0
4071.0,BURRATA ANTONELLA 125 g,RETAIL,EUROMADI,"000931-TRANSGOURMET IBÉRICA, SAU",0.0,0.0,0.0,0.0,0.0,0.0,0.0,0.0,0.0,0.0,198.75,186.0,184.5,204.0,390.0,408.75,488.25,897.75,1084.5,0.0,0.0,0.0,0.0,0.0,0.0,0.0,0.0,0.0,0.0,2114.7,1979.04,1963.08,2170.56,4149.6,4349.1,5187.0,9552.06,11539.08
4071.0,BURRATA ANTONELLA 125 g,RETAIL,IFA,000597-AHORRAMAS S.A.,4046.25,5273.25,3984.25,2970.0,3900.5,4663.875,3510.0,2322.0,4963.875,2696.0,2853.75,3780.0,3603.75,3132.0,3225.0,3347.25,3240.0,4112.25,4287.0,42833.89,51828.0,41014.31,31524.3,41704.17,49866.16,37528.92,24826.83,47561.14,28825.65,30509.63,40415.77,33480.22,32710.84,34481.7,35782.1,34043.85,40052.94,43794.92
4071.0,BURRATA ANTONELLA 125 g,RETAIL,IFA,000823-HIPER USERA S.L.,321.75,225.75,318.75,140.25,348.0,176.25,347.25,285.0,309.0,363.0,285.75,231.0,285.0,201.75,309.75,271.5,387.0,330.75,391.5,3732.3,2618.7,3697.5,1626.9,4036.8,2044.5,4028.1,3306.0,3584.4,4210.8,3314.7,2679.6,3306.0,2340.3,3593.1,3149.4,4489.2,3836.7,4541.4
4071.0,BURRATA ANTONELLA 125 g,RETAIL,OTROS RETAILERS,"000246-AGROPECUARIA DE GUISSONA, S.C.L. (BLOQ)",0.0,0.0,0.0,0.0,0.0,0.0,0.0,0.0,0.0,0.0,0.0,0.0,0.0,0.0,0.0,0.0,0.0,0.0,0.0,0.0,0.0,0.0,0.0,0.0,0.0,0.0,0.0,0.0,0.0,0.0,0.0,0.0,0.0,0.0,0.0,0.0,0.0,0.0
4071.0,BURRATA ANTONELLA 125 g,RETAIL,OTROS RETAILERS,000824-GRUPO HERMANOS MARTÍN S.A. ( BLOQ),0.0,0.0,0.0,0.0,0.0,0.0,0.0,0.0,0.0,0.0,0.0,0.0,0.0,0.0,0.0,0.0,0.0,0.0,0.0,0.0,0.0,0.0,0.0,0.0,0.0,0.0,0.0,0.0,0.0,0.0,0.0,0.0,0.0,0.0,0.0,0.0,0.0,0.0
4071.0,BURRATA ANTONELLA 125 g,RETAIL,OTROS RETAILERS,000935-CORPORACION ALIMENTARIA DE GUISSONA,0.0,0.0,0.0,0.0,0.0,0.0,0.0,0.0,0.0,0.0,0.0,0.0,0.0,0.0,0.0,0.0,0.0,0.0,0.0,0.0,0.0,0.0,0.0,0.0,0.0,0.0,0.0,0.0,0.0,0.0,0.0,0.0,0.0,0.0,0.0,0.0,0.0,0.0
4072.0,MASCARPONE ANTONELLA 250 G,DISTRIBUIDORES,PROVISIONES SUROESTE,"000879-PROVISIONES SUROESTE, S.L.",585.0,319.5,900.0,787.5,540.0,481.5,1125.0,864.0,553.5,990.0,1642.5,189.0,450.0,630.0,1408.5,310.5,666.0,540.0,1471.5,4036.5,2204.55,6210.0,5433.75,3726.0,3322.35,7762.5,5961.6,3819.15,6831.0,11333.25,1304.1,3057.75,4252.5,9507.39,2095.89,4495.5,3645.01,9932.63
4072.0,MASCARPONE ANTONELLA 250 G,DISTRIBUIDORES,RESTO DISTRIBUIDORES,000651-COMERGRAN S.L.,0.0,0.0,0.0,0.0,0.0,0.0,0.0,0.0,0.0,4.5,0.0,0.0,4.5,0.0,0.0,0.0,0.0,0.0,0.0,0.0,0.0,0.0,0.0,0.0,0.0,0.0,0.0,0.0,31.05,0.0,0.0,31.95,0.0,0.0,0.0,0.0,0.0,0.0
4072.0,MASCARPONE ANTONELLA 250 G,DISTRIBUIDORES,RESTO DISTRIBUIDORES,000679-SPANISH CHEESE S.L.U.,0.0,0.0,0.0,0.0,0.0,0.0,0.0,0.0,0.0,45.0,0.0,0.0,0.0,0.0,0.0,0.0,0.0,0.0,0.0,0.0,0.0,0.0,0.0,0.0,0.0,0.0,0.0,0.0,346.27,0.0,0.0,0.0,0.0,0.0,0.0,0.0,0.0,0.0
4072.0,MASCARPONE ANTONELLA 250 G,DISTRIBUIDORES,RESTO DISTRIBUIDORES,"000855-CASA BASTIDA, S.L. ( BLOQ )",0.0,0.0,0.0,9.0,4.5,0.0,0.0,0.0,0.0,0.0,0.0,0.0,0.0,0.0,0.0,0.0,0.0,0.0,0.0,0.0,0.0,0.0,62.1,31.05,0.0,0.0,0.0,0.0,0.0,0.0,0.0,0.0,0.0,0.0,0.0,0.0,0.0,0.0
4072.0,MASCARPONE ANTONELLA 250 G,INTERNO,INTERNO,000679-SPANISH CHEESE S.L.U.,0.0,0.0,0.0,0.0,0.0,0.0,0.0,0.0,0.0,0.0,0.0,0.0,0.0,0.0,0.0,0.0,0.0,0.0,0.0,0.0,0.0,0.0,0.0,0.0,0.0,0.0,0.0,0.0,0.0,0.0,0.0,0.0,0.0,0.0,0.0,0.0,0.0,0.0
4072.0,MASCARPONE ANTONELLA 250 G,RETAIL,IFA,000597-AHORRAMAS S.A.,648.0,1620.0,5669.5,2025.0,2430.0,2025.0,1620.0,2835.0,2835.0,2835.0,2025.0,5265.0,2430.0,4086.0,4050.0,3240.0,2430.0,2025.0,3181.5,1708.05,11364.16,32536.34,14233.73,17073.45,14230.23,11386.98,19927.22,19927.24,19927.22,14231.98,37004.18,17078.73,26680.11,30506.31,22765.18,17076.96,8540.25,22359.26
4072.0,MASCARPONE ANTONELLA 250 G,RETAIL,OTROS RETAILERS,000824-GRUPO HERMANOS MARTÍN S.A. ( BLOQ),0.0,0.0,0.0,0.0,0.0,0.0,0.0,0.0,0.0,0.0,0.0,0.0,0.0,0.0,0.0,0.0,0.0,0.0,0.0,0.0,0.0,0.0,0.0,0.0,0.0,0.0,0.0,0.0,0.0,0.0,0.0,0.0,0.0,0.0,0.0,0.0,0.0,0.0
4073.0,MOZZARELLA KEN 40 DADOS 2 KG,DISTRIBUIDORES,RESTO DISTRIBUIDORES,"000862-SKI CATALUNYA, S.L.",0.0,0.0,0.0,0.0,0.0,0.0,0.0,0.0,0.0,0.0,0.0,0.0,0.0,0.0,0.0,0.0,0.0,0.0,0.0,0.0,0.0,0.0,0.0,0.0,0.0,0.0,0.0,0.0,0.0,0.0,0.0,0.0,0.0,0.0,0.0,0.0,0.0,0.0
4073.0,MOZZARELLA KEN 40 DADOS 2 KG,DISTRIBUIDORES,RESTO DISTRIBUIDORES,"000863-SKI COMERCIAL I, S.A.",480.0,960.0,960.0,480.0,0.0,960.0,0.0,0.0,0.0,0.0,0.0,0.0,0.0,0.0,0.0,0.0,0.0,0.0,0.0,2376.0,4752.0,4752.0,2376.0,0.0,5376.0,0.0,0.0,0.0,0.0,0.0,0.0,0.0,0.0,0.0,0.0,0.0,0.0,0.0
4074.0,"MOZZARELLA KEN 42 TIRAS 1,5 KG",DISTRIBUIDORES,RESTO DISTRIBUIDORES,"000862-SKI CATALUNYA, S.L.",0.0,432.0,432.0,864.0,1296.0,864.0,1296.0,420.0,0.0,0.0,0.0,0.0,0.0,0.0,0.0,0.0,0.0,0.0,0.0,0.0,2203.2,2203.2,4406.4,6609.6,4968.0,7452.0,2415.0,0.0,0.0,0.0,0.0,0.0,0.0,0.0,0.0,0.0,0.0,0.0
4074.0,"MOZZARELLA KEN 42 TIRAS 1,5 KG",DISTRIBUIDORES,RESTO DISTRIBUIDORES,"000863-SKI COMERCIAL I, S.A.",432.0,0.0,1296.0,432.0,432.0,864.0,432.0,864.0,432.0,864.0,864.0,864.0,432.0,864.0,864.0,432.0,848.0,864.0,864.0,2203.2,0.0,6609.6,2203.2,2203.2,4968.0,2484.0,4968.0,2484.0,4968.0,4968.0,4968.0,2484.0,4536.0,4536.0,2268.0,4310.25,4536.0,4536.0
4075.0,PERLAS DE MOZZARELLA ANTONELLA 150 G,DISTRIBUIDORES,PROVISIONES SUROESTE,"000879-PROVISIONES SUROESTE, S.L.",388.8,446.4,374.4,626.4,590.4,561.6,835.2,694.8,777.6,878.4,529.2,878.4,554.4,568.8,895.5,669.6,671.4,1043.1,925.2,3363.12,3861.36,3238.56,5418.36,5106.96,4857.84,7224.48,6010.02,6726.24,7598.16,4577.58,7598.16,4898.16,5062.32,7969.95,5959.44,5975.46,9283.59,8234.28
4075.0,PERLAS DE MOZZARELLA ANTONELLA 150 G,DISTRIBUIDORES,RESTO DISTRIBUIDORES,"000643-ORTHIDAL, S.L.",0.0,0.0,0.0,0.0,0.0,0.0,73.8,26.1,86.4,115.2,100.8,100.8,0.0,0.0,0.0,0.0,0.0,0.0,0.0,0.0,0.0,0.0,0.0,0.0,0.0,644.27,227.85,754.27,1005.7,879.98,879.98,0.0,0.0,0.0,0.0,0.0,0.0,0.0
4075.0,PERLAS DE MOZZARELLA ANTONELLA 150 G,DISTRIBUIDORES,RESTO DISTRIBUIDORES,"000864-RISCALES ALIMENTACIÓN, S.L.",7.2,4.5,3.6,5.4,12.6,5.4,9.0,11.7,10.8,18.0,6.3,11.7,10.8,6.3,12.6,10.8,5.4,11.7,10.8,67.32,42.07,33.66,50.49,117.81,50.49,84.15,109.39,100.98,168.3,58.9,107.14,96.93,57.33,114.66,98.28,49.14,106.47,98.28
4075.0,PERLAS DE MOZZARELLA ANTONELLA 150 G,INDUSTRIALES & FOOD SERVICE,RESTO INDUSTRIALES & FOODSERVICE,"000089-EL CORTE INGLES, S.A.",0.0,0.0,0.0,0.0,0.0,0.0,0.0,0.0,0.0,0.0,0.0,0.0,0.0,0.0,0.0,0.0,0.0,0.0,0.0,0.0,0.0,0.0,0.0,0.0,0.0,0.0,0.0,0.0,0.0,0.0,0.0,0.0,0.0,0.0,0.0,0.0,0.0,0.0
4075.0,PERLAS DE MOZZARELLA ANTONELLA 150 G,RETAIL,IFA,000597-AHORRAMAS S.A.,1987.2,3753.9,1641.3,1987.2,2764.8,3542.4,2678.4,1728.0,3797.55,1900.8,2160.0,3196.8,2419.2,2160.0,2678.4,2678.4,2592.0,4233.6,2592.0,17199.59,30302.38,13804.77,17195.66,24083.01,30857.47,23331.6,15047.8,31916.54,16559.77,18817.91,27847.9,20020.28,18694.74,23334.22,23322.45,22578.88,36883.1,22574.96
4075.0,PERLAS DE MOZZARELLA ANTONELLA 150 G,RETAIL,OTROS RETAILERS,"000246-AGROPECUARIA DE GUISSONA, S.C.L. (BLOQ)",0.0,0.0,0.0,0.0,0.0,0.0,0.0,0.0,0.0,0.0,0.0,0.0,0.0,0.0,0.0,0.0,0.0,0.0,0.0,0.0,0.0,0.0,0.0,0.0,0.0,0.0,0.0,0.0,0.0,0.0,0.0,0.0,0.0,0.0,0.0,0.0,0.0,0.0
4075.0,PERLAS DE MOZZARELLA ANTONELLA 150 G,RETAIL,OTROS RETAILERS,000824-GRUPO HERMANOS MARTÍN S.A. ( BLOQ),0.0,0.0,0.0,0.0,0.0,0.0,0.0,0.0,0.0,0.0,0.0,0.0,0.0,0.0,0.0,0.0,0.0,0.0,0.0,0.0,0.0,0.0,0.0,0.0,0.0,0.0,0.0,0.0,0.0,0.0,0.0,0.0,0.0,0.0,0.0,0.0,0.0,0.0
4075.0,PERLAS DE MOZZARELLA ANTONELLA 150 G,RETAIL,OTROS RETAILERS,000935-CORPORACION ALIMENTARIA DE GUISSONA,0.0,0.0,0.0,0.0,0.0,0.0,0.0,0.0,0.0,0.0,0.0,0.0,0.0,0.0,0.0,0.0,0.0,0.0,0.0,0.0,0.0,0.0,0.0,0.0,0.0,0.0,0.0,0.0,0.0,0.0,0.0,0.0,0.0,0.0,0.0,0.0,0.0,0.0
4077.0,"RALLADO UNUSUAL TIRAS 1,5 KG",INDUSTRIALES & FOOD SERVICE,RESTO INDUSTRIALES & FOODSERVICE,"000532-UNUSUAL FOODS, S.L.U.",2016.0,1512.0,2520.0,1512.0,1008.0,1008.0,1512.0,1512.0,1512.0,2016.0,2016.0,1512.0,1008.0,2016.0,2520.0,2016.0,1504.5,504.0,2520.0,8265.6,6199.2,8265.6,6199.2,4126.86,4132.8,6199.2,6199.2,6199.2,8265.6,8265.6,6199.2,4032.0,7862.4,9828.0,7862.4,5867.55,1965.6,9828.0
4078.0,QUESO FUNDIDO CHEDDAR Y QUESO FUNDIDO EDAM TACOS 2 KILOS,INDUSTRIALES & FOOD SERVICE,RESTO INDUSTRIALES & FOODSERVICE,000838-PRODUCTOS FLORIDA S.A.,480.0,480.0,960.0,0.0,480.0,960.0,480.0,480.0,480.0,480.0,480.0,372.0,480.0,960.0,480.0,348.0,1020.0,336.0,0.0,2760.0,2760.0,5520.0,0.0,2760.0,5520.0,2760.0,2760.0,2760.0,2760.0,2760.0,2139.0,2760.0,5520.0,2760.0,2001.0,5865.0,1932.0,0.0
4079.0,LONCHAS EMMENTAL 200 G,RETAIL,IFA,000597-AHORRAMAS S.A.,0.0,1.0,0.0,0.0,0.0,0.0,0.0,0.0,0.0,0.0,0.0,0.0,0.0,0.0,0.0,0.0,0.0,0.0,0.0,0.0,0.0,0.0,0.0,0.0,0.0,0.0,0.0,0.0,0.0,0.0,0.0,0.0,0.0,0.0,0.0,0.0,0.0,0.0
4080.0,LONCHAS GOUDA 200 G. AUCHAN,RETAIL,EUROMADI,000666-ALCAMPO S.A.,0.0,0.0,0.0,16363.2,30422.4,28612.8,33717.6,29368.8,31869.6,32453.8,30576.0,35047.2,31399.2,29815.2,33928.8,30309.6,26971.2,27876.0,29740.8,0.0,0.0,0.0,107751.68,200512.43,188722.64,222367.61,193687.21,210179.98,214033.33,201648.76,231136.26,201800.02,186879.96,207949.39,183827.71,162346.27,165722.8,176809.07
4081.0,LONCHAS EDAM 200 g AUCHAN,RETAIL,EUROMADI,000666-ALCAMPO S.A.,0.0,0.0,0.0,0.0,0.0,0.0,0.0,0.0,0.0,3758.4,3612.0,4008.0,3667.2,3309.6,4416.0,8035.2,9904.8,12182.4,13495.2,0.0,0.0,0.0,0.0,0.0,0.0,0.0,0.0,0.0,24786.65,23821.15,26432.78,23544.66,20742.53,27011.12,48733.47,59589.09,72424.37,80228.98
4082.0,LONCHAS EDAM 200 G. ALTEZA,RETAIL,EUROMADI,"000595-MARKANT ESPAÑA, S.A.U.",9734.4,7238.4,6988.8,9734.4,10982.4,6988.8,15225.6,11481.6,10888.8,10332.0,7737.6,9984.0,7238.4,10483.2,14726.4,12230.4,9984.0,11481.6,12979.2,58406.4,43430.4,41932.8,58406.4,65894.4,41932.8,91353.6,68889.6,65332.8,58881.6,44928.0,59904.0,42382.08,59754.24,82168.32,67267.2,54335.43,61885.83,69957.89
4082.0,LONCHAS EDAM 200 G. ALTEZA,RETAIL,EUROMADI,000666-ALCAMPO S.A.,0.0,0.0,0.0,0.0,0.0,0.0,0.0,0.0,0.0,0.0,0.0,0.0,0.0,0.0,0.0,0.0,0.0,0.0,0.0,0.0,0.0,0.0,0.0,0.0,0.0,0.0,0.0,0.0,0.0,0.0,0.0,0.0,0.0,0.0,0.0,0.0,0.0,0.0
4083.0,LONCHAS GOUDA 200 G. ALTEZA,RETAIL,EUROMADI,"000595-MARKANT ESPAÑA, S.A.U.",14227.2,13478.4,12480.0,15460.8,16224.0,9484.8,16972.8,16972.8,10982.4,14227.2,9979.2,16972.8,7987.2,12729.6,12717.6,16224.0,15475.2,13728.0,17035.2,85363.2,80870.4,74880.0,92764.8,97344.0,56908.8,101836.8,101836.8,65894.4,85363.2,59875.2,101836.8,46500.48,72558.72,71039.04,89232.0,83905.54,73993.92,91819.73
4083.0,LONCHAS GOUDA 200 G. ALTEZA,RETAIL,EUROMADI,000666-ALCAMPO S.A.,0.0,0.0,0.0,0.0,0.0,0.0,0.0,0.0,0.0,0.0,0.0,0.0,0.0,0.0,0.0,0.0,0.0,0.0,0.0,0.0,0.0,0.0,0.0,0.0,0.0,0.0,0.0,0.0,0.0,0.0,0.0,0.0,0.0,0.0,0.0,0.0,0.0,0.0
4084.0,LONCHAS GOUDA 200 G. SPAR,RETAIL,EUROMADI,"000595-MARKANT ESPAÑA, S.A.U.",8486.4,7204.8,7987.2,8486.4,12480.0,9984.0,15974.4,14143.2,7737.6,9734.4,7238.4,9235.2,5740.8,8985.6,8736.0,12448.8,8486.4,11232.0,15974.4,50918.4,42948.0,47923.2,50918.4,74880.0,59904.0,95846.4,84859.2,46425.6,58406.4,43430.4,55411.2,33621.12,51217.92,48921.6,68465.28,46235.91,60540.48,85975.64
4085.0,LONCHAS EDAM 200 G. SPAR,RETAIL,EUROMADI,"000595-MARKANT ESPAÑA, S.A.U.",3744.0,3244.8,4742.4,3494.4,6240.0,3244.8,7987.2,5990.4,4178.4,4243.2,2995.2,4742.4,2995.2,3494.4,6240.0,5241.6,4742.4,6739.2,8985.6,22464.0,19468.8,28454.4,20966.4,37440.0,19468.8,47923.2,35942.4,25070.4,25459.2,17971.2,28454.4,17521.92,19918.08,34546.24,28828.8,25808.64,36324.28,48432.36
4087.0,BARRA CON QUESO CHEDDAR PROF. LINE CANAL HORECA (VARIABLE),CASH & CARRY,MAKRO,000621-MAKRO DISTRIBUCIÓN MAYORISTA SA,3228.96,3640.21,3926.59,5035.27,5108.87,3861.65,5181.194,5735.906,6591.61,2870.634,3678.302,4768.572,4342.198,2873.102,5762.83,6090.13,4854.864,4869.342,6855.164,12531.6,13892.65,14650.1,19274.5,19827.53,14987.03,20108.21,22261.05,25582.06,11140.94,14275.47,18506.81,16852.07,11150.51,22365.54,23635.79,18841.73,18897.93,26604.9
4088.0,BARRA CON QUESO GOUDA PROF. LINE-CANAL HORECA (VARIABLE),CASH & CARRY,MAKRO,000621-MAKRO DISTRIBUCIÓN MAYORISTA SA,1957.04,1879.66,1983.77,3692.2,1824.39,2903.67,1834.466,3319.068,2835.13,2700.854,2187.578,3255.978,2664.858,2090.708,3829.202,2867.998,2401.604,3208.002,4360.952,7598.44,6945.65,7401.45,14143.36,7080.48,11269.16,7119.55,12881.28,11003.1,10481.98,8489.99,12636.45,10342.29,8114.06,14861.12,11130.7,9320.62,12450.22,16924.84
4088.0,BARRA CON QUESO GOUDA PROF. LINE-CANAL HORECA (VARIABLE),RETAIL,IFA,000661-ALIMERKA S.A.U.,0.0,0.0,0.0,0.0,0.0,0.0,0.0,0.0,0.0,0.0,0.0,0.0,0.0,0.0,0.0,0.0,0.0,0.0,0.0,0.0,0.0,0.0,0.0,0.0,0.0,0.0,0.0,0.0,0.0,0.0,0.0,0.0,0.0,0.0,0.0,0.0,0.0,0.0
4089.0,BARRA CON QUESO EDAM PROF. LINE-CANAL HORECA (VARIABLE),CASH & CARRY,MAKRO,000621-MAKRO DISTRIBUCIÓN MAYORISTA SA,3927.06,4298.78,4224.84,5390.52,5359.2,4590.61,6583.042,4891.206,6929.5,3697.578,4944.33,4486.038,4987.028,4100.448,6485.702,5271.152,4155.843,5456.809,4865.86,12664.59,16368.33,15762.87,20632.53,20799.04,17816.15,25548.78,18982.76,26893.41,14350.28,19188.94,17410.31,19354.7,15913.82,25171.01,20457.34,16128.84,21177.86,18884.4
4090.0,"RALLADO CON MOZZARELLA TIRAS 1,5 KG",INDUSTRIALES & FOOD SERVICE,RESTO INDUSTRIALES & FOODSERVICE,"000532-UNUSUAL FOODS, S.L.U.",0.0,0.0,0.0,0.0,0.0,0.0,0.0,0.0,0.0,0.0,0.0,0.0,0.0,0.0,0.0,0.0,0.0,0.0,0.0,0.0,0.0,0.0,0.0,0.0,0.0,0.0,0.0,0.0,0.0,0.0,0.0,0.0,0.0,0.0,0.0,0.0,0.0,0.0
4091.0,MOZZARELLA FRESCA ANTONELLA 125 G CONGELADA,DISTRIBUIDORES,RESTO DISTRIBUIDORES,000676-EXCLUSIVAS ALIMENTARIAS 1998 S.L. (BLOQ.),0.0,0.0,30.0,0.0,0.0,0.0,0.0,0.0,0.0,0.0,0.0,0.0,0.0,0.0,0.0,0.0,0.0,0.0,0.0,0.0,0.0,226.8,0.0,0.0,0.0,0.0,0.0,0.0,0.0,0.0,0.0,0.0,0.0,0.0,0.0,0.0,0.0,0.0
4091.0,MOZZARELLA FRESCA ANTONELLA 125 G CONGELADA,DISTRIBUIDORES,RESTO DISTRIBUIDORES,000843-OLIVERFOOD EXPORT IMPORT S.L.,0.0,360.0,0.0,0.0,0.0,0.0,0.0,0.0,0.0,0.0,0.0,0.0,0.0,0.0,360.0,0.0,0.0,0.0,0.0,0.0,2721.6,0.0,0.0,0.0,0.0,0.0,0.0,0.0,0.0,0.0,0.0,0.0,0.0,2556.0,0.0,0.0,0.0,0.0
4091.0,MOZZARELLA FRESCA ANTONELLA 125 G CONGELADA,EXPORT,RESTO EXPORT,000559-SHAKER&MAHER COMPANY FOR CONSUMABLES AND INVESTMEN,0.0,0.0,0.0,0.0,0.0,0.0,0.0,0.0,0.0,0.0,0.0,0.0,0.0,0.0,0.0,0.0,1080.0,0.0,0.0,0.0,0.0,0.0,0.0,0.0,0.0,0.0,0.0,0.0,0.0,0.0,0.0,0.0,0.0,0.0,0.0,7344.0,0.0,0.0
4091.0,MOZZARELLA FRESCA ANTONELLA 125 G CONGELADA,INDUSTRIALES & FOOD SERVICE,RESTO INDUSTRIALES & FOODSERVICE,"000833-HAVI LOGISTIC FSL, S.L. ( BLOQ)",390.0,195.0,390.0,387.0,585.0,390.0,447.0,585.0,144.0,0.0,0.0,0.0,0.0,0.0,0.0,0.0,0.0,0.0,0.0,2527.2,1263.6,2527.2,2507.76,3771.36,2527.2,2896.56,3790.8,933.12,0.0,0.0,0.0,0.0,0.0,0.0,0.0,0.0,0.0,0.0
4091.0,MOZZARELLA FRESCA ANTONELLA 125 G CONGELADA,INDUSTRIALES & FOOD SERVICE,RESTO INDUSTRIALES & FOODSERVICE,"000941-CONWAY-THE CONVENIENCE COMPANY, S.A.",0.0,0.0,0.0,0.0,0.0,0.0,0.0,0.0,195.0,195.0,480.0,240.0,240.0,240.0,240.0,240.0,240.0,480.0,480.0,0.0,0.0,0.0,0.0,0.0,0.0,0.0,0.0,1263.6,1263.6,3110.4,1555.2,1555.2,1555.2,1555.2,1555.2,1555.2,3110.4,3110.4
4092.0,REGATO,INTERNO,INTERNO,"000086-CENTRAL QUESERA MONTESINOS, S.L.U.",0.0,0.0,0.0,0.0,0.0,0.0,0.0,0.0,0.0,0.0,0.0,0.0,0.0,0.0,0.0,0.0,0.0,0.0,0.0,0.0,0.0,0.0,0.0,0.0,0.0,0.0,0.0,0.0,0.0,0.0,0.0,0.0,0.0,0.0,0.0,0.0,0.0,0.0
4095.0,LONCHAS CHEDDAR NATURAL HACENDADO 200 G. (8 lonchas),MERCADONA,MERCADONA,"000128-MERCADONA, S.A.",10732.8,12230.4,49670.4,59155.2,27705.6,0.0,0.0,0.0,0.0,0.0,0.0,0.0,0.0,0.0,0.0,0.0,0.0,0.0,0.0,73841.74,87285.12,351914.78,427197.86,203359.11,0.0,0.0,0.0,0.0,0.0,0.0,0.0,0.0,0.0,0.0,0.0,0.0,0.0,0.0
4096.0,QUESO HAVARTI BARRA QUESLAND,DISTRIBUIDORES,PROVISIONES SUROESTE,"000879-PROVISIONES SUROESTE, S.L.",277.89,1396.89,614.29,2185.4,0.0,696.29,969.854,916.308,0.0,0.0,0.0,703.486,129.378,124.712,404.308,127.696,216.0,63.254,250.2,1706.24,9973.79,4386.03,16696.45,0.0,5319.66,7409.69,7000.59,0.0,0.0,0.0,5374.64,988.45,952.8,3088.91,975.6,1650.24,483.26,1911.52
4096.0,QUESO HAVARTI BARRA QUESLAND,DISTRIBUIDORES,RESTO DISTRIBUIDORES,"000643-ORTHIDAL, S.L.",0.0,0.0,0.0,123.46,0.0,92.24,122.59,157.12,129.91,0.0,0.0,0.0,0.0,0.0,0.0,0.0,0.0,0.0,0.0,0.0,0.0,0.0,1043.24,0.0,779.42,1035.89,1327.66,1097.74,0.0,0.0,0.0,0.0,0.0,0.0,0.0,0.0,0.0,0.0
4096.0,QUESO HAVARTI BARRA QUESLAND,DISTRIBUIDORES,RESTO DISTRIBUIDORES,000679-SPANISH CHEESE S.L.U.,0.0,563.99,684.97,0.0,221.17,0.0,0.0,545.6,327.32,0.0,0.0,309.914,0.0,802.23,0.0,0.0,0.0,555.21,0.0,0.0,3818.78,4637.93,0.0,1750.34,0.0,0.0,4367.16,2619.98,0.0,0.0,2480.66,0.0,6503.76,0.0,0.0,0.0,4317.87,0.0
4096.0,QUESO HAVARTI BARRA QUESLAND,DISTRIBUIDORES,RESTO DISTRIBUIDORES,"000710-SELECCIO REGISA, S.L.",23.54,22.25,57.31,57.02,0.0,115.54,0.0,35.08,31.19,43.76,32.51,48.0,54.732,0.0,48.926,0.0,63.674,0.0,0.0,165.72,156.64,403.47,486.95,0.0,986.71,0.0,299.58,266.37,373.71,277.64,405.6,462.49,0.0,413.43,0.0,538.05,0.0,0.0
4096.0,QUESO HAVARTI BARRA QUESLAND,DISTRIBUIDORES,RESTO DISTRIBUIDORES,000766-DISTRIBUCIONES FASGARÓN S.L.,0.0,0.0,45.84,0.0,0.0,0.0,0.0,0.0,0.0,0.0,0.0,0.0,0.0,0.0,0.0,0.0,0.0,0.0,0.0,0.0,0.0,322.71,0.0,0.0,0.0,0.0,0.0,0.0,0.0,0.0,0.0,0.0,0.0,0.0,0.0,0.0,0.0,0.0
4096.0,QUESO HAVARTI BARRA QUESLAND,DISTRIBUIDORES,RESTO DISTRIBUIDORES,000776-COMERCIAL DIALVA S.A.,116.74,47.21,125.7,68.68,66.71,69.73,0.0,20.708,43.06,90.39,0.0,21.634,106.968,64.778,61.652,68.55,123.044,63.28,64.0,787.93,328.11,873.62,580.35,563.7,589.22,0.0,174.98,363.86,763.79,0.0,182.81,903.88,547.37,520.96,579.25,1039.72,534.72,540.8
4096.0,QUESO HAVARTI BARRA QUESLAND,DISTRIBUIDORES,RESTO DISTRIBUIDORES,000870-COMERCIAL LEÓN ZARAGOZA S.L.,11.71,0.0,34.11,0.0,0.0,11.47,23.67,11.41,0.0,0.0,0.0,0.0,0.0,24.0,0.0,0.0,0.0,0.0,0.0,70.73,0.0,240.13,0.0,0.0,97.95,202.14,97.44,0.0,0.0,0.0,0.0,0.0,204.96,0.0,0.0,0.0,0.0,0.0
4096.0,QUESO HAVARTI BARRA QUESLAND,DISTRIBUIDORES,RESTO DISTRIBUIDORES,000900-ESTABLECIMIENTOS LOS MELLIZOS JJ ( bloq),45.59,90.4,0.0,0.0,0.0,0.0,0.0,0.0,0.0,0.0,0.0,0.0,0.0,0.0,0.0,0.0,0.0,0.0,0.0,279.92,645.46,0.0,0.0,0.0,0.0,0.0,0.0,0.0,0.0,0.0,0.0,0.0,0.0,0.0,0.0,0.0,0.0,0.0
4096.0,QUESO HAVARTI BARRA QUESLAND,DISTRIBUIDORES,RESTO DISTRIBUIDORES,"000946-LLUIS CANADELL, S.L.U.",0.0,0.0,0.0,0.0,0.0,0.0,0.0,0.0,0.0,0.0,0.0,0.0,0.0,0.0,42.538,0.0,0.0,0.0,0.0,0.0,0.0,0.0,0.0,0.0,0.0,0.0,0.0,0.0,0.0,0.0,0.0,0.0,0.0,359.45,0.0,0.0,0.0,0.0
4096.0,QUESO HAVARTI BARRA QUESLAND,DISTRIBUIDORES,RESTO DISTRIBUIDORES,000950-GRUP ALIMENTARI DISTECO S.A,0.0,0.0,0.0,0.0,0.0,0.0,0.0,0.0,0.0,0.0,32.95,0.0,69.644,36.0,31.772,33.342,60.4,0.0,0.0,0.0,0.0,0.0,0.0,0.0,0.0,0.0,0.0,0.0,0.0,278.43,0.0,588.49,304.2,268.48,281.74,510.38,0.0,0.0
4096.0,QUESO HAVARTI BARRA QUESLAND,EXPORT,RESTO EXPORT,111112-CLIENTES EXPORTACION (PRESUPESTO),0.0,0.0,0.0,0.0,0.0,0.0,0.0,0.0,0.0,0.0,0.0,0.0,0.0,0.0,0.0,0.0,0.0,0.0,0.0,0.0,0.0,0.0,0.0,0.0,0.0,0.0,0.0,0.0,0.0,0.0,0.0,0.0,0.0,0.0,0.0,0.0,0.0,0.0
4096.0,QUESO HAVARTI BARRA QUESLAND,INDUSTRIALES & FOOD SERVICE,RESTO INDUSTRIALES & FOODSERVICE,000782-MANOLO GARCÍA EMBUTIDO CALIDAD S.L.,230.8,0.0,0.0,0.0,0.0,284.33,0.0,0.0,0.0,0.0,0.0,0.0,0.0,0.0,0.0,0.0,0.0,0.0,0.0,1666.38,0.0,0.0,0.0,0.0,2479.36,0.0,0.0,0.0,0.0,0.0,0.0,0.0,0.0,0.0,0.0,0.0,0.0,0.0
4096.0,QUESO HAVARTI BARRA QUESLAND,INTERNO,INTERNO,000679-SPANISH CHEESE S.L.U.,0.0,0.0,0.0,0.0,0.0,0.0,0.0,0.0,0.0,0.0,0.0,0.0,0.0,0.0,0.0,0.0,0.0,0.0,0.0,0.0,0.0,0.0,0.0,0.0,0.0,0.0,0.0,0.0,0.0,0.0,0.0,0.0,0.0,0.0,0.0,0.0,0.0,0.0
4097.0,QUESO MIMOLETTE BARRA,DISTRIBUIDORES,RESTO DISTRIBUIDORES,000679-SPANISH CHEESE S.L.U.,0.0,0.0,0.0,0.0,228.82,0.0,0.0,0.0,342.42,0.0,0.0,334.32,0.0,447.1,0.0,908.88,0.0,0.0,0.0,0.0,0.0,0.0,0.0,1357.13,0.0,0.0,0.0,2030.85,0.0,0.0,1982.81,0.0,2699.59,0.0,5487.81,0.0,0.0,0.0
4097.0,QUESO MIMOLETTE BARRA,INTERNO,INTERNO,000679-SPANISH CHEESE S.L.U.,0.0,0.0,0.0,0.0,0.0,0.0,0.0,0.0,0.0,0.0,0.0,0.0,0.0,0.0,0.0,0.0,0.0,0.0,0.0,0.0,0.0,0.0,0.0,0.0,0.0,0.0,0.0,0.0,0.0,0.0,0.0,0.0,0.0,0.0,0.0,0.0,0.0,0.0
4098.0,CHEDDAR MILD TIRLAN,INTERNO,INTERNO,"000086-CENTRAL QUESERA MONTESINOS, S.L.U.",0.0,-923.8,-6324.5,0.0,0.0,0.0,0.0,4035.3,7067.9,-2406.2,6979.57,0.0,0.0,-9435.55,-4274.42,0.0,0.0,0.0,0.0,0.0,-4635.63,-29788.4,0.0,0.0,0.0,0.0,22089.23,38689.68,-13171.54,34506.99,0.0,0.0,-46649.36,-24784.53,0.0,0.0,0.0,0.0
4099.0,SALI MIX N,INTERNO,INTERNO,"000086-CENTRAL QUESERA MONTESINOS, S.L.U.",0.0,0.0,20.0,0.0,0.0,0.0,0.0,0.0,0.0,0.0,0.0,0.0,0.0,0.0,0.0,0.0,0.0,0.0,60.0,0.0,0.0,45.6,0.0,0.0,0.0,0.0,0.0,0.0,0.0,0.0,0.0,0.0,0.0,0.0,0.0,0.0,0.0,132.17
4101.0,BURRATINA ANTONELLA 2X50 g,DISTRIBUIDORES,PROVISIONES SUROESTE,"000879-PROVISIONES SUROESTE, S.L.",0.0,0.0,0.0,0.0,0.0,0.0,0.0,0.0,0.0,0.0,0.0,0.0,0.0,0.0,0.0,0.0,0.0,0.0,0.0,0.0,0.0,0.0,0.0,0.0,0.0,0.0,0.0,0.0,0.0,0.0,0.0,0.0,0.0,0.0,0.0,0.0,0.0,0.0
4101.0,BURRATINA ANTONELLA 2X50 g,DISTRIBUIDORES,RESTO DISTRIBUIDORES,000776-COMERCIAL DIALVA S.A.,48.0,69.0,108.0,81.6,86.4,144.0,115.2,57.6,134.4,96.0,134.4,172.8,38.4,100.8,115.2,76.8,115.2,134.4,105.6,552.0,793.5,1242.0,1020.0,1080.0,1800.0,1440.0,720.0,1680.0,1200.0,1680.0,2160.0,490.08,1295.28,1480.32,986.88,1480.32,1727.04,1356.96
4101.0,BURRATINA ANTONELLA 2X50 g,INDUSTRIALES & FOOD SERVICE,RESTO INDUSTRIALES & FOODSERVICE,"000089-EL CORTE INGLES, S.A.",0.0,0.0,0.0,0.0,0.0,0.0,0.0,0.0,0.0,0.0,0.0,0.0,0.0,0.0,0.0,0.0,0.0,0.0,0.0,0.0,0.0,0.0,0.0,0.0,0.0,0.0,0.0,0.0,0.0,0.0,0.0,0.0,0.0,0.0,0.0,0.0,0.0,0.0
4101.0,BURRATINA ANTONELLA 2X50 g,INDUSTRIALES & FOOD SERVICE,RESTO INDUSTRIALES & FOODSERVICE,000610-CORIGA BAKERY GROUP S.L.,0.0,0.0,0.6,0.6,0.0,1.2,2.4,0.0,0.0,1.2,0.0,0.0,0.0,0.0,0.0,0.0,0.0,0.0,0.0,0.0,0.0,6.9,6.9,0.0,13.8,27.6,0.0,0.0,13.8,0.0,0.0,0.0,0.0,0.0,0.0,0.0,0.0,0.0
4101.0,BURRATINA ANTONELLA 2X50 g,RETAIL,IFA,000597-AHORRAMAS S.A.,1296.0,1526.4,1727.4,1248.0,1920.0,2302.8,1920.0,1488.0,3311.3,1487.5,1776.0,2304.0,1869.6,1728.0,1872.0,1920.0,1824.0,2688.0,1860.0,14754.96,17374.65,19652.79,14208.48,21855.78,26216.24,21859.2,16940.88,36225.13,16935.14,20212.93,26229.9,20142.68,19526.17,21312.72,21856.92,20759.41,29533.68,21176.1
4101.0,BURRATINA ANTONELLA 2X50 g,RETAIL,OTROS RETAILERS,000935-CORPORACION ALIMENTARIA DE GUISSONA,0.0,0.0,0.0,0.0,0.0,0.0,0.0,0.0,0.0,0.0,0.0,0.0,0.0,0.0,0.0,0.0,0.0,0.0,0.0,0.0,0.0,0.0,0.0,0.0,0.0,0.0,0.0,0.0,0.0,0.0,0.0,0.0,0.0,0.0,0.0,0.0,0.0,0.0
4102.0,BURRATA CONGELADA ANTONELLA 125 g,DISTRIBUIDORES,RESTO DISTRIBUIDORES,"000643-ORTHIDAL, S.L.",13.5,0.0,0.0,24.0,24.0,0.0,0.0,0.0,0.0,0.0,0.0,0.0,0.0,0.0,0.0,0.0,0.0,0.0,0.0,154.03,0.0,0.0,256.8,256.8,0.0,0.0,0.0,0.0,0.0,0.0,0.0,0.0,0.0,0.0,0.0,0.0,0.0,0.0
4102.0,BURRATA CONGELADA ANTONELLA 125 g,DISTRIBUIDORES,RESTO DISTRIBUIDORES,"000646-EL ESPEJO HOSTELERO, S.A.",0.0,0.0,0.0,144.0,0.0,144.0,144.0,0.0,144.0,144.0,0.0,144.0,0.0,144.0,144.0,0.0,144.0,288.0,143.25,0.0,0.0,0.0,1843.2,0.0,1814.4,1843.2,0.0,1843.2,1843.2,0.0,1843.2,0.0,1893.6,1893.6,0.0,1872.0,3765.6,1883.74
4102.0,BURRATA CONGELADA ANTONELLA 125 g,DISTRIBUIDORES,RESTO DISTRIBUIDORES,"000675-CORPORACIÓN LÁCTEA DEL NORTE, S.L.",0.0,0.0,144.0,0.0,0.0,0.0,0.0,0.0,0.0,0.0,0.0,0.0,0.0,0.0,0.0,0.0,0.0,0.0,0.0,0.0,0.0,1598.4,0.0,0.0,0.0,0.0,0.0,0.0,0.0,0.0,0.0,0.0,0.0,0.0,0.0,0.0,0.0,0.0
4102.0,BURRATA CONGELADA ANTONELLA 125 g,DISTRIBUIDORES,RESTO DISTRIBUIDORES,000676-EXCLUSIVAS ALIMENTARIAS 1998 S.L. (BLOQ.),0.0,0.0,7.5,0.0,0.0,22.5,0.0,0.0,0.0,0.0,0.0,0.0,0.0,0.0,0.0,0.0,0.0,0.0,0.0,0.0,0.0,93.75,0.0,0.0,281.25,0.0,0.0,0.0,0.0,0.0,0.0,0.0,0.0,0.0,0.0,0.0,0.0,0.0
4102.0,BURRATA CONGELADA ANTONELLA 125 g,DISTRIBUIDORES,RESTO DISTRIBUIDORES,000789-PALENZUELA DISTRIBUCION 1970 S.L.,0.0,0.0,7.5,7.5,0.0,0.0,33.75,0.0,0.0,0.0,0.0,0.0,0.0,0.0,0.0,0.0,0.0,0.0,0.0,0.0,0.0,89.25,89.25,0.0,0.0,401.63,0.0,0.0,0.0,0.0,0.0,0.0,0.0,0.0,0.0,0.0,0.0,0.0
4102.0,BURRATA CONGELADA ANTONELLA 125 g,DISTRIBUIDORES,RESTO DISTRIBUIDORES,"000862-SKI CATALUNYA, S.L.",0.0,0.0,144.0,126.625,0.0,143.875,0.0,144.0,0.0,0.0,0.0,0.0,0.0,144.0,0.0,144.0,0.0,144.0,144.0,0.0,0.0,1540.8,1354.89,0.0,1550.97,0.0,1552.32,0.0,0.0,0.0,0.0,0.0,1552.32,0.0,1670.4,0.0,1670.4,1670.4
4102.0,BURRATA CONGELADA ANTONELLA 125 g,DISTRIBUIDORES,RESTO DISTRIBUIDORES,"000863-SKI COMERCIAL I, S.A.",720.0,576.0,0.0,1152.0,720.0,720.0,864.0,1008.0,864.0,1008.0,432.0,0.0,0.0,432.0,1295.5,0.0,864.0,720.0,2304.0,7704.0,6163.2,0.0,12326.4,7704.0,7704.0,9313.92,10866.24,9313.92,10866.24,4656.96,0.0,0.0,4656.96,15028.21,0.0,10022.4,8352.0,26726.4
4102.0,BURRATA CONGELADA ANTONELLA 125 g,DISTRIBUIDORES,RESTO DISTRIBUIDORES,"000990-ALIMENTOS CONGELADOS ROYCONGEL, S.L.",0.0,0.0,0.0,0.0,0.0,0.0,0.0,0.0,0.0,0.0,0.0,0.0,0.0,0.0,0.0,0.0,0.0,0.0,300.0,0.0,0.0,0.0,0.0,0.0,0.0,0.0,0.0,0.0,0.0,0.0,0.0,0.0,0.0,0.0,0.0,0.0,0.0,3855.0
4102.0,BURRATA CONGELADA ANTONELLA 125 g,EXPORT,RESTO EXPORT,000559-SHAKER&MAHER COMPANY FOR CONSUMABLES AND INVESTMEN,0.0,0.0,0.0,0.0,0.0,0.0,0.0,0.0,0.0,0.0,0.0,0.0,0.0,0.0,0.0,0.0,432.0,0.0,0.0,0.0,0.0,0.0,0.0,0.0,0.0,0.0,0.0,0.0,0.0,0.0,0.0,0.0,0.0,0.0,0.0,5076.0,0.0,0.0
4103.0,"ANTONELLA CON GOUDA TIRAS 1,5 KG",DISTRIBUIDORES,PROVISIONES SUROESTE,"000879-PROVISIONES SUROESTE, S.L.",984.0,1320.0,2160.0,1572.0,1728.0,2592.0,3456.0,3456.0,1728.0,432.0,0.0,1272.0,432.0,432.0,816.0,864.0,432.0,864.0,1296.0,5215.2,6996.0,11448.0,8488.8,9331.2,13996.8,18662.4,18662.4,9331.2,2332.8,0.0,6868.8,2116.8,2116.8,3998.4,4233.6,2116.8,4233.6,6350.4
4103.0,"ANTONELLA CON GOUDA TIRAS 1,5 KG",DISTRIBUIDORES,RESTO DISTRIBUIDORES,000651-COMERGRAN S.L.,0.0,0.0,0.0,0.0,0.0,0.0,24.0,-12.0,0.0,0.0,0.0,0.0,0.0,0.0,0.0,0.0,0.0,0.0,0.0,0.0,0.0,0.0,0.0,0.0,0.0,129.6,-64.8,0.0,0.0,0.0,0.0,0.0,0.0,0.0,0.0,0.0,0.0,0.0
4103.0,"ANTONELLA CON GOUDA TIRAS 1,5 KG",DISTRIBUIDORES,RESTO DISTRIBUIDORES,000711-DISTRIBUCIONES J.M. S.A.,60.0,36.0,24.0,0.0,0.0,0.0,0.0,0.0,0.0,0.0,0.0,0.0,0.0,0.0,0.0,0.0,0.0,0.0,0.0,324.0,194.4,129.6,0.0,0.0,0.0,0.0,0.0,0.0,0.0,0.0,0.0,0.0,0.0,0.0,0.0,0.0,0.0,0.0
4103.0,"ANTONELLA CON GOUDA TIRAS 1,5 KG",DISTRIBUIDORES,RESTO DISTRIBUIDORES,"000836-DISTRIBUCIONES SERVERA, S.A.",132.0,96.0,60.0,120.0,36.0,144.0,240.0,0.0,0.0,0.0,12.0,12.0,0.0,24.0,12.0,12.0,0.0,0.0,0.0,712.8,518.4,324.0,660.0,198.0,792.0,1320.0,0.0,0.0,0.0,66.0,66.0,0.0,120.0,60.0,60.0,0.0,0.0,0.0
4104.0,QUESO MASCARPONE 500 G ANTONELLA,DISTRIBUIDORES,IFA,000597-AHORRAMAS S.A.,1.0,0.0,0.0,0.0,0.0,0.0,0.0,0.0,0.0,0.0,0.0,0.0,0.0,0.0,0.0,1.0,0.0,0.0,0.0,0.0,0.0,0.0,0.0,0.0,0.0,0.0,0.0,0.0,0.0,0.0,0.0,0.0,0.0,0.0,0.0,0.0,0.0,0.0
4104.0,QUESO MASCARPONE 500 G ANTONELLA,DISTRIBUIDORES,PROVISIONES SUROESTE,"000879-PROVISIONES SUROESTE, S.L.",20.0,60.0,32.0,232.0,0.0,40.0,184.0,160.0,200.0,176.0,920.0,1384.0,104.0,380.0,500.0,200.0,220.0,452.0,356.0,-1689.0,405.0,216.0,1566.0,0.0,270.0,1242.0,1080.0,1350.0,1188.0,6210.0,9342.0,686.4,2508.0,3300.0,1320.0,1452.0,2983.2,2349.6
4104.0,QUESO MASCARPONE 500 G ANTONELLA,DISTRIBUIDORES,RESTO DISTRIBUIDORES,000815-GLAC S.A.,0.0,0.0,32.0,84.0,32.0,44.0,36.0,76.0,20.0,4.0,0.0,0.0,0.0,0.0,0.0,0.0,0.0,0.0,0.0,0.0,0.0,260.8,684.6,260.8,358.6,293.4,619.4,163.0,32.6,0.0,0.0,0.0,0.0,0.0,0.0,0.0,0.0,0.0
4104.0,QUESO MASCARPONE 500 G ANTONELLA,DISTRIBUIDORES,RESTO DISTRIBUIDORES,"000855-CASA BASTIDA, S.L. ( BLOQ )",0.0,0.0,12.0,20.0,24.0,20.0,20.0,16.0,0.0,0.0,0.0,0.0,0.0,0.0,0.0,0.0,0.0,0.0,0.0,0.0,0.0,81.0,135.0,162.0,135.0,135.0,108.0,0.0,0.0,0.0,0.0,0.0,0.0,0.0,0.0,0.0,0.0,0.0
4104.0,QUESO MASCARPONE 500 G ANTONELLA,DISTRIBUIDORES,RESTO DISTRIBUIDORES,"000858-COVADUL FAST FOOD, S.L.",0.0,0.0,0.0,0.0,0.0,0.0,0.0,0.0,0.0,0.0,8.0,0.0,0.0,0.0,0.0,0.0,0.0,0.0,0.0,0.0,0.0,0.0,0.0,0.0,0.0,0.0,0.0,0.0,0.0,52.8,0.0,0.0,0.0,0.0,0.0,0.0,0.0,0.0
4104.0,QUESO MASCARPONE 500 G ANTONELLA,DISTRIBUIDORES,RESTO DISTRIBUIDORES,000987-LPA ALIMENTACION S.L.,0.0,0.0,0.0,0.0,0.0,0.0,0.0,0.0,0.0,0.0,0.0,0.0,0.0,0.0,0.0,0.0,0.0,168.0,112.0,0.0,0.0,0.0,0.0,0.0,0.0,0.0,0.0,0.0,0.0,0.0,0.0,0.0,0.0,0.0,0.0,0.0,1192.8,795.2
4104.0,QUESO MASCARPONE 500 G ANTONELLA,RETAIL,IFA,000597-AHORRAMAS S.A.,0.0,0.0,0.0,0.0,0.0,0.0,0.0,0.0,0.0,0.0,2016.0,3956.0,-48.0,0.0,-1.5,0.0,0.0,0.0,0.0,0.0,0.0,0.0,0.0,0.0,0.0,0.0,0.0,0.0,0.0,13871.09,27215.81,-333.7,0.0,-8.45,0.0,0.0,0.0,0.0
4105.0,QUESO MASCARPONE 2 KG ANTONELLA,DISTRIBUIDORES,PROVISIONES SUROESTE,"000879-PROVISIONES SUROESTE, S.L.",0.0,0.0,0.0,0.0,80.0,-32.0,72.0,0.0,0.0,0.0,0.0,0.0,296.0,240.0,640.0,0.0,0.0,0.0,0.0,0.0,0.0,0.0,0.0,528.0,-211.2,475.2,0.0,0.0,0.0,0.0,0.0,1909.2,1548.0,4128.0,0.0,0.0,0.0,0.0
4105.0,QUESO MASCARPONE 2 KG ANTONELLA,DISTRIBUIDORES,RESTO DISTRIBUIDORES,"000922-GRUPO EMPRESARIAL SOS, S.L.",0.0,0.0,0.0,40.0,40.0,0.0,0.0,16.0,32.0,0.0,0.0,0.0,0.0,0.0,0.0,0.0,0.0,0.0,0.0,0.0,0.0,0.0,328.0,328.0,0.0,0.0,131.2,262.4,0.0,0.0,0.0,0.0,0.0,0.0,0.0,0.0,0.0,0.0
4105.0,QUESO MASCARPONE 2 KG ANTONELLA,DISTRIBUIDORES,RESTO DISTRIBUIDORES,000950-GRUP ALIMENTARI DISTECO S.A,0.0,0.0,0.0,0.0,0.0,0.0,0.0,0.0,0.0,0.0,80.0,0.0,24.0,0.0,0.0,0.0,0.0,0.0,0.0,0.0,0.0,0.0,0.0,0.0,0.0,0.0,0.0,0.0,0.0,528.0,0.0,166.8,0.0,0.0,0.0,0.0,0.0,0.0
4106.0,LONCHAS CHEDDAR 200 G BONPREU,RETAIL,IFA,000670-BON PREU SAU,4742.4,3993.6,5241.6,4992.0,4992.0,4243.2,4492.8,4992.0,4492.8,4742.4,3744.0,4243.2,4243.2,4492.8,3993.6,4992.0,2995.2,3993.6,5503.2,37773.21,31809.02,41749.34,39761.28,39182.23,32807.42,35133.71,39037.45,35133.71,37085.57,29278.08,32882.31,33032.07,34459.78,28716.49,36870.93,21909.9,28913.67,39898.2
4108.0,LONCHAS GOUDA SIN LACTOSA 200 G BONPREU,RETAIL,IFA,000670-BON PREU SAU,1689.6,1516.8,2016.0,1804.8,1843.2,1766.4,1516.8,1857.6,2361.6,1651.2,1804.8,1939.2,1766.4,1785.6,1843.2,2083.2,1497.6,1497.6,1747.2,13787.13,12377.08,16450.56,14727.17,14799.46,13984.52,12141.99,14870.09,18904.61,13217.85,14447.41,15359.14,14073.8,14025.89,14478.35,15764.36,11217.03,11217.02,13086.52
4109.0,LONCHAS GOUDA LIGHT 200 G BONPREU,RETAIL,IFA,000670-BON PREU SAU,2822.4,2553.6,3475.2,3379.2,3763.2,3312.0,3686.4,5030.4,3072.0,3379.2,3052.8,2956.8,2995.2,2860.8,3091.2,4070.4,1996.8,3244.8,3244.8,20222.5,18296.54,24899.8,24211.95,26592.39,23050.79,25970.69,31110.71,15420.26,23806.47,21506.97,20597.38,20991.73,19725.22,21313.83,27027.07,13128.96,21334.56,21334.56
4110.0,LONCHAS EMMENTAL 200 G BONPREU,RETAIL,IFA,000670-BON PREU SAU,3307.2,2464.8,4118.4,3444.0,3744.0,3444.0,3432.0,3681.6,4056.0,3837.6,3650.4,3866.4,3806.4,3619.2,3556.8,4504.8,2995.2,3556.8,4243.2,27929.3,20815.23,34779.89,29084.57,31108.41,28214.99,28416.96,30483.65,26608.44,30861.22,30225.31,31742.35,31371.91,29424.09,28916.79,35262.32,23227.77,24815.85,29065.92
4111.0,LONCHAS EDAM LIGHT 200 G ALTEZA,RETAIL,EUROMADI,"000595-MARKANT ESPAÑA, S.A.U.",3244.8,3244.8,1996.8,3494.4,3244.8,2496.0,4742.4,3244.8,2995.2,2995.2,2745.6,3494.4,1495.2,3494.4,3744.0,4492.8,2745.6,3242.4,4243.2,19468.8,19468.8,11980.8,20966.4,19468.8,14976.0,28454.4,19468.8,17971.2,17971.2,16473.6,20966.4,8596.8,19918.08,20891.52,24710.4,14936.06,17476.27,22870.83
4112.0,LONCHAS EMMENTAL 200 G ALTEZA,RETAIL,EUROMADI,"000595-MARKANT ESPAÑA, S.A.U.",3744.0,3244.8,3993.6,3744.0,5491.2,2745.6,6739.2,4492.8,3244.8,5491.2,3244.8,4742.4,2995.2,4492.8,4492.8,4742.4,2496.0,4492.8,3943.2,26582.4,23038.08,28354.56,26582.4,38987.52,19493.76,47848.32,31898.88,23038.08,38987.52,23038.08,33671.04,21265.92,31898.88,31659.27,32153.49,16922.9,30461.19,26734.92
4112.0,LONCHAS EMMENTAL 200 G ALTEZA,RETAIL,EUROMADI,000666-ALCAMPO S.A.,0.0,0.0,0.0,0.0,0.0,0.0,0.0,0.0,0.0,0.0,0.0,0.0,0.0,0.0,0.0,0.0,0.0,0.0,0.0,0.0,0.0,0.0,0.0,0.0,0.0,0.0,0.0,0.0,0.0,0.0,0.0,0.0,0.0,0.0,0.0,0.0,0.0,0.0
4113.0,BURRATINA 6X50 g,CASH & CARRY,OTROS CASH & CARRY,"000931-TRANSGOURMET IBÉRICA, SAU",0.0,0.0,0.0,0.0,0.0,0.0,0.0,492.0,255.6,190.8,0.0,0.0,0.0,0.0,0.0,0.0,0.0,0.0,0.0,0.0,0.0,0.0,0.0,0.0,0.0,0.0,5658.0,2939.4,2194.2,0.0,0.0,0.0,0.0,0.0,0.0,0.0,0.0,0.0
4113.0,BURRATINA 6X50 g,DISTRIBUIDORES,RESTO DISTRIBUIDORES,"000643-ORTHIDAL, S.L.",84.0,84.0,0.0,0.0,0.0,0.0,0.0,0.0,0.0,0.0,0.0,0.0,0.0,0.0,0.0,0.0,0.0,0.0,0.0,924.0,924.0,0.0,0.0,0.0,0.0,0.0,0.0,0.0,0.0,0.0,0.0,0.0,0.0,0.0,0.0,0.0,0.0,0.0
4113.0,BURRATINA 6X50 g,INDUSTRIALES & FOOD SERVICE,RESTO INDUSTRIALES & FOODSERVICE,"000894-NEWREST GROUP HOLDING, S.A. (BLOQ.)",12.0,24.0,20.4,20.4,21.6,21.6,25.2,156.0,6.0,0.0,28.8,0.0,0.0,0.0,0.0,0.0,0.0,0.0,0.0,145.08,301.32,252.96,273.36,289.44,289.44,337.68,2090.4,80.4,0.0,385.91,0.0,0.0,0.0,0.0,0.0,0.0,0.0,0.0
4113.0,BURRATINA 6X50 g,RETAIL,EUROMADI,"000931-TRANSGOURMET IBÉRICA, SAU",0.0,0.0,0.0,0.0,0.0,0.0,0.0,0.0,0.0,0.0,174.0,178.8,136.8,153.6,0.0,7.2,-1.2,0.0,0.0,0.0,0.0,0.0,0.0,0.0,0.0,0.0,0.0,0.0,0.0,2001.0,2056.2,1573.2,1766.4,0.0,82.8,-13.8,0.0,0.0
4114.0,PERLAS DE MOZZARELLA ANTONELLA 150 G CONGELADA,EXPORT,RESTO EXPORT,000559-SHAKER&MAHER COMPANY FOR CONSUMABLES AND INVESTMEN,0.0,0.0,0.0,0.0,0.0,0.0,0.0,0.0,0.0,0.0,0.0,0.0,0.0,0.0,0.0,0.0,518.4,0.0,0.0,0.0,0.0,0.0,0.0,0.0,0.0,0.0,0.0,0.0,0.0,0.0,0.0,0.0,0.0,0.0,0.0,4561.92,0.0,0.0
4115.0,LONCHAS CON GOUDA 300 G CHEF BRUNO,DISTRIBUIDORES,RESTO DISTRIBUIDORES,"000643-ORTHIDAL, S.L.",0.0,0.0,0.0,0.0,0.0,0.0,0.0,0.0,0.0,0.0,0.0,0.0,0.0,0.0,1.2,0.0,0.0,0.0,0.0,0.0,0.0,0.0,0.0,0.0,0.0,0.0,0.0,0.0,0.0,0.0,0.0,0.0,0.0,5.6,0.0,0.0,0.0,0.0
4116.0,LONCHAS CON EDAM 300 G CHEF BRUNO,DISTRIBUIDORES,PROVISIONES SUROESTE,"000879-PROVISIONES SUROESTE, S.L.",0.0,0.0,0.0,0.0,0.0,0.0,249.6,511.2,1497.6,499.2,1056.0,480.0,499.2,1248.0,748.8,741.6,998.4,741.6,1250.4,0.0,0.0,0.0,0.0,0.0,0.0,1195.58,2448.65,7173.5,2391.16,5058.23,2299.2,2391.16,5977.92,3586.74,3552.26,4782.32,3552.26,5989.41
4116.0,LONCHAS CON EDAM 300 G CHEF BRUNO,DISTRIBUIDORES,RESTO DISTRIBUIDORES,"000643-ORTHIDAL, S.L.",0.0,0.0,0.0,0.0,0.0,0.0,0.0,0.0,0.0,0.0,0.0,0.0,0.0,0.0,1.2,0.0,0.0,0.0,0.0,0.0,0.0,0.0,0.0,0.0,0.0,0.0,0.0,0.0,0.0,0.0,0.0,0.0,0.0,5.6,0.0,0.0,0.0,0.0
4118.0,BARRA CON QUESO GOUDA HALAL CANAL HORECA 3 KG,DISTRIBUIDORES,RESTO DISTRIBUIDORES,000651-COMERGRAN S.L.,0.0,24.0,36.0,0.0,0.0,0.0,24.0,0.0,0.0,0.0,0.0,0.0,0.0,0.0,0.0,0.0,0.0,0.0,0.0,0.0,87.6,131.4,0.0,0.0,0.0,87.6,0.0,0.0,0.0,0.0,0.0,0.0,0.0,0.0,0.0,0.0,0.0,0.0
4118.0,BARRA CON QUESO GOUDA HALAL CANAL HORECA 3 KG,EXPORT,RESTO EXPORT,000903-GASTROMIXTE SARL,0.0,0.0,216.0,0.0,0.0,0.0,0.0,0.0,0.0,432.0,0.0,0.0,0.0,0.0,0.0,0.0,0.0,0.0,0.0,0.0,0.0,714.96,0.0,0.0,0.0,0.0,0.0,0.0,1429.92,0.0,0.0,0.0,0.0,0.0,0.0,0.0,0.0,0.0
4119.0,BARRA CON QUESO CHEDDAR HALAL CANAL HORECA 3 KG,DISTRIBUIDORES,RESTO DISTRIBUIDORES,000651-COMERGRAN S.L.,0.0,24.0,36.0,0.0,0.0,0.0,0.0,24.0,0.0,0.0,0.0,0.0,0.0,0.0,0.0,0.0,0.0,0.0,0.0,0.0,87.6,131.4,0.0,0.0,0.0,0.0,87.6,0.0,0.0,0.0,0.0,0.0,0.0,0.0,0.0,0.0,0.0,0.0
4119.0,BARRA CON QUESO CHEDDAR HALAL CANAL HORECA 3 KG,EXPORT,RESTO EXPORT,000903-GASTROMIXTE SARL,0.0,0.0,216.0,0.0,0.0,0.0,0.0,0.0,0.0,432.0,0.0,0.0,0.0,0.0,0.0,0.0,0.0,0.0,0.0,0.0,0.0,714.96,0.0,0.0,0.0,0.0,0.0,0.0,1429.92,0.0,0.0,0.0,0.0,0.0,0.0,0.0,0.0,0.0
4120.0,BARRA CON QUESO EDAM HALAL CANAL HORECA 3 KG,DISTRIBUIDORES,RESTO DISTRIBUIDORES,000651-COMERGRAN S.L.,0.0,24.0,36.0,0.0,0.0,0.0,0.0,0.0,0.0,0.0,0.0,0.0,0.0,0.0,0.0,0.0,0.0,0.0,0.0,0.0,87.6,131.4,0.0,0.0,0.0,0.0,0.0,0.0,0.0,0.0,0.0,0.0,0.0,0.0,0.0,0.0,0.0,0.0
4121.0,BARRA SANDWICH HALAL CANAL HORECA 3 KG.,DISTRIBUIDORES,RESTO DISTRIBUIDORES,000651-COMERGRAN S.L.,0.0,24.0,36.0,0.0,0.0,12.0,24.0,0.0,0.0,0.0,0.0,0.0,0.0,0.0,0.0,0.0,0.0,0.0,0.0,0.0,81.6,122.4,0.0,0.0,38.76,77.52,0.0,0.0,0.0,0.0,0.0,0.0,0.0,0.0,0.0,0.0,0.0,0.0
4122.0,LONCHAS EDAM LIGHT 200 G SPAR,RETAIL,EUROMADI,"000595-MARKANT ESPAÑA, S.A.U.",1497.6,748.8,1497.6,1497.6,1996.8,1747.2,2995.2,2745.6,998.4,1747.2,520.8,1248.0,998.4,1497.6,1747.2,1996.8,1248.0,1984.8,2685.6,8985.6,4492.8,8985.6,8985.6,11980.8,10483.2,17971.2,16473.6,5990.4,10483.2,3124.8,7488.0,5840.64,8536.32,9784.32,10982.4,6754.17,10698.06,14475.38
4123.0,LONCHAS EMMENTAL 200 G SPAR,RETAIL,EUROMADI,"000595-MARKANT ESPAÑA, S.A.U.",1747.2,1996.8,2246.4,2246.4,3244.8,2995.2,5740.8,4492.8,1497.6,2745.6,1497.6,2246.4,1996.8,2745.6,2995.2,3744.0,2995.2,3244.8,4272.0,12405.12,14177.28,15949.44,15949.44,23038.08,21265.92,40759.68,31898.88,10632.96,19493.76,10632.96,15949.44,14177.28,19493.76,21265.92,25384.33,20307.47,21999.74,28964.16
4124.0,QUESO RALLADO 4 QUESOS 200 G SPAR,RETAIL,EUROMADI,"000595-MARKANT ESPAÑA, S.A.U.",7795.2,8601.6,8064.0,7257.6,8064.0,6182.4,11558.4,9408.0,6720.0,9139.2,7795.2,9676.8,6720.0,9676.8,8863.2,9408.0,5913.6,8064.0,10483.2,52617.6,58060.8,54432.0,48988.8,54432.0,41731.2,78019.2,63504.0,45360.0,61689.6,52617.6,65318.4,45360.0,65318.4,56281.32,59740.8,37551.36,51206.4,66568.32
4126.0,QUESO RALLADO FUNDIDO 200 G SPAR,RETAIL,EUROMADI,"000595-MARKANT ESPAÑA, S.A.U.",2956.8,1881.6,2150.4,1881.6,2930.4,1881.6,3494.4,4032.0,1344.0,2419.2,2647.2,2150.4,1612.8,1344.0,2688.0,2688.0,1612.8,2688.0,3494.4,17592.96,11195.52,12794.88,11195.52,17435.88,11195.52,20791.68,23442.05,6154.68,14394.24,15750.84,12794.88,9596.16,7996.8,15563.52,15563.51,9011.52,14474.88,18578.31
4127.0,QUESO RALLADO FUNDIDO 200 G ALTEZA,RETAIL,EUROMADI,"000595-MARKANT ESPAÑA, S.A.U.",6720.0,5376.0,4838.4,5913.6,7257.6,4300.8,5913.6,7526.4,5107.2,7526.4,5644.8,6988.8,5913.6,4838.4,6182.4,5913.6,4838.4,4032.0,6988.8,39984.0,31987.2,28788.48,35185.92,43182.72,25589.76,35185.92,44782.08,30387.84,44782.08,33586.56,41583.36,35185.92,28788.48,35796.1,34239.73,27034.56,21712.33,37634.68
4128.0,BARRA CHEDDAR FUNDIDO 3 KG (VARIABLE),CASH & CARRY,MAKRO,000645-MAKRO CASH & CARRY PORTUGAL S.A.,350.85,374.74,181.32,315.39,170.33,389.34,363.386,339.17,302.46,265.376,120.58,0.0,0.0,0.0,0.0,0.0,0.0,0.0,0.0,1915.64,2046.08,990.02,1722.03,930.0,2125.8,1984.09,1851.87,1651.45,1448.95,658.37,0.0,0.0,0.0,0.0,0.0,0.0,0.0,0.0
4129.0,CREMA QUESO SABOR BACON FLOW PACK VERTICAL BK 500 G,INDUSTRIALES & FOOD SERVICE,RESTO INDUSTRIALES & FOODSERVICE,"000497-CONWAY-THE CONVENIENCE COMPANY, S.A.",29792.0,24899.0,0.0,0.0,0.0,0.0,0.0,0.0,0.0,0.0,0.0,0.0,0.0,0.0,0.0,0.0,0.0,0.0,0.0,187689.6,156863.7,0.0,0.0,0.0,0.0,0.0,0.0,0.0,0.0,0.0,0.0,0.0,0.0,0.0,0.0,0.0,0.0,0.0
4129.0,CREMA QUESO SABOR BACON FLOW PACK VERTICAL BK 500 G,INDUSTRIALES & FOOD SERVICE,RESTO INDUSTRIALES & FOODSERVICE,000825-QSL - STEF PORTUGAL LDA,4438.0,2555.0,0.0,0.0,0.0,0.0,0.0,0.0,0.0,0.0,0.0,0.0,0.0,0.0,0.0,0.0,0.0,0.0,0.0,28625.1,16479.75,0.0,0.0,0.0,0.0,0.0,0.0,0.0,0.0,0.0,0.0,0.0,0.0,0.0,0.0,0.0,0.0,0.0
4130.0,QUESO RALLADO HILO EMMENTAL 150 G SPAR,RETAIL,EUROMADI,"000595-MARKANT ESPAÑA, S.A.U.",3057.6,2822.4,3057.6,3763.2,2587.2,2587.2,4704.0,4468.8,2352.0,2822.4,3057.6,3292.8,2822.4,3528.0,3998.4,2587.2,2352.0,3528.0,5174.4,23543.52,21732.48,23543.52,28976.64,17569.44,18275.04,33868.8,32175.36,16934.4,20321.28,22014.72,23708.16,20321.28,25401.6,28788.48,17765.53,16056.39,23872.91,34889.77
4131.0,QUESO RALLADO HILO EMMENTAL 150 G ALTEZA,RETAIL,EUROMADI,"000595-MARKANT ESPAÑA, S.A.U.",9408.0,7056.0,7056.0,6820.8,9878.4,4233.6,8937.6,9643.2,7291.2,8702.4,6350.4,10113.6,7056.0,7761.6,8702.4,7761.6,7761.6,6115.2,8467.2,72441.6,54331.2,54331.2,52520.16,69595.68,29541.12,64350.72,69431.04,52496.64,62657.28,45722.88,72817.92,50803.2,55883.52,62186.93,53296.59,52896.74,41379.74,57295.01
4134.0,CHEDDAR FUNDIDO TIRAS 1.5 KG,INDUSTRIALES & FOOD SERVICE,INTERPROVEEDORES,000443-FRESCOS Y  ELABORADOS DELISANO  S.A.U.,36.0,0.0,0.0,0.0,0.0,0.0,0.0,0.0,0.0,0.0,0.0,0.0,0.0,0.0,0.0,0.0,0.0,0.0,0.0,186.48,0.0,0.0,0.0,0.0,0.0,0.0,0.0,0.0,0.0,0.0,0.0,0.0,0.0,0.0,0.0,0.0,0.0,0.0
4134.0,CHEDDAR FUNDIDO TIRAS 1.5 KG,INDUSTRIALES & FOOD SERVICE,RESTO INDUSTRIALES & FOODSERVICE,"000532-UNUSUAL FOODS, S.L.U.",0.0,0.0,504.0,0.0,504.0,1.0,504.0,504.0,504.0,0.0,504.0,0.0,504.0,0.0,0.0,0.0,0.0,0.0,0.0,0.0,0.0,2494.8,0.0,2494.8,0.0,2494.8,2494.8,2494.8,0.0,2494.8,0.0,2494.8,0.0,0.0,0.0,0.0,0.0,0.0
4135.0,CREMA CAMEMBERT 500 G MC,CASH & CARRY,MAKRO,000645-MAKRO CASH & CARRY PORTUGAL S.A.,0.0,0.0,0.0,0.0,0.0,0.0,0.0,0.0,0.0,0.0,0.0,0.0,0.0,0.0,0.0,0.0,0.0,0.0,0.0,0.0,0.0,0.0,0.0,0.0,0.0,0.0,0.0,0.0,0.0,0.0,0.0,0.0,0.0,0.0,0.0,0.0,0.0,0.0
4135.0,CREMA CAMEMBERT 500 G MC,CASH & CARRY,MAKRO,000721-MAKRO CASH & CARRY PORTUGAL S.A.,56.0,160.0,36.0,120.0,56.0,80.0,88.0,120.0,96.0,116.0,80.0,132.0,68.0,92.0,104.0,100.0,116.0,96.0,128.0,428.96,1225.6,275.76,919.2,428.96,612.8,674.08,919.2,735.36,888.56,612.8,1011.12,520.88,704.72,643.44,766.0,782.86,735.36,980.48
4136.0,CREMA DE AZUL 500 G MC,CASH & CARRY,MAKRO,000645-MAKRO CASH & CARRY PORTUGAL S.A.,0.0,0.0,0.0,0.0,0.0,0.0,0.0,0.0,0.0,0.0,0.0,0.0,0.0,0.0,0.0,0.0,0.0,0.0,0.0,0.0,0.0,0.0,0.0,0.0,0.0,0.0,0.0,0.0,0.0,0.0,0.0,0.0,0.0,0.0,0.0,0.0,0.0,0.0
4136.0,CREMA DE AZUL 500 G MC,CASH & CARRY,MAKRO,000721-MAKRO CASH & CARRY PORTUGAL S.A.,44.0,0.0,0.0,120.0,28.0,52.0,44.0,72.0,36.0,76.0,12.0,48.0,52.0,12.0,0.0,0.0,0.0,0.0,0.0,384.56,0.0,0.0,1048.8,244.72,454.48,384.56,629.28,314.64,664.24,104.88,419.52,454.48,104.88,0.0,0.0,0.0,0.0,0.0
4137.0,SALSA CHEDDAR FLOW PACK VERTICAL 500 G MC,CASH & CARRY,MAKRO,000645-MAKRO CASH & CARRY PORTUGAL S.A.,0.0,0.0,0.0,0.0,0.0,0.0,0.0,0.0,0.0,0.0,0.0,0.0,0.0,0.0,0.0,0.0,0.0,0.0,0.0,0.0,0.0,0.0,0.0,0.0,0.0,0.0,0.0,0.0,0.0,0.0,0.0,0.0,0.0,0.0,0.0,0.0,0.0,0.0
4137.0,SALSA CHEDDAR FLOW PACK VERTICAL 500 G MC,CASH & CARRY,MAKRO,000721-MAKRO CASH & CARRY PORTUGAL S.A.,476.0,546.0,616.0,812.0,791.0,889.0,1127.0,1316.0,1050.0,1190.0,686.0,1015.0,952.0,784.0,1225.0,1547.0,1582.0,1680.0,2184.0,1932.56,2216.76,2500.96,3296.72,3211.46,3609.34,4575.62,5342.96,4263.0,4831.4,2785.16,4120.9,3865.12,3183.04,4973.5,6280.82,6422.92,6820.8,8867.04
4138.0,PIZZA MOZZARELLA TIRAS 1.5 KG,DISTRIBUIDORES,RESTO DISTRIBUIDORES,"000643-ORTHIDAL, S.L.",0.0,0.0,0.0,0.0,0.0,0.0,0.0,0.0,0.0,0.0,0.0,0.0,0.0,0.0,0.0,0.0,0.0,0.0,0.0,0.0,0.0,0.0,0.0,0.0,0.0,0.0,0.0,0.0,0.0,0.0,0.0,0.0,0.0,0.0,0.0,0.0,0.0,0.0
4144.0,"BARRA SANDWICH ROJO 5,4 KG. BOX",DISTRIBUIDORES,TGT,"000053-GARMESAN,  S.A. ( bloq)",1031.4,0.0,0.0,0.0,0.0,0.0,0.0,0.0,0.0,0.0,0.0,0.0,0.0,0.0,0.0,0.0,0.0,0.0,0.0,2828.41,0.0,0.0,0.0,0.0,0.0,0.0,0.0,0.0,0.0,0.0,0.0,0.0,0.0,0.0,0.0,0.0,0.0,0.0
4144.0,"BARRA SANDWICH ROJO 5,4 KG. BOX",INDUSTRIALES & FOOD SERVICE,RESTO INDUSTRIALES & FOODSERVICE,"000904-ÑAMING, S.L.",3877.2,4903.2,6685.2,7230.6,6976.8,5940.0,7754.4,5324.4,8472.6,6912.0,6447.6,9541.8,3612.6,6458.4,6193.8,8526.6,7225.2,9045.0,6976.8,11476.51,14513.47,19788.19,21402.58,20651.33,17582.4,22953.02,15760.22,25078.9,20459.52,18698.04,27671.22,10476.54,18729.36,17962.02,24300.81,20591.82,25778.25,19883.88
4144.0,"BARRA SANDWICH ROJO 5,4 KG. BOX",INDUSTRIALES & FOOD SERVICE,TGT,"000053-GARMESAN,  S.A. ( bloq)",0.0,1.0,0.0,0.0,0.0,0.0,0.0,0.0,0.0,0.0,0.0,0.0,0.0,0.0,0.0,0.0,0.0,0.0,0.0,0.0,0.0,0.0,0.0,0.0,0.0,0.0,0.0,0.0,0.0,0.0,0.0,0.0,0.0,0.0,0.0,0.0,0.0,0.0
4145.0,QUESO FRESCO MASCARPONE ANTONELLA 5 kg,DISTRIBUIDORES,PROVISIONES SUROESTE,"000879-PROVISIONES SUROESTE, S.L.",0.0,0.0,0.0,50.0,350.0,480.0,0.0,0.0,0.0,0.0,0.0,0.0,0.0,0.0,0.0,0.0,0.0,0.0,0.0,0.0,0.0,0.0,320.0,2240.0,3072.0,0.0,0.0,0.0,0.0,0.0,0.0,0.0,0.0,0.0,0.0,0.0,0.0,0.0
4146.0,AROMA BACON,INTERNO,INTERNO,"000086-CENTRAL QUESERA MONTESINOS, S.L.U.",0.0,0.0,0.0,0.0,0.0,0.0,0.0,0.0,0.0,0.0,0.0,0.0,0.0,0.0,0.0,0.0,0.0,0.0,0.0,0.0,0.0,0.0,0.0,0.0,0.0,0.0,0.0,0.0,0.0,0.0,0.0,0.0,0.0,0.0,0.0,0.0,0.0,0.0
4148.0,LONCHAS EDAM 200 G LA TAPERÍA,DISTRIBUIDORES,PROVISIONES SUROESTE,"000879-PROVISIONES SUROESTE, S.L.",0.0,499.2,0.0,770.4,376.8,518.4,499.2,249.6,499.2,249.6,249.6,499.2,249.6,249.6,249.6,0.0,249.6,0.0,422.4,0.0,3599.24,0.0,4999.12,700.82,3363.89,3239.3,1619.65,3239.3,1619.65,1619.65,3239.3,1494.85,1494.85,1494.85,0.0,1494.85,0.0,2529.76
4148.0,LONCHAS EDAM 200 G LA TAPERÍA,DISTRIBUIDORES,RESTO DISTRIBUIDORES,"000643-ORTHIDAL, S.L.",0.0,0.0,0.0,0.0,0.0,0.0,0.0,0.0,0.0,0.0,0.0,0.0,0.0,0.0,1.0,0.0,0.0,0.0,0.0,0.0,0.0,0.0,0.0,0.0,0.0,0.0,0.0,0.0,0.0,0.0,0.0,0.0,0.0,6.33,0.0,0.0,0.0,0.0
4148.0,LONCHAS EDAM 200 G LA TAPERÍA,DISTRIBUIDORES,RESTO DISTRIBUIDORES,000651-COMERGRAN S.L.,0.0,0.0,0.0,0.0,0.0,0.0,0.0,0.0,0.0,12.0,0.0,0.0,0.0,0.0,0.0,0.0,0.0,0.0,0.0,0.0,0.0,0.0,0.0,0.0,0.0,0.0,0.0,0.0,77.87,0.0,0.0,0.0,0.0,0.0,0.0,0.0,0.0,0.0
4148.0,LONCHAS EDAM 200 G LA TAPERÍA,DISTRIBUIDORES,RESTO DISTRIBUIDORES,000950-GRUP ALIMENTARI DISTECO S.A,0.0,0.0,0.0,0.0,0.0,0.0,0.0,0.0,0.0,0.0,7.2,28.8,48.0,36.0,4.8,14.4,14.4,31.2,31.2,0.0,0.0,0.0,0.0,0.0,0.0,0.0,0.0,0.0,0.0,51.41,205.63,342.72,257.04,34.27,102.82,102.82,222.77,222.77
4148.0,LONCHAS EDAM 200 G LA TAPERÍA,RETAIL,EUROMADI,000666-ALCAMPO S.A.,0.0,0.0,0.0,0.0,0.0,0.0,0.0,0.0,0.0,0.0,0.0,0.0,0.0,0.0,0.0,0.0,0.0,0.0,0.0,0.0,0.0,0.0,0.0,0.0,0.0,0.0,0.0,0.0,0.0,0.0,0.0,0.0,0.0,0.0,0.0,0.0,0.0,0.0
4149.0,LONCHAS MOZZARELLA REDONDA 200 G LA TAPERÍA,DISTRIBUIDORES,PROVISIONES SUROESTE,"000879-PROVISIONES SUROESTE, S.L.",0.0,249.6,249.6,0.0,564.0,249.6,0.0,93.6,748.8,0.0,0.0,374.4,124.8,249.6,748.8,499.2,398.4,249.6,249.6,0.0,1849.54,1664.58,0.0,3761.31,1664.58,0.0,624.22,4993.74,0.0,0.0,2496.87,832.29,1664.58,4993.74,3329.16,2656.93,1664.58,1664.58
4149.0,LONCHAS MOZZARELLA REDONDA 200 G LA TAPERÍA,DISTRIBUIDORES,RESTO DISTRIBUIDORES,"000643-ORTHIDAL, S.L.",0.0,722.4,400.8,1308.0,249.6,62.4,316.8,703.2,439.2,86.4,830.4,151.0,436.8,295.2,850.6,547.2,268.8,163.2,540.0,0.0,5488.53,3046.08,9652.61,1896.96,474.24,2321.28,5063.04,3172.46,654.35,6311.04,1147.6,2993.2,1917.22,5692.01,3657.07,1841.28,1115.61,3697.33
4149.0,LONCHAS MOZZARELLA REDONDA 200 G LA TAPERÍA,DISTRIBUIDORES,RESTO DISTRIBUIDORES,000651-COMERGRAN S.L.,0.0,0.0,0.0,0.0,0.0,0.0,0.0,0.0,0.0,12.0,0.0,0.0,0.0,0.0,0.0,0.0,0.0,0.0,0.0,0.0,0.0,0.0,0.0,0.0,0.0,0.0,0.0,0.0,80.03,0.0,0.0,0.0,0.0,0.0,0.0,0.0,0.0,0.0
4149.0,LONCHAS MOZZARELLA REDONDA 200 G LA TAPERÍA,DISTRIBUIDORES,RESTO DISTRIBUIDORES,000950-GRUP ALIMENTARI DISTECO S.A,0.0,0.0,0.0,0.0,0.0,0.0,0.0,0.0,0.0,0.0,0.0,0.0,0.0,0.0,0.0,0.0,0.0,0.0,91.2,0.0,0.0,0.0,0.0,0.0,0.0,0.0,0.0,0.0,0.0,0.0,0.0,0.0,0.0,0.0,0.0,0.0,0.0,456.0
4151.0,LONCHAS DE QUESO SIN LACTOSA 200 G LA TAPERÍA,DISTRIBUIDORES,PROVISIONES SUROESTE,"000879-PROVISIONES SUROESTE, S.L.",0.0,0.0,0.0,249.6,192.0,556.8,360.0,568.8,249.6,312.0,468.0,218.4,124.8,624.0,312.0,249.6,211.2,748.8,124.8,0.0,0.0,0.0,1844.29,1418.69,4114.2,2660.04,4202.86,1844.29,2305.37,3458.05,1613.76,865.99,4329.93,2164.97,1731.97,1465.51,5195.92,865.98
4151.0,LONCHAS DE QUESO SIN LACTOSA 200 G LA TAPERÍA,DISTRIBUIDORES,RESTO DISTRIBUIDORES,"000643-ORTHIDAL, S.L.",0.0,0.0,0.0,0.0,0.0,0.0,0.0,0.0,0.0,0.0,0.0,0.0,0.0,0.0,1.0,0.0,0.0,0.0,0.0,0.0,0.0,0.0,0.0,0.0,0.0,0.0,0.0,0.0,0.0,0.0,0.0,0.0,0.0,7.3,0.0,0.0,0.0,0.0
4151.0,LONCHAS DE QUESO SIN LACTOSA 200 G LA TAPERÍA,DISTRIBUIDORES,RESTO DISTRIBUIDORES,"000734-UDIAL, S.A. (BLOQ.)",0.0,0.0,0.0,7.2,2.4,4.8,7.2,7.2,0.0,0.0,0.0,0.0,0.0,0.0,0.0,0.0,0.0,0.0,0.0,0.0,0.0,0.0,71.42,23.81,47.62,71.42,71.42,0.0,0.0,0.0,0.0,0.0,0.0,0.0,0.0,0.0,0.0,0.0
4151.0,LONCHAS DE QUESO SIN LACTOSA 200 G LA TAPERÍA,DISTRIBUIDORES,RESTO DISTRIBUIDORES,"000946-LLUIS CANADELL, S.L.U.",0.0,0.0,0.0,0.0,0.0,0.0,0.0,0.0,0.0,0.0,0.0,0.0,0.0,0.0,31.2,0.0,0.0,0.0,0.0,0.0,0.0,0.0,0.0,0.0,0.0,0.0,0.0,0.0,0.0,0.0,0.0,0.0,0.0,222.74,0.0,0.0,0.0,0.0
4151.0,LONCHAS DE QUESO SIN LACTOSA 200 G LA TAPERÍA,INDUSTRIALES & FOOD SERVICE,RESTO INDUSTRIALES & FOODSERVICE,"000976-LEON SIN GLUTEN, S.L.",0.0,0.0,0.0,0.0,0.0,0.0,0.0,0.0,0.0,0.0,0.0,0.0,0.0,0.0,0.0,0.0,31.2,0.0,0.0,0.0,0.0,0.0,0.0,0.0,0.0,0.0,0.0,0.0,0.0,0.0,0.0,0.0,0.0,0.0,0.0,247.7,0.0,0.0
4151.0,LONCHAS DE QUESO SIN LACTOSA 200 G LA TAPERÍA,RETAIL,IFA,000597-AHORRAMAS S.A.,0.0,0.0,499.2,583.2,1574.4,1497.6,1248.0,1248.0,2242.0,1988.4,1747.2,1747.2,1996.8,1934.4,1996.8,1939.2,1497.6,1747.2,1747.2,0.0,0.0,3667.02,617.05,10860.34,10511.81,8759.82,8757.03,15728.4,13951.16,12256.74,12241.3,14007.32,13576.33,14015.72,13607.22,10510.37,12263.78,12258.13
4152.0,LONCHAS EMMENTAL 200 G LA TAPERÍA,DISTRIBUIDORES,PROVISIONES SUROESTE,"000879-PROVISIONES SUROESTE, S.L.",0.0,249.6,249.6,0.0,393.6,393.6,249.6,0.0,499.2,1.0,93.6,422.4,124.8,124.8,124.8,124.8,374.4,124.8,249.6,0.0,2049.22,1844.29,0.0,2908.31,2908.31,1844.29,0.0,3688.58,0.0,691.61,3121.11,859.75,859.75,859.75,859.75,2579.24,859.75,1719.49
4152.0,LONCHAS EMMENTAL 200 G LA TAPERÍA,DISTRIBUIDORES,RESTO DISTRIBUIDORES,"000643-ORTHIDAL, S.L.",0.0,0.0,0.0,0.0,0.0,0.0,0.0,0.0,0.0,0.0,0.0,0.0,0.0,0.0,1.0,0.0,0.0,0.0,0.0,0.0,0.0,0.0,0.0,0.0,0.0,0.0,0.0,0.0,0.0,0.0,0.0,0.0,0.0,7.25,0.0,0.0,0.0,0.0
4152.0,LONCHAS EMMENTAL 200 G LA TAPERÍA,DISTRIBUIDORES,RESTO DISTRIBUIDORES,000651-COMERGRAN S.L.,0.0,0.0,0.0,0.0,0.0,0.0,0.0,0.0,0.0,12.0,0.0,0.0,0.0,0.0,0.0,0.0,0.0,0.0,0.0,0.0,0.0,0.0,0.0,0.0,0.0,0.0,0.0,0.0,88.67,0.0,0.0,0.0,0.0,0.0,0.0,0.0,0.0,0.0
4152.0,LONCHAS EMMENTAL 200 G LA TAPERÍA,DISTRIBUIDORES,RESTO DISTRIBUIDORES,000950-GRUP ALIMENTARI DISTECO S.A,0.0,0.0,0.0,0.0,0.0,0.0,0.0,0.0,0.0,0.0,14.4,40.8,48.0,21.6,31.2,0.0,45.6,31.2,0.0,0.0,0.0,0.0,0.0,0.0,0.0,0.0,0.0,0.0,0.0,117.07,331.7,390.24,175.61,253.66,0.0,370.73,253.66,0.0
4153.0,LONCHAS GOUDA 200 G LA TAPERÍA,DISTRIBUIDORES,PROVISIONES SUROESTE,"000879-PROVISIONES SUROESTE, S.L.",0.0,499.2,249.6,0.0,748.8,499.2,499.2,748.8,998.4,1735.2,499.2,484.8,249.6,499.2,499.2,249.6,748.8,499.2,249.6,0.0,3599.24,1619.65,0.0,4858.96,3239.3,3239.3,4858.95,6478.6,11259.7,3239.31,3145.86,1494.85,2989.7,2989.7,1494.85,4484.55,2989.7,1494.85
4153.0,LONCHAS GOUDA 200 G LA TAPERÍA,DISTRIBUIDORES,RESTO DISTRIBUIDORES,"000643-ORTHIDAL, S.L.",0.0,0.0,0.0,0.0,0.0,0.0,0.0,0.0,0.0,0.0,0.0,0.0,0.0,0.0,1.0,0.0,0.0,0.0,0.0,0.0,0.0,0.0,0.0,0.0,0.0,0.0,0.0,0.0,0.0,0.0,0.0,0.0,0.0,6.34,0.0,0.0,0.0,0.0
4153.0,LONCHAS GOUDA 200 G LA TAPERÍA,DISTRIBUIDORES,RESTO DISTRIBUIDORES,000651-COMERGRAN S.L.,0.0,0.0,0.0,0.0,0.0,0.0,0.0,0.0,0.0,12.0,0.0,0.0,0.0,0.0,0.0,0.0,0.0,0.0,0.0,0.0,0.0,0.0,0.0,0.0,0.0,0.0,0.0,0.0,77.87,0.0,0.0,0.0,0.0,0.0,0.0,0.0,0.0,0.0
4153.0,LONCHAS GOUDA 200 G LA TAPERÍA,DISTRIBUIDORES,RESTO DISTRIBUIDORES,000950-GRUP ALIMENTARI DISTECO S.A,0.0,0.0,0.0,0.0,0.0,0.0,0.0,0.0,0.0,0.0,7.2,38.4,40.8,43.2,19.2,16.8,62.4,31.2,31.2,0.0,0.0,0.0,0.0,0.0,0.0,0.0,0.0,0.0,0.0,51.41,274.18,291.31,308.45,137.09,119.95,445.54,222.77,222.77
4154.0,LONCHAS CHEDDAR 200 g LA TAPERÍA,DISTRIBUIDORES,PROVISIONES SUROESTE,"000879-PROVISIONES SUROESTE, S.L.",0.0,0.0,0.0,0.0,0.0,0.0,0.0,0.0,249.6,0.0,0.0,0.0,0.0,249.6,0.0,592.8,684.0,967.2,748.8,0.0,0.0,0.0,0.0,0.0,0.0,0.0,0.0,2196.48,-329.72,0.0,0.0,0.0,1741.96,0.0,4137.15,4773.64,6750.09,5225.88
4154.0,LONCHAS CHEDDAR 200 g LA TAPERÍA,DISTRIBUIDORES,RESTO DISTRIBUIDORES,"000643-ORTHIDAL, S.L.",0.0,0.0,0.0,0.0,0.0,0.0,0.0,0.0,0.0,0.0,0.0,0.0,0.0,0.0,1.0,0.0,0.0,0.0,0.0,0.0,0.0,0.0,0.0,0.0,0.0,0.0,0.0,0.0,0.0,0.0,0.0,0.0,0.0,7.34,0.0,0.0,0.0,0.0
4154.0,LONCHAS CHEDDAR 200 g LA TAPERÍA,DISTRIBUIDORES,RESTO DISTRIBUIDORES,"000946-LLUIS CANADELL, S.L.U.",0.0,0.0,0.0,0.0,0.0,0.0,0.0,0.0,0.0,0.0,0.0,0.0,0.0,0.0,31.2,0.0,0.0,0.0,0.0,0.0,0.0,0.0,0.0,0.0,0.0,0.0,0.0,0.0,0.0,0.0,0.0,0.0,0.0,223.98,0.0,0.0,0.0,0.0
4154.0,LONCHAS CHEDDAR 200 g LA TAPERÍA,DISTRIBUIDORES,RESTO DISTRIBUIDORES,000950-GRUP ALIMENTARI DISTECO S.A,0.0,0.0,0.0,0.0,0.0,0.0,0.0,0.0,0.0,0.0,0.0,36.0,19.2,43.2,4.8,31.2,31.2,0.0,31.2,0.0,0.0,0.0,0.0,0.0,0.0,0.0,0.0,0.0,0.0,0.0,296.28,158.02,355.54,39.5,256.78,256.78,0.0,256.78
4154.0,LONCHAS CHEDDAR 200 g LA TAPERÍA,RETAIL,EUROMADI,"000512-TRANSGOURMET IBÉRICA, SAU",0.0,0.0,0.0,0.0,0.0,0.0,0.0,0.0,0.0,0.0,0.0,0.0,312.0,153.6,374.4,0.0,0.0,0.0,0.0,0.0,0.0,0.0,0.0,0.0,0.0,0.0,0.0,0.0,0.0,0.0,0.0,2168.4,1067.52,2768.67,0.0,0.0,0.0,0.0
4156.0,LONCHAS HAVARTI 200 G LA TAPERÍA,DISTRIBUIDORES,PROVISIONES SUROESTE,"000879-PROVISIONES SUROESTE, S.L.",0.0,0.0,374.4,249.6,393.6,-19.2,93.6,249.6,249.6,0.0,249.6,379.2,0.0,249.6,0.0,0.0,312.0,93.6,124.8,0.0,0.0,3271.88,2181.26,2349.04,-167.79,817.97,2181.25,2181.25,0.0,2181.25,3313.82,0.0,2181.25,0.0,0.0,2726.56,817.97,1090.63
4156.0,LONCHAS HAVARTI 200 G LA TAPERÍA,DISTRIBUIDORES,RESTO DISTRIBUIDORES,"000643-ORTHIDAL, S.L.",0.0,0.0,0.0,0.0,0.0,0.0,0.0,0.0,0.0,0.0,0.0,0.0,0.0,0.0,1.0,0.0,0.0,0.0,0.0,0.0,0.0,0.0,0.0,0.0,0.0,0.0,0.0,0.0,0.0,0.0,0.0,0.0,0.0,9.15,0.0,0.0,0.0,0.0
4156.0,LONCHAS HAVARTI 200 G LA TAPERÍA,DISTRIBUIDORES,RESTO DISTRIBUIDORES,000950-GRUP ALIMENTARI DISTECO S.A,0.0,0.0,0.0,0.0,0.0,0.0,0.0,0.0,0.0,0.0,14.4,72.0,76.8,57.6,43.2,43.2,62.4,31.2,62.4,0.0,0.0,0.0,0.0,0.0,0.0,0.0,0.0,0.0,0.0,138.38,691.92,738.05,553.53,415.14,415.14,599.66,299.83,599.66
4156.0,LONCHAS HAVARTI 200 G LA TAPERÍA,RETAIL,EUROMADI,000666-ALCAMPO S.A.,0.0,0.0,0.0,0.0,0.0,0.0,0.0,0.0,0.0,0.0,0.0,0.0,0.0,0.0,0.0,0.0,0.0,0.0,0.0,0.0,0.0,0.0,0.0,0.0,0.0,0.0,0.0,0.0,0.0,0.0,0.0,0.0,0.0,0.0,0.0,0.0,0.0,0.0
4157.0,LONCHAS HAVARTI LIGHT 200 G LA TAPERÍA,DISTRIBUIDORES,RESTO DISTRIBUIDORES,"000643-ORTHIDAL, S.L.",0.0,0.0,0.0,0.0,0.0,0.0,0.0,0.0,0.0,0.0,0.0,0.0,0.0,0.0,1.0,0.0,0.0,0.0,0.0,0.0,0.0,0.0,0.0,0.0,0.0,0.0,0.0,0.0,0.0,0.0,0.0,0.0,0.0,6.81,0.0,0.0,0.0,0.0
4160.0,QUESO RALLADO SIN LACTOSA 200 g LA TAPERÍA,DISTRIBUIDORES,PROVISIONES SUROESTE,"000879-PROVISIONES SUROESTE, S.L.",189.6,820.8,828.0,710.4,362.4,331.2,1096.8,537.6,165.6,561.6,460.8,537.6,396.0,1123.2,422.4,331.2,523.2,715.2,384.0,1480.78,6410.46,6466.68,5548.23,2830.34,2586.67,8566.01,4198.66,1293.34,4386.09,3598.84,4198.66,3007.92,8379.08,3151.11,2470.76,3903.07,5335.39,2864.65
4160.0,QUESO RALLADO SIN LACTOSA 200 g LA TAPERÍA,DISTRIBUIDORES,RESTO DISTRIBUIDORES,"000643-ORTHIDAL, S.L.",0.0,0.0,0.0,0.0,0.0,0.0,0.0,0.0,0.0,0.0,0.0,0.0,0.0,0.0,1.0,0.0,0.0,0.0,0.0,0.0,0.0,0.0,0.0,0.0,0.0,0.0,0.0,0.0,0.0,0.0,0.0,0.0,0.0,7.84,0.0,0.0,0.0,0.0
4160.0,QUESO RALLADO SIN LACTOSA 200 g LA TAPERÍA,DISTRIBUIDORES,RESTO DISTRIBUIDORES,"000946-LLUIS CANADELL, S.L.U.",0.0,0.0,0.0,0.0,0.0,0.0,0.0,0.0,0.0,0.0,0.0,0.0,0.0,0.0,38.4,0.0,0.0,0.0,0.0,0.0,0.0,0.0,0.0,0.0,0.0,0.0,0.0,0.0,0.0,0.0,0.0,0.0,0.0,294.14,0.0,0.0,0.0,0.0
4160.0,QUESO RALLADO SIN LACTOSA 200 g LA TAPERÍA,INDUSTRIALES & FOOD SERVICE,RESTO INDUSTRIALES & FOODSERVICE,"000976-LEON SIN GLUTEN, S.L.",0.0,0.0,0.0,0.0,0.0,0.0,0.0,0.0,0.0,0.0,0.0,0.0,0.0,0.0,0.0,0.0,268.8,0.0,0.0,0.0,0.0,0.0,0.0,0.0,0.0,0.0,0.0,0.0,0.0,0.0,0.0,0.0,0.0,0.0,0.0,2274.05,0.0,0.0
4160.0,QUESO RALLADO SIN LACTOSA 200 g LA TAPERÍA,RETAIL,EUROMADI,"000931-TRANSGOURMET IBÉRICA, SAU",0.0,0.0,0.0,0.0,0.0,0.0,0.0,0.0,0.0,0.0,0.0,0.0,0.0,0.0,0.0,0.0,384.0,43.2,283.2,0.0,0.0,0.0,0.0,0.0,0.0,0.0,0.0,0.0,0.0,0.0,0.0,0.0,0.0,0.0,0.0,3168.0,356.4,2336.4
4160.0,QUESO RALLADO SIN LACTOSA 200 g LA TAPERÍA,RETAIL,IFA,000597-AHORRAMAS S.A.,0.0,2956.8,0.0,2150.4,1344.0,1075.2,1075.2,1344.0,1878.6,1881.8,1881.6,1881.6,2419.2,1612.8,2419.2,1612.8,1612.8,1344.0,1344.0,0.0,22364.05,0.0,16264.75,10138.26,8132.37,8130.86,10108.0,14207.45,14233.17,14208.96,14224.09,18296.34,12198.56,18297.85,12197.05,12197.06,10165.46,10162.42
4161.0,MEZCLA 4 QUESOS RALLADOS 200 g LA TAPERÍA,CASH & CARRY,OTROS CASH & CARRY,"000931-TRANSGOURMET IBÉRICA, SAU",0.0,0.0,0.0,0.0,0.0,3244.8,2745.6,499.2,0.0,0.0,0.0,0.0,0.0,0.0,0.0,0.0,0.0,0.0,0.0,0.0,0.0,0.0,0.0,0.0,24060.17,20358.59,3701.56,0.0,0.0,0.0,0.0,0.0,0.0,0.0,0.0,0.0,0.0,0.0
4161.0,MEZCLA 4 QUESOS RALLADOS 200 g LA TAPERÍA,DISTRIBUIDORES,PROVISIONES SUROESTE,"000879-PROVISIONES SUROESTE, S.L.",451.2,230.4,422.4,844.8,0.0,208.8,475.2,638.4,177.6,242.4,216.0,415.2,369.6,508.8,408.0,355.2,268.8,408.0,345.6,2910.24,1486.08,2724.48,5541.89,0.0,1369.73,3117.31,4187.91,1165.05,1590.14,1416.95,2723.71,2297.37,3083.33,2472.48,2152.51,1628.93,2472.48,2094.34
4161.0,MEZCLA 4 QUESOS RALLADOS 200 g LA TAPERÍA,DISTRIBUIDORES,RESTO DISTRIBUIDORES,000636-DISTRILOR S.C.L. (BLOQ),0.0,4.8,19.2,7.2,9.6,9.6,9.6,7.2,0.0,0.0,0.0,0.0,0.0,0.0,0.0,0.0,0.0,0.0,0.0,0.0,32.4,129.6,48.6,64.8,64.8,65.76,50.04,0.0,0.0,0.0,0.0,0.0,0.0,0.0,0.0,0.0,0.0,0.0
4161.0,MEZCLA 4 QUESOS RALLADOS 200 g LA TAPERÍA,DISTRIBUIDORES,RESTO DISTRIBUIDORES,"000643-ORTHIDAL, S.L.",0.0,0.0,0.0,0.0,0.0,0.0,0.0,0.0,0.0,0.0,0.0,0.0,0.0,0.0,1.0,0.0,0.0,0.0,0.0,0.0,0.0,0.0,0.0,0.0,0.0,0.0,0.0,0.0,0.0,0.0,0.0,0.0,0.0,6.41,0.0,0.0,0.0,0.0
4161.0,MEZCLA 4 QUESOS RALLADOS 200 g LA TAPERÍA,DISTRIBUIDORES,RESTO DISTRIBUIDORES,000651-COMERGRAN S.L.,96.0,24.0,72.0,48.0,48.0,48.0,36.0,60.0,48.0,36.0,84.0,60.0,36.0,84.0,72.0,84.0,38.4,38.4,38.4,648.0,154.8,464.4,312.24,314.88,314.88,236.16,393.6,314.88,236.16,551.04,393.6,218.16,509.04,436.32,509.04,232.7,232.7,232.7
4161.0,MEZCLA 4 QUESOS RALLADOS 200 g LA TAPERÍA,DISTRIBUIDORES,RESTO DISTRIBUIDORES,000679-SPANISH CHEESE S.L.U.,0.0,0.0,0.0,0.0,0.0,0.0,0.0,0.0,0.0,0.0,0.0,319.2,0.0,0.0,0.0,0.0,0.0,0.0,0.0,0.0,0.0,0.0,0.0,0.0,0.0,0.0,0.0,0.0,0.0,0.0,1980.64,0.0,0.0,0.0,0.0,0.0,0.0,0.0
4161.0,MEZCLA 4 QUESOS RALLADOS 200 g LA TAPERÍA,DISTRIBUIDORES,RESTO DISTRIBUIDORES,"000734-UDIAL, S.A. (BLOQ.)",9.6,9.6,0.0,0.0,0.0,0.0,0.0,0.0,0.0,0.0,0.0,0.0,0.0,0.0,0.0,0.0,0.0,0.0,0.0,65.09,65.09,0.0,0.0,0.0,0.0,0.0,0.0,0.0,0.0,0.0,0.0,0.0,0.0,0.0,0.0,0.0,0.0,0.0
4161.0,MEZCLA 4 QUESOS RALLADOS 200 g LA TAPERÍA,DISTRIBUIDORES,RESTO DISTRIBUIDORES,000816-CARLAFEX S.L.,216.0,132.0,108.0,132.0,144.0,72.0,24.0,144.0,108.0,156.0,120.0,96.0,72.0,115.2,153.6,38.4,57.6,115.2,0.0,1393.2,851.4,696.6,851.4,897.6,464.4,154.8,928.8,696.6,1006.2,774.0,619.2,464.4,702.72,936.96,234.24,351.36,702.72,0.0
4161.0,MEZCLA 4 QUESOS RALLADOS 200 g LA TAPERÍA,DISTRIBUIDORES,RESTO DISTRIBUIDORES,"000836-DISTRIBUCIONES SERVERA, S.A.",0.0,0.0,2.4,0.0,0.0,0.0,0.0,0.0,0.0,0.0,0.0,0.0,0.0,0.0,0.0,0.0,0.0,0.0,0.0,0.0,0.0,15.48,0.0,0.0,0.0,0.0,0.0,0.0,0.0,0.0,0.0,0.0,0.0,0.0,0.0,0.0,0.0,0.0
4161.0,MEZCLA 4 QUESOS RALLADOS 200 g LA TAPERÍA,DISTRIBUIDORES,RESTO DISTRIBUIDORES,"000937-SEÑORIO DE ARCE, S.L.",0.0,0.0,0.0,0.0,0.0,0.0,0.0,4.8,76.8,48.0,0.0,60.0,48.0,88.8,52.8,38.4,76.8,38.4,38.4,0.0,0.0,0.0,0.0,0.0,0.0,0.0,30.96,495.36,309.6,0.0,387.0,309.6,541.68,322.08,234.24,468.48,234.24,234.24
4161.0,MEZCLA 4 QUESOS RALLADOS 200 g LA TAPERÍA,DISTRIBUIDORES,RESTO DISTRIBUIDORES,"000946-LLUIS CANADELL, S.L.U.",0.0,0.0,0.0,0.0,0.0,0.0,0.0,0.0,0.0,0.0,0.0,0.0,0.0,0.0,38.4,0.0,0.0,0.0,0.0,0.0,0.0,0.0,0.0,0.0,0.0,0.0,0.0,0.0,0.0,0.0,0.0,0.0,0.0,240.38,0.0,0.0,0.0,0.0
4161.0,MEZCLA 4 QUESOS RALLADOS 200 g LA TAPERÍA,RETAIL,EUROMADI,"000512-TRANSGOURMET IBÉRICA, SAU",0.0,0.0,0.0,0.0,0.0,0.0,499.2,3806.4,2558.4,3616.8,3369.6,0.0,0.0,0.0,0.0,0.0,0.0,0.0,0.0,0.0,0.0,0.0,0.0,0.0,0.0,3701.56,28224.4,18970.51,26818.5,24985.52,0.0,0.0,0.0,0.0,0.0,0.0,0.0,0.0
4161.0,MEZCLA 4 QUESOS RALLADOS 200 g LA TAPERÍA,RETAIL,EUROMADI,"000931-TRANSGOURMET IBÉRICA, SAU",0.0,0.0,0.0,0.0,0.0,0.0,0.0,0.0,0.0,0.0,0.0,0.0,0.0,0.0,0.0,0.0,0.0,0.0,0.0,0.0,0.0,0.0,0.0,0.0,0.0,0.0,0.0,0.0,0.0,0.0,0.0,0.0,0.0,0.0,0.0,0.0,0.0,0.0
4161.0,MEZCLA 4 QUESOS RALLADOS 200 g LA TAPERÍA,RETAIL,IFA,000597-AHORRAMAS S.A.,2688.0,1881.6,7795.0,4838.4,3763.2,3494.4,2956.8,2956.8,5913.2,4569.8,5107.2,4838.4,6720.0,4569.6,5376.0,5644.8,4032.0,4032.0,5644.8,15461.1,10817.02,44832.6,28866.69,22685.33,21100.25,17853.69,17856.13,35708.59,27595.81,30842.39,29215.47,40577.26,26897.79,30549.66,31038.9,22172.67,22173.77,30005.46
4162.0,QUESO RALLADO CHEDDAR 200 g LA TAPERÍA,DISTRIBUIDORES,RESTO DISTRIBUIDORES,"000643-ORTHIDAL, S.L.",0.0,0.0,0.0,0.0,0.0,0.0,0.0,0.0,0.0,0.0,0.0,0.0,0.0,0.0,1.0,0.0,0.0,0.0,0.0,0.0,0.0,0.0,0.0,0.0,0.0,0.0,0.0,0.0,0.0,0.0,0.0,0.0,0.0,7.79,0.0,0.0,0.0,0.0
4164.0,QUESO RALLADO CON QUESO MOZZARELLA 200 g LA TAPERÍA,CASH & CARRY,OTROS CASH & CARRY,"000931-TRANSGOURMET IBÉRICA, SAU",0.0,0.0,0.0,0.0,3004.8,1747.2,3463.2,-9.6,0.0,0.0,0.0,0.0,0.0,0.0,0.0,0.0,0.0,0.0,0.0,0.0,0.0,0.0,0.0,21574.48,12544.91,24865.78,-68.93,0.0,0.0,0.0,0.0,0.0,0.0,0.0,0.0,0.0,0.0,0.0
4164.0,QUESO RALLADO CON QUESO MOZZARELLA 200 g LA TAPERÍA,DISTRIBUIDORES,PROVISIONES SUROESTE,"000879-PROVISIONES SUROESTE, S.L.",537.6,0.0,268.8,268.8,0.0,0.0,520.8,340.8,924.0,643.2,499.2,441.6,76.8,460.8,0.0,230.4,460.8,230.4,153.6,3338.49,0.0,1669.25,1669.25,0.0,0.0,3234.17,2116.37,5738.05,3994.27,3100.04,2742.33,438.53,2631.17,0.0,1315.59,2631.17,1315.59,877.06
4164.0,QUESO RALLADO CON QUESO MOZZARELLA 200 g LA TAPERÍA,DISTRIBUIDORES,RESTO DISTRIBUIDORES,"000643-ORTHIDAL, S.L.",0.0,0.0,0.0,0.0,0.0,0.0,0.0,0.0,0.0,0.0,0.0,0.0,0.0,0.0,1.0,0.0,0.0,0.0,0.0,0.0,0.0,0.0,0.0,0.0,0.0,0.0,0.0,0.0,0.0,0.0,0.0,0.0,0.0,6.05,0.0,0.0,0.0,0.0
4164.0,QUESO RALLADO CON QUESO MOZZARELLA 200 g LA TAPERÍA,DISTRIBUIDORES,RESTO DISTRIBUIDORES,000651-COMERGRAN S.L.,0.0,0.0,0.0,0.0,0.0,0.0,0.0,0.0,0.0,0.0,0.0,309.6,132.0,252.0,300.0,180.0,175.2,192.0,153.6,0.0,0.0,0.0,0.0,0.0,0.0,0.0,0.0,0.0,0.0,0.0,1922.62,753.72,1438.92,1713.0,1027.8,1000.39,1096.3,877.04
4164.0,QUESO RALLADO CON QUESO MOZZARELLA 200 g LA TAPERÍA,RETAIL,EUROMADI,"000512-TRANSGOURMET IBÉRICA, SAU",0.0,0.0,0.0,0.0,0.0,0.0,499.2,4368.0,3280.8,0.0,0.0,0.0,0.0,0.0,0.0,0.0,0.0,0.0,0.0,0.0,0.0,0.0,0.0,0.0,0.0,3584.26,31362.26,23556.16,0.0,0.0,0.0,0.0,0.0,0.0,0.0,0.0,0.0,0.0
4164.0,QUESO RALLADO CON QUESO MOZZARELLA 200 g LA TAPERÍA,RETAIL,EUROMADI,"000931-TRANSGOURMET IBÉRICA, SAU",0.0,0.0,0.0,0.0,0.0,0.0,0.0,0.0,0.0,0.0,0.0,0.0,0.0,0.0,0.0,0.0,0.0,0.0,0.0,0.0,0.0,0.0,0.0,0.0,0.0,0.0,0.0,0.0,0.0,0.0,0.0,0.0,0.0,0.0,0.0,0.0,0.0,0.0
4404.0,PERLAS DE MOZZARELLA FRESCA 1 kg CONGELADO,DISTRIBUIDORES,RESTO DISTRIBUIDORES,"000646-EL ESPEJO HOSTELERO, S.A.",228.0,0.0,0.0,0.0,0.0,0.0,0.0,228.0,0.0,0.0,0.0,0.0,0.0,228.0,0.0,0.0,0.0,0.0,228.0,1659.84,0.0,0.0,0.0,0.0,0.0,0.0,1659.84,0.0,0.0,0.0,0.0,0.0,1716.84,0.0,0.0,0.0,0.0,1716.84
4408.0,QUESO RALLADO GOUDA 200 g LA TAPERÍA,DISTRIBUIDORES,PROVISIONES SUROESTE,"000879-PROVISIONES SUROESTE, S.L.",806.4,626.4,1420.8,460.8,0.0,655.2,720.0,268.8,648.0,537.6,0.0,667.2,0.0,576.0,177.6,345.6,230.4,384.0,230.4,5633.51,4313.1,9675.65,3138.05,0.0,4461.91,4903.2,1830.53,4412.88,3661.06,0.0,4543.63,0.0,3634.56,1120.66,2180.74,1453.83,2423.05,1453.83
4408.0,QUESO RALLADO GOUDA 200 g LA TAPERÍA,DISTRIBUIDORES,RESTO DISTRIBUIDORES,"000643-ORTHIDAL, S.L.",0.0,0.0,0.0,0.0,0.0,0.0,0.0,0.0,0.0,0.0,0.0,0.0,0.0,0.0,1.0,0.0,0.0,0.0,0.0,0.0,0.0,0.0,0.0,0.0,0.0,0.0,0.0,0.0,0.0,0.0,0.0,0.0,0.0,6.67,0.0,0.0,0.0,0.0
4408.0,QUESO RALLADO GOUDA 200 g LA TAPERÍA,DISTRIBUIDORES,RESTO DISTRIBUIDORES,"000946-LLUIS CANADELL, S.L.U.",0.0,0.0,0.0,0.0,0.0,0.0,0.0,0.0,0.0,0.0,0.0,0.0,0.0,0.0,38.4,0.0,0.0,0.0,0.0,0.0,0.0,0.0,0.0,0.0,0.0,0.0,0.0,0.0,0.0,0.0,0.0,0.0,0.0,249.98,0.0,0.0,0.0,0.0
4408.0,QUESO RALLADO GOUDA 200 g LA TAPERÍA,RETAIL,IFA,000597-AHORRAMAS S.A.,1881.6,537.6,1881.2,1344.0,1881.6,806.4,1344.0,1344.0,1343.2,1881.8,1881.6,2150.4,2419.2,1612.8,2150.4,1612.8,1344.0,1344.0,806.4,11372.29,3245.6,11365.03,8121.85,11369.87,4872.63,8121.85,8123.06,8117.02,11373.51,11371.08,12982.41,14617.9,9746.46,12996.91,9745.26,8120.65,8123.06,4869.01
4409.0,QUESO FUNDIDO VALLINA LONCHAS 1 KG,INDUSTRIALES & FOOD SERVICE,RESTO INDUSTRIALES & FOODSERVICE,000383-EMBUTIDOS VALLINA S.A.,0.0,0.0,0.0,0.0,480.0,0.0,0.0,0.0,0.0,0.0,0.0,0.0,0.0,0.0,0.0,0.0,480.0,0.0,0.0,0.0,0.0,0.0,0.0,2568.0,0.0,0.0,0.0,0.0,0.0,0.0,0.0,0.0,0.0,0.0,0.0,2568.0,0.0,0.0
4410.0,GOUDA 30% CHORZELE,INTERNO,INTERNO,"000086-CENTRAL QUESERA MONTESINOS, S.L.U.",0.0,0.0,0.0,0.0,0.0,769.6,0.0,0.0,0.0,0.0,0.0,0.0,0.0,0.0,0.0,840.57,-521.3,0.0,0.0,0.0,0.0,0.0,0.0,0.0,4101.97,-174.7,0.0,0.0,0.0,0.0,0.0,0.0,0.0,0.0,3238.64,-2008.52,0.0,0.0
4413.0,BURRATA 3 X 200 g CONGELADA,DISTRIBUIDORES,RESTO DISTRIBUIDORES,"000643-ORTHIDAL, S.L.",0.0,0.0,0.0,168.0,288.0,0.0,168.0,336.0,168.0,0.0,504.0,168.0,168.0,336.0,333.6,168.0,336.0,0.0,314.4,0.0,0.0,0.0,1839.6,3153.6,0.0,1839.6,3679.2,1839.6,0.0,5518.8,1839.6,1898.4,3911.04,3883.1,1955.52,3911.04,0.0,3659.62
4413.0,BURRATA 3 X 200 g CONGELADA,DISTRIBUIDORES,RESTO DISTRIBUIDORES,"000890-OCEANÍA FOOD SELECTION, S.L. ( bloq)",0.0,0.0,168.0,0.0,0.0,0.0,0.0,0.0,0.0,0.0,0.0,0.0,0.0,0.0,0.0,0.0,0.0,0.0,0.0,0.0,0.0,1839.6,0.0,0.0,0.0,0.0,0.0,0.0,0.0,0.0,0.0,0.0,0.0,0.0,0.0,0.0,0.0,0.0
4414.0,CREMA P FLOW PACK VERTICAL BK 500 G,INDUSTRIALES & FOOD SERVICE,RESTO INDUSTRIALES & FOODSERVICE,000825-QSL - STEF PORTUGAL LDA,0.0,0.0,0.0,0.0,0.0,0.0,0.0,0.0,0.0,0.0,0.0,0.0,0.0,0.0,0.0,0.0,0.0,0.0,0.0,0.0,0.0,0.0,0.0,0.0,0.0,0.0,0.0,0.0,0.0,0.0,0.0,0.0,0.0,0.0,0.0,0.0,0.0,0.0
4415.0,QUESO RALLADO 4 QUESOS 200 G ALTEZA,RETAIL,EUROMADI,"000595-MARKANT ESPAÑA, S.A.U.",18009.6,18278.4,13977.6,16665.6,18816.0,11289.6,17203.2,20428.8,13171.2,20160.0,13440.0,20911.2,12902.4,17740.8,20112.0,17203.2,16665.6,16128.0,18009.6,121564.8,123379.2,94348.8,112492.8,127008.0,76204.8,116121.6,137894.4,88905.6,136080.0,90720.0,141150.6,87091.2,119750.4,127711.2,109240.32,105826.56,102412.8,114360.96
4418.0,BARRA CON QUESO GOUDA PROFESSIONAL LINE-CANAL HORECA 3KG SPC,DISTRIBUIDORES,RESTO DISTRIBUIDORES,000679-SPANISH CHEESE S.L.U.,0.0,0.0,0.0,2580.0,0.0,0.0,0.0,1152.0,0.0,0.0,0.0,0.0,0.0,0.0,1728.0,0.0,0.0,0.0,0.0,0.0,0.0,0.0,8042.7,0.0,0.0,0.0,3675.89,0.0,0.0,0.0,0.0,0.0,0.0,5708.04,0.0,0.0,0.0,0.0
4418.0,BARRA CON QUESO GOUDA PROFESSIONAL LINE-CANAL HORECA 3KG SPC,DISTRIBUIDORES,RESTO DISTRIBUIDORES,"000891-QUINTA DE JUGAIS - COM.PROD.ALIMENTARES, LDA (BLOQ.)",1728.0,0.0,0.0,0.0,0.0,0.0,0.0,0.0,0.0,0.0,0.0,0.0,0.0,0.0,0.0,0.0,0.0,0.0,0.0,5719.68,0.0,0.0,0.0,0.0,0.0,0.0,0.0,0.0,0.0,0.0,0.0,0.0,0.0,0.0,0.0,0.0,0.0,0.0
4419.0,BARRA CON CHEDDAR PROFESSIONAL LINE-CANAL HORECA 3 KG SPC,DISTRIBUIDORES,RESTO DISTRIBUIDORES,000679-SPANISH CHEESE S.L.U.,0.0,0.0,0.0,2592.0,0.0,864.0,0.0,1440.0,0.0,0.0,0.0,0.0,0.0,0.0,0.0,0.0,0.0,0.0,864.0,0.0,0.0,0.0,8314.27,0.0,2757.02,0.0,4594.87,0.0,0.0,0.0,0.0,0.0,0.0,0.0,0.0,0.0,0.0,2672.35
4419.0,BARRA CON CHEDDAR PROFESSIONAL LINE-CANAL HORECA 3 KG SPC,DISTRIBUIDORES,RESTO DISTRIBUIDORES,"000891-QUINTA DE JUGAIS - COM.PROD.ALIMENTARES, LDA (BLOQ.)",1728.0,0.0,0.0,0.0,0.0,0.0,0.0,0.0,0.0,0.0,0.0,0.0,0.0,0.0,0.0,0.0,0.0,0.0,0.0,5719.68,0.0,0.0,0.0,0.0,0.0,0.0,0.0,0.0,0.0,0.0,0.0,0.0,0.0,0.0,0.0,0.0,0.0,0.0
4420.0,BARRA CON QUESO EDAM PROFESSIONAL LINE-CANAL HORECA 3 KG SPC,DISTRIBUIDORES,RESTO DISTRIBUIDORES,000679-SPANISH CHEESE S.L.U.,0.0,0.0,0.0,3456.0,0.0,0.0,0.0,1152.0,0.0,0.0,0.0,0.0,0.0,0.0,0.0,0.0,0.0,0.0,0.0,0.0,0.0,0.0,10632.39,0.0,0.0,0.0,3711.61,0.0,0.0,0.0,0.0,0.0,0.0,0.0,0.0,0.0,0.0,0.0
4420.0,BARRA CON QUESO EDAM PROFESSIONAL LINE-CANAL HORECA 3 KG SPC,DISTRIBUIDORES,RESTO DISTRIBUIDORES,"000891-QUINTA DE JUGAIS - COM.PROD.ALIMENTARES, LDA (BLOQ.)",17280.0,0.0,0.0,0.0,0.0,0.0,0.0,0.0,0.0,0.0,0.0,0.0,0.0,0.0,0.0,0.0,0.0,0.0,0.0,57196.8,0.0,0.0,0.0,0.0,0.0,0.0,0.0,0.0,0.0,0.0,0.0,0.0,0.0,0.0,0.0,0.0,0.0,0.0
4422.0,QUESO TACOS ENSALADA 200 G LA TAPERÍA,DISTRIBUIDORES,PROVISIONES SUROESTE,"000879-PROVISIONES SUROESTE, S.L.",0.0,0.0,0.0,0.0,0.0,0.0,0.0,537.6,1166.4,268.8,1075.2,268.8,0.0,806.4,804.0,537.6,268.8,945.6,1612.8,0.0,0.0,0.0,0.0,0.0,0.0,0.0,4704.0,10206.0,2352.0,9408.0,2352.0,0.0,6773.76,6753.6,4515.84,2257.92,7943.04,13547.52
4422.0,QUESO TACOS ENSALADA 200 G LA TAPERÍA,DISTRIBUIDORES,RESTO DISTRIBUIDORES,"000643-ORTHIDAL, S.L.",0.0,0.0,0.0,0.0,0.0,0.0,0.0,0.0,0.0,0.0,0.0,0.0,0.0,0.0,1.0,0.0,0.0,0.0,0.0,0.0,0.0,0.0,0.0,0.0,0.0,0.0,0.0,0.0,0.0,0.0,0.0,0.0,0.0,8.8,0.0,0.0,0.0,0.0
4423.0,"BURRATA ANTONELLA 125 g ""MK""",CASH & CARRY,MAKRO,000621-MAKRO DISTRIBUCIÓN MAYORISTA SA,1461.0,1068.0,882.75,1479.0,1644.75,1707.0,2345.25,2280.0,2073.0,2176.5,2667.75,1458.0,1910.25,1767.0,3042.75,3159.0,2788.5,3927.75,3892.5,16363.2,11961.6,9886.8,16564.8,18421.2,19103.28,26266.8,25225.2,23217.6,24376.8,29878.8,16329.6,21394.8,19790.4,33791.94,34041.42,31231.2,43411.7,41476.19
4425.0,CADIFOS 32,INTERNO,INTERNO,"000086-CENTRAL QUESERA MONTESINOS, S.L.U.",0.0,0.0,0.0,0.0,0.0,12.5,12.5,0.0,0.0,0.0,0.0,0.0,0.0,0.0,0.0,0.0,0.0,0.0,0.0,0.0,0.0,0.0,0.0,0.0,41.13,41.13,0.0,0.0,0.0,0.0,0.0,0.0,0.0,0.0,0.0,0.0,0.0,0.0
4428.0,QUESO GOUDA BARRA CUMBRE IBERICA,DISTRIBUIDORES,PROVISIONES SUROESTE,"000879-PROVISIONES SUROESTE, S.L.",721.93,0.0,0.0,0.0,0.0,744.08,0.0,730.364,0.0,738.66,743.13,0.0,703.47,713.35,745.1,695.44,736.39,0.0,699.23,3681.84,0.0,0.0,0.0,0.0,4055.24,0.0,3980.48,0.0,4025.7,4050.06,0.0,3833.91,3388.41,3539.22,3303.34,3497.85,0.0,3321.34
4429.0,QUESO EDAM BARRA CUMBRE IBERICA,DISTRIBUIDORES,PROVISIONES SUROESTE,"000879-PROVISIONES SUROESTE, S.L.",730.17,0.0,0.0,739.4,0.0,0.0,0.0,0.0,665.12,0.0,754.8,0.0,740.95,0.0,0.0,726.23,0.0,769.41,0.0,3723.87,0.0,0.0,4029.73,0.0,0.0,0.0,0.0,3624.9,0.0,4113.66,0.0,3519.51,0.0,0.0,3449.59,0.0,3654.7,0.0
4430.0,LONCHAS CHEDDAR ROJO NATURAL 1 KG UE,DISTRIBUIDORES,PROVISIONES SUROESTE,"000879-PROVISIONES SUROESTE, S.L.",0.0,300.0,396.0,504.0,396.0,396.0,288.0,324.0,432.0,216.0,90.0,72.0,360.0,288.0,540.0,648.0,396.0,648.0,1080.0,0.0,2280.0,3009.6,3931.2,3088.8,3088.8,2246.4,2527.2,3369.6,1684.8,702.0,561.6,2700.0,2102.4,3942.0,4730.4,2890.8,4730.4,7884.0
4430.0,LONCHAS CHEDDAR ROJO NATURAL 1 KG UE,DISTRIBUIDORES,RESTO DISTRIBUIDORES,000651-COMERGRAN S.L.,0.0,0.0,0.0,0.0,0.0,0.0,0.0,60.0,0.0,0.0,0.0,0.0,0.0,0.0,0.0,0.0,0.0,0.0,0.0,0.0,0.0,0.0,0.0,0.0,0.0,0.0,468.0,0.0,0.0,0.0,0.0,0.0,0.0,0.0,0.0,0.0,0.0,0.0
4431.0,CHEDDAR ROJO NATURAL UE,DISTRIBUIDORES,PROVISIONES SUROESTE,"000879-PROVISIONES SUROESTE, S.L.",1213.01,1820.51,908.03,3626.17,1210.77,0.0,1805.526,1807.51,0.0,0.0,612.05,1167.98,604.77,601.14,973.33,851.32,1450.43,848.0,603.49,8551.72,11924.05,5720.58,26289.73,8778.09,0.0,11374.82,11387.31,0.0,0.0,3855.91,7358.28,3628.62,3606.84,5839.98,5107.92,8702.58,5088.0,3620.94
4431.0,CHEDDAR ROJO NATURAL UE,RETAIL,EUROMADI,"000931-TRANSGOURMET IBÉRICA, SAU",0.0,0.0,0.0,0.0,0.0,0.0,0.0,0.0,0.0,0.0,0.0,0.0,0.0,0.0,0.0,0.0,835.01,178.91,122.034,0.0,0.0,0.0,0.0,0.0,0.0,0.0,0.0,0.0,0.0,0.0,0.0,0.0,0.0,0.0,0.0,5260.56,1127.13,768.81
4432.0,MANTEQUILLA 1 KG RENY PICOT,DISTRIBUIDORES,PROVISIONES SUROESTE,"000879-PROVISIONES SUROESTE, S.L.",0.0,0.0,0.0,0.0,0.0,0.0,0.0,0.0,0.0,0.0,0.0,0.0,0.0,0.0,0.0,0.0,0.0,0.0,0.0,0.0,0.0,0.0,0.0,0.0,0.0,0.0,0.0,0.0,0.0,0.0,0.0,0.0,0.0,0.0,0.0,0.0,0.0,0.0
4432.0,MANTEQUILLA 1 KG RENY PICOT,DISTRIBUIDORES,PROVISIONES SUROESTE,"000917-PROVISIONES SUROESTE, S.L.",0.0,0.0,1400.0,0.0,700.0,0.0,0.0,0.0,0.0,0.0,0.0,0.0,0.0,0.0,0.0,0.0,0.0,0.0,0.0,0.0,0.0,13524.0,0.0,6541.5,0.0,0.0,0.0,0.0,0.0,0.0,0.0,0.0,0.0,0.0,0.0,0.0,0.0,0.0
4433.0,NATA LIGERA 22% 1L RENY PICOT,DISTRIBUIDORES,PROVISIONES SUROESTE,"000879-PROVISIONES SUROESTE, S.L.",0.0,0.0,0.0,0.0,0.0,0.0,0.0,0.0,0.0,0.0,0.0,0.0,0.0,0.0,0.0,0.0,0.0,0.0,0.0,0.0,0.0,0.0,0.0,0.0,0.0,0.0,0.0,0.0,0.0,0.0,0.0,0.0,0.0,0.0,0.0,0.0,0.0,0.0
4433.0,NATA LIGERA 22% 1L RENY PICOT,DISTRIBUIDORES,PROVISIONES SUROESTE,"000917-PROVISIONES SUROESTE, S.L.",0.0,150.0,882.0,450.0,300.0,450.0,1518.0,0.0,0.0,900.0,900.0,450.0,900.0,450.0,1200.0,750.0,750.0,750.0,0.0,0.0,532.35,3130.22,1597.05,1064.7,1597.05,5387.38,0.0,0.0,3071.7,3071.7,1535.85,2958.3,1479.15,3944.4,2465.25,2465.25,2465.25,0.0
4434.0,NATA LIGERA 12% 1L RENY PICOT,DISTRIBUIDORES,PROVISIONES SUROESTE,"000879-PROVISIONES SUROESTE, S.L.",0.0,0.0,0.0,0.0,0.0,0.0,0.0,0.0,0.0,0.0,0.0,0.0,0.0,0.0,0.0,0.0,0.0,0.0,0.0,0.0,0.0,0.0,0.0,0.0,0.0,0.0,0.0,0.0,0.0,0.0,0.0,0.0,0.0,0.0,0.0,0.0,0.0,0.0
4435.0,NATA LIGERA 35% 1L RENY PICOT,DISTRIBUIDORES,PROVISIONES SUROESTE,"000879-PROVISIONES SUROESTE, S.L.",0.0,0.0,0.0,0.0,0.0,0.0,0.0,0.0,0.0,0.0,0.0,0.0,0.0,0.0,0.0,0.0,0.0,0.0,0.0,0.0,0.0,0.0,0.0,0.0,0.0,0.0,0.0,0.0,0.0,0.0,0.0,0.0,0.0,0.0,0.0,0.0,0.0,0.0
4435.0,NATA LIGERA 35% 1L RENY PICOT,DISTRIBUIDORES,PROVISIONES SUROESTE,"000917-PROVISIONES SUROESTE, S.L.",0.0,0.0,0.0,120.0,180.0,150.0,0.0,300.0,0.0,0.0,0.0,0.0,0.0,0.0,0.0,0.0,0.0,0.0,0.0,0.0,0.0,0.0,583.44,875.16,729.3,0.0,1458.6,0.0,0.0,0.0,0.0,0.0,0.0,0.0,0.0,0.0,0.0,0.0
4436.0,QUESO AZUL IGP RUEDA 3X3 KG,DISTRIBUIDORES,PROVISIONES SUROESTE,"000879-PROVISIONES SUROESTE, S.L.",885.69,0.0,0.0,0.0,0.0,0.0,0.0,5102.882,0.0,0.0,889.36,1707.442,0.0,1727.798,59.426,0.0,863.2,0.0,821.82,6258.88,0.0,0.0,0.0,0.0,0.0,0.0,35526.27,0.0,0.0,6338.47,12168.94,0.0,11749.03,404.1,0.0,5869.76,0.0,5588.38
4436.0,QUESO AZUL IGP RUEDA 3X3 KG,DISTRIBUIDORES,PROVISIONES SUROESTE,"000917-PROVISIONES SUROESTE, S.L.",0.0,0.0,1767.69,0.0,1736.56,0.0,844.73,0.0,0.0,0.0,0.0,0.0,0.0,0.0,0.0,0.0,0.0,0.0,0.0,0.0,0.0,12661.96,0.0,12756.08,0.0,6241.71,0.0,0.0,0.0,0.0,0.0,0.0,0.0,0.0,0.0,0.0,0.0,0.0
4436.0,QUESO AZUL IGP RUEDA 3X3 KG,INDUSTRIALES & FOOD SERVICE,RESTO INDUSTRIALES & FOODSERVICE,000981-COMERCIAL ADVISOR 2030 S.L.U. (BLOQ.),0.0,0.0,0.0,0.0,0.0,0.0,0.0,0.0,0.0,0.0,0.0,0.0,0.0,0.0,0.0,0.0,1.13,0.0,0.0,0.0,0.0,0.0,0.0,0.0,0.0,0.0,0.0,0.0,0.0,0.0,0.0,0.0,0.0,0.0,0.0,8.25,0.0,0.0
4437.0,QUESO AZUL IGP BARRA 2X4 KG,DISTRIBUIDORES,PROVISIONES SUROESTE,"000879-PROVISIONES SUROESTE, S.L.",4377.2,0.0,0.0,0.0,0.0,0.0,0.0,4340.27,0.0,0.0,3594.622,5045.94,3604.41,1440.984,0.0,1453.76,3823.794,2098.51,1441.19,30780.91,0.0,0.0,0.0,0.0,0.0,0.0,30216.96,0.0,0.0,26600.2,37339.96,25591.31,10230.99,0.0,10321.7,27148.94,14899.42,10232.45
4437.0,QUESO AZUL IGP BARRA 2X4 KG,DISTRIBUIDORES,PROVISIONES SUROESTE,"000917-PROVISIONES SUROESTE, S.L.",0.0,0.0,753.95,0.0,741.35,744.59,3657.99,0.0,0.0,0.0,0.0,0.0,0.0,0.0,0.0,0.0,0.0,0.0,0.0,0.0,0.0,5701.52,0.0,5445.66,5619.91,27028.89,0.0,0.0,0.0,0.0,0.0,0.0,0.0,0.0,0.0,0.0,0.0,0.0
4437.0,QUESO AZUL IGP BARRA 2X4 KG,RETAIL,IFA,000597-AHORRAMAS S.A.,0.0,0.0,0.0,0.0,0.0,0.0,0.0,0.0,0.0,0.0,0.0,0.0,0.0,0.0,0.0,0.0,0.0,0.0,0.0,0.0,0.0,0.0,0.0,0.0,0.0,0.0,0.0,0.0,0.0,0.0,0.0,0.0,0.0,0.0,0.0,0.0,0.0,0.0
4438.0,QUESO AZUL IGP 10X100 g,DISTRIBUIDORES,PROVISIONES SUROESTE,"000879-PROVISIONES SUROESTE, S.L.",7695.0,0.0,0.0,0.0,0.0,0.0,0.0,2430.0,0.0,2835.0,2025.0,1620.0,0.0,405.0,2835.0,1620.0,1215.0,2025.0,1620.0,69975.78,0.0,0.0,0.0,0.0,0.0,0.0,21891.87,0.0,25540.51,19194.97,15355.98,0.0,3726.0,26082.0,14904.0,11178.0,18630.0,14904.0
4438.0,QUESO AZUL IGP 10X100 g,DISTRIBUIDORES,PROVISIONES SUROESTE,"000917-PROVISIONES SUROESTE, S.L.",0.0,0.0,0.0,0.0,810.0,1215.0,405.0,0.0,0.0,0.0,0.0,0.0,0.0,0.0,0.0,0.0,0.0,0.0,0.0,0.0,0.0,0.0,0.0,7608.01,11657.51,3821.58,0.0,0.0,0.0,0.0,0.0,0.0,0.0,0.0,0.0,0.0,0.0,0.0
4439.0,MARGARINA 3/4 BLOQUE 5 KG,DISTRIBUIDORES,PROVISIONES SUROESTE,"000879-PROVISIONES SUROESTE, S.L.",1800.0,0.0,0.0,0.0,0.0,0.0,0.0,0.0,0.0,0.0,0.0,0.0,0.0,0.0,0.0,0.0,0.0,0.0,0.0,2929.5,0.0,0.0,0.0,0.0,0.0,0.0,0.0,0.0,0.0,0.0,0.0,0.0,0.0,0.0,0.0,0.0,0.0,0.0
4439.0,MARGARINA 3/4 BLOQUE 5 KG,DISTRIBUIDORES,PROVISIONES SUROESTE,"000917-PROVISIONES SUROESTE, S.L.",0.0,1800.0,0.0,900.0,0.0,0.0,900.0,0.0,900.0,800.0,0.0,800.0,0.0,740.0,3200.0,800.0,1800.0,800.0,0.0,0.0,3024.0,0.0,1512.0,0.0,0.0,1484.1,0.0,1484.1,1319.2,0.0,1319.2,0.0,1220.26,5276.8,1319.2,2968.2,1319.2,0.0
4440.0,PREPARADO VEGETAL 23% 1 KG,DISTRIBUIDORES,PROVISIONES SUROESTE,"000879-PROVISIONES SUROESTE, S.L.",450.0,0.0,0.0,0.0,0.0,0.0,0.0,0.0,0.0,0.0,0.0,0.0,0.0,0.0,0.0,0.0,0.0,0.0,0.0,801.0,0.0,0.0,0.0,0.0,0.0,0.0,0.0,0.0,0.0,0.0,0.0,0.0,0.0,0.0,0.0,0.0,0.0,0.0
4440.0,PREPARADO VEGETAL 23% 1 KG,DISTRIBUIDORES,PROVISIONES SUROESTE,"000917-PROVISIONES SUROESTE, S.L.",0.0,900.0,900.0,900.0,900.0,900.0,900.0,900.0,900.0,1800.0,900.0,900.0,900.0,900.0,900.0,1800.0,1800.0,1800.0,1800.0,0.0,1956.6,1956.6,1956.6,1956.6,1956.6,1852.2,1663.2,1663.2,3326.4,1663.2,1663.2,1663.2,1663.2,1663.2,3326.4,3326.4,3326.4,3326.4
4441.0,"PREPARADO VEGETAL 26,5% 1 KG",DISTRIBUIDORES,PROVISIONES SUROESTE,"000879-PROVISIONES SUROESTE, S.L.",0.0,0.0,0.0,0.0,0.0,0.0,0.0,0.0,0.0,0.0,0.0,0.0,0.0,0.0,0.0,0.0,0.0,0.0,0.0,0.0,0.0,0.0,0.0,0.0,0.0,0.0,0.0,0.0,0.0,0.0,0.0,0.0,0.0,0.0,0.0,0.0,0.0,0.0
4442.0,FRESCO PRADEÑO TARRINA 1 KG,DISTRIBUIDORES,PROVISIONES SUROESTE,"000879-PROVISIONES SUROESTE, S.L.",1000.0,0.0,0.0,0.0,0.0,0.0,0.0,0.0,0.0,0.0,0.0,0.0,0.0,0.0,0.0,0.0,0.0,0.0,0.0,3500.0,0.0,0.0,0.0,0.0,0.0,0.0,0.0,0.0,0.0,0.0,0.0,0.0,0.0,0.0,0.0,0.0,0.0,0.0
4442.0,FRESCO PRADEÑO TARRINA 1 KG,DISTRIBUIDORES,PROVISIONES SUROESTE,"000917-PROVISIONES SUROESTE, S.L.",0.0,2180.0,2900.0,1680.0,2510.0,3720.0,3160.0,4160.0,3090.0,5140.0,2940.0,3290.0,2830.0,5100.0,6100.0,4800.0,5280.0,6580.0,7080.0,0.0,7630.0,10150.0,5880.0,8785.0,13020.0,11060.0,14560.0,10815.0,17990.0,10290.0,11515.0,9678.6,17442.0,20862.0,16416.0,18057.6,22503.6,24213.6
4445.0,MANTEQUILLA 10 KG RENY PICOT,DISTRIBUIDORES,PROVISIONES SUROESTE,"000879-PROVISIONES SUROESTE, S.L.",0.0,0.0,0.0,0.0,0.0,0.0,0.0,0.0,0.0,0.0,0.0,0.0,0.0,0.0,0.0,0.0,0.0,0.0,0.0,0.0,0.0,0.0,0.0,0.0,0.0,0.0,0.0,0.0,0.0,0.0,0.0,0.0,0.0,0.0,0.0,0.0,0.0,0.0
4446.0,MANTEQUILLA 10grs. MICROPASTILLA RENY PICOT,DISTRIBUIDORES,PROVISIONES SUROESTE,"000879-PROVISIONES SUROESTE, S.L.",0.0,0.0,0.0,0.0,0.0,0.0,0.0,0.0,0.0,0.0,0.0,0.0,0.0,0.0,0.0,0.0,0.0,0.0,0.0,0.0,0.0,0.0,0.0,0.0,0.0,0.0,0.0,0.0,0.0,0.0,0.0,0.0,0.0,0.0,0.0,0.0,0.0,0.0
4446.0,MANTEQUILLA 10grs. MICROPASTILLA RENY PICOT,DISTRIBUIDORES,PROVISIONES SUROESTE,"000917-PROVISIONES SUROESTE, S.L.",0.0,0.0,0.0,0.0,45.0,0.0,45.0,0.0,0.0,45.0,0.0,30.0,0.0,0.0,30.0,0.0,0.0,15.0,0.0,0.0,0.0,0.0,0.0,444.15,0.0,444.15,0.0,0.0,420.53,0.0,280.35,0.0,0.0,259.89,0.0,0.0,128.4,0.0
4447.0,MANTEQUILLA 10grs. MICROTARRINA 200unds RENY PICOT,DISTRIBUIDORES,PROVISIONES SUROESTE,"000879-PROVISIONES SUROESTE, S.L.",0.0,0.0,0.0,0.0,0.0,0.0,0.0,0.0,0.0,0.0,0.0,0.0,0.0,0.0,0.0,0.0,0.0,0.0,0.0,0.0,0.0,0.0,0.0,0.0,0.0,0.0,0.0,0.0,0.0,0.0,0.0,0.0,0.0,0.0,0.0,0.0,0.0,0.0
4447.0,MANTEQUILLA 10grs. MICROTARRINA 200unds RENY PICOT,DISTRIBUIDORES,PROVISIONES SUROESTE,"000917-PROVISIONES SUROESTE, S.L.",0.0,80.0,80.0,0.0,0.0,120.0,120.0,84.0,0.0,80.0,152.0,80.0,84.0,40.0,140.0,248.0,210.0,126.0,420.0,0.0,823.2,823.2,0.0,0.0,1197.0,1197.0,771.79,0.0,735.04,1396.58,735.04,736.51,350.72,1227.52,2157.16,1819.65,1091.79,3639.3
4448.0,MANTEQUILLA 250grs PASTILLA SAL RENY PICOT,DISTRIBUIDORES,PROVISIONES SUROESTE,"000879-PROVISIONES SUROESTE, S.L.",0.0,0.0,0.0,0.0,0.0,0.0,0.0,0.0,0.0,0.0,0.0,0.0,0.0,0.0,0.0,0.0,0.0,0.0,0.0,0.0,0.0,0.0,0.0,0.0,0.0,0.0,0.0,0.0,0.0,0.0,0.0,0.0,0.0,0.0,0.0,0.0,0.0,0.0
4449.0,MANTEQUILLA 250grs PASTILLA RENY PICOT,DISTRIBUIDORES,PROVISIONES SUROESTE,"000879-PROVISIONES SUROESTE, S.L.",0.0,0.0,0.0,0.0,0.0,0.0,0.0,0.0,0.0,0.0,0.0,0.0,0.0,0.0,0.0,0.0,0.0,0.0,0.0,0.0,0.0,0.0,0.0,0.0,0.0,0.0,0.0,0.0,0.0,0.0,0.0,0.0,0.0,0.0,0.0,0.0,0.0,0.0
4450.0,NATA 500 SPRAY RENY PICOT,DISTRIBUIDORES,PROVISIONES SUROESTE,"000879-PROVISIONES SUROESTE, S.L.",60.0,0.0,0.0,0.0,0.0,0.0,0.0,0.0,0.0,0.0,0.0,0.0,0.0,0.0,0.0,0.0,0.0,0.0,0.0,441.0,0.0,0.0,0.0,0.0,0.0,0.0,0.0,0.0,0.0,0.0,0.0,0.0,0.0,0.0,0.0,0.0,0.0,0.0
4450.0,NATA 500 SPRAY RENY PICOT,DISTRIBUIDORES,PROVISIONES SUROESTE,"000917-PROVISIONES SUROESTE, S.L.",0.0,60.0,60.0,606.0,0.0,18.0,36.0,60.0,60.0,36.0,144.0,0.0,72.0,120.0,120.0,300.0,0.0,72.0,72.0,0.0,441.0,441.0,4454.1,0.0,132.3,264.6,441.0,441.0,264.6,1058.4,0.0,529.2,882.0,882.0,2205.0,0.0,529.2,529.2
4451.0,NATA 250 SPRAY RENY PICOT,DISTRIBUIDORES,PROVISIONES SUROESTE,"000879-PROVISIONES SUROESTE, S.L.",30.0,0.0,0.0,0.0,0.0,0.0,0.0,0.0,0.0,0.0,0.0,0.0,0.0,0.0,0.0,0.0,0.0,0.0,0.0,226.8,0.0,0.0,0.0,0.0,0.0,0.0,0.0,0.0,0.0,0.0,0.0,0.0,0.0,0.0,0.0,0.0,0.0,0.0
4451.0,NATA 250 SPRAY RENY PICOT,DISTRIBUIDORES,PROVISIONES SUROESTE,"000917-PROVISIONES SUROESTE, S.L.",0.0,30.0,0.0,0.0,0.0,0.0,9.0,0.0,0.0,0.0,0.0,0.0,6.0,6.0,0.0,15.0,0.0,0.0,0.0,0.0,226.8,0.0,0.0,0.0,0.0,68.04,0.0,0.0,0.0,0.0,0.0,45.36,45.36,0.0,113.4,0.0,0.0,0.0
4452.0,QUESO EDAM NEUTRO BARRA 3KG,DISTRIBUIDORES,PROVISIONES SUROESTE,"000879-PROVISIONES SUROESTE, S.L.",5493.19,0.0,0.0,0.0,0.0,0.0,0.0,0.0,0.0,0.0,0.0,0.0,0.0,0.0,0.0,0.0,0.0,0.0,0.0,25378.54,0.0,0.0,0.0,0.0,0.0,0.0,0.0,0.0,0.0,0.0,0.0,0.0,0.0,0.0,0.0,0.0,0.0,0.0
4452.0,QUESO EDAM NEUTRO BARRA 3KG,DISTRIBUIDORES,PROVISIONES SUROESTE,"000917-PROVISIONES SUROESTE, S.L.",0.0,11130.41,10098.38,0.0,0.0,0.0,0.0,0.0,0.0,0.0,0.0,0.0,0.0,0.0,0.0,0.0,0.0,0.0,0.0,0.0,53058.66,46654.52,0.0,0.0,0.0,0.0,0.0,0.0,0.0,0.0,0.0,0.0,0.0,0.0,0.0,0.0,0.0,0.0
4453.0,QUESO GOUDA NEUTRO BARRA 3KG,DISTRIBUIDORES,PROVISIONES SUROESTE,"000879-PROVISIONES SUROESTE, S.L.",5236.29,0.0,0.0,0.0,0.0,0.0,0.0,0.0,0.0,0.0,0.0,0.0,0.0,0.0,0.0,0.0,0.0,0.0,0.0,24191.66,0.0,0.0,0.0,0.0,0.0,0.0,0.0,0.0,0.0,0.0,0.0,0.0,0.0,0.0,0.0,0.0,0.0,0.0
4453.0,QUESO GOUDA NEUTRO BARRA 3KG,DISTRIBUIDORES,PROVISIONES SUROESTE,"000917-PROVISIONES SUROESTE, S.L.",0.0,9732.33,10626.96,0.0,0.0,0.0,0.0,0.0,0.0,0.0,0.0,0.0,0.0,0.0,0.0,0.0,0.0,0.0,0.0,0.0,49050.94,49096.56,0.0,0.0,0.0,0.0,0.0,0.0,0.0,0.0,0.0,0.0,0.0,0.0,0.0,0.0,0.0,0.0
4454.0,"QUESO EDAM BOLA ROYAL CROWN 1,9KG",CASH & CARRY,OTROS CASH & CARRY,"000931-TRANSGOURMET IBÉRICA, SAU",0.0,0.0,0.0,0.0,0.0,0.0,0.0,0.0,0.0,1819.67,0.0,0.0,0.0,0.0,0.0,0.0,0.0,0.0,0.0,0.0,0.0,0.0,0.0,0.0,0.0,0.0,0.0,0.0,10190.15,0.0,0.0,0.0,0.0,0.0,0.0,0.0,0.0,0.0
4454.0,"QUESO EDAM BOLA ROYAL CROWN 1,9KG",DISTRIBUIDORES,PROVISIONES SUROESTE,"000879-PROVISIONES SUROESTE, S.L.",-22.676,0.0,0.0,0.0,0.0,0.0,0.0,3721.1,0.0,0.0,0.0,0.0,0.0,2286.64,1481.38,1489.71,3564.03,766.54,705.4,-127.62,0.0,0.0,0.0,0.0,0.0,0.0,21489.36,0.0,0.0,0.0,0.0,0.0,12411.88,8040.93,8086.14,19345.55,4160.78,3828.91
4454.0,"QUESO EDAM BOLA ROYAL CROWN 1,9KG",DISTRIBUIDORES,PROVISIONES SUROESTE,"000917-PROVISIONES SUROESTE, S.L.",0.0,11302.14,0.0,18790.18,0.0,0.0,0.0,0.0,0.0,0.0,0.0,0.0,0.0,0.0,0.0,0.0,0.0,0.0,0.0,0.0,66343.56,0.0,110298.36,0.0,0.0,0.0,0.0,0.0,0.0,0.0,0.0,0.0,0.0,0.0,0.0,0.0,0.0,0.0
4454.0,"QUESO EDAM BOLA ROYAL CROWN 1,9KG",DISTRIBUIDORES,RESTO DISTRIBUIDORES,000651-COMERGRAN S.L.,0.0,0.0,0.0,0.0,0.0,0.0,0.0,0.0,0.0,0.0,0.0,176.72,0.0,0.0,226.86,0.0,0.0,68.4,0.0,0.0,0.0,0.0,0.0,0.0,0.0,0.0,0.0,0.0,0.0,0.0,1006.77,0.0,0.0,1231.39,0.0,0.0,371.28,0.0
4454.0,"QUESO EDAM BOLA ROYAL CROWN 1,9KG",RETAIL,EUROMADI,"000931-TRANSGOURMET IBÉRICA, SAU",0.0,0.0,0.0,0.0,0.0,0.0,0.0,0.0,0.0,0.0,342.0,962.05,410.66,338.15,406.89,1073.83,0.0,348.64,271.58,0.0,0.0,0.0,0.0,0.0,0.0,0.0,0.0,0.0,0.0,1915.2,5387.48,740.88,1893.64,2278.59,6013.44,0.0,1952.38,1520.84
4455.0,"QUESO GOUDA RUEDA ROYAL CROWN 4,5 KG",DISTRIBUIDORES,PROVISIONES SUROESTE,"000879-PROVISIONES SUROESTE, S.L.",712.54,0.0,0.0,0.0,0.0,0.0,0.0,2802.92,0.0,0.0,0.0,0.0,702.1,0.0,0.0,0.0,695.1,0.0,685.98,4074.09,0.0,0.0,0.0,0.0,0.0,0.0,18336.7,0.0,0.0,0.0,0.0,3958.44,0.0,0.0,0.0,3918.97,0.0,3867.56
4456.0,QUESO MAASDAM RUEDA ROYAL CROWN 13KG,DISTRIBUIDORES,PROVISIONES SUROESTE,"000879-PROVISIONES SUROESTE, S.L.",0.0,0.0,0.0,0.0,0.0,0.0,0.0,2359.29,0.0,0.0,789.96,750.81,1574.52,772.59,-749.92,0.0,0.0,741.756,0.0,0.0,0.0,0.0,0.0,0.0,0.0,0.0,13502.22,0.0,0.0,4520.94,4296.89,8530.75,4185.89,-187.48,0.0,0.0,4018.83,0.0
4456.0,QUESO MAASDAM RUEDA ROYAL CROWN 13KG,DISTRIBUIDORES,PROVISIONES SUROESTE,"000917-PROVISIONES SUROESTE, S.L.",0.0,0.0,0.0,0.0,2277.5,3171.28,0.0,0.0,0.0,0.0,0.0,0.0,0.0,0.0,0.0,0.0,0.0,0.0,0.0,0.0,0.0,0.0,0.0,13081.96,18215.83,0.0,0.0,0.0,0.0,0.0,0.0,0.0,0.0,0.0,0.0,0.0,0.0,0.0
4457.0,QUESO RALLADO FUNDIDO POLVO 150 G. AYALA,RETAIL,IFA,000934-HERMANOS AYALA SOUSA S.L.U.,0.0,0.0,0.0,0.0,0.0,0.0,0.0,0.0,377.85,756.0,755.8,1134.0,378.0,378.0,1133.7,378.0,377.55,1134.0,378.0,0.0,0.0,0.0,0.0,0.0,0.0,0.0,0.0,2316.31,4634.28,4633.32,6951.42,2317.14,2317.14,6949.58,2317.14,2314.38,6951.42,2317.14
4457.0,QUESO RALLADO FUNDIDO POLVO 150 G. AYALA,RETAIL,OTROS RETAILERS,000934-HERMANOS AYALA SOUSA S.L.U.,0.0,0.0,0.0,0.0,0.0,1134.0,294.0,1512.0,0.0,0.0,0.0,0.0,0.0,0.0,0.0,0.0,0.0,0.0,0.0,0.0,0.0,0.0,0.0,0.0,6256.28,1802.22,9268.56,0.0,0.0,0.0,0.0,0.0,0.0,0.0,0.0,0.0,0.0,0.0
4458.0,RALLADO CON QUESO MOZZARELLA PARA PIZZA 200 G. AYALA,RETAIL,IFA,000934-HERMANOS AYALA SOUSA S.L.U.,0.0,0.0,0.0,0.0,0.0,0.0,0.0,0.0,2150.4,1344.0,2419.0,2688.0,1881.6,2150.4,2956.2,1876.8,1612.6,2956.8,1881.6,0.0,0.0,0.0,0.0,0.0,0.0,0.0,0.0,13224.96,8265.6,14876.85,16531.2,11571.84,13224.96,18180.63,11542.32,9917.49,18184.32,11568.15
4458.0,RALLADO CON QUESO MOZZARELLA PARA PIZZA 200 G. AYALA,RETAIL,OTROS RETAILERS,000934-HERMANOS AYALA SOUSA S.L.U.,0.0,0.0,0.0,0.0,0.0,1344.0,268.8,2419.2,0.0,0.0,0.0,0.0,0.0,0.0,0.0,0.0,0.0,0.0,0.0,0.0,0.0,0.0,0.0,0.0,8265.6,1653.12,14878.08,0.0,0.0,0.0,0.0,0.0,0.0,0.0,0.0,0.0,0.0,0.0
4459.0,QUESO RALLADO 4 QUESOS 200 G AYALA,RETAIL,IFA,000934-HERMANOS AYALA SOUSA S.L.U.,0.0,0.0,0.0,0.0,0.0,0.0,0.0,0.0,1612.8,1881.6,2150.2,2419.2,1612.6,1881.6,2687.8,1612.8,1344.0,2688.0,1612.8,0.0,0.0,0.0,0.0,0.0,0.0,0.0,0.0,10644.48,12418.56,14191.32,15966.72,10643.16,12418.56,17739.48,10644.48,8870.4,17740.8,10644.48
4459.0,QUESO RALLADO 4 QUESOS 200 G AYALA,RETAIL,OTROS RETAILERS,000934-HERMANOS AYALA SOUSA S.L.U.,0.0,0.0,0.0,0.0,0.0,0.0,0.0,1881.6,0.0,0.0,0.0,0.0,0.0,0.0,0.0,0.0,0.0,0.0,0.0,0.0,0.0,0.0,0.0,0.0,0.0,0.0,12418.56,0.0,0.0,0.0,0.0,0.0,0.0,0.0,0.0,0.0,0.0,0.0
4460.0,QUESO RALLADO GRATINAR 200 G. AYALA,RETAIL,IFA,000934-HERMANOS AYALA SOUSA S.L.U.,0.0,0.0,0.0,0.0,0.0,0.0,0.0,0.0,806.2,537.6,805.6,806.4,805.8,537.6,1074.4,268.8,268.4,805.4,537.6,0.0,0.0,0.0,0.0,0.0,0.0,0.0,0.0,4071.41,2714.88,4068.28,4072.32,4069.29,2714.88,5425.72,1357.44,1355.42,4067.27,2713.87
4460.0,QUESO RALLADO GRATINAR 200 G. AYALA,RETAIL,OTROS RETAILERS,000934-HERMANOS AYALA SOUSA S.L.U.,0.0,0.0,0.0,0.0,0.0,1344.0,0.0,1075.2,0.0,0.0,0.0,0.0,0.0,0.0,0.0,0.0,0.0,0.0,0.0,0.0,0.0,0.0,0.0,0.0,6108.48,0.0,5429.76,0.0,0.0,0.0,0.0,0.0,0.0,0.0,0.0,0.0,0.0,0.0
4461.0,GRAN FORMAGGIO ITALIANO 1KG VACUUM,DISTRIBUIDORES,PROVISIONES SUROESTE,"000879-PROVISIONES SUROESTE, S.L.",0.0,0.0,0.0,0.0,0.0,0.0,0.0,0.0,0.0,0.0,0.0,0.0,0.0,0.0,0.0,0.0,0.0,0.0,0.0,0.0,0.0,0.0,0.0,0.0,0.0,0.0,0.0,0.0,0.0,0.0,0.0,0.0,0.0,0.0,0.0,0.0,0.0,0.0
4461.0,GRAN FORMAGGIO ITALIANO 1KG VACUUM,DISTRIBUIDORES,PROVISIONES SUROESTE,"000917-PROVISIONES SUROESTE, S.L.",0.0,127.6,0.0,117.36,116.84,120.28,202.25,115.64,119.51,236.15,0.0,129.26,0.0,296.84,222.24,441.31,227.1,0.0,638.2,0.0,1286.21,0.0,1182.99,1196.21,1231.43,2070.64,1183.92,1223.54,2417.7,0.0,1323.37,0.0,2914.37,2181.96,4241.21,2055.48,0.0,5677.97
4462.0,GRAN FORMAGGIO ITALIANO 1/8 VACUUM,DISTRIBUIDORES,PROVISIONES SUROESTE,"000879-PROVISIONES SUROESTE, S.L.",0.0,0.0,0.0,0.0,0.0,0.0,0.0,0.0,0.0,0.0,0.0,0.0,0.0,0.0,0.0,0.0,0.0,0.0,0.0,0.0,0.0,0.0,0.0,0.0,0.0,0.0,0.0,0.0,0.0,0.0,0.0,0.0,0.0,0.0,0.0,0.0,0.0,0.0
4462.0,GRAN FORMAGGIO ITALIANO 1/8 VACUUM,DISTRIBUIDORES,PROVISIONES SUROESTE,"000917-PROVISIONES SUROESTE, S.L.",0.0,115.8,137.73,279.4,515.94,141.25,252.95,653.92,106.59,0.0,385.02,0.0,252.36,464.89,126.0,406.85,939.08,249.84,444.03,0.0,1142.95,1359.4,2757.68,5173.85,1416.46,2536.58,6557.51,1068.88,0.0,3860.98,0.0,2424.67,4466.66,1210.61,3700.66,8302.42,2208.84,3925.67
4463.0,GRAN PADANO DOP 1KG GRATED,DISTRIBUIDORES,PROVISIONES SUROESTE,"000879-PROVISIONES SUROESTE, S.L.",-160.0,0.0,0.0,0.0,0.0,0.0,0.0,0.0,0.0,0.0,0.0,0.0,0.0,0.0,0.0,0.0,0.0,0.0,0.0,-1839.68,0.0,0.0,0.0,0.0,0.0,0.0,0.0,0.0,0.0,0.0,0.0,0.0,0.0,0.0,0.0,0.0,0.0,0.0
4463.0,GRAN PADANO DOP 1KG GRATED,DISTRIBUIDORES,PROVISIONES SUROESTE,"000917-PROVISIONES SUROESTE, S.L.",0.0,140.0,0.0,140.0,0.0,0.0,280.0,0.0,70.0,140.0,70.0,70.0,0.0,140.0,70.0,140.0,140.0,70.0,280.0,0.0,1756.72,0.0,1756.72,0.0,0.0,3572.24,0.0,893.06,1786.12,893.06,893.06,0.0,1666.0,833.0,1568.56,1568.56,784.28,3137.12
4464.0,GRAN PADANO DOP 1KG VACUUM,DISTRIBUIDORES,PROVISIONES SUROESTE,"000879-PROVISIONES SUROESTE, S.L.",-307.25,0.0,0.0,0.0,0.0,0.0,0.0,0.0,0.0,0.0,0.0,0.0,0.0,0.0,0.0,0.0,0.0,0.0,0.0,-3532.76,0.0,0.0,0.0,0.0,0.0,0.0,0.0,0.0,0.0,0.0,0.0,0.0,0.0,0.0,0.0,0.0,0.0,0.0
4464.0,GRAN PADANO DOP 1KG VACUUM,DISTRIBUIDORES,PROVISIONES SUROESTE,"000917-PROVISIONES SUROESTE, S.L.",0.0,0.0,124.28,0.0,0.0,0.0,0.0,0.0,0.0,0.0,0.0,0.0,118.54,96.73,114.32,184.32,0.0,232.67,438.64,0.0,0.0,1559.47,0.0,0.0,0.0,0.0,0.0,0.0,0.0,0.0,0.0,1410.63,1151.09,1360.41,2193.41,0.0,2594.5,4910.71
4465.0,GRAN PADANO DOP 1/8 VACUUM,DISTRIBUIDORES,PROVISIONES SUROESTE,"000879-PROVISIONES SUROESTE, S.L.",0.0,0.0,0.0,0.0,0.0,0.0,0.0,0.0,0.0,0.0,0.0,0.0,0.0,0.0,0.0,0.0,0.0,0.0,0.0,0.0,0.0,0.0,0.0,0.0,0.0,0.0,0.0,0.0,0.0,0.0,0.0,0.0,0.0,0.0,0.0,0.0,0.0,0.0
4465.0,GRAN PADANO DOP 1/8 VACUUM,DISTRIBUIDORES,PROVISIONES SUROESTE,"000917-PROVISIONES SUROESTE, S.L.",0.0,0.0,0.0,0.0,0.0,0.0,0.0,0.0,0.0,0.0,0.0,143.97,470.56,0.0,0.0,259.98,821.54,136.09,403.9,0.0,0.0,0.0,0.0,0.0,0.0,0.0,0.0,0.0,0.0,0.0,1806.54,5505.55,0.0,0.0,2942.63,8988.48,1488.96,4430.41
4466.0,GRAN PADANO DOP 200grs FIX VACUUM,DISTRIBUIDORES,PROVISIONES SUROESTE,"000879-PROVISIONES SUROESTE, S.L.",120.0,0.0,0.0,0.0,0.0,0.0,0.0,0.0,0.0,0.0,0.0,0.0,0.0,0.0,0.0,0.0,0.0,0.0,0.0,1581.36,0.0,0.0,0.0,0.0,0.0,0.0,0.0,0.0,0.0,0.0,0.0,0.0,0.0,0.0,0.0,0.0,0.0,0.0
4466.0,GRAN PADANO DOP 200grs FIX VACUUM,DISTRIBUIDORES,PROVISIONES SUROESTE,"000917-PROVISIONES SUROESTE, S.L.",0.0,0.0,0.0,0.0,0.0,0.0,0.0,120.0,0.0,0.0,0.0,120.0,0.0,72.0,60.0,150.0,180.0,240.0,60.0,0.0,0.0,0.0,0.0,0.0,0.0,0.0,1675.8,0.0,0.0,0.0,1675.8,0.0,939.6,783.0,1957.5,2224.62,2966.16,747.54
4467.0,GRANA PADANO DOP 500grs FLAKES,DISTRIBUIDORES,PROVISIONES SUROESTE,"000879-PROVISIONES SUROESTE, S.L.",0.0,0.0,0.0,0.0,0.0,0.0,0.0,0.0,0.0,0.0,0.0,0.0,0.0,0.0,0.0,0.0,0.0,0.0,0.0,0.0,0.0,0.0,0.0,0.0,0.0,0.0,0.0,0.0,0.0,0.0,0.0,0.0,0.0,0.0,0.0,0.0,0.0,0.0
4467.0,GRANA PADANO DOP 500grs FLAKES,DISTRIBUIDORES,PROVISIONES SUROESTE,"000917-PROVISIONES SUROESTE, S.L.",0.0,24.0,0.0,48.0,72.0,48.0,144.0,192.0,72.0,0.0,24.0,0.0,24.0,24.0,24.0,96.0,48.0,144.0,168.0,0.0,360.36,0.0,720.72,1096.2,730.8,2192.4,2923.2,1096.2,0.0,365.4,0.0,343.2,343.2,343.2,1340.11,653.71,1961.14,2295.2
4468.0,MIX GRATED OF HARD CHEESE 1 KG,DISTRIBUIDORES,PROVISIONES SUROESTE,"000879-PROVISIONES SUROESTE, S.L.",0.0,0.0,0.0,0.0,0.0,0.0,0.0,0.0,0.0,0.0,0.0,0.0,0.0,0.0,0.0,0.0,0.0,0.0,0.0,0.0,0.0,0.0,0.0,0.0,0.0,0.0,0.0,0.0,0.0,0.0,0.0,0.0,0.0,0.0,0.0,0.0,0.0,0.0
4468.0,MIX GRATED OF HARD CHEESE 1 KG,DISTRIBUIDORES,PROVISIONES SUROESTE,"000917-PROVISIONES SUROESTE, S.L.",0.0,70.0,0.0,70.0,0.0,0.0,140.0,140.0,0.0,0.0,0.0,0.0,0.0,0.0,0.0,0.0,210.0,0.0,210.0,0.0,547.61,0.0,547.61,0.0,0.0,1095.22,1095.22,0.0,0.0,0.0,0.0,0.0,0.0,0.0,0.0,1415.61,0.0,1415.61
4469.0,PARMIGIANO REGGIANO DOP 1/8 VACCUM,DISTRIBUIDORES,PROVISIONES SUROESTE,"000879-PROVISIONES SUROESTE, S.L.",-35.71,0.0,0.0,0.0,0.0,0.0,0.0,0.0,0.0,0.0,0.0,0.0,0.0,0.0,0.0,0.0,0.0,0.0,0.0,-453.7,0.0,0.0,0.0,0.0,0.0,0.0,0.0,0.0,0.0,0.0,0.0,0.0,0.0,0.0,0.0,0.0,0.0,0.0
4469.0,PARMIGIANO REGGIANO DOP 1/8 VACCUM,DISTRIBUIDORES,PROVISIONES SUROESTE,"000917-PROVISIONES SUROESTE, S.L.",0.0,0.0,0.0,0.0,0.0,0.0,0.0,0.0,0.0,0.0,0.0,0.0,0.0,0.0,0.0,0.0,20.98,0.0,0.0,0.0,0.0,0.0,0.0,0.0,0.0,0.0,0.0,0.0,0.0,0.0,0.0,0.0,0.0,0.0,0.0,352.9,0.0,0.0
4470.0,PARMIGIANO REGGIANO DOP 200 grs FIX,DISTRIBUIDORES,PROVISIONES SUROESTE,"000917-PROVISIONES SUROESTE, S.L.",0.0,0.0,0.0,0.0,0.0,0.0,0.0,0.0,0.0,0.0,0.0,0.0,15.0,0.0,0.0,0.0,15.0,150.0,0.0,0.0,0.0,0.0,0.0,0.0,0.0,0.0,0.0,0.0,0.0,0.0,0.0,261.45,0.0,0.0,0.0,273.59,2735.84,0.0
4471.0,PROVOLONE 1 KG VACUUM,DISTRIBUIDORES,PROVISIONES SUROESTE,"000879-PROVISIONES SUROESTE, S.L.",0.0,0.0,0.0,0.0,0.0,0.0,0.0,0.0,0.0,0.0,0.0,0.0,0.0,0.0,0.0,0.0,0.0,0.0,0.0,0.0,0.0,0.0,0.0,0.0,0.0,0.0,0.0,0.0,0.0,0.0,0.0,0.0,0.0,0.0,0.0,0.0,0.0,0.0
4472.0,PROVOLONE 5 KG VACUUM,DISTRIBUIDORES,PROVISIONES SUROESTE,"000879-PROVISIONES SUROESTE, S.L.",836.38,0.0,0.0,0.0,0.0,0.0,0.0,0.0,0.0,0.0,0.0,0.0,0.0,0.0,0.0,0.0,0.0,0.0,0.0,6683.52,0.0,0.0,0.0,0.0,0.0,0.0,0.0,0.0,0.0,0.0,0.0,0.0,0.0,0.0,0.0,0.0,0.0,0.0
4472.0,PROVOLONE 5 KG VACUUM,DISTRIBUIDORES,PROVISIONES SUROESTE,"000917-PROVISIONES SUROESTE, S.L.",0.0,0.0,489.04,0.0,560.8,0.0,705.28,210.04,1045.74,272.78,140.12,0.0,349.8,481.92,141.24,603.22,625.94,410.36,764.56,0.0,0.0,4005.24,0.0,4681.55,0.0,5887.67,1753.41,8729.84,2277.17,1169.72,0.0,2868.36,3951.74,1158.17,4903.36,4942.43,3240.2,6064.09
4472.0,PROVOLONE 5 KG VACUUM,INDUSTRIALES & FOOD SERVICE,RESTO INDUSTRIALES & FOODSERVICE,000981-COMERCIAL ADVISOR 2030 S.L.U. (BLOQ.),0.0,0.0,0.0,0.0,0.0,0.0,0.0,0.0,0.0,0.0,0.0,0.0,0.0,0.0,0.0,0.0,5.72,0.0,0.0,0.0,0.0,0.0,0.0,0.0,0.0,0.0,0.0,0.0,0.0,0.0,0.0,0.0,0.0,0.0,0.0,51.77,0.0,0.0
4473.0,PROVOLONE 180 grs FIX,DISTRIBUIDORES,PROVISIONES SUROESTE,"000879-PROVISIONES SUROESTE, S.L.",2232.0,0.0,0.0,0.0,0.0,0.0,0.0,0.0,0.0,0.0,0.0,0.0,0.0,0.0,0.0,0.0,0.0,0.0,0.0,20507.61,0.0,0.0,0.0,0.0,0.0,0.0,0.0,0.0,0.0,0.0,0.0,0.0,0.0,0.0,0.0,0.0,0.0,0.0
4473.0,PROVOLONE 180 grs FIX,DISTRIBUIDORES,PROVISIONES SUROESTE,"000917-PROVISIONES SUROESTE, S.L.",0.0,756.0,0.0,378.0,0.0,907.2,907.2,907.2,0.0,756.0,982.8,385.2,1058.4,1058.4,378.0,982.8,604.8,378.0,982.8,0.0,7104.89,0.0,3611.79,0.0,8668.3,8668.3,8668.3,0.0,7223.58,9390.65,3680.58,9890.75,9890.75,3532.41,9129.61,5506.1,3441.31,8985.21
4474.0,MARGARINA 60% 3/4 BLOQUE 1 KG,DISTRIBUIDORES,PROVISIONES SUROESTE,"000879-PROVISIONES SUROESTE, S.L.",0.0,0.0,0.0,0.0,0.0,0.0,0.0,0.0,0.0,0.0,0.0,0.0,0.0,0.0,0.0,0.0,0.0,0.0,0.0,0.0,0.0,0.0,0.0,0.0,0.0,0.0,0.0,0.0,0.0,0.0,0.0,0.0,0.0,0.0,0.0,0.0,0.0,0.0
4474.0,MARGARINA 60% 3/4 BLOQUE 1 KG,DISTRIBUIDORES,PROVISIONES SUROESTE,"000917-PROVISIONES SUROESTE, S.L.",0.0,0.0,945.0,0.0,0.0,0.0,0.0,0.0,0.0,0.0,0.0,0.0,0.0,0.0,0.0,945.0,0.0,0.0,0.0,0.0,0.0,1915.52,0.0,0.0,0.0,0.0,0.0,0.0,0.0,0.0,0.0,0.0,0.0,0.0,1805.89,0.0,0.0,0.0
4475.0,MARGARINA 60% 3/4 MICRO 192 unds X 10 grs,DISTRIBUIDORES,PROVISIONES SUROESTE,"000879-PROVISIONES SUROESTE, S.L.",0.0,0.0,0.0,0.0,0.0,0.0,0.0,0.0,0.0,0.0,0.0,0.0,0.0,0.0,0.0,0.0,0.0,0.0,0.0,0.0,0.0,0.0,0.0,0.0,0.0,0.0,0.0,0.0,0.0,0.0,0.0,0.0,0.0,0.0,0.0,0.0,0.0,0.0
4475.0,MARGARINA 60% 3/4 MICRO 192 unds X 10 grs,DISTRIBUIDORES,PROVISIONES SUROESTE,"000917-PROVISIONES SUROESTE, S.L.",0.0,30.72,0.0,0.0,0.0,0.0,0.0,0.0,0.0,0.0,0.0,0.0,0.0,0.0,0.0,0.0,184.32,460.8,0.0,0.0,117.41,0.0,0.0,0.0,0.0,0.0,0.0,0.0,0.0,0.0,0.0,0.0,0.0,0.0,0.0,733.59,1679.16,0.0
4476.0,MARGARINA 60% TARRINA 2KG COCINAR-MONTAR,DISTRIBUIDORES,PROVISIONES SUROESTE,"000879-PROVISIONES SUROESTE, S.L.",0.0,0.0,0.0,0.0,0.0,0.0,0.0,0.0,0.0,0.0,0.0,0.0,0.0,0.0,0.0,0.0,0.0,0.0,0.0,0.0,0.0,0.0,0.0,0.0,0.0,0.0,0.0,0.0,0.0,0.0,0.0,0.0,0.0,0.0,0.0,0.0,0.0,0.0
4476.0,MARGARINA 60% TARRINA 2KG COCINAR-MONTAR,DISTRIBUIDORES,PROVISIONES SUROESTE,"000917-PROVISIONES SUROESTE, S.L.",0.0,324.0,1536.0,0.0,768.0,768.0,768.0,768.0,768.0,768.0,1536.0,768.0,768.0,768.0,1536.0,1536.0,1248.0,1536.0,2304.0,0.0,602.32,2855.42,0.0,1427.71,1427.71,1427.71,1427.71,1427.71,1427.71,2855.42,1427.71,1427.71,1427.71,2855.42,2937.6,2513.09,3019.78,4591.11
4477.0,MARGARINA 60% 500grs,DISTRIBUIDORES,PROVISIONES SUROESTE,"000879-PROVISIONES SUROESTE, S.L.",704.0,0.0,0.0,0.0,0.0,0.0,0.0,0.0,0.0,0.0,0.0,0.0,0.0,0.0,0.0,0.0,0.0,0.0,0.0,1892.35,0.0,0.0,0.0,0.0,0.0,0.0,0.0,0.0,0.0,0.0,0.0,0.0,0.0,0.0,0.0,0.0,0.0,0.0
4477.0,MARGARINA 60% 500grs,DISTRIBUIDORES,PROVISIONES SUROESTE,"000917-PROVISIONES SUROESTE, S.L.",0.0,0.0,0.0,0.0,0.0,352.0,0.0,0.0,704.0,0.0,0.0,0.0,0.0,704.0,0.0,0.0,704.0,0.0,0.0,0.0,0.0,0.0,0.0,0.0,946.18,0.0,0.0,1892.35,0.0,0.0,0.0,0.0,1892.35,0.0,0.0,1892.35,0.0,0.0
4478.0,MARGARINA 82% TARRINA 1 KG,DISTRIBUIDORES,PROVISIONES SUROESTE,"000879-PROVISIONES SUROESTE, S.L.",0.0,0.0,0.0,0.0,0.0,0.0,0.0,0.0,0.0,0.0,0.0,0.0,0.0,0.0,0.0,0.0,0.0,0.0,0.0,0.0,0.0,0.0,0.0,0.0,0.0,0.0,0.0,0.0,0.0,0.0,0.0,0.0,0.0,0.0,0.0,0.0,0.0,0.0
4478.0,MARGARINA 82% TARRINA 1 KG,DISTRIBUIDORES,PROVISIONES SUROESTE,"000917-PROVISIONES SUROESTE, S.L.",0.0,0.0,576.0,0.0,576.0,576.0,0.0,0.0,576.0,0.0,0.0,576.0,0.0,0.0,576.0,0.0,0.0,576.0,0.0,0.0,0.0,1469.95,0.0,1469.95,1469.95,0.0,0.0,1383.55,0.0,0.0,1383.55,0.0,0.0,1383.55,0.0,0.0,1383.55,0.0
4479.0,"NATA VEGETAL DUO MONTAR-COCINAR 26,5% 1 L",DISTRIBUIDORES,PROVISIONES SUROESTE,"000879-PROVISIONES SUROESTE, S.L.",0.0,0.0,0.0,0.0,0.0,0.0,0.0,0.0,0.0,0.0,0.0,0.0,0.0,0.0,0.0,0.0,0.0,0.0,0.0,0.0,0.0,0.0,0.0,0.0,0.0,0.0,0.0,0.0,0.0,0.0,0.0,0.0,0.0,0.0,0.0,0.0,0.0,0.0
4479.0,"NATA VEGETAL DUO MONTAR-COCINAR 26,5% 1 L",DISTRIBUIDORES,PROVISIONES SUROESTE,"000917-PROVISIONES SUROESTE, S.L.",0.0,0.0,0.0,0.0,0.0,0.0,900.0,0.0,900.0,0.0,0.0,0.0,0.0,0.0,900.0,0.0,900.0,0.0,0.0,0.0,0.0,0.0,0.0,0.0,0.0,1852.2,0.0,1692.0,0.0,0.0,0.0,0.0,0.0,1692.0,0.0,1692.0,0.0,0.0
4480.0,NATA VEGETAL 14% 1L,DISTRIBUIDORES,PROVISIONES SUROESTE,"000879-PROVISIONES SUROESTE, S.L.",450.0,0.0,0.0,0.0,0.0,0.0,0.0,0.0,0.0,0.0,0.0,0.0,0.0,0.0,0.0,0.0,0.0,0.0,0.0,687.6,0.0,0.0,0.0,0.0,0.0,0.0,0.0,0.0,0.0,0.0,0.0,0.0,0.0,0.0,0.0,0.0,0.0,0.0
4480.0,NATA VEGETAL 14% 1L,DISTRIBUIDORES,PROVISIONES SUROESTE,"000917-PROVISIONES SUROESTE, S.L.",0.0,0.0,900.0,900.0,900.0,0.0,900.0,1800.0,0.0,0.0,0.0,900.0,0.0,1800.0,900.0,1800.0,0.0,900.0,900.0,0.0,0.0,1446.3,1446.3,1446.3,0.0,1446.3,2892.6,0.0,0.0,0.0,1446.3,0.0,2892.6,1446.3,2892.6,0.0,1473.3,1473.3
4484.0,CREMA GOUDA 125 g LA TAPERÍA,DISTRIBUIDORES,RESTO DISTRIBUIDORES,000679-SPANISH CHEESE S.L.U.,0.0,0.0,0.0,0.0,0.0,0.0,0.0,0.0,0.0,0.0,0.0,0.0,0.0,0.0,0.0,0.0,0.0,50.0,0.0,0.0,0.0,0.0,0.0,0.0,0.0,0.0,0.0,0.0,0.0,0.0,0.0,0.0,0.0,0.0,0.0,0.0,398.3,0.0
4484.0,CREMA GOUDA 125 g LA TAPERÍA,INTERNO,INTERNO,"000086-CENTRAL QUESERA MONTESINOS, S.L.U.",0.0,0.0,0.0,0.0,0.0,0.0,0.0,0.0,0.0,0.0,0.0,0.0,0.0,0.0,0.0,0.0,0.0,0.0,420.0,0.0,0.0,0.0,0.0,0.0,0.0,0.0,0.0,0.0,0.0,0.0,0.0,0.0,0.0,0.0,0.0,0.0,0.0,3345.72
4485.0,QUESO CHEDDAR AMARILLO BARRA,DISTRIBUIDORES,PROVISIONES SUROESTE,"000879-PROVISIONES SUROESTE, S.L.",2237.63,0.0,1155.32,0.0,0.0,549.59,552.32,0.0,902.7,302.49,635.46,0.0,608.03,102.67,646.75,549.29,913.26,0.0,1406.002,16110.94,0.0,8318.3,0.0,0.0,3957.05,3976.7,0.0,6499.44,2177.93,4575.31,0.0,4195.41,708.43,4462.57,3790.11,6301.49,0.0,9701.41
4485.0,QUESO CHEDDAR AMARILLO BARRA,INDUSTRIALES & FOOD SERVICE,INTERPROVEEDORES,"000623-NOEL ALIMENTARIA, S.A.U.",0.0,0.0,0.0,0.0,0.0,0.0,0.0,0.0,0.0,0.0,0.0,0.0,0.0,0.0,0.0,0.0,0.0,0.0,2535.56,0.0,0.0,0.0,0.0,0.0,0.0,0.0,0.0,0.0,0.0,0.0,0.0,0.0,0.0,0.0,0.0,0.0,0.0,17495.37
4488.0,SAL COMÚN,INTERNO,INTERNO,"000086-CENTRAL QUESERA MONTESINOS, S.L.U.",6000.0,0.0,0.0,0.0,0.0,0.0,0.0,0.0,0.0,0.0,0.0,0.0,0.0,0.0,0.0,0.0,0.0,0.0,0.0,1620.0,0.0,0.0,0.0,0.0,0.0,0.0,0.0,0.0,0.0,0.0,0.0,0.0,0.0,0.0,0.0,0.0,0.0,0.0
4491.0,QUESO RALLADO FUNDIDO EN HILO 200 g GOURMET,RETAIL,EUROMADI,"000512-TRANSGOURMET IBÉRICA, SAU",0.0,0.0,0.0,0.0,0.0,0.0,0.0,0.0,772.8,2301.6,1747.2,2184.0,1740.0,1274.4,2083.2,1612.8,1411.2,1176.0,1881.6,0.0,0.0,0.0,0.0,0.0,0.0,0.0,0.0,5073.43,15110.03,11029.21,14337.95,11423.11,8366.42,13322.03,10313.82,8793.43,7014.81,11223.75
4492.0,QUESO RALLADO HILO EMMENTAL 150 g GOURMET,RETAIL,EUROMADI,"000512-TRANSGOURMET IBÉRICA, SAU",0.0,0.0,0.0,0.0,0.0,0.0,0.0,2475.9,1738.8,1701.0,1671.6,1764.0,1587.6,1528.8,1910.7,1470.0,1205.4,1449.0,1352.4,0.0,0.0,0.0,0.0,0.0,0.0,0.0,19741.12,13864.02,13093.81,12156.12,14064.96,12658.46,12189.64,14912.65,11201.42,9119.32,10770.89,10052.84
4493.0,LONCHAS GOUDA 200 g GOURMET,RETAIL,EUROMADI,"000512-TRANSGOURMET IBÉRICA, SAU",0.0,0.0,0.0,0.0,0.0,0.0,0.0,0.0,2323.2,4368.0,3400.8,4960.8,2090.4,4924.8,3962.4,3650.4,3900.0,4048.8,4804.8,0.0,0.0,0.0,0.0,0.0,0.0,0.0,0.0,15321.5,28806.93,22428.27,32716.44,13277.0,30899.84,24257.96,22139.61,23518.68,24070.11,28564.53
4494.0,LONCHAS EDAM 200 g GOURMET,RETAIL,EUROMADI,"000512-TRANSGOURMET IBÉRICA, SAU",0.0,0.0,0.0,0.0,0.0,0.0,0.0,0.0,0.0,0.0,0.0,0.0,0.0,0.0,0.0,0.0,0.0,1591.2,3897.6,0.0,0.0,0.0,0.0,0.0,0.0,0.0,0.0,0.0,0.0,0.0,0.0,0.0,0.0,0.0,0.0,0.0,9459.68,23171.24
4495.0,LONCHAS EMMENTAL 200 g GOURMET,RETAIL,EUROMADI,"000512-TRANSGOURMET IBÉRICA, SAU",0.0,0.0,0.0,0.0,0.0,0.0,0.0,0.0,0.0,0.0,0.0,0.0,0.0,0.0,0.0,0.0,0.0,811.2,1932.0,0.0,0.0,0.0,0.0,0.0,0.0,0.0,0.0,0.0,0.0,0.0,0.0,0.0,0.0,0.0,0.0,0.0,6039.39,14383.76
4496.0,LONCHAS CREMOSO 200 g GOURMET,CASH & CARRY,OTROS CASH & CARRY,"000931-TRANSGOURMET IBÉRICA, SAU",0.0,0.0,0.0,0.0,0.0,0.0,624.0,0.0,0.0,0.0,0.0,0.0,0.0,0.0,0.0,0.0,0.0,0.0,0.0,0.0,0.0,0.0,0.0,0.0,0.0,5840.65,0.0,0.0,0.0,0.0,0.0,0.0,0.0,0.0,0.0,0.0,0.0,0.0
4496.0,LONCHAS CREMOSO 200 g GOURMET,RETAIL,EUROMADI,"000512-TRANSGOURMET IBÉRICA, SAU",0.0,0.0,0.0,0.0,0.0,0.0,0.0,530.4,621.6,1185.6,1154.4,780.0,612.0,967.2,998.4,1060.8,842.4,1432.8,1425.6,0.0,0.0,0.0,0.0,0.0,0.0,0.0,4964.54,5818.17,11097.21,10805.17,6716.74,5728.3,9052.96,9113.53,9366.87,7438.4,12651.64,12588.04
4496.0,LONCHAS CREMOSO 200 g GOURMET,RETAIL,EUROMADI,"000931-TRANSGOURMET IBÉRICA, SAU",0.0,0.0,0.0,0.0,0.0,0.0,0.0,0.0,0.0,0.0,0.0,0.0,0.0,0.0,0.0,0.0,0.0,0.0,0.0,0.0,0.0,0.0,0.0,0.0,0.0,0.0,0.0,0.0,0.0,0.0,0.0,0.0,0.0,0.0,0.0,0.0,0.0,0.0
4497.0,LONCHAS CREMOSO LIGHT 200 g GOURMET,CASH & CARRY,OTROS CASH & CARRY,"000931-TRANSGOURMET IBÉRICA, SAU",0.0,0.0,0.0,0.0,0.0,600.0,1089.6,93.6,0.0,-120.0,0.0,0.0,0.0,0.0,0.0,0.0,0.0,0.0,0.0,0.0,0.0,0.0,0.0,0.0,5616.0,10198.67,876.1,0.0,-1123.2,0.0,0.0,0.0,0.0,0.0,0.0,0.0,0.0,0.0
4497.0,LONCHAS CREMOSO LIGHT 200 g GOURMET,RETAIL,EUROMADI,"000512-TRANSGOURMET IBÉRICA, SAU",0.0,0.0,0.0,0.0,0.0,0.0,0.0,1017.6,624.0,998.4,967.2,780.0,717.6,967.2,936.0,760.8,902.2,873.6,1144.8,0.0,0.0,0.0,0.0,0.0,0.0,0.0,9524.74,5840.63,9345.0,9052.98,7300.78,6716.7,9052.96,8546.0,6717.88,7966.48,7713.92,10108.6
4497.0,LONCHAS CREMOSO LIGHT 200 g GOURMET,RETAIL,EUROMADI,"000931-TRANSGOURMET IBÉRICA, SAU",0.0,0.0,0.0,0.0,0.0,0.0,0.0,0.0,0.0,0.0,0.0,0.0,0.0,0.0,0.0,0.0,0.0,0.0,0.0,0.0,0.0,0.0,0.0,0.0,0.0,0.0,0.0,0.0,0.0,0.0,0.0,0.0,0.0,0.0,0.0,0.0,0.0,0.0
4499.0,MOZZARELLA FRESCA FILABELLA 125 g,RETAIL,EUROMADI,"000595-MARKANT ESPAÑA, S.A.U.",0.0,0.0,0.0,0.0,0.0,0.0,0.0,0.0,0.0,0.0,0.0,0.0,0.0,0.0,0.0,0.0,0.0,0.0,0.0,0.0,0.0,0.0,0.0,0.0,0.0,0.0,0.0,0.0,0.0,0.0,0.0,0.0,0.0,0.0,0.0,0.0,0.0,0.0
4499.0,MOZZARELLA FRESCA FILABELLA 125 g,RETAIL,IFA,000648-CONDIS SUPERMERCATS S.A.,0.0,0.0,0.0,0.0,0.0,0.0,0.0,0.0,0.0,0.0,0.0,0.0,0.0,0.0,0.0,0.0,0.0,0.0,0.0,0.0,0.0,0.0,0.0,0.0,0.0,0.0,0.0,0.0,0.0,0.0,0.0,0.0,0.0,0.0,0.0,0.0,0.0,0.0
4499.0,MOZZARELLA FRESCA FILABELLA 125 g,RETAIL,IFA,"000663-GADISA RETAIL, S.L.U.",0.0,0.0,0.0,0.0,0.0,0.0,0.0,0.0,0.0,0.0,0.0,0.0,0.0,0.0,0.0,0.0,0.0,0.0,0.0,0.0,0.0,0.0,0.0,0.0,0.0,0.0,0.0,0.0,0.0,0.0,0.0,0.0,0.0,0.0,0.0,0.0,0.0,0.0
4500.0,QUESO BRIE CON TRUFA 1 KG VARIABLE,CASH & CARRY,MAKRO,000621-MAKRO DISTRIBUCIÓN MAYORISTA SA,251.55,176.602,170.805,188.46,168.445,118.189,186.355,136.225,214.49,238.737,297.49,405.215,157.1,183.4,145.73,104.95,168.44,162.325,151.47,4188.3,2940.43,2843.89,3137.85,2804.59,1967.84,3102.82,2268.15,3571.25,3974.96,4923.44,6409.49,2569.96,3053.62,2426.39,1747.42,2804.51,2702.7,2521.97
4500.0,QUESO BRIE CON TRUFA 1 KG VARIABLE,INDUSTRIALES & FOOD SERVICE,RESTO INDUSTRIALES & FOODSERVICE,000981-COMERCIAL ADVISOR 2030 S.L.U. (BLOQ.),0.0,0.0,0.0,0.0,0.0,0.0,0.0,0.0,0.0,0.0,0.0,0.0,0.0,0.0,0.0,0.0,1.0,0.0,0.0,0.0,0.0,0.0,0.0,0.0,0.0,0.0,0.0,0.0,0.0,0.0,0.0,0.0,0.0,0.0,0.0,15.25,0.0,0.0
4501.0,PERLAS DE MOZZARELLA FILABELLA 150 g,RETAIL,EUROMADI,"000595-MARKANT ESPAÑA, S.A.U.",0.0,0.0,0.0,0.0,0.0,0.0,0.0,0.0,72.0,144.0,691.2,548.1,662.4,518.4,734.4,849.6,691.2,950.4,1253.7,0.0,0.0,0.0,0.0,0.0,0.0,0.0,0.0,633.6,1267.2,6082.56,4823.28,5829.12,4561.92,6462.72,7476.48,6082.56,8363.52,11032.56
4502.0,BURRATA FILABELLA FRESH 125 G,RETAIL,EUROMADI,"000595-MARKANT ESPAÑA, S.A.U.",0.0,0.0,0.0,0.0,0.0,0.0,0.0,0.0,0.0,0.0,0.0,0.0,0.0,0.0,0.0,0.0,0.0,0.0,0.0,0.0,0.0,0.0,0.0,0.0,0.0,0.0,0.0,0.0,0.0,0.0,0.0,0.0,0.0,0.0,0.0,0.0,0.0,0.0
4502.0,BURRATA FILABELLA FRESH 125 G,RETAIL,IFA,000648-CONDIS SUPERMERCATS S.A.,0.0,0.0,0.0,0.0,0.0,0.0,0.0,0.0,0.0,0.0,0.0,0.0,0.0,0.0,0.0,0.0,0.0,0.0,0.0,0.0,0.0,0.0,0.0,0.0,0.0,0.0,0.0,0.0,0.0,0.0,0.0,0.0,0.0,0.0,0.0,0.0,0.0,0.0
4502.0,BURRATA FILABELLA FRESH 125 G,RETAIL,IFA,"000663-GADISA RETAIL, S.L.U.",0.0,0.0,0.0,0.0,0.0,0.0,0.0,0.0,0.0,0.0,0.0,0.0,0.0,0.0,0.0,0.0,0.0,0.0,0.0,0.0,0.0,0.0,0.0,0.0,0.0,0.0,0.0,0.0,0.0,0.0,0.0,0.0,0.0,0.0,0.0,0.0,0.0,0.0
4505.0,CREMA DE QUESO CAMEMBERT 150 G. HACENDADO,MERCADONA,IRMADONA,"000525-IRMÃDONA SUPERMERCADOS, UNIPESSOAL, LDA",1843.2,2304.0,2764.8,2304.0,1843.2,2304.0,1843.2,2304.0,2304.0,2764.8,1843.2,3686.4,2304.0,1843.2,2304.0,2304.0,2304.0,2304.0,2304.0,14585.8,18232.25,21617.65,18063.42,14499.92,18124.9,14499.92,18124.9,18124.9,21897.24,14598.16,29196.31,17955.75,14364.6,17955.75,17832.95,17832.95,17832.95,17832.95
4505.0,CREMA DE QUESO CAMEMBERT 150 G. HACENDADO,MERCADONA,MERCADONA,"000128-MERCADONA, S.A.",50227.2,41011.2,44697.6,46080.0,44697.6,40550.4,46540.8,47462.4,43776.0,46540.8,42391.2,65433.6,39628.8,41932.8,44234.4,42393.6,38246.4,45158.4,56678.4,397463.05,324534.05,353705.65,366471.28,356986.19,323863.76,371707.27,379067.81,349625.65,373875.74,340540.81,525647.13,313333.26,331550.31,349748.38,332929.6,300360.4,354642.4,445112.4
4506.0,CREMA DE QUESO BRIE TRUFA 150 G. HACENDADO,MERCADONA,IRMADONA,"000525-IRMÃDONA SUPERMERCADOS, UNIPESSOAL, LDA",0.0,0.0,0.0,0.0,0.0,0.0,0.0,0.0,0.0,0.0,2304.0,1382.4,0.0,0.0,0.0,0.0,0.0,0.0,0.0,0.0,0.0,0.0,0.0,0.0,0.0,0.0,0.0,0.0,0.0,17710.15,10626.09,0.0,0.0,0.0,0.0,0.0,0.0,0.0
4506.0,CREMA DE QUESO BRIE TRUFA 150 G. HACENDADO,MERCADONA,MERCADONA,"000128-MERCADONA, S.A.",0.0,0.0,0.0,0.0,0.0,0.0,0.0,0.0,0.0,0.0,36400.8,36184.8,0.0,0.0,0.0,0.0,0.0,0.0,0.0,0.0,0.0,0.0,0.0,0.0,0.0,0.0,0.0,0.0,0.0,283926.24,282240.94,0.0,0.0,0.0,0.0,0.0,0.0,0.0
4507.0,FROMAGIO DURO ITALIANO 500 G FLAKES,DISTRIBUIDORES,PROVISIONES SUROESTE,"000917-PROVISIONES SUROESTE, S.L.",0.0,0.0,96.0,120.0,96.0,72.0,90.0,24.0,84.0,186.0,72.0,72.0,0.0,60.0,90.0,141.0,380.54,144.0,-32.54,0.0,0.0,1189.44,1505.76,1204.61,903.46,1129.32,301.15,1054.03,2333.93,903.46,903.45,0.0,727.67,1091.52,1654.82,4323.31,1635.98,-382.28
4508.0,GRAN FORMAGGIO ITALIANO 1/2 WHEELS,DISTRIBUIDORES,PROVISIONES SUROESTE,"000917-PROVISIONES SUROESTE, S.L.",0.0,0.0,0.0,0.0,149.2,0.0,0.0,0.0,0.0,0.0,0.0,151.52,0.0,0.0,0.0,0.0,0.0,0.0,0.0,0.0,0.0,0.0,0.0,1472.6,0.0,0.0,0.0,0.0,0.0,0.0,1495.5,0.0,0.0,0.0,0.0,0.0,0.0,0.0
4509.0,FORMAGGIO GRANA PADANO DOP 1/2,DISTRIBUIDORES,PROVISIONES SUROESTE,"000917-PROVISIONES SUROESTE, S.L.",0.0,0.0,0.0,0.0,0.0,0.0,0.0,0.0,0.0,0.0,0.0,0.0,0.0,0.0,0.0,37.18,0.0,0.0,0.0,0.0,0.0,0.0,0.0,0.0,0.0,0.0,0.0,0.0,0.0,0.0,0.0,0.0,0.0,0.0,400.95,0.0,0.0,0.0
4510.0,CREMA TEX MEX 150 g HACENDADO,MERCADONA,IRMADONA,"000525-IRMÃDONA SUPERMERCADOS, UNIPESSOAL, LDA",1382.4,1382.4,1382.4,921.6,1382.4,921.6,921.6,921.6,921.6,0.0,0.0,0.0,0.0,0.0,0.0,0.0,0.0,0.0,0.0,8395.74,8395.74,8285.14,5529.6,8358.96,5572.64,5572.64,5572.64,5572.64,0.0,0.0,0.0,0.0,0.0,0.0,0.0,0.0,0.0,0.0
4510.0,CREMA TEX MEX 150 g HACENDADO,MERCADONA,MERCADONA,"000128-MERCADONA, S.A.",34560.0,30866.4,29491.2,28466.4,25804.8,22579.2,25804.8,26265.6,18432.0,6132.0,0.0,0.0,0.0,0.0,0.0,0.0,0.0,0.0,0.0,209893.49,187461.13,179109.12,174262.46,159130.72,139239.38,159130.72,161972.33,113664.8,37814.26,0.0,0.0,0.0,0.0,0.0,0.0,0.0,0.0,0.0
4511.0,CREMA DE QUESO FLAMENGO 125 G. HACENDADO,MERCADONA,IRMADONA,"000525-IRMÃDONA SUPERMERCADOS, UNIPESSOAL, LDA",3840.0,3456.0,4608.0,3456.0,1184.0,0.0,0.0,0.0,0.0,0.0,0.0,0.0,0.0,0.0,0.0,0.0,0.0,0.0,0.0,20889.6,18800.64,25067.52,18800.64,6440.96,0.0,0.0,0.0,0.0,0.0,0.0,0.0,0.0,0.0,0.0,0.0,0.0,0.0,0.0
4512.0,BURRATA 125 g IFA,RETAIL,EUROMADI,"000714-UNIALCO, S.L.",0.0,0.0,0.0,0.0,0.0,0.0,0.0,0.0,0.0,0.0,0.0,0.0,0.0,0.0,1284.0,0.0,0.0,0.0,0.0,0.0,0.0,0.0,0.0,0.0,0.0,0.0,0.0,0.0,0.0,0.0,0.0,0.0,0.0,14873.86,0.0,0.0,0.0,0.0
4512.0,BURRATA 125 g IFA,RETAIL,IFA,000657-SCABER Scai,0.0,24.0,48.0,84.0,108.0,48.0,72.0,144.0,108.0,156.0,72.0,108.0,108.0,96.0,96.0,132.0,120.0,108.0,36.0,0.0,284.16,574.28,1015.39,1263.37,556.04,837.71,1668.1,1251.08,1807.1,834.06,1251.07,1251.08,1112.08,1112.07,1529.1,1390.08,1251.08,417.02
4512.0,BURRATA 125 g IFA,RETAIL,IFA,000662-ALIMENTACION PENINSULAR S.A.,0.0,0.0,0.0,0.0,0.0,0.0,0.0,0.0,0.0,0.0,0.0,0.0,0.0,0.0,0.0,0.0,108.0,12.0,36.0,0.0,0.0,0.0,0.0,0.0,0.0,0.0,0.0,0.0,0.0,0.0,0.0,0.0,0.0,0.0,0.0,1262.02,139.01,417.03
4512.0,BURRATA 125 g IFA,RETAIL,IFA,"000663-GADISA RETAIL, S.L.U.",0.0,0.0,0.0,0.0,0.0,0.0,0.0,0.0,0.0,0.0,0.0,0.0,0.0,0.0,0.0,0.0,0.0,0.0,0.0,0.0,0.0,0.0,0.0,0.0,0.0,0.0,0.0,0.0,0.0,0.0,0.0,0.0,0.0,0.0,0.0,0.0,0.0,0.0
4512.0,BURRATA 125 g IFA,RETAIL,IFA,000674-GRUPO HERMANOS MARTÍN S.A.,0.0,744.0,720.0,1068.0,744.0,1200.0,1476.0,1296.0,1164.0,1368.0,1308.0,636.0,948.0,1164.0,1068.0,1200.0,1188.0,1380.0,1440.75,0.0,8797.06,8513.28,12628.04,8561.87,13718.4,16857.51,14815.88,13306.86,15638.97,15040.6,7183.21,10837.53,13306.85,12209.38,13718.4,13581.23,15760.61,16454.66
4512.0,BURRATA 125 g IFA,RETAIL,IFA,"000714-UNIALCO, S.L.",0.0,0.0,27.0,321.0,324.0,606.0,540.0,708.0,840.0,948.0,852.0,1008.0,960.0,1032.0,0.0,0.0,0.0,0.0,0.0,0.0,0.0,319.68,3800.64,3753.22,7019.91,6277.26,8157.69,9730.57,10981.63,9869.57,11676.68,11120.64,11954.69,0.0,0.0,0.0,0.0,0.0
4512.0,BURRATA 125 g IFA,RETAIL,IFA,000926-ECOMORA S.A.,0.0,0.0,0.0,31.5,288.0,252.0,228.0,-24.0,0.0,0.0,0.0,0.0,0.0,0.0,0.0,0.0,0.0,0.0,0.0,0.0,0.0,0.0,372.96,3339.84,1396.12,2655.74,-278.01,0.0,0.0,0.0,0.0,0.0,0.0,0.0,0.0,0.0,0.0,0.0
4512.0,BURRATA 125 g IFA,RETAIL,IFA,000939-PUGA  AUTOSERVICIO MAYORISTA SL,0.0,0.0,0.0,0.0,0.0,0.0,0.0,0.0,12.0,0.0,12.0,0.0,0.0,0.0,0.0,0.0,0.0,0.0,0.0,0.0,0.0,0.0,0.0,0.0,0.0,0.0,0.0,139.01,0.0,142.66,0.0,0.0,0.0,0.0,0.0,0.0,0.0,0.0
4512.0,BURRATA 125 g IFA,RETAIL,IFA,"000986-FERJAMA, S.A.",0.0,0.0,0.0,0.0,0.0,0.0,0.0,0.0,0.0,0.0,0.0,0.0,0.0,0.0,0.0,0.0,0.0,24.0,0.0,0.0,0.0,0.0,0.0,0.0,0.0,0.0,0.0,0.0,0.0,0.0,0.0,0.0,0.0,0.0,0.0,0.0,285.31,0.0
4513.0,LONCHAS EDAM LIGHT 200 G AUCHAN,RETAIL,EUROMADI,000666-ALCAMPO S.A.,0.0,0.0,0.0,0.0,0.0,0.0,0.0,1156.8,1065.6,981.6,1008.0,823.2,823.2,820.8,868.8,1041.6,914.4,828.0,835.2,0.0,0.0,0.0,0.0,0.0,0.0,0.0,7629.12,7027.63,6473.7,6647.79,5429.03,5283.42,5144.47,5322.49,6317.33,5504.12,4922.49,4965.32
4514.0,LONCHAS EMMENTAL 200 G AUCHAN,RETAIL,EUROMADI,000666-ALCAMPO S.A.,0.0,0.0,0.0,0.0,0.0,3556.8,4276.8,4526.4,4401.6,4946.4,4660.8,5044.8,4516.8,4188.0,4612.8,5294.4,4605.6,4732.8,4944.0,0.0,0.0,0.0,0.0,0.0,27689.67,33294.87,35238.04,34266.43,38507.75,36284.31,39273.77,33257.52,32603.58,35252.15,39416.78,34288.7,35235.69,36808.09
4515.0,"RALLADO ROJO TIRAS 1,5 KG.",INDUSTRIALES & FOOD SERVICE,INTERPROVEEDORES,000443-FRESCOS Y  ELABORADOS DELISANO  S.A.U.,24.0,0.0,0.0,0.0,0.0,0.0,0.0,0.0,0.0,0.0,0.0,0.0,0.0,0.0,0.0,0.0,0.0,0.0,0.0,92.88,0.0,0.0,0.0,0.0,0.0,0.0,0.0,0.0,0.0,0.0,0.0,0.0,0.0,0.0,0.0,0.0,0.0,0.0
4516.0,EDAM BOLAS FUNDIR FRIESLAND CAMPINA (VONK),INTERNO,INTERNO,"000086-CENTRAL QUESERA MONTESINOS, S.L.U.",0.0,0.0,0.0,0.0,0.0,0.0,4772.0,12348.5,-2816.0,0.0,0.0,0.0,0.0,0.0,0.0,0.0,0.0,0.0,0.0,0.0,0.0,0.0,0.0,0.0,0.0,19546.11,47788.69,-9839.34,0.0,0.0,0.0,0.0,0.0,0.0,0.0,0.0,0.0,0.0
4517.0,"SP. PIZZA SHREDDED 1,5 Kg FROZEN",DISTRIBUIDORES,RESTO DISTRIBUIDORES,000679-SPANISH CHEESE S.L.U.,0.0,0.0,0.0,0.0,0.0,0.0,0.0,0.0,0.0,0.0,0.0,0.0,0.0,0.0,0.0,0.0,0.0,27144.0,0.0,0.0,0.0,0.0,0.0,0.0,0.0,0.0,0.0,0.0,0.0,0.0,0.0,0.0,0.0,0.0,0.0,0.0,78174.72,0.0
4517.0,"SP. PIZZA SHREDDED 1,5 Kg FROZEN",EXPORT,RESTO EXPORT,000895-RAINFOREST SEAFOODS LTD (BLOQ.),0.0,0.0,0.0,0.0,0.0,0.0,0.0,0.0,-27216.0,0.0,0.0,0.0,0.0,0.0,0.0,0.0,0.0,0.0,0.0,0.0,0.0,0.0,0.0,0.0,0.0,0.0,0.0,-100699.2,0.0,0.0,0.0,0.0,0.0,0.0,0.0,0.0,0.0,0.0
4517.0,"SP. PIZZA SHREDDED 1,5 Kg FROZEN",EXPORT,RESTO EXPORT,111112-CLIENTES EXPORTACION (PRESUPESTO),0.0,0.0,0.0,0.0,0.0,0.0,0.0,0.0,0.0,0.0,0.0,0.0,0.0,0.0,0.0,0.0,0.0,0.0,0.0,0.0,0.0,0.0,0.0,0.0,0.0,0.0,0.0,0.0,0.0,0.0,0.0,0.0,0.0,0.0,0.0,0.0,0.0,0.0
4519.0,EDAM BARRA ROYAL CROWN,DISTRIBUIDORES,PROVISIONES SUROESTE,"000879-PROVISIONES SUROESTE, S.L.",11768.37,0.0,0.0,0.0,0.0,0.0,0.0,5455.08,15783.63,8368.27,2794.46,17067.35,24133.68,12451.47,9369.41,10695.13,8037.43,13449.53,9786.04,56594.08,0.0,0.0,0.0,0.0,0.0,0.0,26064.37,72131.19,36820.39,11636.13,67390.48,87846.6,45323.35,34104.65,38287.67,29405.35,46400.88,33761.85
4519.0,EDAM BARRA ROYAL CROWN,DISTRIBUIDORES,PROVISIONES SUROESTE,"000917-PROVISIONES SUROESTE, S.L.",0.0,6439.77,13729.68,22142.25,21974.11,0.0,0.0,0.0,0.0,0.0,0.0,0.0,0.0,0.0,0.0,0.0,0.0,0.0,0.0,0.0,31715.87,67618.67,109050.58,100060.96,0.0,0.0,0.0,0.0,0.0,0.0,0.0,0.0,0.0,0.0,0.0,0.0,0.0,0.0
4519.0,EDAM BARRA ROYAL CROWN,DISTRIBUIDORES,RESTO DISTRIBUIDORES,"000643-ORTHIDAL, S.L.",0.0,0.0,0.0,0.0,0.0,0.0,0.0,0.0,0.0,0.0,0.0,0.0,0.0,0.0,0.0,0.0,613.31,14087.83,0.0,0.0,0.0,0.0,0.0,0.0,0.0,0.0,0.0,0.0,0.0,0.0,0.0,0.0,0.0,0.0,0.0,2122.05,48743.89,0.0
4519.0,EDAM BARRA ROYAL CROWN,DISTRIBUIDORES,RESTO DISTRIBUIDORES,000651-COMERGRAN S.L.,0.0,0.0,0.0,0.0,0.0,0.0,0.0,0.0,0.0,0.0,0.0,911.32,938.02,0.0,1696.39,523.59,541.62,530.94,230.52,0.0,0.0,0.0,0.0,0.0,0.0,0.0,0.0,0.0,0.0,0.0,3517.7,3414.39,0.0,6039.14,1863.98,1902.96,1831.74,795.29
4519.0,EDAM BARRA ROYAL CROWN,RETAIL,EUROMADI,"000931-TRANSGOURMET IBÉRICA, SAU",0.0,0.0,0.0,0.0,0.0,0.0,0.0,0.0,0.0,0.0,0.0,0.0,0.0,0.0,0.0,2416.78,990.61,2308.95,4097.47,0.0,0.0,0.0,0.0,0.0,0.0,0.0,0.0,0.0,0.0,0.0,0.0,0.0,0.0,0.0,9691.29,3972.35,8427.65,14682.16
4520.0,GOUDA BARRA ROYAL CROWN,DISTRIBUIDORES,PROVISIONES SUROESTE,"000879-PROVISIONES SUROESTE, S.L.",7410.7,0.0,0.0,0.0,0.0,0.0,0.0,5598.62,4595.83,6182.54,4397.92,15755.22,15340.35,11165.74,9222.02,9278.05,4906.27,1843.25,4177.02,37349.93,0.0,0.0,0.0,0.0,0.0,0.0,27746.77,21738.27,27203.18,18312.93,62168.05,55838.88,40643.29,33568.15,19927.61,18398.51,6359.21,14410.72
4520.0,GOUDA BARRA ROYAL CROWN,DISTRIBUIDORES,PROVISIONES SUROESTE,"000917-PROVISIONES SUROESTE, S.L.",0.0,2743.53,9039.08,0.0,12176.98,0.0,0.0,0.0,0.0,0.0,0.0,0.0,0.0,0.0,0.0,0.0,0.0,0.0,0.0,0.0,14260.87,46985.14,0.0,60276.05,0.0,0.0,0.0,0.0,0.0,0.0,0.0,0.0,0.0,0.0,0.0,0.0,0.0,0.0
4520.0,GOUDA BARRA ROYAL CROWN,DISTRIBUIDORES,RESTO DISTRIBUIDORES,"000643-ORTHIDAL, S.L.",0.0,0.0,0.0,0.0,0.0,0.0,0.0,0.0,0.0,0.0,0.0,0.0,0.0,0.0,0.0,0.0,609.76,13545.26,18529.06,0.0,0.0,0.0,0.0,0.0,0.0,0.0,0.0,0.0,0.0,0.0,0.0,0.0,0.0,0.0,0.0,2109.77,46866.6,64110.55
4520.0,GOUDA BARRA ROYAL CROWN,DISTRIBUIDORES,RESTO DISTRIBUIDORES,000651-COMERGRAN S.L.,0.0,0.0,0.0,0.0,0.0,0.0,0.0,0.0,0.0,0.0,0.0,0.0,0.0,130.63,998.51,0.0,0.0,0.0,148.91,0.0,0.0,0.0,0.0,0.0,0.0,0.0,0.0,0.0,0.0,0.0,0.0,0.0,475.49,3554.7,0.0,0.0,0.0,513.74
4521.0,"QUESO RALLADO TIPO MONTERREY JACK TIRAS 1,5 KG.",CASH & CARRY,MAKRO,000621-MAKRO DISTRIBUCIÓN MAYORISTA SA,156.0,204.0,324.0,288.0,348.0,336.0,408.0,324.0,276.0,408.0,264.0,444.0,372.0,180.0,372.0,300.0,180.0,468.0,384.0,1131.0,1479.0,2349.0,2088.0,2523.0,2436.0,2958.0,2349.0,2001.0,2958.0,1914.0,3219.0,2697.0,1305.0,2697.0,2175.0,1305.0,3393.0,2784.0
4521.0,"QUESO RALLADO TIPO MONTERREY JACK TIRAS 1,5 KG.",DISTRIBUIDORES,RESTO DISTRIBUIDORES,000589-CONVENIENCE FOOD S.L.U.,0.0,0.0,0.0,0.0,0.0,0.0,0.0,0.0,0.0,0.0,0.0,0.0,0.0,0.0,0.0,0.0,0.0,12.0,0.0,0.0,0.0,0.0,0.0,0.0,0.0,0.0,0.0,0.0,0.0,0.0,0.0,0.0,0.0,0.0,0.0,0.0,90.0,0.0
4523.0,QUESO DE MEZCLA SEMICURADO SIN LACTOSA CUÑA 225 g,DISTRIBUIDORES,PROVISIONES SUROESTE,"000879-PROVISIONES SUROESTE, S.L.",0.0,0.0,0.0,0.0,0.0,0.0,0.0,0.0,0.0,0.0,0.0,0.0,0.0,0.0,0.0,0.0,0.0,0.0,0.0,0.0,0.0,0.0,0.0,0.0,0.0,0.0,0.0,0.0,0.0,0.0,0.0,0.0,0.0,0.0,0.0,0.0,0.0,0.0
4523.0,QUESO DE MEZCLA SEMICURADO SIN LACTOSA CUÑA 225 g,DISTRIBUIDORES,PROVISIONES SUROESTE,"000917-PROVISIONES SUROESTE, S.L.",0.0,0.0,145.8,0.0,0.0,72.9,81.0,54.0,0.0,108.0,0.0,54.0,27.0,661.5,216.0,324.0,0.0,432.0,437.4,0.0,0.0,1538.19,0.0,0.0,769.1,854.55,569.7,0.0,1139.4,0.0,569.7,284.85,6978.83,2278.8,3418.2,0.0,4557.6,4614.57
4524.0,BURRATINA 6X50 g CONGELADO,DISTRIBUIDORES,RESTO DISTRIBUIDORES,"000643-ORTHIDAL, S.L.",0.0,276.0,0.0,0.0,0.0,0.0,0.0,0.0,0.0,0.0,0.0,0.0,0.0,0.0,0.0,0.0,0.0,0.0,0.0,0.0,3091.2,0.0,0.0,0.0,0.0,0.0,0.0,0.0,0.0,0.0,0.0,0.0,0.0,0.0,0.0,0.0,0.0,0.0
4524.0,BURRATINA 6X50 g CONGELADO,DISTRIBUIDORES,RESTO DISTRIBUIDORES,000843-OLIVERFOOD EXPORT IMPORT S.L.,0.0,576.0,0.0,0.0,0.0,0.0,0.0,0.0,384.0,0.0,0.0,0.0,0.0,0.0,0.0,192.0,0.0,0.0,0.0,0.0,7315.2,0.0,0.0,0.0,0.0,0.0,0.0,4876.8,0.0,0.0,0.0,0.0,0.0,0.0,2409.6,0.0,0.0,0.0
4525.0,FILABELLA BARRA 1 KG CONGELADO,DISTRIBUIDORES,RESTO DISTRIBUIDORES,000843-OLIVERFOOD EXPORT IMPORT S.L.,0.0,1254.0,0.0,0.0,0.0,0.0,0.0,0.0,0.0,0.0,0.0,0.0,0.0,0.0,630.0,630.0,0.0,0.0,0.0,0.0,8527.2,0.0,0.0,0.0,0.0,0.0,0.0,0.0,0.0,0.0,0.0,0.0,0.0,4025.7,4025.7,0.0,0.0,0.0
4526.0,MOZZAPURA MV TACOS 2 kg,INDUSTRIALES & FOOD SERVICE,RESTO INDUSTRIALES & FOODSERVICE,000629-MALVON FACTORY S.L.,12.0,2004.0,1002.0,0.0,0.0,1002.0,1740.0,1104.0,1002.0,0.0,0.0,0.0,0.0,0.0,0.0,0.0,0.0,0.0,0.0,44.4,7414.8,3707.4,0.0,0.0,3707.4,6438.0,-2353.2,3707.4,0.0,0.0,0.0,0.0,0.0,0.0,0.0,0.0,0.0,0.0
4527.0,QUESO RALLADO SIN LACTOSA 150 g AUCHAN,RETAIL,EUROMADI,000666-ALCAMPO S.A.,0.0,0.0,0.0,0.0,0.0,1251.6,1180.2,2049.6,1908.9,1982.4,1936.2,2326.8,2406.6,1976.1,2255.4,2127.3,1850.1,1780.8,1940.4,0.0,0.0,0.0,0.0,0.0,9320.27,8788.58,15262.76,14214.93,14762.32,14418.28,17326.98,17920.82,14715.41,16795.27,15841.32,13777.07,13261.07,14449.54
4528.0,LONCHAS CON CHEDDAR TRANSGOURMET 1 kg,RETAIL,EUROMADI,"000512-TRANSGOURMET IBÉRICA, SAU",0.0,0.0,0.0,1248.0,2352.0,1968.0,3936.0,3360.0,2160.0,1816.0,2160.0,2160.0,1440.0,1872.0,2400.0,2880.0,2400.0,3208.0,3792.0,0.0,0.0,0.0,5479.98,10327.64,8655.31,17314.45,14780.62,9501.84,7988.53,9079.51,9501.79,6334.54,8234.9,10557.57,12669.1,10557.6,14111.98,16681.02
4529.0,LONCHAS CON EDAM TRANSGOURMET 1 kg,RETAIL,EUROMADI,"000512-TRANSGOURMET IBÉRICA, SAU",0.0,0.0,0.0,720.0,1680.0,1584.0,2496.0,2064.0,1488.0,1392.0,1536.0,1504.0,1104.0,1632.0,2160.0,1896.0,1904.0,1944.0,2304.0,0.0,0.0,0.0,3161.53,7376.91,6967.24,10979.85,9079.52,6545.7,6123.37,6545.67,6616.06,4856.47,7179.12,9501.78,8340.5,8375.68,8551.62,10135.24
4530.0,LONCHAS CON GOUDA TRANSGOURMET 1 kg,RETAIL,EUROMADI,"000512-TRANSGOURMET IBÉRICA, SAU",0.0,0.0,0.0,480.0,1440.0,1296.0,2344.0,1584.0,1344.0,1104.0,1056.0,1488.0,912.0,1056.0,1536.0,1600.0,1528.0,1448.0,2016.0,0.0,0.0,0.0,2107.69,5901.52,5700.7,10311.21,6967.99,5912.26,4856.46,4645.31,6545.68,4011.87,4645.31,6756.84,7038.39,6721.63,6369.7,8868.33
4531.0,MOZZARELLA EN DADOS NEUTRA 2 kg,DISTRIBUIDORES,PROVISIONES SUROESTE,"000879-PROVISIONES SUROESTE, S.L.",480.0,4320.0,3360.0,10080.0,5280.0,3360.0,8160.0,10080.0,5280.0,8160.0,7200.0,8640.0,12270.0,7200.0,9894.0,9120.0,7680.0,14880.0,13764.0,2472.0,20520.0,15960.0,47880.0,25080.0,15960.0,38760.0,47880.0,25080.0,38760.0,34200.0,38880.0,52147.5,30600.0,42049.5,38760.0,32640.0,63240.0,58497.0
4531.0,MOZZARELLA EN DADOS NEUTRA 2 kg,DISTRIBUIDORES,RESTO DISTRIBUIDORES,000651-COMERGRAN S.L.,0.0,0.0,0.0,0.0,120.0,630.0,120.0,210.0,570.0,540.0,630.0,510.0,690.0,480.0,660.0,690.0,510.0,660.0,360.0,0.0,0.0,0.0,0.0,570.0,2992.5,570.0,997.5,2707.5,2565.0,2992.5,2422.5,2992.5,2040.0,2805.0,2932.5,2167.5,2805.0,1530.0
4531.0,MOZZARELLA EN DADOS NEUTRA 2 kg,DISTRIBUIDORES,RESTO DISTRIBUIDORES,000654-COMERCIAL PINAMAS S.L.,0.0,0.0,0.0,0.0,0.0,0.0,0.0,0.0,0.0,0.0,0.0,0.0,0.0,0.0,480.0,480.0,0.0,0.0,0.0,0.0,0.0,0.0,0.0,0.0,0.0,0.0,0.0,0.0,0.0,0.0,0.0,0.0,0.0,2160.0,2160.0,0.0,0.0,0.0
4531.0,MOZZARELLA EN DADOS NEUTRA 2 kg,DISTRIBUIDORES,RESTO DISTRIBUIDORES,000711-DISTRIBUCIONES J.M. S.A.,0.0,0.0,0.0,0.0,0.0,0.0,0.0,0.0,480.0,480.0,240.0,960.0,240.0,660.0,1200.0,840.0,1200.0,660.0,900.0,0.0,0.0,0.0,0.0,0.0,0.0,0.0,0.0,2304.0,2304.0,1152.0,4608.0,1032.0,2838.0,5160.0,3612.0,5160.0,2838.0,3870.0
4532.0,"MOZZARELLA RALLADA NEUTRA 1,5 kg",DISTRIBUIDORES,PROVISIONES SUROESTE,"000879-PROVISIONES SUROESTE, S.L.",432.0,4752.0,2160.0,10800.0,5400.0,7776.0,15264.0,12672.0,8496.0,4884.0,9576.0,5832.0,7176.0,4680.0,11160.0,10440.0,4824.0,16068.0,12264.0,2289.6,23025.6,10368.0,51840.0,25920.0,37324.8,73267.2,60825.6,40780.8,23443.2,45964.8,25941.6,30856.8,20124.0,47988.0,44892.0,20743.2,69092.4,52735.2
4532.0,"MOZZARELLA RALLADA NEUTRA 1,5 kg",DISTRIBUIDORES,RESTO DISTRIBUIDORES,000651-COMERGRAN S.L.,0.0,240.0,360.0,480.0,240.0,0.0,0.0,96.0,240.0,0.0,180.0,120.0,60.0,240.0,120.0,180.0,132.0,216.0,144.0,0.0,1152.0,1728.0,2424.0,1032.0,0.0,0.0,460.8,1152.0,0.0,864.0,576.0,258.0,1032.0,516.0,774.0,567.6,928.8,619.2
4533.0,MANTEQUILLA ÁCIDA FRIESLAND C,INTERNO,INTERNO,"000086-CENTRAL QUESERA MONTESINOS, S.L.U.",1100.0,0.0,0.0,0.0,0.0,0.0,0.0,0.0,0.0,0.0,0.0,0.0,0.0,0.0,0.0,0.0,0.0,0.0,0.0,7282.0,0.0,0.0,0.0,0.0,0.0,0.0,0.0,0.0,0.0,0.0,0.0,0.0,0.0,0.0,0.0,0.0,0.0,0.0
4534.0,CASEINA CUAJO BB (ARMOR),INTERNO,INTERNO,"000086-CENTRAL QUESERA MONTESINOS, S.L.U.",0.0,104000.0,62400.0,0.0,0.0,0.0,0.0,0.0,0.0,0.0,0.0,0.0,0.0,0.0,0.0,0.0,0.0,0.0,0.0,0.0,769184.0,461510.4,0.0,0.0,0.0,0.0,0.0,0.0,0.0,0.0,0.0,0.0,0.0,0.0,0.0,0.0,0.0,0.0
4535.0,CREMA DE QUESO 3 kg,DISTRIBUIDORES,RESTO DISTRIBUIDORES,000916-SERVICHEF GASTRONOMÍA S.L.,0.0,0.0,0.0,0.0,0.0,60.0,0.0,60.0,0.0,0.0,30.0,36.0,0.0,0.0,0.0,0.0,0.0,0.0,0.0,0.0,0.0,0.0,0.0,0.0,249.0,0.0,249.0,0.0,0.0,124.5,149.4,0.0,0.0,0.0,0.0,0.0,0.0,0.0
4536.0,LONCHAS QUESO SIN LACTOSA HACENDADO 200 G.,MERCADONA,MERCADONA,"000128-MERCADONA, S.A.",0.0,0.0,14320.8,58968.0,54331.2,47595.6,53913.6,52228.8,56440.8,57283.2,53488.8,55598.4,53913.6,51807.6,55591.2,52650.0,50544.0,52228.8,54334.8,0.0,0.0,95663.01,393906.71,362932.85,337751.86,382786.56,370824.48,400729.68,409287.99,382177.01,397250.11,359900.86,344002.7,369125.83,328272.5,315141.6,325646.32,338777.23
4537.0,CREMA DE QUESO FLAMENGO 150 G. HACENDADO,MERCADONA,IRMADONA,"000525-IRMÃDONA SUPERMERCADOS, UNIPESSOAL, LDA",0.0,0.0,0.0,0.0,2764.8,4608.0,4147.2,4608.0,4147.2,5529.6,4147.2,6446.4,5068.8,5529.6,5068.8,5529.6,5529.6,5068.8,5863.2,0.0,0.0,0.0,0.0,16717.92,27863.2,25076.88,27863.2,25076.88,33693.51,25270.13,39279.86,29349.89,31850.52,29196.31,31850.52,31850.52,29196.31,33772.05
4538.0,LONCHAS AMERICAN STYLE CON CHEDDAR 1 KG,CASH & CARRY,MAKRO,000621-MAKRO DISTRIBUCIÓN MAYORISTA SA,0.0,0.0,0.0,0.0,328.0,296.0,296.0,272.0,344.0,224.0,256.0,272.0,256.0,72.0,416.0,224.0,168.0,352.0,280.0,0.0,0.0,0.0,0.0,2488.87,2246.05,2246.07,2063.93,2610.26,1699.69,1942.52,2063.92,1942.52,546.33,3156.61,1699.7,1274.77,2670.97,2124.64
4538.0,LONCHAS AMERICAN STYLE CON CHEDDAR 1 KG,DISTRIBUIDORES,PROVISIONES SUROESTE,"000879-PROVISIONES SUROESTE, S.L.",0.0,0.0,0.0,0.0,96.0,384.0,0.0,0.0,0.0,0.0,0.0,0.0,0.0,0.0,48.0,0.0,0.0,0.0,0.0,0.0,0.0,0.0,0.0,658.56,2634.24,0.0,0.0,0.0,0.0,0.0,0.0,0.0,0.0,329.28,0.0,0.0,0.0,0.0
4539.0,QUESO RALLADO FUNDIDO POLVO 150 g LA TAPERIA,DISTRIBUIDORES,PROVISIONES SUROESTE,"000879-PROVISIONES SUROESTE, S.L.",0.0,0.0,0.0,0.0,0.0,378.0,0.0,756.0,1096.2,378.0,756.0,0.0,756.0,378.0,0.0,378.0,378.0,378.0,378.0,0.0,0.0,0.0,0.0,0.0,2268.0,0.0,4536.0,6577.2,2268.0,4536.0,0.0,4536.0,2268.0,0.0,2268.0,2268.0,2268.0,2268.0
4539.0,QUESO RALLADO FUNDIDO POLVO 150 g LA TAPERIA,DISTRIBUIDORES,RESTO DISTRIBUIDORES,"000643-ORTHIDAL, S.L.",0.0,0.0,0.0,0.0,0.0,0.0,0.0,0.0,0.0,0.0,0.0,0.0,0.0,0.0,1.05,0.0,0.0,0.0,0.0,0.0,0.0,0.0,0.0,0.0,0.0,0.0,0.0,0.0,0.0,0.0,0.0,0.0,0.0,6.67,0.0,0.0,0.0,0.0
4540.0,"PREPARADO ROJO RALLADO 1,5 kg PF",INDUSTRIALES & FOOD SERVICE,INTERPROVEEDORES,000443-FRESCOS Y  ELABORADOS DELISANO  S.A.U.,0.0,9.0,0.0,0.0,0.0,0.0,0.0,0.0,0.0,0.0,0.0,0.0,0.0,0.0,0.0,0.0,0.0,0.0,0.0,0.0,36.18,0.0,0.0,0.0,0.0,0.0,0.0,0.0,0.0,0.0,0.0,0.0,0.0,0.0,0.0,0.0,0.0,0.0
4542.0,LONCHAS SUAVE Y CREMOSO 200 G LA TAPERÍA,CASH & CARRY,OTROS CASH & CARRY,"000931-TRANSGOURMET IBÉRICA, SAU",0.0,0.0,0.0,0.0,0.0,873.6,0.0,0.0,0.0,0.0,0.0,0.0,0.0,0.0,0.0,0.0,0.0,0.0,0.0,0.0,0.0,0.0,0.0,0.0,4003.59,4173.32,0.0,0.0,0.0,0.0,0.0,0.0,0.0,0.0,0.0,0.0,0.0,0.0
4542.0,LONCHAS SUAVE Y CREMOSO 200 G LA TAPERÍA,RETAIL,EUROMADI,"000931-TRANSGOURMET IBÉRICA, SAU",0.0,0.0,0.0,0.0,0.0,0.0,0.0,0.0,0.0,0.0,0.0,0.0,0.0,0.0,0.0,0.0,0.0,0.0,0.0,0.0,0.0,0.0,0.0,0.0,0.0,0.0,0.0,0.0,0.0,0.0,0.0,0.0,0.0,0.0,0.0,0.0,0.0,0.0
4542.0,LONCHAS SUAVE Y CREMOSO 200 G LA TAPERÍA,RETAIL,IFA,000597-AHORRAMAS S.A.,0.0,0.0,748.8,499.2,1497.6,1.0,1.0,0.0,-8.8,0.2,0.0,0.0,0.0,0.0,0.0,0.0,0.0,0.0,0.0,0.0,0.0,6412.35,4274.9,12822.99,0.0,0.0,0.0,-77.07,1.71,0.0,0.0,0.0,0.0,0.0,0.0,0.0,0.0,0.0
4543.0,MIX MOZZARELLA - MOZZAPURA MV TACOS 2 kg,INDUSTRIALES & FOOD SERVICE,RESTO INDUSTRIALES & FOODSERVICE,000629-MALVON FACTORY S.L.,0.0,0.0,7680.0,0.0,6840.0,7008.0,7008.0,10524.0,14016.0,0.0,0.0,0.0,0.0,0.0,0.0,0.0,0.0,0.0,0.0,0.0,0.0,36864.0,0.0,25308.0,41162.4,33638.4,50515.2,67276.8,0.0,0.0,0.0,0.0,0.0,0.0,0.0,0.0,0.0,0.0
4544.0,MOZZARELLA FRESCA 12 UNIDADES,DISTRIBUIDORES,RESTO DISTRIBUIDORES,"000643-ORTHIDAL, S.L.",0.0,0.0,0.0,0.0,0.0,0.0,12.0,0.0,0.0,0.0,45.0,30.0,15.0,15.0,52.5,45.0,0.0,15.0,15.0,0.0,0.0,0.0,0.0,0.0,0.0,79.8,0.0,0.0,0.0,299.25,199.5,103.5,106.65,373.27,319.95,0.0,106.65,106.65
4544.0,MOZZARELLA FRESCA 12 UNIDADES,DISTRIBUIDORES,RESTO DISTRIBUIDORES,"000855-CASA BASTIDA, S.L. ( BLOQ )",0.0,0.0,0.0,0.0,7.5,0.0,0.0,0.0,0.0,0.0,0.0,0.0,0.0,0.0,0.0,0.0,0.0,0.0,0.0,0.0,0.0,0.0,0.0,49.88,0.0,0.0,0.0,0.0,0.0,0.0,0.0,0.0,0.0,0.0,0.0,0.0,0.0,0.0
4544.0,MOZZARELLA FRESCA 12 UNIDADES,DISTRIBUIDORES,RESTO DISTRIBUIDORES,"000864-RISCALES ALIMENTACIÓN, S.L.",0.0,0.0,0.0,0.0,6.0,0.0,0.0,0.0,0.0,0.0,0.0,0.0,0.0,0.0,0.0,0.0,0.0,0.0,0.0,0.0,0.0,0.0,0.0,41.7,0.0,0.0,0.0,0.0,0.0,0.0,0.0,0.0,0.0,0.0,0.0,0.0,0.0,0.0
4544.0,MOZZARELLA FRESCA 12 UNIDADES,LECHE Y SUERO,LECHE Y SUERO,000935-CORPORACION ALIMENTARIA DE GUISSONA,0.0,0.0,0.0,0.0,0.0,0.0,0.0,0.0,12852.0,0.0,0.0,0.0,0.0,0.0,0.0,0.0,0.0,0.0,0.0,0.0,0.0,0.0,0.0,0.0,0.0,0.0,0.0,78140.16,0.0,0.0,0.0,0.0,0.0,0.0,0.0,0.0,0.0,0.0
4544.0,MOZZARELLA FRESCA 12 UNIDADES,RETAIL,IFA,000597-AHORRAMAS S.A.,0.0,0.0,0.0,0.0,4725.0,10110.0,8385.0,6628.5,9943.75,10140.125,8775.0,8970.0,8970.0,8580.0,9945.0,9750.0,9555.0,10530.0,8580.0,0.0,0.0,0.0,0.0,28066.5,60053.4,49804.67,39369.58,59065.14,60231.6,52119.79,53278.83,53278.09,50961.49,59073.3,57907.57,56754.47,62548.2,50960.0
4544.0,MOZZARELLA FRESCA 12 UNIDADES,RETAIL,OTROS RETAILERS,000935-CORPORACION ALIMENTARIA DE GUISSONA,0.0,0.0,0.0,0.0,0.0,0.0,0.0,0.0,0.0,9072.0,9450.0,4156.5,0.0,0.0,0.0,0.0,0.0,0.0,0.0,0.0,0.0,0.0,0.0,0.0,0.0,0.0,0.0,0.0,55157.76,57456.0,25271.52,0.0,0.0,0.0,0.0,0.0,0.0,0.0
4545.0,CASEINA ACIDA BB (ARMOR),INTERNO,INTERNO,"000086-CENTRAL QUESERA MONTESINOS, S.L.U.",0.0,0.0,22000.0,0.0,0.0,0.0,0.0,0.0,0.0,0.0,0.0,0.0,0.0,0.0,0.0,0.0,0.0,0.0,0.0,0.0,0.0,134640.0,0.0,0.0,0.0,0.0,0.0,0.0,0.0,0.0,0.0,0.0,0.0,0.0,0.0,0.0,0.0,0.0
4548.0,HAVARTI 60% MAMMEN,DISTRIBUIDORES,RESTO DISTRIBUIDORES,000651-COMERGRAN S.L.,0.0,0.0,0.0,0.0,0.0,0.0,0.0,362.8,0.0,0.0,0.0,0.0,0.0,0.0,0.0,0.0,0.0,0.0,0.0,0.0,0.0,0.0,0.0,0.0,0.0,0.0,2808.07,0.0,0.0,0.0,0.0,0.0,0.0,0.0,0.0,0.0,0.0,0.0
4549.0,PERLAS DE MOZZARELLA FRESCA LIGHT HACENDADO 150 g,MERCADONA,IRMADONA,"000525-IRMÃDONA SUPERMERCADOS, UNIPESSOAL, LDA",0.0,0.0,0.0,0.0,0.0,0.0,0.0,0.0,0.0,0.0,0.0,0.0,3182.4,3427.2,3427.2,3915.0,4894.2,4887.0,7099.2,0.0,0.0,0.0,0.0,0.0,0.0,0.0,0.0,0.0,0.0,0.0,0.0,28153.63,30319.29,30319.3,34399.89,42775.28,42712.37,61668.61
4549.0,PERLAS DE MOZZARELLA FRESCA LIGHT HACENDADO 150 g,MERCADONA,MERCADONA,"000128-MERCADONA, S.A.",0.0,0.0,0.0,0.0,0.0,6116.4,4861.8,3427.2,4404.6,2935.8,2448.0,2692.8,734.4,0.0,0.0,0.0,0.0,0.0,0.0,0.0,0.0,0.0,0.0,0.0,49059.37,42362.39,29862.28,38378.67,25991.54,21672.9,23840.19,6497.01,0.0,0.0,0.0,0.0,0.0,0.0
4553.0,AROMA BACON QUESO BD-956-814-6,INTERNO,INTERNO,"000086-CENTRAL QUESERA MONTESINOS, S.L.U.",0.0,0.0,17.7,0.0,0.0,0.0,0.0,0.0,0.0,0.0,0.0,0.0,0.0,0.0,0.0,0.0,0.0,0.0,0.0,0.0,0.0,177.53,0.0,0.0,0.0,0.0,0.0,0.0,0.0,0.0,0.0,0.0,0.0,0.0,0.0,0.0,0.0,0.0
4554.0,AROMA DORITOS HL-414-801-1,INTERNO,INTERNO,"000086-CENTRAL QUESERA MONTESINOS, S.L.U.",0.0,0.0,8.2,0.0,0.0,0.0,0.0,0.0,0.0,0.0,0.0,0.0,0.0,0.0,0.0,0.0,0.0,0.0,0.0,0.0,0.0,197.21,0.0,0.0,0.0,0.0,0.0,0.0,0.0,0.0,0.0,0.0,0.0,0.0,0.0,0.0,0.0,0.0
4560.0,MOZZAPURA RALLADA PARA PIZZA CONGELADA,DISTRIBUIDORES,RESTO DISTRIBUIDORES,000679-SPANISH CHEESE S.L.U.,0.0,0.0,0.0,5040.0,0.0,0.0,0.0,0.0,0.0,0.0,0.0,0.0,0.0,0.0,0.0,0.0,0.0,0.0,0.0,0.0,0.0,0.0,18552.24,0.0,0.0,0.0,0.0,0.0,0.0,0.0,0.0,0.0,0.0,0.0,0.0,0.0,0.0,0.0
4561.0,MOZZARELLA ANALOGA RALLADA PARA PIZZA CONGELADO,DISTRIBUIDORES,RESTO DISTRIBUIDORES,000679-SPANISH CHEESE S.L.U.,0.0,0.0,0.0,864.0,0.0,0.0,0.0,0.0,0.0,0.0,0.0,0.0,0.0,0.0,0.0,0.0,0.0,0.0,0.0,0.0,0.0,0.0,2639.52,0.0,0.0,0.0,0.0,0.0,0.0,0.0,0.0,0.0,0.0,0.0,0.0,0.0,0.0,0.0
4562.0,QUESO CREMA UNTABLE,DISTRIBUIDORES,EUROMADI,"000512-TRANSGOURMET IBÉRICA, SAU",0.0,0.0,0.0,0.0,0.0,0.0,0.0,0.0,0.0,0.0,0.0,0.0,0.0,0.0,0.0,1.0,0.0,0.0,0.0,0.0,0.0,0.0,0.0,0.0,0.0,0.0,0.0,0.0,0.0,0.0,0.0,0.0,0.0,0.0,0.0,0.0,0.0,0.0
4562.0,QUESO CREMA UNTABLE,DISTRIBUIDORES,RESTO DISTRIBUIDORES,"000675-CORPORACIÓN LÁCTEA DEL NORTE, S.L.",0.0,0.0,0.0,0.0,0.0,0.0,0.0,0.0,100.0,60.0,160.0,140.0,100.0,80.0,202.0,240.0,120.0,180.0,340.0,0.0,0.0,0.0,0.0,0.0,0.0,0.0,0.0,407.0,244.2,651.2,569.8,407.0,325.6,822.14,976.8,488.4,732.6,1383.8
4562.0,QUESO CREMA UNTABLE,DISTRIBUIDORES,RESTO DISTRIBUIDORES,"000710-SELECCIO REGISA, S.L.",0.0,0.0,0.0,0.0,0.0,0.0,0.0,0.0,0.0,0.0,0.0,0.0,0.0,8.0,36.0,24.0,28.0,12.0,16.0,0.0,0.0,0.0,0.0,0.0,0.0,0.0,0.0,0.0,0.0,0.0,0.0,0.0,34.8,156.6,104.4,121.8,52.2,69.6
4562.0,QUESO CREMA UNTABLE,DISTRIBUIDORES,RESTO DISTRIBUIDORES,"000806-CUSTODIO MARTÍN LÓPEZ, S.L.",0.0,0.0,0.0,0.0,0.0,0.0,0.0,0.0,0.0,0.0,60.0,80.0,0.0,60.0,180.0,144.0,120.0,684.0,0.0,0.0,0.0,0.0,0.0,0.0,0.0,0.0,0.0,0.0,0.0,270.0,360.0,0.0,270.0,810.0,648.0,540.0,2988.0,0.0
4562.0,QUESO CREMA UNTABLE,DISTRIBUIDORES,RESTO DISTRIBUIDORES,"000864-RISCALES ALIMENTACIÓN, S.L.",0.0,0.0,0.0,0.0,0.0,0.0,0.0,0.0,0.0,0.0,0.0,0.0,0.0,0.0,22.0,52.0,80.0,0.0,60.0,0.0,0.0,0.0,0.0,0.0,0.0,0.0,0.0,0.0,0.0,0.0,0.0,0.0,0.0,95.7,226.2,348.0,0.0,261.0
4562.0,QUESO CREMA UNTABLE,INDUSTRIALES & FOOD SERVICE,RESTO INDUSTRIALES & FOODSERVICE,000809-CHAVINADOR S.L.,0.0,0.0,0.0,0.0,0.0,0.0,0.0,0.0,0.0,0.0,2.0,0.0,0.0,0.0,0.0,0.0,0.0,0.0,0.0,0.0,0.0,0.0,0.0,0.0,0.0,0.0,0.0,0.0,0.0,9.0,0.0,0.0,0.0,0.0,0.0,0.0,0.0,0.0
4562.0,QUESO CREMA UNTABLE,RETAIL,EUROMADI,"000931-TRANSGOURMET IBÉRICA, SAU",0.0,0.0,0.0,0.0,0.0,0.0,0.0,0.0,0.0,0.0,0.0,0.0,260.0,200.0,400.0,160.0,290.0,440.0,300.0,0.0,0.0,0.0,0.0,0.0,0.0,0.0,0.0,0.0,0.0,0.0,0.0,1183.0,910.0,1820.0,728.0,1301.3,2002.0,1365.0
4563.0,COMBI WHITE 60%,DISTRIBUIDORES,PROVISIONES SUROESTE,"000879-PROVISIONES SUROESTE, S.L.",0.0,0.0,0.0,0.0,0.0,0.0,0.0,0.0,0.0,0.0,540.0,0.0,0.0,0.0,0.0,540.0,0.0,0.0,0.0,0.0,0.0,0.0,0.0,0.0,0.0,0.0,0.0,0.0,0.0,2040.12,0.0,0.0,0.0,0.0,1971.0,0.0,0.0,0.0
4563.0,COMBI WHITE 60%,DISTRIBUIDORES,PROVISIONES SUROESTE,"000917-PROVISIONES SUROESTE, S.L.",0.0,0.0,0.0,0.0,0.0,540.0,0.0,0.0,0.0,0.0,0.0,0.0,0.0,0.0,0.0,0.0,0.0,0.0,0.0,0.0,0.0,0.0,0.0,0.0,2102.31,0.0,0.0,0.0,0.0,0.0,0.0,0.0,0.0,0.0,0.0,0.0,0.0,0.0
4564.0,QUESO RALLADO EN POLVO 1 KG,DISTRIBUIDORES,RESTO DISTRIBUIDORES,000679-SPANISH CHEESE S.L.U.,0.0,0.0,0.0,840.0,0.0,0.0,0.0,0.0,0.0,0.0,0.0,0.0,0.0,0.0,0.0,0.0,0.0,0.0,0.0,0.0,0.0,0.0,4410.84,0.0,0.0,0.0,0.0,0.0,0.0,0.0,0.0,0.0,0.0,0.0,0.0,0.0,0.0,0.0
4565.0,"ESPECIALIDAD RALLADO PARA PIZZA TIRAS 1,5 KG TRANSG. ECONOMY",RETAIL,EUROMADI,"000931-TRANSGOURMET IBÉRICA, SAU",0.0,0.0,0.0,0.0,0.0,0.0,0.0,0.0,0.0,0.0,0.0,576.0,864.0,504.0,1296.0,1800.0,648.0,720.0,1224.0,0.0,0.0,0.0,0.0,0.0,0.0,0.0,0.0,0.0,0.0,0.0,1699.2,2548.8,1486.8,3823.2,5310.0,1911.6,2124.0,3610.8
4566.0,"ESPECIALIDAD RALLADO HILO 1,5 KG TRANSGOURMET ECONOMY",RETAIL,EUROMADI,"000931-TRANSGOURMET IBÉRICA, SAU",0.0,0.0,0.0,0.0,0.0,0.0,0.0,0.0,0.0,0.0,0.0,792.0,720.0,936.0,1872.0,1404.0,1728.0,1560.0,1476.0,0.0,0.0,0.0,0.0,0.0,0.0,0.0,0.0,0.0,0.0,0.0,2613.6,2376.0,3088.8,6177.6,4633.2,5702.4,5148.0,4870.8
4567.0,PREP. RALLADO CON MOZZARELLA PARA PIZZA TACOS 2KG T. ECONOMY,RETAIL,EUROMADI,"000931-TRANSGOURMET IBÉRICA, SAU",0.0,0.0,0.0,0.0,0.0,0.0,0.0,0.0,0.0,0.0,0.0,1080.0,840.0,480.0,990.0,834.0,1110.0,1290.0,720.0,0.0,0.0,0.0,0.0,0.0,0.0,0.0,0.0,0.0,0.0,0.0,4352.4,3385.2,1934.4,3989.7,3361.02,4473.3,5198.7,2901.6
4568.0,GOUDA SIN LACTOSA (VALIO),INTERNO,INTERNO,"000086-CENTRAL QUESERA MONTESINOS, S.L.U.",0.0,0.0,0.0,2319.89,0.0,0.0,0.0,0.0,0.0,0.0,0.0,0.0,0.0,0.0,0.0,0.0,0.0,0.0,0.0,0.0,0.0,0.0,10021.92,0.0,0.0,0.0,0.0,0.0,0.0,0.0,0.0,0.0,0.0,0.0,0.0,0.0,0.0,0.0
4569.0,LONCHAS SANDWICH TEJERINGOS 1 kg,DISTRIBUIDORES,PROVISIONES SUROESTE,"000879-PROVISIONES SUROESTE, S.L.",0.0,0.0,0.0,960.0,960.0,0.0,0.0,0.0,0.0,0.0,0.0,0.0,0.0,0.0,0.0,0.0,0.0,0.0,0.0,0.0,0.0,0.0,3532.8,3532.8,0.0,0.0,0.0,0.0,0.0,0.0,0.0,0.0,0.0,0.0,0.0,0.0,0.0,0.0
4570.0,CREMA DE QUESO BRIE CON TRUFA SPANISH CHEESE 125 g MÉXICO,DISTRIBUIDORES,RESTO DISTRIBUIDORES,000679-SPANISH CHEESE S.L.U.,0.0,0.0,0.0,0.0,261.0,0.0,0.0,0.0,0.0,0.0,0.0,0.0,0.0,0.0,0.0,0.0,0.0,0.0,0.0,0.0,0.0,0.0,0.0,2092.96,0.0,0.0,0.0,0.0,0.0,0.0,0.0,0.0,0.0,0.0,0.0,0.0,0.0,0.0
4571.0,CREMA DE QUESO CAMEMBERT SPANISH CHEESE 125 g MÉXICO,DISTRIBUIDORES,RESTO DISTRIBUIDORES,000679-SPANISH CHEESE S.L.U.,0.0,0.0,0.0,0.0,270.0,0.0,0.0,0.0,0.0,0.0,0.0,0.0,0.0,0.0,0.0,0.0,0.0,0.0,0.0,0.0,0.0,0.0,0.0,2350.89,0.0,0.0,0.0,0.0,0.0,0.0,0.0,0.0,0.0,0.0,0.0,0.0,0.0,0.0
4572.0,CREMA DE QUESO AZUL SPANISH CHEESE 125 g MÉXICO,DISTRIBUIDORES,RESTO DISTRIBUIDORES,000679-SPANISH CHEESE S.L.U.,0.0,0.0,0.0,0.0,306.0,0.0,0.0,0.0,0.0,0.0,0.0,0.0,0.0,0.0,0.0,0.0,0.0,0.0,0.0,0.0,0.0,0.0,0.0,2991.46,0.0,0.0,0.0,0.0,0.0,0.0,0.0,0.0,0.0,0.0,0.0,0.0,0.0,0.0
4573.0,BURRATINA BONAREA 2X50 g,LECHE Y SUERO,LECHE Y SUERO,000935-CORPORACION ALIMENTARIA DE GUISSONA,0.0,0.0,0.0,0.0,0.0,0.0,0.0,0.0,1267.2,0.0,0.0,0.0,0.0,0.0,0.0,0.0,0.0,0.0,0.0,0.0,0.0,0.0,0.0,0.0,0.0,0.0,0.0,15206.4,0.0,0.0,0.0,0.0,0.0,0.0,0.0,0.0,0.0,0.0
4573.0,BURRATINA BONAREA 2X50 g,RETAIL,OTROS RETAILERS,000935-CORPORACION ALIMENTARIA DE GUISSONA,0.0,0.0,0.0,0.0,0.0,0.0,0.0,0.0,0.0,2649.6,2880.0,2534.4,1840.8,2188.8,2649.0,2419.2,2534.4,3340.8,3916.8,0.0,0.0,0.0,0.0,0.0,0.0,0.0,0.0,0.0,31795.2,34560.0,30412.8,22089.6,26265.6,30441.6,29030.4,30412.8,40089.6,47001.6
4574.0,"RALLADO POLVO 1,5 KG TRANSGOURMET ECONOMY",RETAIL,EUROMADI,"000931-TRANSGOURMET IBÉRICA, SAU",0.0,0.0,0.0,0.0,0.0,0.0,0.0,0.0,0.0,0.0,0.0,720.0,576.0,360.0,936.0,444.0,792.0,1128.0,1524.0,0.0,0.0,0.0,0.0,0.0,0.0,0.0,0.0,0.0,0.0,0.0,3780.0,2646.0,1890.0,4914.0,2331.0,4158.0,5922.0,8001.0
4575.0,LONCHAS CREMOSO 150 G. AYALA,RETAIL,IFA,000807-HERMANOS AYALA SOUSA S.L.U.,0.0,0.0,0.0,0.0,0.0,0.0,0.0,218.4,0.0,218.4,0.0,218.4,216.3,218.4,0.0,218.4,218.4,218.4,0.0,0.0,0.0,0.0,0.0,0.0,0.0,0.0,2304.84,0.0,2304.84,0.0,2304.84,2282.68,2304.84,0.0,2304.84,2198.57,2098.1,0.0
4576.0,QUESO CREMA UNTABLE,DISTRIBUIDORES,RESTO DISTRIBUIDORES,"000675-CORPORACIÓN LÁCTEA DEL NORTE, S.L.",0.0,0.0,0.0,40.0,600.0,0.0,0.0,400.0,0.0,0.0,0.0,0.0,0.0,0.0,0.0,0.0,0.0,0.0,0.0,0.0,0.0,0.0,155.2,2328.0,0.0,0.0,1628.0,0.0,0.0,0.0,0.0,0.0,0.0,0.0,0.0,0.0,0.0,0.0
4577.0,MANTEQUILLA DULCE TINE,INTERNO,INTERNO,"000086-CENTRAL QUESERA MONTESINOS, S.L.U.",0.0,0.0,0.0,450.0,0.0,19725.0,0.0,0.0,0.0,0.0,0.0,0.0,0.0,0.0,0.0,0.0,0.0,0.0,0.0,0.0,0.0,0.0,3114.0,0.0,149436.6,0.0,0.0,0.0,0.0,0.0,0.0,0.0,0.0,0.0,0.0,0.0,0.0,0.0
4578.0,QUESO GRANA PADANO DOP RALLADO 100g,DISTRIBUIDORES,PROVISIONES SUROESTE,"000917-PROVISIONES SUROESTE, S.L.",0.0,0.0,0.0,1125.0,100.0,750.0,437.5,1312.5,0.0,557.5,937.5,375.0,625.0,1000.0,187.5,750.0,937.5,562.5,375.0,0.0,0.0,0.0,15061.5,5984.3,10041.0,5857.25,17571.75,0.0,7463.81,12551.25,5020.5,7812.5,12500.0,2343.75,9250.13,11094.38,6656.64,4465.88
4580.0,QUESO RALLADO AUCHAN 200 g,RETAIL,EUROMADI,000666-ALCAMPO S.A.,0.0,0.0,0.0,3600.0,16041.6,13291.2,15271.2,14059.2,16216.8,18475.2,17714.4,19910.42,20095.2,18386.4,20702.4,18290.4,16660.8,16425.6,18592.8,0.0,0.0,0.0,21798.01,107100.29,95436.03,109647.25,100945.06,116436.62,132651.93,127189.41,140544.41,144283.53,132013.98,142056.84,116017.98,106379.17,104877.45,118715.0
4581.0,LONCHAS CHEDDAR NATURAL HACENDADO 200 G. (8 lonchas),MERCADONA,IRMADONA,"000525-IRMÃDONA SUPERMERCADOS, UNIPESSOAL, LDA",0.0,0.0,0.0,0.0,0.0,0.0,0.0,0.0,0.0,2948.4,2948.4,3790.8,3369.6,3790.8,3369.6,3369.6,3369.6,2948.4,4212.0,0.0,0.0,0.0,0.0,0.0,0.0,0.0,0.0,0.0,22275.18,22275.19,28639.51,25457.36,28639.52,24825.56,23583.02,22256.24,19474.21,27820.3
4581.0,LONCHAS CHEDDAR NATURAL HACENDADO 200 G. (8 lonchas),MERCADONA,MERCADONA,"000128-MERCADONA, S.A.",0.0,0.0,0.0,0.0,37065.6,61916.4,73288.8,70761.6,66970.8,98982.0,90136.8,92232.0,101509.2,87188.4,97718.4,109933.2,90558.0,98132.4,112460.4,0.0,0.0,0.0,0.0,272061.62,454466.64,537940.11,534343.02,525051.36,756222.91,688645.58,704652.92,775530.7,666119.79,725509.04,780753.67,605833.44,656506.21,752360.56
4582.0,LONCHAS CHEDDAR NATURAL HACENDADO 200 G.,MERCADONA,IRMADONA,"000525-IRMÃDONA SUPERMERCADOS, UNIPESSOAL, LDA",0.0,0.0,0.0,0.0,2106.0,3790.8,3369.6,3369.6,3369.6,1263.6,0.0,0.0,0.0,0.0,0.0,0.0,0.0,0.0,0.0,0.0,0.0,0.0,0.0,15605.45,28089.81,24968.72,24968.72,24968.72,9110.55,0.0,0.0,0.0,0.0,0.0,0.0,0.0,0.0,0.0
4582.0,LONCHAS CHEDDAR NATURAL HACENDADO 200 G.,MERCADONA,MERCADONA,"000128-MERCADONA, S.A.",0.0,0.0,0.0,0.0,29905.2,32011.2,38750.4,37486.8,34117.2,10530.0,0.0,0.0,0.0,0.0,0.0,0.0,0.0,0.0,0.0,0.0,0.0,0.0,0.0,224139.38,239923.82,290434.15,280963.46,255708.25,76816.29,0.0,0.0,0.0,0.0,0.0,0.0,0.0,0.0,0.0
4583.0,LONCHAS MOZZARELLA HACENDADO 200 G.,MERCADONA,IRMADONA,"000525-IRMÃDONA SUPERMERCADOS, UNIPESSOAL, LDA",0.0,0.0,0.0,0.0,4212.0,5475.6,5054.4,5475.6,5475.6,6739.2,5054.4,5896.8,6318.0,6739.2,5475.6,6318.0,6318.0,5475.6,6739.2,0.0,0.0,0.0,0.0,25630.0,33319.0,30756.0,33319.0,33319.0,42120.0,31590.0,36855.0,39285.3,41850.4,34003.45,38299.7,37813.2,32771.44,39693.92
4583.0,LONCHAS MOZZARELLA HACENDADO 200 G.,MERCADONA,MERCADONA,"000128-MERCADONA, S.A.",0.0,0.0,0.0,0.0,103194.0,99403.2,109512.0,113698.8,117514.8,128466.0,108640.8,111646.8,122569.2,113302.8,122990.4,117514.8,112039.2,111618.0,114566.4,0.0,0.0,0.0,0.0,636706.73,613317.44,675688.7,701521.39,725066.03,813831.59,688239.0,707282.0,772466.03,713807.64,774839.52,722242.38,680638.14,678079.35,685107.46
4584.0,MOZZARELLA RALLADA PIZZA-ROMA 200 G HACENDADO,MERCADONA,IRMADONA,"000525-IRMÃDONA SUPERMERCADOS, UNIPESSOAL, LDA",0.0,0.0,0.0,0.0,21772.8,20606.4,19051.2,20217.6,23716.8,26049.6,22161.6,31104.0,25272.0,26049.6,22939.2,26438.4,25272.0,18273.6,26049.6,0.0,0.0,0.0,0.0,135209.09,127965.73,118307.96,125551.32,147281.32,167368.68,142388.28,199843.2,161610.56,166456.96,146581.49,164981.44,155801.88,112656.74,158121.08
4584.0,MOZZARELLA RALLADA PIZZA-ROMA 200 G HACENDADO,MERCADONA,MERCADONA,"000128-MERCADONA, S.A.",0.0,0.0,0.0,11664.0,843696.0,669513.6,790815.6,794642.8,893462.4,968112.0,894628.8,935452.8,1046649.6,1020988.8,1075809.6,1008151.2,942840.0,936226.8,910958.4,0.0,0.0,0.0,72900.0,5273100.0,4184460.0,4942597.5,4967570.0,5584140.0,6258844.04,5783775.18,6047702.37,6732569.79,6564958.04,6917455.78,6321590.75,5850322.26,5809287.29,5565955.97
4585.0,MOZZARELLA RALLADA PIZZA-ROMA LIGHT 200G HACENDADO,MERCADONA,IRMADONA,"000525-IRMÃDONA SUPERMERCADOS, UNIPESSOAL, LDA",0.0,0.0,0.0,0.0,0.0,0.0,4665.6,6998.4,9720.0,10497.6,8942.4,10108.8,11275.2,11664.0,11664.0,12808.8,11275.2,8942.4,11664.0,0.0,0.0,0.0,0.0,0.0,0.0,29719.87,44579.81,61916.41,68076.91,57991.44,65555.55,71198.98,73424.86,73424.86,79153.95,68722.34,54503.93,70450.58
4586.0,MEZCLA 4 QUESOS RALLADOS HACENDADO 180 g.,MERCADONA,IRMADONA,"000525-IRMÃDONA SUPERMERCADOS, UNIPESSOAL, LDA",0.0,0.0,0.0,0.0,0.0,0.0,2857.68,5307.12,6123.6,6531.84,6531.84,10614.24,5307.12,0.0,0.0,0.0,0.0,0.0,0.0,0.0,0.0,0.0,0.0,0.0,0.0,19114.73,35498.8,40960.14,44053.32,44053.35,71586.69,33548.03,0.0,0.0,0.0,0.0,0.0,0.0
4586.0,MEZCLA 4 QUESOS RALLADOS HACENDADO 180 g.,MERCADONA,MERCADONA,"000128-MERCADONA, S.A.",0.0,0.0,0.0,0.0,0.0,0.0,119206.08,261681.84,270254.88,302505.84,262498.32,289033.92,243307.26,0.0,0.0,0.0,0.0,0.0,0.0,0.0,0.0,0.0,0.0,0.0,0.0,803317.75,1763447.57,1821220.55,2055345.6,1783518.6,1963812.05,1543720.47,0.0,0.0,0.0,0.0,0.0,0.0
5000.0,BANDEJA CONFETI QUESO DE OVEJA TRUFA-CREMA DE CAST-PIMIENTO,CASH & CARRY,MAKRO,000621-MAKRO DISTRIBUCIÓN MAYORISTA SA,0.0,0.0,0.0,0.0,0.0,0.0,0.0,0.0,0.0,140.4,244.8,140.4,0.0,0.0,0.0,0.0,0.0,0.0,0.0,0.0,0.0,0.0,0.0,0.0,0.0,0.0,0.0,0.0,5054.4,8812.8,3240.0,0.0,0.0,0.0,0.0,0.0,0.0,0.0
5001.0,BANDEJA CONFETI QUESO DE OVEJA CON TRUFA-PIMIENTO-AJO NEGRO,CASH & CARRY,MAKRO,000621-MAKRO DISTRIBUCIÓN MAYORISTA SA,0.0,0.0,0.0,0.0,0.0,0.0,0.0,0.0,0.0,0.0,0.0,0.0,0.0,0.0,0.0,0.0,0.0,0.0,0.0,0.0,0.0,0.0,0.0,0.0,0.0,0.0,0.0,0.0,0.0,0.0,0.0,0.0,0.0,0.0,0.0,0.0,0.0,0.0
5002.0,BANDEJA LPTR QUESO OVEJA TRUFA-CABRA TRUFA-MEZCLA TRUFA,CASH & CARRY,MAKRO,000621-MAKRO DISTRIBUCIÓN MAYORISTA SA,0.0,0.0,0.0,0.0,0.0,0.0,0.0,0.0,0.0,124.95,205.275,139.825,0.0,0.0,0.0,0.0,0.0,0.0,0.0,0.0,0.0,0.0,0.0,0.0,0.0,0.0,0.0,0.0,3983.7,6544.65,3224.9,0.0,0.0,0.0,0.0,0.0,0.0,0.0
5003.0,BANDEJA QUESO DE OVEJA CON ESPELETTE-PESTO-OLIVAS-CASTAÑA,CASH & CARRY,MAKRO,000621-MAKRO DISTRIBUCIÓN MAYORISTA SA,0.0,0.0,0.0,0.0,0.0,0.0,0.0,0.0,0.0,144.0,252.0,172.8,0.0,0.0,0.0,0.0,0.0,0.0,0.0,0.0,0.0,0.0,0.0,0.0,0.0,0.0,0.0,0.0,5383.2,9420.6,3902.82,0.0,0.0,0.0,0.0,0.0,0.0,0.0
5004.0,QUESO MEZCLA CURADO CON TRUFA CUÑA 150 g,DISTRIBUIDORES,RESTO DISTRIBUIDORES,"000643-ORTHIDAL, S.L.",0.0,0.0,0.0,0.0,735.0,462.0,0.0,63.0,0.0,262.5,546.0,254.1,504.0,609.0,176.4,474.6,479.1,92.4,115.5,0.0,0.0,0.0,0.0,9652.74,6067.45,0.0,827.38,0.0,3442.09,7170.62,3168.72,6617.52,8140.32,2281.56,6421.34,6482.22,1250.17,1562.71
5008.0,"QUESO AZUL IGP 6X1,5 MANUAL PACKAGING",DISTRIBUIDORES,PROVISIONES SUROESTE,"000879-PROVISIONES SUROESTE, S.L.",0.0,0.0,0.0,0.0,0.0,0.0,0.0,0.0,0.0,0.0,0.0,0.0,0.0,0.0,0.0,0.0,1709.49,0.0,0.0,0.0,0.0,0.0,0.0,0.0,0.0,0.0,0.0,0.0,0.0,0.0,0.0,0.0,0.0,0.0,0.0,14193.9,0.0,0.0
5008.0,"QUESO AZUL IGP 6X1,5 MANUAL PACKAGING",DISTRIBUIDORES,PROVISIONES SUROESTE,"000917-PROVISIONES SUROESTE, S.L.",0.0,0.0,0.0,0.0,1730.71,0.0,0.0,0.0,0.0,0.0,0.0,0.0,0.0,0.0,0.0,0.0,0.0,0.0,0.0,0.0,0.0,0.0,0.0,14130.55,0.0,0.0,0.0,0.0,0.0,0.0,0.0,0.0,0.0,0.0,0.0,0.0,0.0,0.0
5009.0,EDAM 40 % RUCKER,INTERNO,INTERNO,"000086-CENTRAL QUESERA MONTESINOS, S.L.U.",0.0,0.0,0.0,0.0,37482.98,0.0,0.0,0.0,0.0,0.0,0.0,0.0,0.0,0.0,0.0,0.0,0.0,0.0,0.0,0.0,0.0,0.0,0.0,169423.07,0.0,0.0,0.0,0.0,0.0,0.0,0.0,0.0,0.0,0.0,0.0,0.0,0.0,0.0
5010.0,"QUESO AZUL DESMIGADO PIEZA 2,5 kg",DISTRIBUIDORES,PROVISIONES SUROESTE,"000879-PROVISIONES SUROESTE, S.L.",0.0,0.0,0.0,0.0,0.0,0.0,0.0,2113.33,0.0,1341.776,2034.636,1388.248,1434.02,2121.922,0.0,715.842,707.878,0.0,1352.206,0.0,0.0,0.0,0.0,0.0,0.0,0.0,14091.68,0.0,8946.96,14500.85,9894.04,9751.34,14429.07,0.0,4867.73,4813.57,0.0,9195.0
5010.0,"QUESO AZUL DESMIGADO PIEZA 2,5 kg",DISTRIBUIDORES,PROVISIONES SUROESTE,"000917-PROVISIONES SUROESTE, S.L.",0.0,0.0,0.0,0.0,0.0,676.33,0.0,0.0,0.0,0.0,0.0,0.0,0.0,0.0,0.0,0.0,0.0,0.0,0.0,0.0,0.0,0.0,0.0,0.0,4905.53,0.0,0.0,0.0,0.0,0.0,0.0,0.0,0.0,0.0,0.0,0.0,0.0,0.0
5010.0,"QUESO AZUL DESMIGADO PIEZA 2,5 kg",DISTRIBUIDORES,RESTO DISTRIBUIDORES,"000038-LÁCTEOS MENDI, S.L.",0.0,0.0,0.0,0.0,0.0,0.0,0.0,329.734,0.0,0.0,0.0,348.92,0.0,180.0,180.0,0.0,174.668,170.236,180.0,0.0,0.0,0.0,0.0,0.0,0.0,0.0,2218.78,0.0,0.0,0.0,2347.88,0.0,1211.22,1211.22,0.0,1175.34,1145.52,1211.22
5010.0,"QUESO AZUL DESMIGADO PIEZA 2,5 kg",DISTRIBUIDORES,RESTO DISTRIBUIDORES,"000643-ORTHIDAL, S.L.",0.0,0.0,0.0,0.0,0.0,0.0,0.0,0.0,0.0,0.0,0.0,0.0,0.0,0.0,4.916,0.0,0.0,0.0,0.0,0.0,0.0,0.0,0.0,0.0,0.0,0.0,0.0,0.0,0.0,0.0,0.0,0.0,0.0,35.53,0.0,0.0,0.0,0.0
5010.0,"QUESO AZUL DESMIGADO PIEZA 2,5 kg",DISTRIBUIDORES,RESTO DISTRIBUIDORES,000651-COMERGRAN S.L.,0.0,0.0,0.0,0.0,0.0,0.0,0.0,96.056,142.722,0.0,75.0,50.0,0.0,150.0,99.648,0.0,56.028,0.0,34.338,0.0,0.0,0.0,0.0,0.0,0.0,0.0,640.5,951.67,0.0,500.1,333.4,0.0,1020.0,677.61,0.0,380.99,0.0,233.5
5010.0,"QUESO AZUL DESMIGADO PIEZA 2,5 kg",DISTRIBUIDORES,RESTO DISTRIBUIDORES,"000675-CORPORACIÓN LÁCTEA DEL NORTE, S.L.",0.0,0.0,0.0,0.0,0.0,0.0,0.0,0.0,0.0,0.0,0.0,0.0,0.0,0.0,0.0,30.0,34.102,18.022,28.838,0.0,0.0,0.0,0.0,0.0,0.0,0.0,0.0,0.0,0.0,0.0,0.0,0.0,0.0,0.0,204.0,231.89,122.55,196.1
5010.0,"QUESO AZUL DESMIGADO PIEZA 2,5 kg",DISTRIBUIDORES,RESTO DISTRIBUIDORES,000751-PLACOR 2006 S.L.,0.0,0.0,0.0,0.0,0.0,0.0,0.0,0.0,0.0,0.0,0.0,0.0,0.0,0.0,0.0,0.0,0.0,60.0,0.0,0.0,0.0,0.0,0.0,0.0,0.0,0.0,0.0,0.0,0.0,0.0,0.0,0.0,0.0,0.0,0.0,0.0,447.75,0.0
5010.0,"QUESO AZUL DESMIGADO PIEZA 2,5 kg",DISTRIBUIDORES,RESTO DISTRIBUIDORES,"000864-RISCALES ALIMENTACIÓN, S.L.",0.0,0.0,0.0,0.0,0.0,0.0,0.0,0.0,0.0,0.0,0.0,0.0,0.0,24.754,20.0,18.816,0.0,0.0,0.0,0.0,0.0,0.0,0.0,0.0,0.0,0.0,0.0,0.0,0.0,0.0,0.0,0.0,179.47,145.0,136.42,0.0,0.0,0.0
5010.0,"QUESO AZUL DESMIGADO PIEZA 2,5 kg",DISTRIBUIDORES,RESTO DISTRIBUIDORES,"000865-DISALCON95, S.L.",0.0,0.0,0.0,0.0,0.0,0.0,0.0,0.0,0.0,0.0,0.0,0.0,0.0,0.0,0.0,0.0,0.0,52.966,0.0,0.0,0.0,0.0,0.0,0.0,0.0,0.0,0.0,0.0,0.0,0.0,0.0,0.0,0.0,0.0,0.0,0.0,397.25,0.0
5010.0,"QUESO AZUL DESMIGADO PIEZA 2,5 kg",DISTRIBUIDORES,RESTO DISTRIBUIDORES,"000946-LLUIS CANADELL, S.L.U.",0.0,0.0,0.0,0.0,0.0,0.0,0.0,0.0,0.0,0.0,0.0,0.0,0.0,0.0,5.0,0.0,0.0,0.0,0.0,0.0,0.0,0.0,0.0,0.0,0.0,0.0,0.0,0.0,0.0,0.0,0.0,0.0,0.0,36.25,0.0,0.0,0.0,0.0
5010.0,"QUESO AZUL DESMIGADO PIEZA 2,5 kg",INDUSTRIALES & FOOD SERVICE,RESTO INDUSTRIALES & FOODSERVICE,000981-COMERCIAL ADVISOR 2030 S.L.U. (BLOQ.),0.0,0.0,0.0,0.0,0.0,0.0,0.0,0.0,0.0,0.0,0.0,0.0,0.0,0.0,0.0,0.0,2.47,0.0,0.0,0.0,0.0,0.0,0.0,0.0,0.0,0.0,0.0,0.0,0.0,0.0,0.0,0.0,0.0,0.0,0.0,18.03,0.0,0.0
5010.0,"QUESO AZUL DESMIGADO PIEZA 2,5 kg",RETAIL,EUROMADI,"000931-TRANSGOURMET IBÉRICA, SAU",0.0,0.0,0.0,0.0,0.0,0.0,0.0,0.0,0.0,0.0,0.0,0.0,406.842,177.884,566.93,463.924,173.386,728.288,586.486,0.0,0.0,0.0,0.0,0.0,0.0,0.0,0.0,0.0,0.0,0.0,0.0,3112.35,1360.8,4337.03,3549.02,1321.85,5571.39,4486.62
5011.0,EDAM BOLA CUÑA 310 g,DISTRIBUIDORES,PROVISIONES SUROESTE,"000879-PROVISIONES SUROESTE, S.L.",0.0,0.0,0.0,0.0,0.0,0.0,0.0,0.0,1067.64,654.72,275.28,133.92,334.8,357.12,706.8,498.48,312.48,926.28,520.8,0.0,0.0,0.0,0.0,0.0,0.0,0.0,0.0,6883.08,4212.14,1764.82,858.56,2003.79,2137.37,4230.2,2983.4,1870.19,5458.11,2945.63
5011.0,EDAM BOLA CUÑA 310 g,DISTRIBUIDORES,RESTO DISTRIBUIDORES,000651-COMERGRAN S.L.,0.0,0.0,0.0,0.0,0.0,0.0,0.0,0.0,0.0,0.0,18.6,223.2,0.0,0.0,148.8,93.0,119.04,133.92,89.28,0.0,0.0,0.0,0.0,0.0,0.0,0.0,0.0,0.0,0.0,119.24,1430.94,0.0,0.0,890.56,556.6,712.45,801.51,519.65
5011.0,EDAM BOLA CUÑA 310 g,RETAIL,EUROMADI,"000595-MARKANT ESPAÑA, S.A.U.",0.0,0.0,0.0,0.0,0.0,0.0,0.0,0.0,2272.92,1964.16,1964.16,2946.24,483.6,2946.24,2455.2,2455.2,1964.16,2455.2,2946.24,0.0,0.0,0.0,0.0,0.0,0.0,0.0,0.0,15762.7,13622.18,13622.44,20433.66,3354.01,20433.66,16380.77,16473.65,12979.36,15974.75,19169.7
5011.0,EDAM BOLA CUÑA 310 g,RETAIL,IFA,000597-AHORRAMAS S.A.,0.0,0.0,0.0,0.0,0.0,0.0,0.0,0.0,0.0,0.0,0.0,1473.12,491.04,491.04,982.08,491.04,982.08,491.04,491.04,0.0,0.0,0.0,0.0,0.0,0.0,0.0,0.0,0.0,0.0,0.0,10033.74,3183.32,3183.52,6375.1,2663.16,5863.76,2935.59,2918.91
5012.0,GOUDA BOLA CUÑA 325 G,DISTRIBUIDORES,PROVISIONES SUROESTE,"000879-PROVISIONES SUROESTE, S.L.",0.0,0.0,0.0,0.0,0.0,0.0,0.0,0.0,1187.55,813.15,579.15,210.6,234.0,444.6,737.1,620.1,175.5,1175.85,620.1,0.0,0.0,0.0,0.0,0.0,0.0,0.0,0.0,8043.27,5447.62,3725.09,1354.58,1405.4,2670.26,4427.01,3724.32,1054.05,7014.03,3520.31
5012.0,GOUDA BOLA CUÑA 325 G,DISTRIBUIDORES,RESTO DISTRIBUIDORES,000651-COMERGRAN S.L.,0.0,0.0,0.0,0.0,0.0,0.0,0.0,0.0,0.0,0.0,11.7,175.5,0.0,0.0,87.75,29.25,29.25,46.8,93.6,0.0,0.0,0.0,0.0,0.0,0.0,0.0,0.0,0.0,0.0,75.25,1128.81,0.0,0.0,527.03,175.68,175.68,281.08,546.76
5012.0,GOUDA BOLA CUÑA 325 G,RETAIL,EUROMADI,"000595-MARKANT ESPAÑA, S.A.U.",0.0,0.0,0.0,0.0,0.0,0.0,0.0,0.0,3510.0,4914.0,1404.0,3510.0,1404.0,3510.0,4914.0,3510.0,2808.0,3510.0,4212.0,0.0,0.0,0.0,0.0,0.0,0.0,0.0,0.0,24517.35,34323.45,9806.38,24515.95,9806.38,24515.95,32192.85,23328.15,18522.12,22626.15,27151.38
5012.0,GOUDA BOLA CUÑA 325 G,RETAIL,IFA,000597-AHORRAMAS S.A.,0.0,0.0,0.0,0.0,0.0,0.0,0.0,0.0,0.0,0.0,0.0,2808.0,1404.0,1404.0,2106.0,1404.0,1404.0,2106.0,1404.0,0.0,0.0,0.0,0.0,0.0,0.0,0.0,0.0,0.0,0.0,0.0,18236.28,8784.33,8460.97,12732.72,7789.63,7838.9,11829.54,7849.85
5013.0,MAASDAM CUÑA 330g,DISTRIBUIDORES,PROVISIONES SUROESTE,"000879-PROVISIONES SUROESTE, S.L.",0.0,0.0,0.0,0.0,0.0,0.0,0.0,0.0,148.5,99.0,99.0,0.0,0.0,0.0,0.0,0.0,0.0,39.6,39.6,0.0,0.0,0.0,0.0,0.0,0.0,0.0,0.0,1047.82,694.68,690.82,0.0,0.0,0.0,0.0,0.0,0.0,237.01,237.01
5013.0,MAASDAM CUÑA 330g,DISTRIBUIDORES,RESTO DISTRIBUIDORES,000651-COMERGRAN S.L.,0.0,0.0,0.0,0.0,0.0,0.0,0.0,0.0,0.0,0.0,0.0,123.75,0.0,0.0,24.75,0.0,49.5,39.6,0.0,0.0,0.0,0.0,0.0,0.0,0.0,0.0,0.0,0.0,0.0,0.0,863.53,0.0,0.0,148.13,0.0,296.26,237.01,0.0
5013.0,MAASDAM CUÑA 330g,RETAIL,EUROMADI,"000595-MARKANT ESPAÑA, S.A.U.",0.0,0.0,0.0,0.0,0.0,0.0,0.0,0.0,2376.0,1782.0,1188.0,1188.0,594.0,1702.8,1782.0,0.0,2321.55,2376.0,1782.0,0.0,0.0,0.0,0.0,0.0,0.0,0.0,0.0,16057.01,12402.24,8388.0,8388.0,4194.0,12022.8,12150.03,0.0,15828.79,15710.35,11782.77
5013.0,MAASDAM CUÑA 330g,RETAIL,IFA,000597-AHORRAMAS S.A.,0.0,0.0,0.0,0.0,0.0,0.0,0.0,0.0,0.0,0.0,1188.0,594.0,1188.0,1188.0,2376.0,1.0,1.0,2970.0,0.0,0.0,0.0,0.0,0.0,0.0,0.0,0.0,0.0,0.0,0.0,8115.23,4057.61,3836.19,3838.32,15378.92,0.0,0.0,18078.44,0.0
5015.0,MOZZAPURA BLOKJES / CUBES 2 KG,EXPORT,RESTO EXPORT,000929-BEDO FOOD,0.0,0.0,0.0,0.0,240.0,0.0,0.0,0.0,0.0,0.0,0.0,0.0,0.0,0.0,0.0,0.0,0.0,0.0,0.0,0.0,0.0,0.0,0.0,945.6,0.0,0.0,0.0,0.0,0.0,0.0,0.0,0.0,0.0,0.0,0.0,0.0,0.0,0.0
5016.0,MOZZAPURA GERASPT / RAPPÉE 1 KG,EXPORT,RESTO EXPORT,000929-BEDO FOOD,0.0,0.0,0.0,0.0,240.0,0.0,0.0,0.0,0.0,0.0,0.0,0.0,0.0,0.0,0.0,0.0,0.0,0.0,0.0,0.0,0.0,0.0,0.0,1005.6,0.0,0.0,0.0,0.0,0.0,0.0,0.0,0.0,0.0,0.0,0.0,0.0,0.0,0.0
5017.0,QUESO EMMENTAL RALLADO ALIPENDE 200 g,RETAIL,IFA,000597-AHORRAMAS S.A.,0.0,0.0,0.0,0.0,0.0,0.0,0.0,0.0,0.0,0.0,6770.4,5678.4,8299.2,6770.4,7862.4,6552.0,4149.6,5241.6,4368.0,0.0,0.0,0.0,0.0,0.0,0.0,0.0,0.0,0.0,0.0,40269.8,33774.66,49359.42,40267.42,45051.64,37129.41,23513.23,29708.07,24738.6
5018.0,QUESO MOZZARELLA RALLADO ALIPENDE 300 g,RETAIL,IFA,000597-AHORRAMAS S.A.,0.0,0.0,0.0,0.0,0.0,0.0,0.0,0.0,0.0,1638.0,34398.0,28392.0,36582.0,32742.0,44772.0,24570.0,22386.0,30576.0,20748.0,0.0,0.0,0.0,0.0,0.0,0.0,0.0,0.0,0.0,11231.34,235854.02,194664.21,250818.87,224497.21,297947.81,162456.57,146385.5,196453.86,133182.68
5019.0,QUESO EDAM LONCHAS ALIPENDE 300 g,RETAIL,IFA,000597-AHORRAMAS S.A.,0.0,0.0,0.0,0.0,0.0,0.0,0.0,0.0,0.0,0.0,0.0,6739.2,13977.6,11481.6,19718.4,7987.2,9854.4,8483.4,6489.6,0.0,0.0,0.0,0.0,0.0,0.0,0.0,0.0,0.0,0.0,0.0,41446.41,83265.64,64675.46,106606.59,42904.53,52967.85,44512.03,34032.04
5020.0,QUESO GOUDA LONCHAS ALIPENDE 300 g,RETAIL,IFA,000597-AHORRAMAS S.A.,0.0,0.0,0.0,0.0,0.0,0.0,0.0,0.0,0.0,6739.2,12729.6,12979.2,16723.2,12979.2,26956.8,9984.0,15475.2,19968.0,23712.0,0.0,0.0,0.0,0.0,0.0,0.0,0.0,0.0,0.0,41447.5,78289.21,79818.6,100305.13,73503.91,141075.7,51732.39,79429.59,98709.16,114127.26
5021.0,QUESO FUNDIDO RALLADO EN POLVO AUCHAN 150 g,RETAIL,EUROMADI,000666-ALCAMPO S.A.,0.0,0.0,0.0,0.0,779.4,1816.2,2305.8,2430.0,2980.8,2325.6,2156.4,2808.0,2908.8,2165.4,2781.0,2842.2,2136.6,2505.6,2736.0,0.0,0.0,0.0,0.0,3424.17,11437.63,15187.65,16005.69,1527.6,11381.8,14203.58,18472.05,19159.36,14262.87,18317.62,18578.44,14073.11,16503.65,18021.2
5022.0,CHEDDAR RED 50+,DISTRIBUIDORES,PROVISIONES SUROESTE,"000879-PROVISIONES SUROESTE, S.L.",0.0,0.0,0.0,0.0,952.42,0.0,0.0,0.0,0.0,0.0,0.0,5760.0,0.0,0.0,0.0,0.0,8640.0,0.0,960.0,0.0,0.0,0.0,0.0,6000.25,0.0,0.0,0.0,0.0,0.0,0.0,29427.84,0.0,0.0,0.0,0.0,44141.76,0.0,4904.64
5022.0,CHEDDAR RED 50+,DISTRIBUIDORES,PROVISIONES SUROESTE,"000917-PROVISIONES SUROESTE, S.L.",0.0,0.0,0.0,0.0,0.0,0.0,0.0,0.0,4800.0,0.0,0.0,0.0,0.0,0.0,0.0,0.0,0.0,0.0,0.0,0.0,0.0,0.0,0.0,0.0,0.0,0.0,0.0,30240.0,0.0,0.0,0.0,0.0,0.0,0.0,0.0,0.0,0.0,0.0
5026.0,QUESOS RALLADOS 4 QUESOS 200 G GOURMET,RETAIL,EUROMADI,"000512-TRANSGOURMET IBÉRICA, SAU",0.0,0.0,0.0,0.0,0.0,0.0,0.0,0.0,0.0,0.0,0.0,3900.0,3900.0,3057.6,4929.6,3626.4,3746.4,3026.4,4149.6,0.0,0.0,0.0,0.0,0.0,0.0,0.0,0.0,0.0,0.0,0.0,28918.44,28918.46,22645.55,34457.82,25348.49,26187.29,21154.48,29005.64
5027.0,MEZCLA 4 QUESOS RALLADO AUCHAN 200g,RETAIL,EUROMADI,000666-ALCAMPO S.A.,0.0,0.0,0.0,0.0,0.0,3057.6,5496.0,5884.8,6748.8,7029.6,6753.6,7564.8,8424.0,6463.2,7615.2,8013.6,6333.6,6062.4,7490.4,0.0,0.0,0.0,0.0,0.0,22442.75,40340.69,43194.41,49536.21,51597.24,49571.42,55524.83,61832.19,47291.21,53230.23,55612.43,44271.84,42376.17,52357.91
5028.0,QUESO QUESCAN LONCHAS 1 kg GAILLA,INDUSTRIALES & FOOD SERVICE,RESTO INDUSTRIALES & FOODSERVICE,"000216-VASCOLAC, S.L.",0.0,0.0,0.0,0.0,0.0,480.0,712.0,640.0,624.0,288.0,584.0,288.0,576.0,288.0,576.0,288.0,288.0,576.0,288.0,0.0,0.0,0.0,0.0,0.0,2496.0,3702.4,3328.0,3234.4,1497.6,3036.8,1497.6,2995.2,1497.6,2995.2,1497.6,1497.6,2995.2,1497.6
5029.0,"RALLADO CON GOUDA 1,5 kg CANAL HORECA",CASH & CARRY,MAKRO,000621-MAKRO DISTRIBUCIÓN MAYORISTA SA,0.0,0.0,0.0,0.0,0.0,0.0,0.0,0.0,0.0,576.0,48.0,60.0,336.0,120.0,192.0,252.0,228.0,276.0,264.0,0.0,0.0,0.0,0.0,0.0,0.0,0.0,0.0,0.0,3041.28,253.44,316.8,1774.08,633.6,1013.76,1330.56,1203.84,1457.28,1393.92
5029.0,"RALLADO CON GOUDA 1,5 kg CANAL HORECA",CASH & CARRY,OTROS CASH & CARRY,"000931-TRANSGOURMET IBÉRICA, SAU",0.0,0.0,0.0,0.0,0.0,0.0,0.0,0.0,0.0,936.0,0.0,0.0,0.0,0.0,0.0,0.0,0.0,0.0,0.0,0.0,0.0,0.0,0.0,0.0,0.0,0.0,0.0,0.0,4492.8,0.0,0.0,0.0,0.0,0.0,0.0,0.0,0.0,0.0
5029.0,"RALLADO CON GOUDA 1,5 kg CANAL HORECA",RETAIL,EUROMADI,"000931-TRANSGOURMET IBÉRICA, SAU",0.0,0.0,0.0,0.0,0.0,0.0,0.0,0.0,0.0,0.0,864.0,72.0,576.0,864.0,72.0,792.0,48.0,36.0,0.0,0.0,0.0,0.0,0.0,0.0,0.0,0.0,0.0,0.0,0.0,4147.2,345.6,2764.8,4147.2,345.6,3801.6,230.4,172.8,0.0
5030.0,"RALLADO CON CHEDDAR 1,5 kg CANAL HORECA",CASH & CARRY,MAKRO,000621-MAKRO DISTRIBUCIÓN MAYORISTA SA,0.0,0.0,0.0,0.0,0.0,0.0,0.0,0.0,0.0,588.0,132.0,300.0,576.0,240.0,636.0,540.0,396.0,588.0,792.0,0.0,0.0,0.0,0.0,0.0,0.0,0.0,0.0,0.0,3104.64,696.96,1584.0,3041.28,1267.2,3358.08,2851.2,2090.88,3104.64,4181.76
5030.0,"RALLADO CON CHEDDAR 1,5 kg CANAL HORECA",DISTRIBUIDORES,PROVISIONES SUROESTE,"000879-PROVISIONES SUROESTE, S.L.",0.0,0.0,0.0,0.0,0.0,0.0,0.0,0.0,0.0,0.0,0.0,0.0,12.0,72.0,0.0,0.0,72.0,0.0,0.0,0.0,0.0,0.0,0.0,0.0,0.0,0.0,0.0,0.0,0.0,0.0,0.0,57.6,345.6,0.0,0.0,345.6,0.0,0.0
5030.0,"RALLADO CON CHEDDAR 1,5 kg CANAL HORECA",DISTRIBUIDORES,RESTO DISTRIBUIDORES,"000710-SELECCIO REGISA, S.L.",0.0,0.0,0.0,0.0,0.0,0.0,0.0,0.0,0.0,0.0,0.0,0.0,0.0,12.0,0.0,0.0,0.0,0.0,0.0,0.0,0.0,0.0,0.0,0.0,0.0,0.0,0.0,0.0,0.0,0.0,0.0,0.0,57.6,0.0,0.0,0.0,0.0,0.0
5030.0,"RALLADO CON CHEDDAR 1,5 kg CANAL HORECA",DISTRIBUIDORES,RESTO DISTRIBUIDORES,000987-LPA ALIMENTACION S.L.,0.0,0.0,0.0,0.0,0.0,0.0,0.0,0.0,0.0,0.0,0.0,0.0,0.0,0.0,0.0,0.0,0.0,24.0,0.0,0.0,0.0,0.0,0.0,0.0,0.0,0.0,0.0,0.0,0.0,0.0,0.0,0.0,0.0,0.0,0.0,0.0,115.2,0.0
5030.0,"RALLADO CON CHEDDAR 1,5 kg CANAL HORECA",RETAIL,EUROMADI,"000931-TRANSGOURMET IBÉRICA, SAU",0.0,0.0,0.0,0.0,0.0,0.0,0.0,0.0,0.0,0.0,0.0,504.0,864.0,0.0,396.0,768.0,36.0,24.0,132.0,0.0,0.0,0.0,0.0,0.0,0.0,0.0,0.0,0.0,0.0,0.0,2419.2,4147.2,0.0,1900.8,3686.4,172.8,115.2,633.6
5031.0,CREMA MASCARPONE AZUL 150 g HACENDADO,MERCADONA,IRMADONA,"000525-IRMÃDONA SUPERMERCADOS, UNIPESSOAL, LDA",0.0,0.0,0.0,0.0,0.0,0.0,0.0,0.0,0.0,1382.4,921.6,460.8,0.0,0.0,0.0,0.0,0.0,0.0,0.0,0.0,0.0,0.0,0.0,0.0,0.0,0.0,0.0,0.0,10690.5,7127.0,3563.5,0.0,0.0,0.0,0.0,0.0,0.0,0.0
5031.0,CREMA MASCARPONE AZUL 150 g HACENDADO,MERCADONA,MERCADONA,"000128-MERCADONA, S.A.",0.0,0.0,0.0,0.0,0.0,0.0,0.0,0.0,2764.8,27648.0,16128.0,11906.4,0.0,0.0,0.0,0.0,0.0,0.0,0.0,0.0,0.0,0.0,0.0,0.0,0.0,0.0,0.0,21712.8,217128.0,126658.0,93504.52,0.0,0.0,0.0,0.0,0.0,0.0,0.0
5032.0,AROMA DE YOGURT YOG-9032,INTERNO,INTERNO,"000086-CENTRAL QUESERA MONTESINOS, S.L.U.",0.0,0.0,0.0,0.0,0.0,36.0,125.5,0.0,0.0,0.0,0.0,0.0,0.0,0.0,0.0,0.0,0.0,0.0,0.0,0.0,0.0,0.0,0.0,0.0,551.16,1921.4,0.0,0.0,0.0,0.0,0.0,0.0,0.0,0.0,0.0,0.0,0.0,0.0
5037.0,AROMA VEGANO CREMA ÁCIDA CRE936,INTERNO,INTERNO,"000086-CENTRAL QUESERA MONTESINOS, S.L.U.",0.0,0.0,0.0,0.0,0.0,0.0,1.0,0.0,0.0,0.0,0.0,0.0,1.04,0.0,0.0,0.0,0.0,0.0,0.0,0.0,0.0,0.0,0.0,0.0,0.0,95.92,0.0,0.0,0.0,0.0,0.0,99.76,0.0,0.0,0.0,0.0,0.0,0.0
5038.0,PERLAS DE MOZZARELLA BONAREA 150 g,RETAIL,OTROS RETAILERS,000935-CORPORACION ALIMENTARIA DE GUISSONA,0.0,0.0,0.0,0.0,0.0,0.0,0.0,0.0,0.0,2073.6,2073.6,3110.4,2073.6,2246.4,3110.4,2937.6,3110.4,4320.0,3456.0,0.0,0.0,0.0,0.0,0.0,0.0,0.0,0.0,0.0,19077.12,19077.12,28615.68,19077.12,20666.88,28615.68,27025.92,28615.68,39744.0,31795.2
5039.0,QUESO DE CABRA SEMICURADO PAYOYA,CASH & CARRY,OTROS CASH & CARRY,"000931-TRANSGOURMET IBÉRICA, SAU",0.0,0.0,0.0,0.0,0.0,0.0,0.0,105.45,318.61,183.02,0.0,0.0,0.0,0.0,0.0,0.0,0.0,0.0,0.0,0.0,0.0,0.0,0.0,0.0,0.0,0.0,1848.54,5585.23,3208.35,0.0,0.0,0.0,0.0,0.0,0.0,0.0,0.0,0.0
5039.0,QUESO DE CABRA SEMICURADO PAYOYA,RETAIL,EUROMADI,"000931-TRANSGOURMET IBÉRICA, SAU",0.0,0.0,0.0,0.0,0.0,0.0,0.0,0.0,0.0,0.0,281.96,274.9,125.54,0.0,150.45,248.93,252.27,244.23,200.18,0.0,0.0,0.0,0.0,0.0,0.0,0.0,0.0,0.0,0.0,4942.76,4818.99,2200.72,0.0,2637.39,4363.75,4422.29,4629.52,3801.41
5041.0,CREMA DE QUESO BRIE CON TRUFA LA TAPERIA 125 g,DISTRIBUIDORES,RESTO DISTRIBUIDORES,000679-SPANISH CHEESE S.L.U.,0.0,0.0,0.0,0.0,0.0,0.0,810.0,0.0,537.0,410.0,620.0,129.0,159.0,347.0,0.0,432.0,397.0,482.0,515.0,0.0,0.0,0.0,0.0,0.0,0.0,7191.98,0.0,4768.02,3640.38,5504.98,1145.39,1411.76,3081.01,0.0,3835.72,3524.96,4279.68,4583.5
5041.0,CREMA DE QUESO BRIE CON TRUFA LA TAPERIA 125 g,INTERNO,INTERNO,"000086-CENTRAL QUESERA MONTESINOS, S.L.U.",0.0,0.0,0.0,0.0,0.0,0.0,0.0,0.0,0.0,0.0,0.0,0.0,0.0,0.0,0.0,50.0,0.0,0.0,0.0,0.0,0.0,0.0,0.0,0.0,0.0,0.0,0.0,0.0,0.0,0.0,0.0,0.0,0.0,0.0,445.0,0.0,0.0,0.0
5042.0,LACTOSUERO DULCE EN POLVO BIG-BAG,TORRE,TORRE,"000086-CENTRAL QUESERA MONTESINOS, S.L.U.",0.0,0.0,0.0,0.0,0.0,0.0,0.0,0.0,0.0,17600.0,35200.0,10400.0,0.0,2400.0,1600.0,0.0,0.0,0.0,0.0,0.0,0.0,0.0,0.0,0.0,0.0,0.0,0.0,0.0,16104.0,34848.0,11076.0,0.0,2020.08,1346.72,0.0,0.0,0.0,0.0
5044.0,BAY DARK DROPS 6000KG,INTERNO,INTERNO,"000086-CENTRAL QUESERA MONTESINOS, S.L.U.",0.0,0.0,0.0,0.0,0.0,0.0,0.0,1660.0,0.0,0.0,0.0,0.0,0.0,0.0,0.0,0.0,0.0,0.0,0.0,0.0,0.0,0.0,0.0,0.0,0.0,0.0,14392.2,0.0,0.0,0.0,0.0,0.0,0.0,0.0,0.0,0.0,0.0,0.0
5045.0,GELATINA 240-260 BLOM,INTERNO,INTERNO,"000086-CENTRAL QUESERA MONTESINOS, S.L.U.",0.0,0.0,0.0,0.0,0.0,0.0,0.0,50.0,0.0,0.0,0.0,0.0,0.0,0.0,0.0,0.0,0.0,0.0,0.0,0.0,0.0,0.0,0.0,0.0,0.0,0.0,280.5,0.0,0.0,0.0,0.0,0.0,0.0,0.0,0.0,0.0,0.0,0.0
5046.0,GOUDA 45% PARA FUNDIR,INTERNO,INTERNO,"000086-CENTRAL QUESERA MONTESINOS, S.L.U.",0.0,0.0,0.0,0.0,0.0,0.0,0.0,0.0,661.76,0.0,0.0,0.0,0.0,0.0,0.0,0.0,0.0,0.0,0.0,0.0,0.0,0.0,0.0,0.0,0.0,0.0,0.0,3011.01,0.0,-416.91,0.0,0.0,0.0,0.0,0.0,0.0,0.0,0.0
5047.0,CAGLIATA BOLA FUNDIR,INTERNO,INTERNO,"000086-CENTRAL QUESERA MONTESINOS, S.L.U.",0.0,0.0,0.0,0.0,0.0,0.0,0.0,0.0,807.5,0.0,0.0,0.0,0.0,0.0,0.0,0.0,0.0,0.0,0.0,0.0,0.0,0.0,0.0,0.0,0.0,0.0,0.0,3924.45,0.0,-308.47,0.0,0.0,0.0,0.0,0.0,0.0,0.0,0.0
5048.0,"BARRA QUESO EDAM QUESLAND ""F""",DISTRIBUIDORES,PROVISIONES SUROESTE,"000879-PROVISIONES SUROESTE, S.L.",0.0,0.0,0.0,0.0,0.0,0.0,0.0,0.0,925.06,1356.0,0.0,0.0,0.0,0.0,0.0,0.0,0.0,0.0,0.0,0.0,0.0,0.0,0.0,0.0,0.0,0.0,0.0,4181.27,6129.12,0.0,0.0,0.0,0.0,0.0,0.0,0.0,0.0,0.0
5048.0,"BARRA QUESO EDAM QUESLAND ""F""",DISTRIBUIDORES,RESTO DISTRIBUIDORES,000651-COMERGRAN S.L.,0.0,0.0,0.0,0.0,0.0,0.0,0.0,0.0,1102.03,240.0,0.0,0.0,0.0,0.0,0.0,0.0,0.0,0.0,0.0,0.0,0.0,0.0,0.0,0.0,0.0,0.0,0.0,5107.26,1084.8,0.0,0.0,0.0,0.0,0.0,0.0,0.0,0.0,0.0
5050.0,"MOZZARELLA RALLADA EN TIRAS 1,5 kg (28 días)",RETAIL,OTROS RETAILERS,"000569-COSTCO WHOLESALE SPAIN,  S.L.U (1200003713)",0.0,0.0,0.0,0.0,0.0,0.0,0.0,0.0,3024.0,37584.0,50544.0,17280.0,43632.0,33264.0,38016.0,29376.0,33264.0,45360.0,36288.0,0.0,0.0,0.0,0.0,0.0,0.0,0.0,0.0,16480.8,204832.8,275464.8,94176.0,237794.4,181288.8,207187.2,138067.2,148024.8,201852.0,161481.6
5051.0,MANTEQUILLA DULCE CONTINENTAL (NUMIDIA) C,INTERNO,INTERNO,"000086-CENTRAL QUESERA MONTESINOS, S.L.U.",0.0,0.0,0.0,0.0,0.0,0.0,0.0,0.0,975.0,250.0,0.0,0.0,0.0,0.0,0.0,0.0,0.0,0.0,0.0,0.0,0.0,0.0,0.0,0.0,0.0,0.0,0.0,7365.15,1956.75,0.0,0.0,0.0,0.0,0.0,0.0,0.0,0.0,0.0
5052.0,MEZCLA 4 QUESOS RALLADOS HACENDADO 200 g.,MERCADONA,IRMADONA,"000525-IRMÃDONA SUPERMERCADOS, UNIPESSOAL, LDA",0.0,0.0,0.0,0.0,0.0,0.0,0.0,0.0,0.0,0.0,0.0,0.0,2721.6,6998.4,7387.2,7776.0,7776.0,6609.6,8942.4,0.0,0.0,0.0,0.0,0.0,0.0,0.0,0.0,0.0,0.0,0.0,0.0,16628.97,42760.22,45135.8,45722.89,45722.89,37600.86,50345.72
5052.0,MEZCLA 4 QUESOS RALLADOS HACENDADO 200 g.,MERCADONA,MERCADONA,"000128-MERCADONA, S.A.",0.0,0.0,0.0,0.0,0.0,0.0,0.0,0.0,0.0,0.0,0.0,0.0,54043.2,304430.4,311029.2,272160.0,266313.6,277534.8,328536.0,0.0,0.0,0.0,0.0,0.0,0.0,0.0,0.0,0.0,0.0,0.0,0.0,332365.68,1872246.96,1912829.58,1611187.11,1576576.38,1588882.58,1862799.09
5053.0,LONCHAS QUESO FUNDIDO 200 g GOURMET,RETAIL,EUROMADI,"000512-TRANSGOURMET IBÉRICA, SAU",0.0,0.0,0.0,0.0,0.0,0.0,0.0,0.0,0.0,0.0,0.0,0.0,0.0,0.0,280.8,475.2,628.8,732.0,854.4,0.0,0.0,0.0,0.0,0.0,0.0,0.0,0.0,0.0,0.0,0.0,0.0,0.0,0.0,2076.5,3514.1,4649.97,5413.15,6318.28
5054.0,MOZZARELLA FRESCA BONAREA 125 g,RETAIL,OTROS RETAILERS,000935-CORPORACION ALIMENTARIA DE GUISSONA,0.0,0.0,0.0,0.0,0.0,0.0,0.0,0.0,0.0,0.0,0.0,1512.0,3024.0,4536.0,4914.0,4536.0,5292.0,7182.0,4914.0,0.0,0.0,0.0,0.0,0.0,0.0,0.0,0.0,0.0,0.0,0.0,9192.96,18385.92,27578.88,29877.12,27578.88,32175.36,43666.56,29877.12
5055.0,"CREMA DE QUESO CAMEMBERT CUBO 21,5 Kg.",INDUSTRIALES & FOOD SERVICE,RESTO INDUSTRIALES & FOODSERVICE,"000938-PRECOCINADOS FRISA, S.L.U.",0.0,0.0,0.0,0.0,0.0,0.0,0.0,0.0,0.0,371.07,578.85,0.0,8449.5,0.0,26036.5,15673.5,16619.5,7976.5,26316.0,0.0,0.0,0.0,0.0,0.0,0.0,0.0,0.0,0.0,2568.18,3319.56,0.0,52885.29,0.0,163795.62,98601.99,102389.49,47902.95,161080.24
5056.0,MOZZARELLA ANTONELLA ESPECIAL MALVON RALLADO TACOS,INDUSTRIALES & FOOD SERVICE,RESTO INDUSTRIALES & FOODSERVICE,000629-MALVON FACTORY S.L.,0.0,0.0,0.0,0.0,0.0,0.0,0.0,0.0,0.0,2880.0,0.0,0.0,0.0,0.0,0.0,0.0,0.0,0.0,0.0,0.0,0.0,0.0,0.0,0.0,0.0,0.0,0.0,0.0,13392.0,0.0,0.0,0.0,0.0,0.0,0.0,0.0,0.0,0.0
5057.0,Bandeja Surtido Quesos - Sensaciones,DISTRIBUIDORES,RESTO DISTRIBUIDORES,"000643-ORTHIDAL, S.L.",0.0,0.0,0.0,0.0,0.0,0.0,0.0,0.0,0.0,172.8,144.0,289.6,112.0,0.0,0.0,0.0,0.0,0.0,0.0,0.0,0.0,0.0,0.0,0.0,0.0,0.0,0.0,0.0,2289.6,1908.0,3837.2,1484.0,0.0,0.0,0.0,0.0,0.0,0.0
5058.0,QUESO RALLADO POLVO HACENDADO 150 G.,MERCADONA,IRMADONA,"000525-IRMÃDONA SUPERMERCADOS, UNIPESSOAL, LDA",0.0,0.0,0.0,0.0,0.0,0.0,0.0,0.0,0.0,0.0,0.0,3110.4,4276.8,3888.0,3888.0,4276.8,3499.2,2721.6,4665.6,0.0,0.0,0.0,0.0,0.0,0.0,0.0,0.0,0.0,0.0,0.0,18185.58,23721.99,21306.22,21306.22,23436.84,19175.59,14914.34,25567.45
5058.0,QUESO RALLADO POLVO HACENDADO 150 G.,MERCADONA,MERCADONA,"000128-MERCADONA, S.A.",0.0,0.0,0.0,0.0,0.0,0.0,0.0,0.0,0.0,0.0,0.0,106531.2,155908.8,141523.2,144633.6,140356.8,128692.8,134136.0,153187.2,0.0,0.0,0.0,0.0,0.0,0.0,0.0,0.0,0.0,0.0,0.0,627820.74,866507.04,780173.04,784882.8,761673.9,698376.9,727915.5,831300.6
5059.0,Bandeja Selección Ciao Italia,DISTRIBUIDORES,RESTO DISTRIBUIDORES,"000643-ORTHIDAL, S.L.",0.0,0.0,0.0,0.0,0.0,0.0,0.0,0.0,0.0,203.04,169.2,227.48,150.4,0.0,263.2,150.4,376.0,18.8,18.8,0.0,0.0,0.0,0.0,0.0,0.0,0.0,0.0,0.0,2298.41,1915.34,2575.08,1702.53,0.0,3360.01,1920.0,4800.02,240.0,240.0
5061.0,MOZZAPURA SHREDDED 1 kg,EXPORT,RESTO EXPORT,000951-IMPEX LIMITED,0.0,0.0,0.0,0.0,0.0,0.0,0.0,0.0,0.0,0.0,0.0,0.0,420.0,0.0,0.0,0.0,0.0,0.0,0.0,0.0,0.0,0.0,0.0,0.0,0.0,0.0,0.0,0.0,0.0,0.0,0.0,1612.8,0.0,0.0,0.0,0.0,0.0,0.0
5062.0,BC-100Y-WSP BETACAROTENO (POLVO),INTERNO,INTERNO,"000086-CENTRAL QUESERA MONTESINOS, S.L.U.",0.0,0.0,0.0,0.0,0.0,0.0,0.0,0.0,0.0,0.0,1.5,0.0,0.0,0.0,0.0,0.0,0.0,0.0,0.0,0.0,0.0,0.0,0.0,0.0,0.0,0.0,0.0,0.0,0.0,32.64,0.0,0.0,0.0,0.0,0.0,0.0,0.0,0.0
5063.0,QUESO FRESCO 2 X 400 g FRESCOY,DISTRIBUIDORES,PROVISIONES SUROESTE,"000917-PROVISIONES SUROESTE, S.L.",0.0,0.0,0.0,0.0,0.0,0.0,0.0,0.0,0.0,0.0,0.0,0.0,0.0,0.0,0.0,144.0,0.0,32.0,40.0,0.0,0.0,0.0,0.0,0.0,0.0,0.0,0.0,0.0,0.0,0.0,0.0,0.0,0.0,0.0,640.8,0.0,142.4,178.0
5064.0,BURRATA CONGELADA 125 g ANTONELLA ÁRABE,EXPORT,RESTO EXPORT,000624-AGRO FOOD SERVICES,0.0,0.0,0.0,0.0,0.0,0.0,0.0,0.0,0.0,0.0,0.0,0.0,432.0,0.0,576.0,0.0,0.0,0.0,0.0,0.0,0.0,0.0,0.0,0.0,0.0,0.0,0.0,0.0,0.0,0.0,0.0,4838.4,0.0,6451.2,0.0,0.0,0.0,0.0
5065.0,"MEDIA RUEDA MAASDAM 6,4kg",RETAIL,IFA,000597-AHORRAMAS S.A.,0.0,0.0,0.0,0.0,0.0,0.0,0.0,0.0,0.0,0.0,0.0,0.0,0.0,1510.4,0.0,4492.8,1382.4,691.2,2751.73,0.0,0.0,0.0,0.0,0.0,0.0,0.0,0.0,0.0,0.0,0.0,0.0,0.0,9569.89,0.0,28466.38,8758.89,4379.44,17434.96
5068.0,QUESO CREMA UNTABLE 5KG.,RETAIL,EUROMADI,"000931-TRANSGOURMET IBÉRICA, SAU",0.0,0.0,0.0,0.0,0.0,0.0,0.0,0.0,0.0,0.0,0.0,0.0,0.0,0.0,0.0,0.0,420.0,210.0,590.0,0.0,0.0,0.0,0.0,0.0,0.0,0.0,0.0,0.0,0.0,0.0,0.0,0.0,0.0,0.0,0.0,2079.0,1039.5,2920.5
5069.0,MOZZARELLA RALLADA ESTILO NAPOLITANO,DISTRIBUIDORES,PROVISIONES SUROESTE,"000879-PROVISIONES SUROESTE, S.L.",0.0,0.0,0.0,0.0,0.0,0.0,0.0,0.0,0.0,0.0,0.0,0.0,0.0,420.0,420.0,0.0,0.0,0.0,800.0,0.0,0.0,0.0,0.0,0.0,0.0,0.0,0.0,0.0,0.0,0.0,0.0,0.0,2373.0,2373.0,0.0,0.0,0.0,4520.0
5070.0,CREMA AZUL LA TAPERÍA 125 g SC,DISTRIBUIDORES,RESTO DISTRIBUIDORES,000679-SPANISH CHEESE S.L.U.,0.0,0.0,0.0,0.0,0.0,0.0,0.0,0.0,0.0,0.0,0.0,0.0,0.0,0.0,0.0,0.0,89.0,0.0,0.0,0.0,0.0,0.0,0.0,0.0,0.0,0.0,0.0,0.0,0.0,0.0,0.0,0.0,0.0,0.0,0.0,642.22,0.0,0.0
5073.0,"MEZCLA CHEDDAR - GOUDA RALLADO HILO 1,5 KG.",DISTRIBUIDORES,RESTO DISTRIBUIDORES,000950-GRUP ALIMENTARI DISTECO S.A,0.0,0.0,0.0,0.0,0.0,0.0,0.0,0.0,0.0,0.0,0.0,0.0,0.0,3024.0,0.0,0.0,0.0,0.0,0.0,0.0,0.0,0.0,0.0,0.0,0.0,0.0,0.0,0.0,0.0,0.0,0.0,0.0,16329.6,0.0,0.0,0.0,0.0,0.0
5075.0,"MOZZARELLA STYLE WITH VEGETABLE FAT 2,5 KG",DISTRIBUIDORES,RESTO DISTRIBUIDORES,000679-SPANISH CHEESE S.L.U.,0.0,0.0,0.0,0.0,0.0,0.0,0.0,0.0,0.0,0.0,0.0,0.0,0.0,0.0,0.0,0.0,0.0,706.7,0.0,0.0,0.0,0.0,0.0,0.0,0.0,0.0,0.0,0.0,0.0,0.0,0.0,0.0,0.0,0.0,0.0,0.0,2994.99,0.0
5081.0,BRIE 1 KG 60% PC X 4 - ECONOMY,RETAIL,EUROMADI,"000931-TRANSGOURMET IBÉRICA, SAU",0.0,0.0,0.0,0.0,0.0,0.0,0.0,0.0,0.0,0.0,0.0,0.0,0.0,0.0,0.0,0.0,0.0,0.0,252.0,0.0,0.0,0.0,0.0,0.0,0.0,0.0,0.0,0.0,0.0,0.0,0.0,0.0,0.0,0.0,0.0,0.0,0.0,1663.2
5087.0,"QUESO AZUL 2,5 KG APROX.",RETAIL,EUROMADI,"000931-TRANSGOURMET IBÉRICA, SAU",0.0,0.0,0.0,0.0,0.0,0.0,0.0,0.0,0.0,0.0,0.0,0.0,0.0,0.0,0.0,0.0,0.0,0.0,802.06,0.0,0.0,0.0,0.0,0.0,0.0,0.0,0.0,0.0,0.0,0.0,0.0,0.0,0.0,0.0,0.0,0.0,0.0,5895.14
5090.0,PERLAS DE MOZZARELLA ANTONELLA 150 G-(45 D),DISTRIBUIDORES,RESTO DISTRIBUIDORES,"000643-ORTHIDAL, S.L.",0.0,0.0,0.0,0.0,0.0,0.0,0.0,0.0,0.0,0.0,0.0,0.0,0.0,0.0,148.5,98.1,24.3,104.4,163.8,0.0,0.0,0.0,0.0,0.0,0.0,0.0,0.0,0.0,0.0,0.0,0.0,0.0,0.0,1373.62,907.42,224.78,965.7,1483.03
5093.0,GRANA PADANA DOP 100 g,DISTRIBUIDORES,PROVISIONES SUROESTE,"000917-PROVISIONES SUROESTE, S.L.",0.0,0.0,0.0,0.0,0.0,0.0,0.0,0.0,0.0,0.0,0.0,0.0,0.0,360.0,240.0,0.0,120.0,240.0,120.0,0.0,0.0,0.0,0.0,0.0,0.0,0.0,0.0,0.0,0.0,0.0,0.0,0.0,5072.76,3381.84,0.0,1690.92,3381.84,1690.92
5094.0,BURRATA 125 g IFA ELIGES,RETAIL,IFA,000657-SCABER Scai,0.0,0.0,0.0,0.0,0.0,0.0,0.0,0.0,0.0,0.0,0.0,0.0,0.0,0.0,0.0,0.0,0.0,0.0,36.0,0.0,0.0,0.0,0.0,0.0,0.0,0.0,0.0,0.0,0.0,0.0,0.0,0.0,0.0,0.0,0.0,0.0,0.0,417.02
5094.0,BURRATA 125 g IFA ELIGES,RETAIL,IFA,000662-ALIMENTACION PENINSULAR S.A.,0.0,0.0,0.0,0.0,0.0,0.0,0.0,0.0,0.0,0.0,0.0,0.0,0.0,0.0,0.0,0.0,0.0,0.0,12.0,0.0,0.0,0.0,0.0,0.0,0.0,0.0,0.0,0.0,0.0,0.0,0.0,0.0,0.0,0.0,0.0,0.0,0.0,139.01
5094.0,BURRATA 125 g IFA ELIGES,RETAIL,IFA,000674-GRUPO HERMANOS MARTÍN S.A.,0.0,0.0,0.0,0.0,0.0,0.0,0.0,0.0,0.0,0.0,0.0,0.0,0.0,0.0,0.0,0.0,0.0,0.0,656.25,0.0,0.0,0.0,0.0,0.0,0.0,0.0,0.0,0.0,0.0,0.0,0.0,0.0,0.0,0.0,0.0,0.0,0.0,7481.52
5094.0,BURRATA 125 g IFA ELIGES,RETAIL,IFA,000939-PUGA  AUTOSERVICIO MAYORISTA SL,0.0,0.0,0.0,0.0,0.0,0.0,0.0,0.0,0.0,0.0,0.0,0.0,0.0,0.0,0.0,0.0,0.0,0.0,24.0,0.0,0.0,0.0,0.0,0.0,0.0,0.0,0.0,0.0,0.0,0.0,0.0,0.0,0.0,0.0,0.0,0.0,0.0,285.31
5095.0,MEZCLA 4 QUESOS RALLADOS 200 g LA TAPERÍA (EXPORT),DISTRIBUIDORES,RESTO DISTRIBUIDORES,000679-SPANISH CHEESE S.L.U.,0.0,0.0,0.0,0.0,0.0,0.0,0.0,0.0,0.0,0.0,0.0,0.0,0.0,0.0,748.8,0.0,0.0,0.0,602.4,0.0,0.0,0.0,0.0,0.0,0.0,0.0,0.0,0.0,0.0,0.0,0.0,0.0,0.0,4930.85,0.0,0.0,0.0,3530.06
5096.0,RALLADO PARA PASTA 300 g (EXPORT),DISTRIBUIDORES,RESTO DISTRIBUIDORES,000679-SPANISH CHEESE S.L.U.,0.0,0.0,0.0,0.0,0.0,0.0,0.0,0.0,0.0,0.0,0.0,0.0,0.0,0.0,1017.0,0.0,0.0,0.0,759.0,0.0,0.0,0.0,0.0,0.0,0.0,0.0,0.0,0.0,0.0,0.0,0.0,0.0,0.0,5086.02,0.0,0.0,0.0,3410.19
5097.0,RALLADO GRATINAR 300 g (EXPORT),DISTRIBUIDORES,RESTO DISTRIBUIDORES,000679-SPANISH CHEESE S.L.U.,0.0,0.0,0.0,0.0,0.0,0.0,0.0,0.0,0.0,0.0,0.0,0.0,0.0,0.0,1011.0,0.0,0.0,0.0,903.0,0.0,0.0,0.0,0.0,0.0,0.0,0.0,0.0,0.0,0.0,0.0,0.0,0.0,0.0,4462.55,0.0,0.0,0.0,3515.38
5098.0,RALLADO PARA PIZZA 300 g (EXPORT),DISTRIBUIDORES,RESTO DISTRIBUIDORES,000679-SPANISH CHEESE S.L.U.,0.0,0.0,0.0,0.0,0.0,0.0,0.0,0.0,0.0,0.0,0.0,0.0,0.0,0.0,999.0,0.0,0.0,0.0,762.0,0.0,0.0,0.0,0.0,0.0,0.0,0.0,0.0,0.0,0.0,0.0,0.0,0.0,0.0,4402.59,0.0,0.0,0.0,2963.42
5099.0,CREMA QUESO CAMEMBERT FLOW PACK VERTICAL 2 KG.,INDUSTRIALES & FOOD SERVICE,RESTO INDUSTRIALES & FOODSERVICE,"000967-ARTESANO FOOD PROCESSING, S.L.",0.0,0.0,0.0,0.0,0.0,0.0,0.0,0.0,0.0,0.0,0.0,0.0,0.0,0.0,684.0,720.0,0.0,0.0,804.0,0.0,0.0,0.0,0.0,0.0,0.0,0.0,0.0,0.0,0.0,0.0,0.0,0.0,0.0,4651.2,4896.0,0.0,0.0,5467.2
5104.0,CUÑA SIN LACTOSA PRECORTADAS 250 g (LÁCTEAS SAN VICENTE),DISTRIBUIDORES,PROVISIONES SUROESTE,"000917-PROVISIONES SUROESTE, S.L.",0.0,0.0,0.0,0.0,0.0,0.0,0.0,0.0,0.0,0.0,0.0,0.0,0.0,0.0,0.0,0.0,0.0,475.0,100.0,0.0,0.0,0.0,0.0,0.0,0.0,0.0,0.0,0.0,0.0,0.0,0.0,0.0,0.0,0.0,0.0,0.0,5616.4,1182.4
5108.0,CREMA DE QUESO CHEDDAR 125 g LA TAPERÍA - EXPORT,DISTRIBUIDORES,RESTO DISTRIBUIDORES,000679-SPANISH CHEESE S.L.U.,0.0,0.0,0.0,0.0,0.0,0.0,0.0,0.0,0.0,0.0,0.0,0.0,0.0,0.0,0.0,34.0,159.0,149.0,151.0,0.0,0.0,0.0,0.0,0.0,0.0,0.0,0.0,0.0,0.0,0.0,0.0,0.0,0.0,0.0,262.6,1228.04,1150.8,1099.43
5108.0,CREMA DE QUESO CHEDDAR 125 g LA TAPERÍA - EXPORT,INTERNO,INTERNO,"000086-CENTRAL QUESERA MONTESINOS, S.L.U.",0.0,0.0,0.0,0.0,0.0,0.0,0.0,0.0,0.0,0.0,0.0,0.0,0.0,0.0,0.0,30.0,0.0,0.0,280.0,0.0,0.0,0.0,0.0,0.0,0.0,0.0,0.0,0.0,0.0,0.0,0.0,0.0,0.0,0.0,227.4,0.0,0.0,2122.4
5109.0,MOZZARELLA RALLADA TIRA PLANA 1 kg,DISTRIBUIDORES,RESTO DISTRIBUIDORES,"000643-ORTHIDAL, S.L.",0.0,0.0,0.0,0.0,0.0,0.0,0.0,0.0,0.0,0.0,0.0,0.0,0.0,0.0,0.0,0.0,23520.0,17220.0,0.0,0.0,0.0,0.0,0.0,0.0,0.0,0.0,0.0,0.0,0.0,0.0,0.0,0.0,0.0,0.0,0.0,127243.2,93160.2,0.0
5111.0,CREMA DE EMMENTAL LA TAPERÍA 125g - EXPORT,DISTRIBUIDORES,RESTO DISTRIBUIDORES,000679-SPANISH CHEESE S.L.U.,0.0,0.0,0.0,0.0,0.0,0.0,0.0,0.0,0.0,0.0,0.0,0.0,0.0,0.0,0.0,128.0,0.0,0.0,160.0,0.0,0.0,0.0,0.0,0.0,0.0,0.0,0.0,0.0,0.0,0.0,0.0,0.0,0.0,0.0,940.95,0.0,0.0,1102.24
5111.0,CREMA DE EMMENTAL LA TAPERÍA 125g - EXPORT,INTERNO,INTERNO,"000086-CENTRAL QUESERA MONTESINOS, S.L.U.",0.0,0.0,0.0,0.0,0.0,0.0,0.0,0.0,0.0,0.0,0.0,0.0,0.0,0.0,0.0,30.0,0.0,0.0,0.0,0.0,0.0,0.0,0.0,0.0,0.0,0.0,0.0,0.0,0.0,0.0,0.0,0.0,0.0,0.0,215.85,0.0,0.0,0.0
5114.0,BLEND A KERN QBL10116 CARRAGENATO,INTERNO,INTERNO,"000086-CENTRAL QUESERA MONTESINOS, S.L.U.",0.0,0.0,0.0,0.0,0.0,0.0,0.0,0.0,0.0,0.0,0.0,0.0,0.0,0.0,0.0,50.0,-25.0,0.0,0.0,0.0,0.0,0.0,0.0,0.0,0.0,0.0,0.0,0.0,0.0,0.0,0.0,0.0,0.0,0.0,405.14,-202.57,0.0,0.0
5115.0,QUESPRO FRESCO HACENDADO 150 g,MERCADONA,MERCADONA,"000128-MERCADONA, S.A.",0.0,0.0,0.0,0.0,0.0,0.0,0.0,0.0,0.0,0.0,0.0,0.0,0.0,0.0,0.0,0.0,0.0,0.0,13204.8,0.0,0.0,0.0,0.0,0.0,0.0,0.0,0.0,0.0,0.0,0.0,0.0,0.0,0.0,0.0,0.0,0.0,0.0,114706.07
5117.0,CHEDDAR FUNDIDO PIEZA,INDUSTRIALES & FOOD SERVICE,RESTO INDUSTRIALES & FOODSERVICE,"000532-UNUSUAL FOODS, S.L.U.",0.0,0.0,0.0,0.0,0.0,0.0,0.0,0.0,0.0,0.0,0.0,0.0,0.0,0.0,0.0,0.0,683.43,0.0,0.0,0.0,0.0,0.0,0.0,0.0,0.0,0.0,0.0,0.0,0.0,0.0,0.0,0.0,0.0,0.0,0.0,3382.98,0.0,0.0
5120.0,QUESO MEZCLA 3 LECHES VIEJO TOSTADO 3KG LA LEYENDA,DISTRIBUIDORES,RESTO DISTRIBUIDORES,"000643-ORTHIDAL, S.L.",0.0,0.0,0.0,0.0,0.0,0.0,0.0,0.0,0.0,0.0,0.0,0.0,0.0,0.0,0.0,0.0,252.0,24.0,58.26,0.0,0.0,0.0,0.0,0.0,0.0,0.0,0.0,0.0,0.0,0.0,0.0,0.0,0.0,0.0,0.0,2572.92,245.04,594.84
5121.0,QUESO MEZCLA 3 LECHES VIEJO TOSTADO CUÑA 200G LA LEYENDA,DISTRIBUIDORES,RESTO DISTRIBUIDORES,"000643-ORTHIDAL, S.L.",0.0,0.0,0.0,0.0,0.0,0.0,0.0,0.0,0.0,0.0,0.0,0.0,0.0,0.0,0.0,0.0,288.0,9.6,21.6,0.0,0.0,0.0,0.0,0.0,0.0,0.0,0.0,0.0,0.0,0.0,0.0,0.0,0.0,0.0,0.0,3205.44,106.85,240.41
5122.0,QUESO DE MEZCLA CURADO CON MOJO PICON 3 KG LA LEYENDA,DISTRIBUIDORES,RESTO DISTRIBUIDORES,"000643-ORTHIDAL, S.L.",0.0,0.0,0.0,0.0,0.0,0.0,0.0,0.0,0.0,0.0,0.0,0.0,0.0,0.0,0.0,0.0,246.0,24.0,123.32,0.0,0.0,0.0,0.0,0.0,0.0,0.0,0.0,0.0,0.0,0.0,0.0,0.0,0.0,0.0,0.0,2942.16,287.04,1474.91
5123.0,QUESO DE MEZCLA CURADO CON MOJO PICON 150 G LA LEYENDA,DISTRIBUIDORES,RESTO DISTRIBUIDORES,"000643-ORTHIDAL, S.L.",0.0,0.0,0.0,0.0,0.0,0.0,0.0,0.0,0.0,0.0,0.0,0.0,0.0,0.0,0.0,0.0,212.1,8.4,18.9,0.0,0.0,0.0,0.0,0.0,0.0,0.0,0.0,0.0,0.0,0.0,0.0,0.0,0.0,0.0,0.0,2795.48,110.71,249.1
5124.0,"QUESO RALLADO POLVO 1,5 KG",OTROS (NO QUESERÍA),OTROS (NO QUESERÍA),"000966-FRIESLANDCAMPINA IBERIA, S.L.U.",0.0,0.0,0.0,0.0,0.0,0.0,0.0,0.0,0.0,0.0,0.0,0.0,0.0,0.0,0.0,0.0,4008.0,4008.0,0.0,0.0,0.0,0.0,0.0,0.0,0.0,0.0,0.0,0.0,0.0,0.0,0.0,0.0,0.0,0.0,0.0,31462.8,31462.8,0.0
5125.0,"QUESO MEZCLA 3 LECHES VIEJO TOSTADO 1,5KG LA LEYENDA",DISTRIBUIDORES,RESTO DISTRIBUIDORES,"000643-ORTHIDAL, S.L.",0.0,0.0,0.0,0.0,0.0,0.0,0.0,0.0,0.0,0.0,0.0,0.0,0.0,0.0,0.0,0.0,252.0,24.0,42.21,0.0,0.0,0.0,0.0,0.0,0.0,0.0,0.0,0.0,0.0,0.0,0.0,0.0,0.0,0.0,0.0,2910.6,277.2,487.52
5127.0,"BOLA DE EDAM KROON 1,7 KG (PESO VARIABLE)",DISTRIBUIDORES,PROVISIONES SUROESTE,"000879-PROVISIONES SUROESTE, S.L.",0.0,0.0,0.0,0.0,0.0,0.0,0.0,0.0,0.0,0.0,0.0,0.0,0.0,0.0,0.0,0.0,41126.4,-537.15,0.0,0.0,0.0,0.0,0.0,0.0,0.0,0.0,0.0,0.0,0.0,0.0,0.0,0.0,0.0,0.0,0.0,223234.1,-2915.65,0.0
5127.0,"BOLA DE EDAM KROON 1,7 KG (PESO VARIABLE)",DISTRIBUIDORES,PROVISIONES SUROESTE,"000917-PROVISIONES SUROESTE, S.L.",0.0,0.0,0.0,0.0,0.0,0.0,0.0,0.0,0.0,0.0,0.0,0.0,0.0,0.0,0.0,0.0,0.0,0.0,60787.14,0.0,0.0,0.0,0.0,0.0,0.0,0.0,0.0,0.0,0.0,0.0,0.0,0.0,0.0,0.0,0.0,0.0,0.0,329952.6
5128.0,CREMA CHEDDAR 3 kg,EXPORT,RESTO EXPORT,000978-M2D LAB PC,0.0,0.0,0.0,0.0,0.0,0.0,0.0,0.0,0.0,0.0,0.0,0.0,0.0,0.0,0.0,0.0,0.0,336.0,0.0,0.0,0.0,0.0,0.0,0.0,0.0,0.0,0.0,0.0,0.0,0.0,0.0,0.0,0.0,0.0,0.0,0.0,1932.0,0.0
5129.0,LONCHAS PREPARADO DE MOZZARELLA 13 g 1 kg ESCALONADA,DISTRIBUIDORES,RESTO DISTRIBUIDORES,000950-GRUP ALIMENTARI DISTECO S.A,0.0,0.0,0.0,0.0,0.0,0.0,0.0,0.0,0.0,0.0,0.0,0.0,0.0,0.0,0.0,0.0,0.0,1026.0,1296.0,0.0,0.0,0.0,0.0,0.0,0.0,0.0,0.0,0.0,0.0,0.0,0.0,0.0,0.0,0.0,0.0,0.0,5130.0,6480.0
5130.0,QUEFOS 12G,INTERNO,INTERNO,"000086-CENTRAL QUESERA MONTESINOS, S.L.U.",0.0,0.0,0.0,0.0,0.0,0.0,0.0,0.0,0.0,0.0,0.0,0.0,0.0,0.0,0.0,0.0,0.0,50.0,0.0,0.0,0.0,0.0,0.0,0.0,0.0,0.0,0.0,0.0,0.0,0.0,0.0,0.0,0.0,0.0,0.0,0.0,192.65,0.0
5131.0,"MOZZARELLA EXTERIOR BLOQUE - ""P""",INDUSTRIALES & FOOD SERVICE,RESTO INDUSTRIALES & FOODSERVICE,000756-QUESOS EL PASTOR-HIJOS DE SALVADOR S.A.,0.0,0.0,0.0,0.0,0.0,0.0,0.0,0.0,0.0,0.0,0.0,0.0,0.0,0.0,0.0,0.0,16004.52,46417.81,38483.78,0.0,0.0,0.0,0.0,0.0,0.0,0.0,0.0,0.0,0.0,0.0,0.0,0.0,0.0,0.0,0.0,60817.18,176387.66,121885.76
5135.0,MANTEQUILLA BLOQUE 10 KG,DISTRIBUIDORES,PROVISIONES SUROESTE,"000879-PROVISIONES SUROESTE, S.L.",0.0,0.0,0.0,0.0,0.0,0.0,0.0,0.0,0.0,0.0,0.0,0.0,0.0,0.0,0.0,0.0,0.0,2200.0,0.0,0.0,0.0,0.0,0.0,0.0,0.0,0.0,0.0,0.0,0.0,0.0,0.0,0.0,0.0,0.0,0.0,0.0,10340.0,0.0
5136.0,MANTEQUILLA ÁCIDA FONTERRA (INTERFOOD) C,INTERNO,INTERNO,"000086-CENTRAL QUESERA MONTESINOS, S.L.U.",0.0,0.0,0.0,0.0,0.0,0.0,0.0,0.0,0.0,0.0,0.0,0.0,0.0,0.0,0.0,0.0,0.0,1000.0,0.0,0.0,0.0,0.0,0.0,0.0,0.0,0.0,0.0,0.0,0.0,0.0,0.0,0.0,0.0,0.0,0.0,0.0,4582.91,0.0
5142.0,MEZCLA QUESO MOZZARELLA Y QUESO CHEDDAR 3 KG,INDUSTRIALES & FOOD SERVICE,INTERPROVEEDORES,000152-AUDENS FOOD S.A.,0.0,0.0,0.0,0.0,0.0,0.0,0.0,0.0,0.0,0.0,0.0,0.0,0.0,0.0,0.0,0.0,0.0,0.0,3528.0,0.0,0.0,0.0,0.0,0.0,0.0,0.0,0.0,0.0,0.0,0.0,0.0,0.0,0.0,0.0,0.0,0.0,0.0,17216.64
5143.0,GOUDA 50+ PESTO ROJO RUEDA 5KG,DISTRIBUIDORES,RESTO DISTRIBUIDORES,"000643-ORTHIDAL, S.L.",0.0,0.0,0.0,0.0,0.0,0.0,0.0,0.0,0.0,0.0,0.0,0.0,0.0,0.0,0.0,0.0,0.0,0.0,271.35,0.0,0.0,0.0,0.0,0.0,0.0,0.0,0.0,0.0,0.0,0.0,0.0,0.0,0.0,0.0,0.0,0.0,0.0,2838.32
5144.0,GOUDA 50+ PESTO VERDE RUEDA 5KG,DISTRIBUIDORES,RESTO DISTRIBUIDORES,"000643-ORTHIDAL, S.L.",0.0,0.0,0.0,0.0,0.0,0.0,0.0,0.0,0.0,0.0,0.0,0.0,0.0,0.0,0.0,0.0,0.0,0.0,295.505,0.0,0.0,0.0,0.0,0.0,0.0,0.0,0.0,0.0,0.0,0.0,0.0,0.0,0.0,0.0,0.0,0.0,0.0,3090.99
5145.0,BARRA GOUDA ROYAL HOLLANDIA,DISTRIBUIDORES,RESTO DISTRIBUIDORES,"000643-ORTHIDAL, S.L.",0.0,0.0,0.0,0.0,0.0,0.0,0.0,0.0,0.0,0.0,0.0,0.0,0.0,0.0,0.0,0.0,0.0,0.0,12956.328,0.0,0.0,0.0,0.0,0.0,0.0,0.0,0.0,0.0,0.0,0.0,0.0,0.0,0.0,0.0,0.0,0.0,0.0,41460.25
5145.0,BARRA GOUDA ROYAL HOLLANDIA,DISTRIBUIDORES,RESTO DISTRIBUIDORES,000950-GRUP ALIMENTARI DISTECO S.A,0.0,0.0,0.0,0.0,0.0,0.0,0.0,0.0,0.0,0.0,0.0,0.0,0.0,0.0,0.0,0.0,0.0,0.0,924.88,0.0,0.0,0.0,0.0,0.0,0.0,0.0,0.0,0.0,0.0,0.0,0.0,0.0,0.0,0.0,0.0,0.0,0.0,3005.86
5145.0,BARRA GOUDA ROYAL HOLLANDIA,DISTRIBUIDORES,RESTO DISTRIBUIDORES,000987-LPA ALIMENTACION S.L.,0.0,0.0,0.0,0.0,0.0,0.0,0.0,0.0,0.0,0.0,0.0,0.0,0.0,0.0,0.0,0.0,0.0,0.0,943.13,0.0,0.0,0.0,0.0,0.0,0.0,0.0,0.0,0.0,0.0,0.0,0.0,0.0,0.0,0.0,0.0,0.0,0.0,3065.17
6008.0,QUESO DE OVEJA CON AJO NEGRO 3 kg,RETAIL,OTROS RETAILERS,000824-GRUPO HERMANOS MARTÍN S.A. ( BLOQ),0.0,0.0,0.0,0.0,0.0,0.0,0.0,0.0,0.0,0.0,0.0,0.0,0.0,0.0,0.0,0.0,0.0,0.0,0.0,0.0,0.0,0.0,0.0,0.0,0.0,0.0,0.0,0.0,0.0,0.0,0.0,0.0,0.0,0.0,0.0,0.0,0.0,0.0
6010.0,QUESO OVEJA CURADO CON TRUFA,DISTRIBUIDORES,RESTO DISTRIBUIDORES,"000643-ORTHIDAL, S.L.",0.0,0.0,0.0,0.0,0.0,0.0,0.0,0.0,0.0,0.0,0.0,197.195,0.0,0.0,0.0,0.0,0.0,0.0,0.0,0.0,0.0,0.0,0.0,0.0,0.0,0.0,0.0,0.0,0.0,0.0,1971.95,0.0,0.0,0.0,0.0,0.0,0.0,0.0
6010.0,QUESO OVEJA CURADO CON TRUFA,RETAIL,IFA,000823-HIPER USERA S.L.,116.32,52.35,280.519,205.062,158.81,150.375,153.88,683.54,160.772,171.726,363.785,205.88,74.865,-512.56,182.754,65.7,154.73,140.902,111.362,1855.3,834.99,4474.27,3270.73,2533.02,2398.48,2454.39,10902.46,2564.31,2739.03,5802.37,3283.79,1194.1,-8175.32,2914.93,1047.92,2371.1,2247.39,1776.22
6010.0,QUESO OVEJA CURADO CON TRUFA,RETAIL,OTROS RETAILERS,000824-GRUPO HERMANOS MARTÍN S.A. ( BLOQ),0.0,0.0,0.0,0.0,0.0,0.0,0.0,0.0,0.0,0.0,0.0,0.0,0.0,0.0,0.0,0.0,0.0,0.0,0.0,0.0,0.0,0.0,0.0,0.0,0.0,0.0,0.0,0.0,0.0,0.0,0.0,0.0,0.0,0.0,0.0,0.0,0.0,0.0
700.0,PREP.  LA TIERRUCA 2 KG.,DISTRIBUIDORES,PROVISIONES SUROESTE,"000879-PROVISIONES SUROESTE, S.L.",590.0,900.0,600.0,1080.0,180.0,600.0,1140.0,0.0,1200.0,600.0,300.0,600.0,600.0,480.0,240.0,900.0,240.0,1200.0,360.0,2194.8,3528.0,2352.0,4233.6,705.6,2352.0,4468.8,0.0,4704.0,2352.0,1176.0,2352.0,2352.0,1881.6,940.8,3528.0,940.8,4704.0,1411.2
700.0,PREP.  LA TIERRUCA 2 KG.,DISTRIBUIDORES,RESTO DISTRIBUIDORES,"000038-LÁCTEOS MENDI, S.L.",120.0,120.0,60.0,60.0,120.0,240.0,0.0,120.0,120.0,120.0,120.0,0.0,180.0,100.0,100.0,100.0,0.0,120.0,60.0,528.0,540.0,270.0,270.0,516.0,984.0,0.0,492.0,492.0,492.0,492.0,0.0,738.0,410.0,410.0,410.0,0.0,492.0,246.0
700.0,PREP.  LA TIERRUCA 2 KG.,DISTRIBUIDORES,RESTO DISTRIBUIDORES,000651-COMERGRAN S.L.,0.0,0.0,0.0,0.0,0.0,0.0,0.0,0.0,0.0,0.0,0.0,0.0,0.0,0.0,0.0,0.0,0.0,0.0,0.0,0.0,0.0,0.0,0.0,0.0,0.0,0.0,0.0,0.0,0.0,0.0,0.0,0.0,0.0,0.0,0.0,0.0,0.0,0.0
700.0,PREP.  LA TIERRUCA 2 KG.,DISTRIBUIDORES,RESTO DISTRIBUIDORES,000654-COMERCIAL PINAMAS S.L.,50.0,40.0,140.0,0.0,0.0,100.0,0.0,50.0,60.0,20.0,70.0,30.0,20.0,110.0,0.0,60.0,0.0,60.0,60.0,205.0,172.0,602.0,0.0,0.0,430.0,0.0,215.0,258.0,86.0,301.0,129.0,86.0,473.0,0.0,258.0,0.0,258.0,258.0
700.0,PREP.  LA TIERRUCA 2 KG.,DISTRIBUIDORES,RESTO DISTRIBUIDORES,000681-DISTRIBUCIONES DEL VALLES S.L. (BLOQ.),30.0,40.0,50.0,70.0,80.0,50.0,0.0,0.0,0.0,0.0,0.0,0.0,0.0,0.0,0.0,0.0,0.0,0.0,0.0,123.0,172.0,215.0,301.0,344.0,215.0,0.0,0.0,0.0,0.0,0.0,0.0,0.0,0.0,0.0,0.0,0.0,0.0,0.0
700.0,PREP.  LA TIERRUCA 2 KG.,DISTRIBUIDORES,RESTO DISTRIBUIDORES,000719-ANGEL IGAL MIÑES ( bloq),0.0,0.0,0.0,0.0,0.0,0.0,0.0,0.0,0.0,0.0,0.0,0.0,0.0,0.0,0.0,0.0,0.0,0.0,0.0,0.0,0.0,0.0,0.0,0.0,0.0,0.0,0.0,0.0,0.0,0.0,0.0,0.0,0.0,0.0,0.0,0.0,0.0,0.0
700.0,PREP.  LA TIERRUCA 2 KG.,DISTRIBUIDORES,RESTO DISTRIBUIDORES,000728-SAN LAMBERTO 2000 SL,360.0,280.0,480.0,160.0,240.0,330.0,-120.0,20.0,140.0,100.0,60.0,280.0,200.0,160.0,140.0,60.0,60.0,300.0,0.0,1530.0,1218.0,2088.0,696.0,1044.0,1435.5,-522.0,87.0,609.0,435.0,261.0,1218.0,870.0,696.0,609.0,261.0,261.0,1305.0,0.0
700.0,PREP.  LA TIERRUCA 2 KG.,DISTRIBUIDORES,RESTO DISTRIBUIDORES,000870-COMERCIAL LEÓN ZARAGOZA S.L.,100.0,50.0,200.0,0.0,50.0,450.0,-10.0,0.0,110.0,210.0,80.0,400.0,120.0,150.0,450.0,120.0,60.0,300.0,0.0,430.0,215.0,860.0,0.0,215.0,1935.0,-43.0,0.0,473.0,903.0,344.0,1720.0,516.0,645.0,1935.0,516.0,258.0,1290.0,0.0
700.0,PREP.  LA TIERRUCA 2 KG.,INDUSTRIALES & FOOD SERVICE,RESTO INDUSTRIALES & FOODSERVICE,"000828-QUE S LIDER, S.L.",0.0,60.0,100.0,80.0,60.0,120.0,120.0,0.0,120.0,120.0,60.0,260.0,50.0,180.0,200.0,110.0,120.0,240.0,60.0,0.0,246.0,410.0,328.0,246.0,492.0,492.0,0.0,492.0,492.0,246.0,1066.0,205.0,738.0,820.0,451.0,492.0,984.0,246.0
700.0,PREP.  LA TIERRUCA 2 KG.,INDUSTRIALES & FOOD SERVICE,RESTO INDUSTRIALES & FOODSERVICE,000892-CARNES IBERICAS DEL NORTE S.L.U.,100.0,100.0,200.0,50.0,190.0,150.0,150.0,100.0,100.0,150.0,100.0,150.0,100.0,100.0,200.0,0.0,300.0,120.0,180.0,450.0,450.0,900.0,225.0,855.0,675.0,675.0,450.0,450.0,675.0,450.0,675.0,450.0,450.0,900.0,0.0,1350.0,540.0,810.0
705.0,PREP. LA TIERRUCA 3 KG.,DISTRIBUIDORES,RESTO DISTRIBUIDORES,"000710-SELECCIO REGISA, S.L.",0.0,0.0,0.0,0.0,0.0,0.0,0.0,0.0,0.0,0.0,0.0,0.0,0.0,12.0,0.0,0.0,0.0,0.0,0.0,0.0,0.0,0.0,0.0,0.0,0.0,0.0,0.0,0.0,0.0,0.0,0.0,0.0,49.2,0.0,0.0,0.0,0.0,0.0
705.0,PREP. LA TIERRUCA 3 KG.,DISTRIBUIDORES,RESTO DISTRIBUIDORES,000761-D.C. OLEGARIO ALONSO S.L. ( BLOQ ),0.0,180.0,0.0,180.0,0.0,0.0,0.0,0.0,0.0,0.0,0.0,0.0,0.0,0.0,0.0,0.0,0.0,0.0,0.0,0.0,833.4,0.0,833.4,0.0,0.0,0.0,0.0,0.0,0.0,0.0,0.0,0.0,0.0,0.0,0.0,0.0,0.0,0.0
705.0,PREP. LA TIERRUCA 3 KG.,DISTRIBUIDORES,RESTO DISTRIBUIDORES,000821-A.BASARRATE S.A.,0.0,0.0,0.0,0.0,0.0,0.0,0.0,0.0,0.0,0.0,24.0,0.0,24.0,0.0,24.0,0.0,24.0,0.0,0.0,0.0,0.0,0.0,0.0,0.0,0.0,0.0,0.0,0.0,0.0,112.8,0.0,112.8,0.0,112.8,0.0,112.8,0.0,0.0
705.0,PREP. LA TIERRUCA 3 KG.,DISTRIBUIDORES,RESTO DISTRIBUIDORES,000870-COMERCIAL LEÓN ZARAGOZA S.L.,0.0,0.0,0.0,60.0,0.0,0.0,36.0,24.0,0.0,0.0,0.0,0.0,0.0,0.0,0.0,0.0,0.0,0.0,0.0,0.0,0.0,0.0,258.0,0.0,0.0,154.8,103.2,0.0,0.0,0.0,0.0,0.0,0.0,0.0,0.0,0.0,0.0,0.0
705.0,PREP. LA TIERRUCA 3 KG.,DISTRIBUIDORES,RESTO DISTRIBUIDORES,"000962-JAUME FERRER I FILLS, S.L.",0.0,0.0,0.0,0.0,0.0,0.0,0.0,0.0,0.0,0.0,0.0,0.0,0.0,120.0,0.0,0.0,0.0,0.0,0.0,0.0,0.0,0.0,0.0,0.0,0.0,0.0,0.0,0.0,0.0,0.0,0.0,0.0,516.12,0.0,0.0,0.0,0.0,0.0
7066.0,Queso  SANDWICH CAMPILLO 3K,DISTRIBUIDORES,RESTO DISTRIBUIDORES,000434-QUESOS CAMPILLO S.L.,0.0,0.0,0.0,360.0,0.0,0.0,0.0,360.0,0.0,0.0,360.0,0.0,0.0,0.0,0.0,360.0,0.0,0.0,0.0,0.0,0.0,0.0,1204.74,0.0,0.0,0.0,1204.74,0.0,0.0,1204.74,0.0,0.0,0.0,0.0,1204.74,0.0,0.0,0.0
7078.0,LONCHAS PREP. TIERRUCA 1 KG.,DISTRIBUIDORES,PROVISIONES SUROESTE,"000879-PROVISIONES SUROESTE, S.L.",0.0,0.0,0.0,0.0,0.0,0.0,0.0,0.0,0.0,0.0,0.0,0.0,16.0,0.0,0.0,0.0,0.0,0.0,0.0,0.0,0.0,0.0,0.0,0.0,0.0,0.0,0.0,0.0,0.0,0.0,0.0,68.8,0.0,0.0,0.0,0.0,0.0,0.0
7078.0,LONCHAS PREP. TIERRUCA 1 KG.,DISTRIBUIDORES,RESTO DISTRIBUIDORES,000651-COMERGRAN S.L.,0.0,0.0,0.0,0.0,0.0,0.0,0.0,0.0,0.0,0.0,0.0,80.0,40.0,80.0,40.0,40.0,40.0,64.0,48.0,0.0,0.0,0.0,0.0,0.0,0.0,0.0,0.0,0.0,0.0,0.0,344.0,172.0,344.0,172.0,172.0,172.0,275.2,206.4
7078.0,LONCHAS PREP. TIERRUCA 1 KG.,DISTRIBUIDORES,RESTO DISTRIBUIDORES,"000710-SELECCIO REGISA, S.L.",0.0,0.0,0.0,0.0,0.0,0.0,0.0,0.0,0.0,0.0,0.0,0.0,0.0,8.0,0.0,0.0,0.0,0.0,0.0,0.0,0.0,0.0,0.0,0.0,0.0,0.0,0.0,0.0,0.0,0.0,0.0,0.0,34.4,0.0,0.0,0.0,0.0,0.0
7078.0,LONCHAS PREP. TIERRUCA 1 KG.,DISTRIBUIDORES,RESTO DISTRIBUIDORES,000761-D.C. OLEGARIO ALONSO S.L. ( BLOQ ),0.0,0.0,0.0,16.0,0.0,0.0,0.0,0.0,0.0,0.0,0.0,0.0,0.0,0.0,0.0,0.0,0.0,0.0,0.0,0.0,0.0,0.0,74.4,0.0,0.0,0.0,0.0,0.0,0.0,0.0,0.0,0.0,0.0,0.0,0.0,0.0,0.0,0.0
7078.0,LONCHAS PREP. TIERRUCA 1 KG.,DISTRIBUIDORES,RESTO DISTRIBUIDORES,000950-GRUP ALIMENTARI DISTECO S.A,0.0,0.0,0.0,0.0,0.0,0.0,0.0,0.0,0.0,0.0,0.0,480.0,360.0,328.0,0.0,0.0,0.0,0.0,96.0,0.0,0.0,0.0,0.0,0.0,0.0,0.0,0.0,0.0,0.0,0.0,2064.0,1548.0,1410.4,0.0,0.0,0.0,0.0,412.8
7078.0,LONCHAS PREP. TIERRUCA 1 KG.,DISTRIBUIDORES,RESTO DISTRIBUIDORES,"000962-JAUME FERRER I FILLS, S.L.",0.0,0.0,0.0,0.0,0.0,0.0,0.0,0.0,0.0,0.0,0.0,0.0,0.0,480.0,480.0,480.0,0.0,480.0,480.0,0.0,0.0,0.0,0.0,0.0,0.0,0.0,0.0,0.0,0.0,0.0,0.0,0.0,2161.44,1966.56,2064.0,0.0,2064.0,2064.0
7078.0,LONCHAS PREP. TIERRUCA 1 KG.,INDUSTRIALES & FOOD SERVICE,RESTO INDUSTRIALES & FOODSERVICE,000672-CHARITO 1953 GROUP S.L. ( bloq ),480.0,0.0,480.0,0.0,0.0,0.0,0.0,0.0,0.0,0.0,0.0,0.0,0.0,0.0,0.0,0.0,0.0,0.0,0.0,2208.0,0.0,2304.0,0.0,0.0,0.0,0.0,0.0,0.0,0.0,0.0,0.0,0.0,0.0,0.0,0.0,0.0,0.0,0.0
7078.0,LONCHAS PREP. TIERRUCA 1 KG.,INDUSTRIALES & FOOD SERVICE,RESTO INDUSTRIALES & FOODSERVICE,"000924-CHARITO FOOD SERVICE, S.L.",0.0,0.0,0.0,0.0,480.0,0.0,488.0,480.0,480.0,240.0,264.0,0.0,288.0,304.0,304.0,584.0,0.0,256.0,624.0,0.0,0.0,0.0,0.0,2304.0,0.0,2342.4,2304.0,2304.0,1152.0,1267.2,0.0,1382.4,1459.2,1459.2,2803.2,0.0,1228.8,2995.2
7098.0,MOZZARELLA CONVENIENCE EXTRA BARRA 2 KG,DISTRIBUIDORES,RESTO DISTRIBUIDORES,000589-CONVENIENCE FOOD S.L.U.,0.0,0.0,0.0,0.0,0.0,0.0,0.0,0.0,0.0,0.0,0.0,0.0,0.0,0.0,0.0,0.0,0.0,0.0,0.0,0.0,0.0,0.0,0.0,0.0,0.0,0.0,0.0,0.0,0.0,0.0,0.0,0.0,0.0,0.0,0.0,0.0,0.0,0.0
71.0,QUESO QUESCAN  BR  2 KG.,DISTRIBUIDORES,PROVISIONES SUROESTE,"000879-PROVISIONES SUROESTE, S.L.",1200.0,1080.0,1200.0,900.0,2400.0,300.0,1510.0,1200.0,1560.0,1080.0,1080.0,1920.0,240.0,720.0,1320.0,1860.0,720.0,1320.0,1200.0,5832.0,5356.8,5952.0,4464.0,11904.0,1488.0,7489.6,5952.0,7737.6,5356.8,5356.8,9523.2,1190.4,3571.2,6547.2,9225.6,3571.2,6547.2,5952.0
71.0,QUESO QUESCAN  BR  2 KG.,DISTRIBUIDORES,RESTO DISTRIBUIDORES,"000038-LÁCTEOS MENDI, S.L.",360.0,600.0,480.0,360.0,1320.0,720.0,0.0,720.0,240.0,900.0,660.0,1140.0,600.0,1200.0,900.0,600.0,900.0,600.0,300.0,1842.0,3150.0,2520.0,1890.0,6885.0,3600.0,0.0,3600.0,1200.0,4500.0,3300.0,5700.0,3000.0,6000.0,4500.0,3000.0,4500.0,3000.0,1500.0
71.0,QUESO QUESCAN  BR  2 KG.,DISTRIBUIDORES,RESTO DISTRIBUIDORES,000589-CONVENIENCE FOOD S.L.U.,0.0,60.0,200.0,150.0,210.0,130.0,300.0,200.0,0.0,100.0,50.0,250.0,160.0,160.0,160.0,160.0,180.0,200.0,0.0,0.0,274.2,914.0,685.5,959.7,594.1,1371.0,914.0,0.0,457.0,228.5,1142.5,731.2,731.2,731.2,731.2,822.6,914.0,0.0
71.0,QUESO QUESCAN  BR  2 KG.,DISTRIBUIDORES,RESTO DISTRIBUIDORES,"000675-CORPORACIÓN LÁCTEA DEL NORTE, S.L.",0.0,0.0,0.0,0.0,0.0,0.0,0.0,0.0,0.0,0.0,0.0,0.0,120.0,100.0,300.0,150.0,0.0,120.0,50.0,0.0,0.0,0.0,0.0,0.0,0.0,0.0,0.0,0.0,0.0,0.0,0.0,595.2,496.0,1488.0,744.0,0.0,595.2,248.0
71.0,QUESO QUESCAN  BR  2 KG.,DISTRIBUIDORES,RESTO DISTRIBUIDORES,"000840-JULIÁN MAIRAL, S.L.U. ( BLOQ)",0.0,0.0,0.0,0.0,0.0,0.0,0.0,0.0,0.0,0.0,0.0,0.0,0.0,0.0,0.0,0.0,0.0,0.0,0.0,0.0,0.0,0.0,0.0,0.0,0.0,0.0,0.0,0.0,0.0,0.0,0.0,0.0,0.0,0.0,0.0,0.0,0.0,0.0
71.0,QUESO QUESCAN  BR  2 KG.,DISTRIBUIDORES,TGT,000580-LOGÍSTICA Y TRANSFORMACIÓN LÁCTEA S.L. ( bloq),0.0,600.0,600.0,600.0,600.0,600.0,1190.0,0.0,0.0,0.0,0.0,0.0,0.0,0.0,0.0,0.0,0.0,0.0,0.0,0.0,3229.8,3229.8,3229.8,3229.8,3229.8,6929.77,0.0,0.0,0.0,0.0,0.0,0.0,0.0,0.0,0.0,0.0,0.0,0.0
710.0,Queso ROSIMAR 2 Kg,DISTRIBUIDORES,TGT,000580-LOGÍSTICA Y TRANSFORMACIÓN LÁCTEA S.L. ( bloq),600.0,0.0,0.0,0.0,0.0,0.0,0.0,0.0,0.0,0.0,0.0,0.0,0.0,0.0,0.0,0.0,0.0,0.0,0.0,2853.0,0.0,0.0,0.0,0.0,0.0,0.0,0.0,0.0,0.0,0.0,0.0,0.0,0.0,0.0,0.0,0.0,0.0,0.0
711.0,QUESO LAFUENTE BATIR 2 KG.,DISTRIBUIDORES,RESTO DISTRIBUIDORES,000589-CONVENIENCE FOOD S.L.U.,1000.0,0.0,0.0,1200.0,600.0,0.0,0.0,0.0,0.0,0.0,0.0,700.0,500.0,150.0,0.0,500.0,190.0,520.0,430.0,5450.0,0.0,0.0,6540.0,3270.0,0.0,0.0,0.0,0.0,0.0,0.0,3815.0,2725.0,817.5,0.0,2725.0,1035.5,2834.0,2343.5
711.0,QUESO LAFUENTE BATIR 2 KG.,DISTRIBUIDORES,RESTO DISTRIBUIDORES,"000646-EL ESPEJO HOSTELERO, S.A.",0.0,0.0,0.0,0.0,0.0,0.0,10.0,0.0,20.0,30.0,0.0,40.0,0.0,30.0,0.0,0.0,30.0,60.0,0.0,0.0,0.0,0.0,0.0,0.0,0.0,67.1,0.0,134.2,201.3,0.0,268.4,0.0,201.3,0.0,0.0,201.3,402.6,0.0
711.0,QUESO LAFUENTE BATIR 2 KG.,DISTRIBUIDORES,RESTO DISTRIBUIDORES,000776-COMERCIAL DIALVA S.A.,640.0,0.0,400.0,150.0,0.0,200.0,200.0,600.0,800.0,200.0,600.0,0.0,400.0,390.0,700.0,400.0,600.0,1260.0,240.0,3680.0,0.0,2300.0,892.5,0.0,1190.0,1190.0,3570.0,4760.0,1190.0,3570.0,0.0,2380.0,2320.5,4165.0,2380.0,3570.0,7497.0,1428.0
711.0,QUESO LAFUENTE BATIR 2 KG.,DISTRIBUIDORES,TGT,000580-LOGÍSTICA Y TRANSFORMACIÓN LÁCTEA S.L. ( bloq),600.0,1200.0,0.0,0.0,0.0,1.0,0.0,0.0,0.0,0.0,0.0,0.0,0.0,0.0,0.0,0.0,0.0,0.0,0.0,3321.0,7242.0,0.0,0.0,0.0,0.0,0.0,0.0,0.0,0.0,0.0,0.0,0.0,0.0,0.0,0.0,0.0,0.0,0.0
711.0,QUESO LAFUENTE BATIR 2 KG.,INDUSTRIALES & FOOD SERVICE,INTERPROVEEDORES,"000288-GOURMET, S.A.",100.0,0.0,200.0,150.0,150.0,200.0,0.0,200.0,0.0,600.0,200.0,200.0,0.0,400.0,350.0,0.0,300.0,200.0,0.0,590.0,0.0,1180.0,885.0,35.4,1180.0,0.0,1180.0,0.0,3540.0,1180.0,1180.0,0.0,2360.0,2065.0,0.0,1770.0,1180.0,0.0
711.0,QUESO LAFUENTE BATIR 2 KG.,INDUSTRIALES & FOOD SERVICE,RESTO INDUSTRIALES & FOODSERVICE,"000089-EL CORTE INGLES, S.A.",0.0,500.0,1330.0,2310.0,300.0,1630.0,1980.0,1420.0,1860.0,1270.0,1850.0,3090.0,980.0,1650.0,1650.0,1560.0,1230.0,1470.0,1650.0,0.0,2547.35,6808.4,11825.13,1535.72,8344.13,10135.82,7269.11,9521.52,6501.25,9470.34,15818.02,5016.72,8446.52,8446.52,7985.79,6296.49,7525.07,8446.52
7126.0,LONCHAS PREPARADO CONVENIENCE 1 Kg.,DISTRIBUIDORES,RESTO DISTRIBUIDORES,000589-CONVENIENCE FOOD S.L.U.,480.0,320.0,320.0,440.0,320.0,880.0,320.0,320.0,640.0,480.0,400.0,480.0,160.0,480.0,480.0,280.0,480.0,640.0,400.0,2108.16,1437.44,1437.44,1976.48,1437.44,3952.96,1437.44,1437.44,2874.88,2156.16,1796.8,2156.16,718.72,2156.16,2156.16,1257.76,2156.16,2874.88,1796.8
7134.0,PREP. PIZZA-POP TACOS 2 KG.,CASH & CARRY,MAKRO,000621-MAKRO DISTRIBUCIÓN MAYORISTA SA,7668.0,7386.0,5790.0,9732.0,10164.0,7902.0,12132.0,12504.0,11022.0,8616.0,7440.0,10074.0,7734.0,7338.0,9918.0,10296.0,8808.0,9918.0,12624.0,37320.16,35947.65,28179.94,47365.62,49468.18,38459.05,59046.44,60856.97,53644.08,41934.06,36210.48,49030.16,37641.35,35714.06,48270.91,50110.63,42868.53,48270.89,61441.01
7134.0,PREP. PIZZA-POP TACOS 2 KG.,CASH & CARRY,MAKRO,000645-MAKRO CASH & CARRY PORTUGAL S.A.,1452.0,1812.0,1536.0,1590.0,2244.0,1938.0,1554.0,2454.0,1518.0,1536.0,1206.0,1530.0,1002.0,1194.0,864.0,1182.0,1284.0,942.0,1158.0,6577.56,8208.36,6958.08,7202.7,10165.32,8779.14,7039.62,11116.62,6876.54,6958.08,5463.18,6930.9,4370.54,5153.33,3913.92,5354.46,5278.36,4267.26,5245.74
7134.0,PREP. PIZZA-POP TACOS 2 KG.,DISTRIBUIDORES,PROVISIONES SUROESTE,"000879-PROVISIONES SUROESTE, S.L.",960.0,2880.0,3240.0,2640.0,2460.0,2400.0,3420.0,4560.0,2160.0,1980.0,3300.0,3060.0,3000.0,3360.0,4020.0,3120.0,2640.0,5040.0,2640.0,3888.0,11952.0,13446.0,10956.0,10209.0,9960.0,14193.0,18924.0,8964.0,8217.0,13695.0,12699.0,12450.0,13944.0,16683.0,12948.0,10956.0,20916.0,10956.0
7134.0,PREP. PIZZA-POP TACOS 2 KG.,DISTRIBUIDORES,RESTO DISTRIBUIDORES,"000038-LÁCTEOS MENDI, S.L.",0.0,0.0,0.0,0.0,0.0,0.0,0.0,48.0,18.0,0.0,0.0,0.0,0.0,0.0,0.0,0.0,0.0,0.0,0.0,0.0,0.0,0.0,0.0,0.0,0.0,0.0,199.2,74.7,0.0,0.0,0.0,0.0,0.0,0.0,0.0,0.0,0.0,0.0
7134.0,PREP. PIZZA-POP TACOS 2 KG.,DISTRIBUIDORES,RESTO DISTRIBUIDORES,"000643-ORTHIDAL, S.L.",60.0,0.0,60.0,0.0,0.0,0.0,0.0,0.0,0.0,0.0,0.0,0.0,0.0,0.0,0.0,0.0,0.0,0.0,0.0,237.0,0.0,249.0,0.0,0.0,0.0,0.0,0.0,0.0,0.0,0.0,0.0,0.0,0.0,0.0,0.0,0.0,0.0,0.0
7134.0,PREP. PIZZA-POP TACOS 2 KG.,DISTRIBUIDORES,RESTO DISTRIBUIDORES,000651-COMERGRAN S.L.,0.0,0.0,0.0,0.0,0.0,0.0,30.0,210.0,150.0,90.0,90.0,120.0,90.0,180.0,180.0,90.0,0.0,120.0,120.0,0.0,0.0,0.0,0.0,0.0,0.0,124.5,871.5,622.5,373.5,373.5,498.0,373.5,747.0,747.0,373.5,0.0,498.0,498.0
7134.0,PREP. PIZZA-POP TACOS 2 KG.,DISTRIBUIDORES,RESTO DISTRIBUIDORES,000711-DISTRIBUCIONES J.M. S.A.,480.0,0.0,480.0,480.0,0.0,480.0,480.0,0.0,480.0,0.0,480.0,0.0,480.0,0.0,480.0,0.0,480.0,0.0,480.0,1896.0,0.0,1992.0,1992.0,0.0,1992.0,1992.0,0.0,1992.0,0.0,1992.0,0.0,1992.0,0.0,1992.0,0.0,1992.0,0.0,1992.0
7134.0,PREP. PIZZA-POP TACOS 2 KG.,DISTRIBUIDORES,RESTO DISTRIBUIDORES,000776-COMERCIAL DIALVA S.A.,1140.0,240.0,840.0,480.0,420.0,660.0,540.0,0.0,960.0,480.0,420.0,780.0,0.0,300.0,360.0,180.0,240.0,420.0,420.0,4683.0,996.0,3486.0,1992.0,1743.0,2739.0,2241.0,0.0,3984.0,1992.0,1743.0,3237.0,0.0,1245.0,1494.0,747.0,996.0,1743.0,1743.0
7134.0,PREP. PIZZA-POP TACOS 2 KG.,DISTRIBUIDORES,RESTO DISTRIBUIDORES,000789-PALENZUELA DISTRIBUCION 1970 S.L.,0.0,0.0,0.0,0.0,0.0,0.0,0.0,0.0,0.0,0.0,0.0,0.0,0.0,0.0,0.0,0.0,0.0,0.0,0.0,0.0,0.0,0.0,0.0,0.0,0.0,0.0,0.0,0.0,0.0,0.0,0.0,0.0,0.0,0.0,0.0,0.0,0.0,0.0
7134.0,PREP. PIZZA-POP TACOS 2 KG.,DISTRIBUIDORES,TGT,000580-LOGÍSTICA Y TRANSFORMACIÓN LÁCTEA S.L. ( bloq),0.0,0.0,0.0,0.0,0.0,0.0,0.0,0.0,0.0,0.0,0.0,0.0,0.0,0.0,0.0,0.0,0.0,0.0,0.0,0.0,0.0,0.0,0.0,0.0,0.0,0.0,0.0,0.0,0.0,0.0,0.0,0.0,0.0,0.0,0.0,0.0,0.0,0.0
7134.0,PREP. PIZZA-POP TACOS 2 KG.,INDUSTRIALES & FOOD SERVICE,RESTO INDUSTRIALES & FOODSERVICE,000850-UNIDE SDAD. COOP. (BLOQ.),36.0,72.0,108.0,36.0,72.0,90.0,60.0,114.0,108.0,60.0,60.0,0.0,60.0,0.0,0.0,0.0,0.0,0.0,0.0,171.65,343.3,514.95,0.0,343.3,429.12,286.08,543.55,514.95,286.08,286.08,0.0,286.08,0.0,0.0,0.0,0.0,0.0,0.0
72.0,QUESO QUESCAN BR 3 KG.,DISTRIBUIDORES,PROVISIONES SUROESTE,"000879-PROVISIONES SUROESTE, S.L.",720.0,1872.0,2160.0,3600.0,3564.0,2268.0,2664.0,2664.0,5328.0,1152.0,3744.0,1584.0,4608.0,2016.0,4032.0,3456.0,1728.0,3744.0,2736.0,3499.2,9285.12,10713.6,17856.0,17677.44,11249.28,13213.44,13213.44,26426.88,5713.92,18570.24,7856.64,22855.68,9999.36,19998.72,17141.76,8570.88,18570.24,13570.56
72.0,QUESO QUESCAN BR 3 KG.,DISTRIBUIDORES,RESTO DISTRIBUIDORES,"000038-LÁCTEOS MENDI, S.L.",288.0,360.0,288.0,288.0,144.0,360.0,288.0,360.0,0.0,648.0,288.0,288.0,576.0,0.0,576.0,576.0,288.0,720.0,360.0,1483.2,1890.0,1512.0,1512.0,756.0,1800.0,1440.0,1800.0,0.0,3240.0,1440.0,1440.0,2880.0,0.0,2880.0,2880.0,1440.0,3600.0,1800.0
72.0,QUESO QUESCAN BR 3 KG.,DISTRIBUIDORES,RESTO DISTRIBUIDORES,000338-GONZALO ALONSO CRUZ (BLOQ.),0.0,0.0,0.0,0.0,0.0,60.0,36.0,0.0,0.0,48.0,0.0,0.0,0.0,0.0,0.0,0.0,48.0,0.0,0.0,0.0,0.0,0.0,0.0,0.0,312.0,187.2,0.0,0.0,249.6,0.0,0.0,0.0,0.0,0.0,0.0,269.28,0.0,0.0
72.0,QUESO QUESCAN BR 3 KG.,DISTRIBUIDORES,RESTO DISTRIBUIDORES,000589-CONVENIENCE FOOD S.L.U.,0.0,0.0,0.0,0.0,0.0,0.0,0.0,0.0,0.0,0.0,0.0,0.0,0.0,0.0,0.0,0.0,0.0,0.0,192.0,0.0,0.0,0.0,0.0,0.0,0.0,0.0,0.0,0.0,0.0,0.0,0.0,0.0,0.0,0.0,0.0,0.0,0.0,877.44
72.0,QUESO QUESCAN BR 3 KG.,DISTRIBUIDORES,RESTO DISTRIBUIDORES,000644-COMERCIAL LUIS ROSQUELLAS S.L.,12.0,0.0,24.0,0.0,12.0,0.0,0.0,0.0,0.0,0.0,0.0,0.0,0.0,0.0,0.0,0.0,0.0,0.0,0.0,64.09,0.0,128.18,0.0,64.09,0.0,0.0,0.0,0.0,0.0,0.0,0.0,0.0,0.0,0.0,0.0,0.0,0.0,0.0
72.0,QUESO QUESCAN BR 3 KG.,DISTRIBUIDORES,RESTO DISTRIBUIDORES,000651-COMERGRAN S.L.,120.0,0.0,60.0,60.0,60.0,0.0,120.0,0.0,180.0,120.0,0.0,36.0,60.0,60.0,120.0,60.0,72.0,0.0,72.0,618.0,0.0,297.6,297.6,297.6,0.0,595.2,0.0,892.8,595.2,0.0,178.56,297.6,297.6,595.2,297.6,357.12,0.0,357.12
72.0,QUESO QUESCAN BR 3 KG.,DISTRIBUIDORES,RESTO DISTRIBUIDORES,000654-COMERCIAL PINAMAS S.L.,0.0,36.0,36.0,0.0,0.0,0.0,0.0,0.0,0.0,0.0,0.0,0.0,0.0,0.0,0.0,0.0,0.0,0.0,0.0,0.0,189.0,189.0,0.0,0.0,0.0,0.0,0.0,0.0,0.0,0.0,0.0,0.0,0.0,0.0,0.0,0.0,0.0,0.0
72.0,QUESO QUESCAN BR 3 KG.,DISTRIBUIDORES,RESTO DISTRIBUIDORES,"000675-CORPORACIÓN LÁCTEA DEL NORTE, S.L.",0.0,24.0,0.0,24.0,24.0,0.0,24.0,24.0,0.0,0.0,276.0,120.0,36.0,0.0,72.0,60.0,0.0,60.0,36.0,0.0,119.04,0.0,119.04,119.04,0.0,119.04,119.04,0.0,0.0,1368.96,595.2,178.56,0.0,357.12,297.6,0.0,297.6,178.56
72.0,QUESO QUESCAN BR 3 KG.,DISTRIBUIDORES,RESTO DISTRIBUIDORES,000681-DISTRIBUCIONES DEL VALLES S.L. (BLOQ.),48.0,72.0,60.0,60.0,108.0,60.0,0.0,0.0,0.0,0.0,0.0,0.0,0.0,0.0,0.0,0.0,0.0,0.0,0.0,242.4,378.0,315.0,315.0,567.0,315.0,0.0,0.0,0.0,0.0,0.0,0.0,0.0,0.0,0.0,0.0,0.0,0.0,0.0
72.0,QUESO QUESCAN BR 3 KG.,DISTRIBUIDORES,RESTO DISTRIBUIDORES,000728-SAN LAMBERTO 2000 SL,72.0,48.0,96.0,48.0,72.0,0.0,60.0,24.0,84.0,72.0,120.0,72.0,144.0,0.0,120.0,144.0,72.0,0.0,72.0,373.2,252.0,504.0,252.0,378.0,0.0,315.0,126.0,441.0,378.0,630.0,378.0,756.0,0.0,630.0,756.0,378.0,0.0,378.0
72.0,QUESO QUESCAN BR 3 KG.,DISTRIBUIDORES,RESTO DISTRIBUIDORES,"000734-UDIAL, S.A. (BLOQ.)",0.0,0.0,0.0,0.0,0.0,0.0,0.0,0.0,0.0,0.0,0.0,0.0,0.0,0.0,0.0,0.0,0.0,0.0,0.0,0.0,0.0,0.0,0.0,0.0,0.0,0.0,0.0,0.0,0.0,0.0,0.0,0.0,0.0,0.0,0.0,0.0,0.0,0.0
72.0,QUESO QUESCAN BR 3 KG.,DISTRIBUIDORES,RESTO DISTRIBUIDORES,"000763-BENIBALDO, S.A.U. (BLOQ.)",0.0,0.0,0.0,0.0,96.0,0.0,48.0,0.0,48.0,0.0,0.0,0.0,0.0,0.0,0.0,0.0,0.0,0.0,0.0,0.0,0.0,0.0,0.0,504.0,0.0,252.0,0.0,252.0,0.0,0.0,0.0,0.0,0.0,0.0,0.0,0.0,0.0,0.0
72.0,QUESO QUESCAN BR 3 KG.,DISTRIBUIDORES,RESTO DISTRIBUIDORES,000789-PALENZUELA DISTRIBUCION 1970 S.L.,12.0,24.0,12.0,0.0,12.0,36.0,0.0,0.0,12.0,24.0,36.0,36.0,12.0,0.0,0.0,72.0,0.0,0.0,0.0,67.2,134.4,67.2,0.0,67.2,201.6,0.0,0.0,67.2,134.4,201.6,201.6,67.2,0.0,0.0,403.2,0.0,0.0,0.0
72.0,QUESO QUESCAN BR 3 KG.,DISTRIBUIDORES,RESTO DISTRIBUIDORES,000791-CAZALEN S.L. (BLOQ.),84.0,36.0,72.0,72.0,84.0,0.0,0.0,0.0,0.0,0.0,0.0,0.0,0.0,0.0,0.0,0.0,0.0,0.0,0.0,441.0,189.0,378.0,378.0,441.0,0.0,0.0,0.0,0.0,0.0,0.0,0.0,0.0,0.0,0.0,0.0,0.0,0.0,0.0
72.0,QUESO QUESCAN BR 3 KG.,DISTRIBUIDORES,RESTO DISTRIBUIDORES,"000854-EL CONCHEL D´GUSTO, S.L.U. (BLOQ.)",36.0,36.0,0.0,0.0,0.0,0.0,0.0,0.0,0.0,0.0,0.0,0.0,0.0,0.0,0.0,0.0,0.0,0.0,0.0,181.8,189.0,0.0,0.0,0.0,0.0,0.0,0.0,0.0,0.0,0.0,0.0,0.0,0.0,0.0,0.0,0.0,0.0,0.0
72.0,QUESO QUESCAN BR 3 KG.,DISTRIBUIDORES,RESTO DISTRIBUIDORES,000870-COMERCIAL LEÓN ZARAGOZA S.L.,0.0,0.0,0.0,48.0,24.0,60.0,12.0,60.0,72.0,84.0,60.0,60.0,36.0,84.0,72.0,0.0,72.0,0.0,0.0,0.0,0.0,0.0,252.0,126.0,315.0,63.0,315.0,378.0,441.0,315.0,315.0,189.0,441.0,378.0,0.0,378.0,0.0,0.0
72.0,QUESO QUESCAN BR 3 KG.,DISTRIBUIDORES,TGT,000580-LOGÍSTICA Y TRANSFORMACIÓN LÁCTEA S.L. ( bloq),864.0,864.0,0.0,864.0,864.0,864.0,864.0,0.0,0.0,0.0,0.0,0.0,0.0,0.0,0.0,0.0,0.0,0.0,0.0,4043.52,4650.91,0.0,4650.91,4650.91,4650.91,5065.63,0.0,0.0,0.0,0.0,0.0,0.0,0.0,0.0,0.0,0.0,0.0,0.0
72.0,QUESO QUESCAN BR 3 KG.,INDUSTRIALES & FOOD SERVICE,RESTO INDUSTRIALES & FOODSERVICE,000809-CHAVINADOR S.L.,0.0,0.0,0.0,0.0,0.0,0.0,0.0,0.0,0.0,0.0,0.0,0.0,0.0,0.0,0.0,0.0,0.0,0.0,0.0,0.0,0.0,0.0,0.0,0.0,0.0,0.0,0.0,0.0,0.0,0.0,0.0,0.0,0.0,0.0,0.0,0.0,0.0,0.0
72.0,QUESO QUESCAN BR 3 KG.,INDUSTRIALES & FOOD SERVICE,RESTO INDUSTRIALES & FOODSERVICE,"000828-QUE S LIDER, S.L.",0.0,0.0,0.0,0.0,0.0,0.0,120.0,0.0,180.0,60.0,48.0,120.0,60.0,0.0,60.0,72.0,72.0,144.0,0.0,0.0,0.0,0.0,0.0,0.0,0.0,600.0,0.0,900.0,300.0,240.0,600.0,300.0,0.0,300.0,360.0,360.0,720.0,0.0
7228.0,MOZZARELLA PIZZADONNA TACOS 2 KG.,DISTRIBUIDORES,PROVISIONES SUROESTE,"000879-PROVISIONES SUROESTE, S.L.",120.0,0.0,90.0,0.0,0.0,0.0,36.0,168.0,60.0,0.0,0.0,0.0,0.0,0.0,0.0,0.0,0.0,180.0,1368.0,676.8,0.0,507.6,0.0,0.0,0.0,203.04,947.52,338.4,0.0,0.0,0.0,0.0,0.0,0.0,0.0,0.0,1015.2,7715.52
7228.0,MOZZARELLA PIZZADONNA TACOS 2 KG.,DISTRIBUIDORES,RESTO DISTRIBUIDORES,000338-GONZALO ALONSO CRUZ (BLOQ.),180.0,360.0,90.0,240.0,120.0,120.0,300.0,270.0,210.0,180.0,150.0,330.0,180.0,210.0,330.0,300.0,120.0,0.0,0.0,1080.0,2160.0,540.0,1440.0,720.0,720.0,1800.0,1620.0,1260.0,1080.0,900.0,1980.0,1143.0,1333.5,2095.5,1905.0,762.0,0.0,0.0
7228.0,MOZZARELLA PIZZADONNA TACOS 2 KG.,DISTRIBUIDORES,RESTO DISTRIBUIDORES,000589-CONVENIENCE FOOD S.L.U.,0.0,0.0,0.0,360.0,120.0,120.0,180.0,120.0,240.0,60.0,150.0,180.0,120.0,150.0,132.0,150.0,180.0,180.0,120.0,0.0,0.0,0.0,1944.0,648.0,648.0,972.0,648.0,1296.0,324.0,777.6,864.0,648.0,810.0,712.8,810.0,972.0,972.0,648.0
7228.0,MOZZARELLA PIZZADONNA TACOS 2 KG.,DISTRIBUIDORES,RESTO DISTRIBUIDORES,"000643-ORTHIDAL, S.L.",0.0,30.0,60.0,0.0,0.0,0.0,0.0,0.0,0.0,0.0,0.0,0.0,0.0,0.0,0.0,0.0,0.0,0.0,0.0,0.0,167.7,335.4,0.0,0.0,0.0,0.0,0.0,0.0,0.0,0.0,0.0,0.0,0.0,0.0,0.0,0.0,0.0,0.0
7228.0,MOZZARELLA PIZZADONNA TACOS 2 KG.,DISTRIBUIDORES,RESTO DISTRIBUIDORES,000644-COMERCIAL LUIS ROSQUELLAS S.L.,660.0,240.0,420.0,360.0,420.0,360.0,538.0,0.0,0.0,96.0,240.0,120.0,90.0,150.0,300.0,120.0,234.0,180.0,300.0,4016.62,1460.59,2556.04,2190.9,2556.04,2190.89,3273.91,0.0,0.0,584.24,1460.59,730.3,547.72,912.87,1825.75,730.3,1424.08,1095.44,1825.75
7228.0,MOZZARELLA PIZZADONNA TACOS 2 KG.,DISTRIBUIDORES,RESTO DISTRIBUIDORES,000651-COMERGRAN S.L.,330.0,120.0,330.0,270.0,270.0,120.0,540.0,720.0,120.0,270.0,240.0,420.0,240.0,420.0,240.0,240.0,360.0,240.0,300.0,1947.0,708.0,1861.2,1522.8,1522.8,676.8,3045.6,4060.8,676.8,1522.8,1353.6,2368.8,1353.6,2368.8,1353.6,1353.6,2030.4,1353.6,1692.0
7228.0,MOZZARELLA PIZZADONNA TACOS 2 KG.,DISTRIBUIDORES,RESTO DISTRIBUIDORES,000654-COMERCIAL PINAMAS S.L.,2400.0,1440.0,2400.0,1668.0,1920.0,2400.0,2400.0,3360.0,1920.0,960.0,1440.0,2400.0,1824.0,2400.0,2400.0,1680.0,720.0,2880.0,2400.0,14112.0,8467.2,14112.0,9807.84,11289.6,14112.0,14112.0,19756.8,11289.6,5644.8,6526.8,14112.0,10725.12,14112.0,14112.0,9878.4,4233.6,16934.4,14112.0
7228.0,MOZZARELLA PIZZADONNA TACOS 2 KG.,DISTRIBUIDORES,RESTO DISTRIBUIDORES,000655-EXCLUSIVAS OMEÑACA SL,336.0,312.0,276.0,486.0,180.0,660.0,360.0,720.0,360.0,312.0,180.0,528.0,300.0,180.0,420.0,420.0,180.0,660.0,420.0,1975.68,1834.56,1622.88,2857.68,1058.4,3880.8,2116.8,4233.6,2116.8,1834.56,1058.4,3104.64,1764.0,1058.4,2469.6,2469.6,1058.4,3880.8,2469.6
7228.0,MOZZARELLA PIZZADONNA TACOS 2 KG.,DISTRIBUIDORES,RESTO DISTRIBUIDORES,"000710-SELECCIO REGISA, S.L.",60.0,96.0,102.0,156.0,210.0,270.0,300.0,360.0,168.0,42.0,0.0,210.0,150.0,60.0,60.0,120.0,120.0,120.0,300.0,366.0,585.6,622.2,951.6,1281.0,1647.0,1830.0,2196.0,1024.8,256.2,0.0,929.9,838.5,335.4,335.4,670.8,670.8,670.8,1677.0
7228.0,MOZZARELLA PIZZADONNA TACOS 2 KG.,DISTRIBUIDORES,RESTO DISTRIBUIDORES,000711-DISTRIBUCIONES J.M. S.A.,210.0,240.0,120.0,180.0,0.0,30.0,120.0,240.0,228.0,108.0,240.0,318.0,198.0,216.0,198.0,120.0,120.0,240.0,120.0,1173.9,1341.6,670.8,1006.2,0.0,167.7,670.8,1341.6,1274.52,603.72,1341.6,1777.62,1106.82,1207.44,1106.82,670.8,670.8,1341.6,670.8
7228.0,MOZZARELLA PIZZADONNA TACOS 2 KG.,DISTRIBUIDORES,RESTO DISTRIBUIDORES,000776-COMERCIAL DIALVA S.A.,360.0,144.0,348.0,300.0,120.0,600.0,420.0,720.0,300.0,120.0,360.0,720.0,0.0,300.0,420.0,480.0,120.0,540.0,480.0,2012.4,804.96,1945.32,1677.0,670.8,3354.0,2347.8,4024.8,1677.0,670.8,2012.4,3991.26,0.0,1677.0,2347.8,2683.2,670.8,3018.6,2683.2
7228.0,MOZZARELLA PIZZADONNA TACOS 2 KG.,DISTRIBUIDORES,RESTO DISTRIBUIDORES,"000840-JULIÁN MAIRAL, S.L.U. ( BLOQ)",0.0,0.0,0.0,0.0,0.0,0.0,0.0,0.0,0.0,0.0,0.0,0.0,0.0,0.0,0.0,0.0,0.0,0.0,0.0,0.0,0.0,0.0,0.0,0.0,0.0,0.0,0.0,0.0,0.0,0.0,0.0,0.0,0.0,0.0,0.0,0.0,0.0,0.0
7228.0,MOZZARELLA PIZZADONNA TACOS 2 KG.,DISTRIBUIDORES,RESTO DISTRIBUIDORES,"000868-CODILEX ALIMENTACIÓN TRADICIONAL, S.L.",12.0,24.0,42.0,48.0,48.0,48.0,24.0,96.0,48.0,78.0,0.0,0.0,84.0,0.0,0.0,0.0,0.0,0.0,0.0,70.56,141.12,246.96,282.24,282.24,282.24,141.12,423.36,282.24,458.64,0.0,0.0,493.92,0.0,0.0,0.0,0.0,0.0,0.0
7228.0,MOZZARELLA PIZZADONNA TACOS 2 KG.,DISTRIBUIDORES,RESTO DISTRIBUIDORES,"000943-QUESOS JOMI, S.L. ( BLOQ )",0.0,0.0,0.0,0.0,0.0,0.0,0.0,0.0,0.0,120.0,0.0,0.0,0.0,0.0,0.0,0.0,0.0,0.0,0.0,0.0,0.0,0.0,0.0,0.0,0.0,0.0,0.0,0.0,705.6,0.0,0.0,0.0,0.0,0.0,0.0,0.0,0.0,0.0
7228.0,MOZZARELLA PIZZADONNA TACOS 2 KG.,DISTRIBUIDORES,RESTO DISTRIBUIDORES,000950-GRUP ALIMENTARI DISTECO S.A,0.0,0.0,0.0,0.0,0.0,0.0,0.0,0.0,0.0,0.0,360.0,510.0,1050.0,0.0,360.0,240.0,180.0,240.0,300.0,0.0,0.0,0.0,0.0,0.0,0.0,0.0,0.0,0.0,0.0,2012.4,2850.9,5869.5,0.0,2012.4,1341.6,1006.2,1341.6,1677.0
7228.0,MOZZARELLA PIZZADONNA TACOS 2 KG.,INDUSTRIALES & FOOD SERVICE,RESTO INDUSTRIALES & FOODSERVICE,000708-CASHDIPLO SLU ( bloq),18.0,42.0,24.0,54.0,114.0,36.0,0.0,0.0,0.0,0.0,0.0,0.0,0.0,0.0,0.0,0.0,0.0,0.0,0.0,117.75,274.76,157.0,353.27,745.79,235.51,0.0,0.0,0.0,0.0,0.0,0.0,0.0,0.0,0.0,0.0,0.0,0.0,0.0
7228.0,MOZZARELLA PIZZADONNA TACOS 2 KG.,INDUSTRIALES & FOOD SERVICE,RESTO INDUSTRIALES & FOODSERVICE,"000828-QUE S LIDER, S.L.",0.0,264.0,180.0,444.0,360.0,648.0,468.0,600.0,480.0,0.0,0.0,0.0,0.0,240.0,372.0,330.0,300.0,420.0,420.0,0.0,1475.76,1006.2,2481.96,2012.4,3622.32,2616.12,3354.0,2683.2,0.0,0.0,0.0,0.0,1341.6,2079.48,1844.7,1677.0,2347.8,2347.8
723.0,QUESO PIZZABELLA PIEZA 1 KG,DISTRIBUIDORES,TGT,"000010-TEODORO GARCIA, S.A. ( BLOQ )",0.0,0.0,0.0,0.0,0.0,0.0,0.0,0.0,0.0,0.0,0.0,0.0,0.0,0.0,0.0,0.0,0.0,0.0,0.0,0.0,0.0,0.0,0.0,0.0,0.0,0.0,0.0,0.0,0.0,0.0,0.0,0.0,0.0,0.0,0.0,0.0,0.0,0.0
723.0,QUESO PIZZABELLA PIEZA 1 KG,DISTRIBUIDORES,TGT,000580-LOGÍSTICA Y TRANSFORMACIÓN LÁCTEA S.L. ( bloq),0.0,0.0,0.0,0.0,0.0,0.0,0.0,0.0,0.0,0.0,0.0,0.0,0.0,0.0,0.0,0.0,0.0,0.0,0.0,0.0,0.0,0.0,0.0,0.0,0.0,0.0,0.0,0.0,0.0,0.0,0.0,0.0,0.0,0.0,0.0,0.0,0.0,0.0
731.0,QUESO RALLADO EN POLVO LAFUENTE 1 KG.,CASH & CARRY,MAKRO,000645-MAKRO CASH & CARRY PORTUGAL S.A.,2270.0,2210.0,1810.0,2400.0,2540.0,2320.0,2520.0,2500.0,2710.0,2140.0,1290.0,1760.0,1520.0,1630.0,1860.0,2450.0,2220.0,2420.0,3350.0,13279.5,12928.5,10588.5,14040.0,14859.0,13572.0,14742.0,14625.0,15853.5,12519.0,7546.5,10296.0,8892.0,9535.5,10881.0,14332.5,12521.93,14157.0,19597.5
731.0,QUESO RALLADO EN POLVO LAFUENTE 1 KG.,CASH & CARRY,OTROS CASH & CARRY,"000931-TRANSGOURMET IBÉRICA, SAU",0.0,0.0,0.0,0.0,0.0,1980.0,0.0,720.0,780.0,60.0,0.0,0.0,0.0,0.0,0.0,0.0,0.0,0.0,0.0,0.0,0.0,0.0,0.0,0.0,10395.0,0.0,3780.0,4095.0,315.0,0.0,0.0,0.0,0.0,0.0,0.0,0.0,0.0,0.0
731.0,QUESO RALLADO EN POLVO LAFUENTE 1 KG.,DISTRIBUIDORES,PROVISIONES SUROESTE,"000879-PROVISIONES SUROESTE, S.L.",360.0,1500.0,900.0,1320.0,950.0,1440.0,1620.0,1620.0,1380.0,1020.0,600.0,1380.0,900.0,1020.0,1260.0,1020.0,840.0,1680.0,1000.0,1830.0,7875.0,4725.0,6930.0,4987.5,7560.0,8505.0,8505.0,7245.0,5355.0,3150.0,7245.0,4725.0,5355.0,6615.0,5355.0,4410.0,8820.0,5250.0
731.0,QUESO RALLADO EN POLVO LAFUENTE 1 KG.,DISTRIBUIDORES,RESTO DISTRIBUIDORES,"000038-LÁCTEOS MENDI, S.L.",0.0,0.0,0.0,30.0,10.0,0.0,0.0,40.0,0.0,10.0,10.0,10.0,0.0,10.0,30.0,10.0,30.0,0.0,0.0,0.0,0.0,0.0,175.5,58.5,0.0,0.0,219.2,0.0,54.8,54.8,54.8,0.0,54.8,164.4,54.8,164.4,0.0,0.0
731.0,QUESO RALLADO EN POLVO LAFUENTE 1 KG.,DISTRIBUIDORES,RESTO DISTRIBUIDORES,"000643-ORTHIDAL, S.L.",1580.0,1770.0,1500.0,2880.0,1470.0,1650.0,2860.0,1920.0,870.0,580.0,2500.0,2160.0,1790.0,1020.0,4160.0,3960.0,1080.0,3110.0,2120.0,8342.4,9685.89,8220.0,15782.4,8047.75,9042.0,15672.8,10521.6,4767.6,3178.4,13700.0,11836.8,9804.36,5751.6,23445.05,22334.4,6091.2,17532.48,11947.55
731.0,QUESO RALLADO EN POLVO LAFUENTE 1 KG.,DISTRIBUIDORES,RESTO DISTRIBUIDORES,000651-COMERGRAN S.L.,10.0,0.0,0.0,0.0,0.0,10.0,0.0,10.0,0.0,20.0,20.0,40.0,0.0,0.0,0.0,10.0,10.0,10.0,0.0,56.5,0.0,0.0,0.0,0.0,52.5,0.0,52.5,0.0,105.0,105.0,210.0,0.0,0.0,0.0,52.5,52.5,52.5,0.0
731.0,QUESO RALLADO EN POLVO LAFUENTE 1 KG.,DISTRIBUIDORES,RESTO DISTRIBUIDORES,"000675-CORPORACIÓN LÁCTEA DEL NORTE, S.L.",0.0,0.0,0.0,30.0,10.0,0.0,0.0,20.0,0.0,0.0,10.0,0.0,10.0,0.0,0.0,0.0,10.0,0.0,40.0,0.0,0.0,0.0,161.1,53.7,0.0,0.0,107.4,0.0,0.0,53.7,0.0,53.7,0.0,0.0,0.0,53.7,0.0,214.8
731.0,QUESO RALLADO EN POLVO LAFUENTE 1 KG.,DISTRIBUIDORES,RESTO DISTRIBUIDORES,000711-DISTRIBUCIONES J.M. S.A.,0.0,10.0,40.0,80.0,280.0,60.0,150.0,200.0,150.0,200.0,40.0,0.0,50.0,70.0,20.0,60.0,60.0,0.0,60.0,0.0,54.8,219.2,438.4,1534.4,328.8,822.0,1096.0,822.0,1096.0,219.2,0.0,274.0,383.6,109.6,328.8,328.8,0.0,328.8
731.0,QUESO RALLADO EN POLVO LAFUENTE 1 KG.,DISTRIBUIDORES,RESTO DISTRIBUIDORES,000751-PLACOR 2006 S.L.,0.0,0.0,0.0,0.0,0.0,30.0,0.0,10.0,0.0,0.0,0.0,0.0,20.0,0.0,0.0,0.0,0.0,0.0,0.0,0.0,0.0,0.0,-0.31,0.0,183.57,0.0,61.19,0.0,0.0,0.0,0.0,122.38,0.0,0.0,0.0,0.0,0.0,0.0
731.0,QUESO RALLADO EN POLVO LAFUENTE 1 KG.,DISTRIBUIDORES,RESTO DISTRIBUIDORES,000757-PENEDES DISTRIBUCION ALIMENTARIA SA,0.0,1680.0,420.0,420.0,420.0,0.0,420.0,0.0,420.0,420.0,420.0,0.0,420.0,420.0,420.0,420.0,420.0,0.0,0.0,0.0,2304.96,2304.96,2304.96,2304.96,0.0,2304.96,0.0,2304.96,2304.96,2304.96,0.0,2304.96,2304.96,2304.96,2304.96,2304.96,0.0,0.0
731.0,QUESO RALLADO EN POLVO LAFUENTE 1 KG.,DISTRIBUIDORES,RESTO DISTRIBUIDORES,000759-LOGI REST S.L.U.,2640.0,0.0,2120.0,0.0,710.0,380.0,870.0,400.0,1170.0,1500.0,680.0,910.0,880.0,1210.0,1010.0,1230.0,850.0,750.0,540.0,12276.0,0.0,9858.0,0.0,3301.5,1767.0,4045.5,1860.0,6435.0,8250.0,3740.0,5005.0,4840.0,6655.0,5555.0,6765.0,4675.0,4125.0,2970.0
731.0,QUESO RALLADO EN POLVO LAFUENTE 1 KG.,DISTRIBUIDORES,RESTO DISTRIBUIDORES,000776-COMERCIAL DIALVA S.A.,0.0,110.0,200.0,0.0,120.0,300.0,0.0,0.0,100.0,100.0,60.0,120.0,0.0,160.0,120.0,120.0,60.0,60.0,0.0,0.0,602.8,1096.0,0.0,657.6,1644.0,0.0,0.0,548.0,548.0,328.8,657.6,0.0,876.8,657.6,657.6,328.8,328.8,0.0
731.0,QUESO RALLADO EN POLVO LAFUENTE 1 KG.,DISTRIBUIDORES,RESTO DISTRIBUIDORES,000789-PALENZUELA DISTRIBUCION 1970 S.L.,0.0,0.0,10.0,0.0,0.0,0.0,0.0,0.0,0.0,0.0,0.0,0.0,0.0,0.0,0.0,0.0,0.0,0.0,0.0,0.0,0.0,61.5,0.0,0.0,0.0,0.0,0.0,0.0,0.0,0.0,0.0,0.0,0.0,0.0,0.0,0.0,0.0,0.0
731.0,QUESO RALLADO EN POLVO LAFUENTE 1 KG.,DISTRIBUIDORES,RESTO DISTRIBUIDORES,000791-CAZALEN S.L. (BLOQ.),0.0,0.0,70.0,0.0,30.0,0.0,0.0,0.0,0.0,0.0,0.0,0.0,0.0,0.0,0.0,0.0,0.0,0.0,0.0,0.0,0.0,403.9,0.0,173.1,0.0,0.0,0.0,0.0,0.0,0.0,0.0,0.0,0.0,0.0,0.0,0.0,0.0,0.0
731.0,QUESO RALLADO EN POLVO LAFUENTE 1 KG.,DISTRIBUIDORES,RESTO DISTRIBUIDORES,000815-GLAC S.A.,40.0,100.0,50.0,430.0,80.0,240.0,340.0,520.0,0.0,80.0,0.0,0.0,100.0,60.0,120.0,480.0,240.0,240.0,420.0,232.0,585.0,288.5,2481.1,461.6,1384.8,1961.8,3000.4,0.0,461.6,0.0,0.0,548.0,328.8,657.6,2630.4,1315.2,1315.2,2301.6
731.0,QUESO RALLADO EN POLVO LAFUENTE 1 KG.,DISTRIBUIDORES,RESTO DISTRIBUIDORES,"000836-DISTRIBUCIONES SERVERA, S.A.",200.0,50.0,420.0,1500.0,450.0,1700.0,1550.0,1750.0,1200.0,500.0,0.0,450.0,100.0,150.0,870.0,1300.0,550.0,1560.0,1380.0,1086.0,274.0,2301.6,8220.0,2466.0,9316.0,8494.0,9590.0,6576.0,2740.0,0.0,2466.0,548.0,822.0,4767.6,7124.0,3014.0,8548.8,7562.4
731.0,QUESO RALLADO EN POLVO LAFUENTE 1 KG.,DISTRIBUIDORES,RESTO DISTRIBUIDORES,"000840-JULIÁN MAIRAL, S.L.U. ( BLOQ)",0.0,0.0,0.0,0.0,0.0,0.0,0.0,0.0,0.0,0.0,0.0,0.0,0.0,0.0,0.0,0.0,0.0,0.0,0.0,0.0,0.0,0.0,0.0,0.0,0.0,0.0,0.0,0.0,0.0,0.0,0.0,0.0,0.0,0.0,0.0,0.0,0.0,0.0
731.0,QUESO RALLADO EN POLVO LAFUENTE 1 KG.,DISTRIBUIDORES,RESTO DISTRIBUIDORES,"000855-CASA BASTIDA, S.L. ( BLOQ )",0.0,0.0,0.0,40.0,0.0,0.0,0.0,0.0,0.0,0.0,0.0,0.0,0.0,0.0,0.0,0.0,0.0,0.0,0.0,0.0,0.0,0.0,219.2,0.0,0.0,0.0,0.0,0.0,0.0,0.0,0.0,0.0,0.0,0.0,0.0,0.0,0.0,0.0
731.0,QUESO RALLADO EN POLVO LAFUENTE 1 KG.,DISTRIBUIDORES,RESTO DISTRIBUIDORES,"000857-COR GELAT, S.L.U. ( BLOQ )",0.0,0.0,0.0,0.0,0.0,70.0,0.0,0.0,0.0,0.0,0.0,0.0,0.0,0.0,0.0,0.0,0.0,0.0,0.0,0.0,0.0,0.0,0.0,0.0,383.6,0.0,0.0,0.0,0.0,0.0,0.0,0.0,0.0,0.0,0.0,0.0,0.0,0.0
731.0,QUESO RALLADO EN POLVO LAFUENTE 1 KG.,DISTRIBUIDORES,RESTO DISTRIBUIDORES,"000858-COVADUL FAST FOOD, S.L.",0.0,0.0,10.0,10.0,0.0,10.0,20.0,0.0,0.0,10.0,0.0,10.0,0.0,0.0,0.0,0.0,0.0,0.0,0.0,0.0,0.0,54.8,54.8,0.0,54.8,109.6,0.0,0.0,54.8,0.0,54.8,0.0,0.0,0.0,0.0,0.0,0.0,0.0
731.0,QUESO RALLADO EN POLVO LAFUENTE 1 KG.,DISTRIBUIDORES,RESTO DISTRIBUIDORES,"000864-RISCALES ALIMENTACIÓN, S.L.",0.0,0.0,0.0,0.0,0.0,0.0,0.0,10.0,0.0,0.0,0.0,0.0,0.0,0.0,0.0,0.0,0.0,0.0,0.0,0.0,0.0,0.0,0.0,0.0,0.0,0.0,61.5,0.0,0.0,0.0,0.0,0.0,0.0,0.0,0.0,0.0,0.0,0.0
731.0,QUESO RALLADO EN POLVO LAFUENTE 1 KG.,DISTRIBUIDORES,RESTO DISTRIBUIDORES,"000865-DISALCON95, S.L.",0.0,0.0,0.0,0.0,0.0,0.0,0.0,0.0,0.0,0.0,0.0,0.0,0.0,0.0,0.0,0.0,0.0,0.0,0.0,0.0,0.0,0.0,0.0,0.0,0.0,0.0,0.0,0.0,0.0,0.0,0.0,0.0,0.0,0.0,0.0,0.0,0.0,0.0
731.0,QUESO RALLADO EN POLVO LAFUENTE 1 KG.,DISTRIBUIDORES,RESTO DISTRIBUIDORES,"000868-CODILEX ALIMENTACIÓN TRADICIONAL, S.L.",0.0,0.0,0.0,0.0,0.0,0.0,0.0,0.0,0.0,10.0,10.0,20.0,10.0,0.0,0.0,0.0,0.0,0.0,0.0,0.0,0.0,0.0,0.0,0.0,0.0,0.0,0.0,0.0,57.7,57.7,115.4,57.7,0.0,0.0,0.0,0.0,0.0,0.0
731.0,QUESO RALLADO EN POLVO LAFUENTE 1 KG.,DISTRIBUIDORES,RESTO DISTRIBUIDORES,000870-COMERCIAL LEÓN ZARAGOZA S.L.,0.0,0.0,0.0,0.0,0.0,0.0,0.0,0.0,0.0,10.0,20.0,0.0,0.0,10.0,0.0,0.0,0.0,0.0,0.0,0.0,0.0,0.0,0.0,0.0,0.0,0.0,0.0,0.0,57.7,115.4,0.0,0.0,57.7,0.0,0.0,0.0,0.0,0.0
731.0,QUESO RALLADO EN POLVO LAFUENTE 1 KG.,DISTRIBUIDORES,RESTO DISTRIBUIDORES,"000922-GRUPO EMPRESARIAL SOS, S.L.",0.0,0.0,0.0,10.0,0.0,0.0,0.0,0.0,0.0,0.0,0.0,0.0,0.0,0.0,0.0,0.0,0.0,0.0,0.0,0.0,0.0,0.0,59.5,0.0,0.0,0.0,0.0,0.0,0.0,0.0,0.0,0.0,0.0,0.0,0.0,0.0,0.0,0.0
731.0,QUESO RALLADO EN POLVO LAFUENTE 1 KG.,DISTRIBUIDORES,RESTO DISTRIBUIDORES,"000943-QUESOS JOMI, S.L. ( BLOQ )",0.0,0.0,0.0,0.0,0.0,0.0,0.0,0.0,0.0,50.0,0.0,0.0,0.0,0.0,0.0,0.0,0.0,0.0,0.0,0.0,0.0,0.0,0.0,0.0,0.0,0.0,0.0,0.0,288.5,0.0,0.0,0.0,0.0,0.0,0.0,0.0,0.0,0.0
731.0,QUESO RALLADO EN POLVO LAFUENTE 1 KG.,DISTRIBUIDORES,RESTO DISTRIBUIDORES,000950-GRUP ALIMENTARI DISTECO S.A,0.0,0.0,0.0,0.0,0.0,0.0,0.0,0.0,0.0,0.0,20.0,10.0,50.0,70.0,0.0,0.0,130.0,0.0,0.0,0.0,0.0,0.0,0.0,0.0,0.0,0.0,0.0,0.0,0.0,109.6,54.8,274.0,383.6,0.0,0.0,712.4,0.0,0.0
731.0,QUESO RALLADO EN POLVO LAFUENTE 1 KG.,DISTRIBUIDORES,RESTO DISTRIBUIDORES,000987-LPA ALIMENTACION S.L.,0.0,0.0,0.0,0.0,0.0,0.0,0.0,0.0,0.0,0.0,0.0,0.0,0.0,0.0,0.0,0.0,0.0,120.0,120.0,0.0,0.0,0.0,0.0,0.0,0.0,0.0,0.0,0.0,0.0,0.0,0.0,0.0,0.0,0.0,0.0,0.0,657.6,657.6
731.0,QUESO RALLADO EN POLVO LAFUENTE 1 KG.,DISTRIBUIDORES,TGT,000580-LOGÍSTICA Y TRANSFORMACIÓN LÁCTEA S.L. ( bloq),0.0,0.0,0.0,0.0,0.0,0.0,0.0,0.0,0.0,0.0,0.0,0.0,0.0,0.0,0.0,0.0,0.0,0.0,0.0,0.0,0.0,0.0,0.0,0.0,0.0,0.0,0.0,0.0,0.0,0.0,0.0,0.0,0.0,0.0,0.0,0.0,0.0,0.0
731.0,QUESO RALLADO EN POLVO LAFUENTE 1 KG.,EXPORT,RESTO EXPORT,"000099-GUERREIRO E PRATA, L.D.A. ( BLOQ )",0.0,0.0,0.0,0.0,0.0,0.0,0.0,0.0,0.0,0.0,0.0,0.0,0.0,0.0,0.0,0.0,0.0,0.0,0.0,0.0,0.0,0.0,0.0,0.0,0.0,0.0,0.0,0.0,0.0,0.0,0.0,0.0,0.0,0.0,0.0,0.0,0.0,0.0
731.0,QUESO RALLADO EN POLVO LAFUENTE 1 KG.,EXPORT,RESTO EXPORT,"000810-OSFAMA - DISTRIBUICAO, IMPORTACAO E EXPORTACAO",0.0,0.0,0.0,0.0,0.0,0.0,0.0,0.0,0.0,0.0,0.0,0.0,0.0,0.0,300.0,0.0,0.0,0.0,0.0,0.0,0.0,0.0,0.0,0.0,0.0,0.0,0.0,0.0,0.0,0.0,0.0,0.0,0.0,1830.0,0.0,0.0,0.0,0.0
731.0,QUESO RALLADO EN POLVO LAFUENTE 1 KG.,EXPORT,RESTO EXPORT,"000842-NUNES & FREITAS, LDA (BLOQ.)",0.0,0.0,0.0,0.0,0.0,0.0,0.0,0.0,0.0,0.0,0.0,0.0,0.0,0.0,0.0,0.0,0.0,0.0,0.0,0.0,0.0,0.0,0.0,0.0,0.0,0.0,0.0,0.0,0.0,0.0,0.0,0.0,0.0,0.0,0.0,0.0,0.0,0.0
731.0,QUESO RALLADO EN POLVO LAFUENTE 1 KG.,EXPORT,RESTO EXPORT,111112-CLIENTES EXPORTACION (PRESUPESTO),0.0,0.0,0.0,0.0,0.0,0.0,0.0,0.0,0.0,0.0,0.0,0.0,0.0,0.0,0.0,0.0,0.0,0.0,0.0,0.0,0.0,0.0,0.0,0.0,0.0,0.0,0.0,0.0,0.0,0.0,0.0,0.0,0.0,0.0,0.0,0.0,0.0,0.0
731.0,QUESO RALLADO EN POLVO LAFUENTE 1 KG.,INDUSTRIALES & FOOD SERVICE,RESTO INDUSTRIALES & FOODSERVICE,"000532-UNUSUAL FOODS, S.L.U.",80.0,0.0,0.0,0.0,0.0,0.0,30.0,0.0,0.0,0.0,20.0,10.0,0.0,30.0,0.0,20.0,30.0,0.0,0.0,404.0,0.0,0.0,0.0,0.0,0.0,151.5,0.0,0.0,0.0,101.0,50.5,0.0,151.5,0.0,101.0,151.5,0.0,0.0
731.0,QUESO RALLADO EN POLVO LAFUENTE 1 KG.,INDUSTRIALES & FOOD SERVICE,RESTO INDUSTRIALES & FOODSERVICE,000708-CASHDIPLO SLU ( bloq),20.0,50.0,90.0,80.0,50.0,20.0,50.0,0.0,0.0,0.0,0.0,0.0,0.0,0.0,0.0,0.0,0.0,0.0,0.0,118.15,299.0,545.7,490.4,306.5,122.6,306.5,0.0,0.0,0.0,0.0,0.0,0.0,0.0,0.0,0.0,0.0,0.0,0.0
731.0,QUESO RALLADO EN POLVO LAFUENTE 1 KG.,INDUSTRIALES & FOOD SERVICE,RESTO INDUSTRIALES & FOODSERVICE,"000828-QUE S LIDER, S.L.",480.0,540.0,840.0,660.0,660.0,960.0,660.0,840.0,720.0,840.0,480.0,1000.0,640.0,700.0,1000.0,920.0,660.0,1140.0,600.0,2546.4,2959.2,4603.2,3616.8,3616.8,5260.8,3616.8,4603.2,3945.6,4603.2,2630.4,5480.0,3507.2,3836.0,5480.0,5041.6,3616.8,6247.2,3288.0
731.0,QUESO RALLADO EN POLVO LAFUENTE 1 KG.,INDUSTRIALES & FOOD SERVICE,RESTO INDUSTRIALES & FOODSERVICE,"000833-HAVI LOGISTIC FSL, S.L. ( BLOQ)",200.0,0.0,0.0,0.0,0.0,0.0,0.0,0.0,0.0,0.0,0.0,0.0,0.0,0.0,0.0,0.0,0.0,0.0,0.0,810.0,0.0,0.0,0.0,0.0,0.0,0.0,0.0,0.0,0.0,0.0,0.0,0.0,0.0,0.0,0.0,0.0,0.0,0.0
731.0,QUESO RALLADO EN POLVO LAFUENTE 1 KG.,INDUSTRIALES & FOOD SERVICE,RESTO INDUSTRIALES & FOODSERVICE,000852-SALSAS ASTURIANAS S.L.,0.0,650.0,650.0,600.0,0.0,580.0,600.0,600.0,0.0,600.0,420.0,300.0,420.0,0.0,600.0,1200.0,0.0,600.0,0.0,0.0,3763.5,3763.5,3474.0,0.0,3358.2,3474.0,3474.0,0.0,3474.0,2431.8,1737.0,2431.8,0.0,3474.0,6948.0,0.0,3474.0,0.0
731.0,QUESO RALLADO EN POLVO LAFUENTE 1 KG.,RETAIL,EUROMADI,"000931-TRANSGOURMET IBÉRICA, SAU",0.0,0.0,0.0,0.0,0.0,0.0,0.0,0.0,0.0,0.0,360.0,240.0,0.0,0.0,0.0,0.0,0.0,0.0,0.0,0.0,0.0,0.0,0.0,0.0,0.0,0.0,0.0,0.0,0.0,1890.0,1260.0,0.0,0.0,0.0,0.0,0.0,0.0,0.0
731.0,QUESO RALLADO EN POLVO LAFUENTE 1 KG.,RETAIL,IFA,000823-HIPER USERA S.L.,230.0,150.0,220.0,120.0,370.0,40.0,220.0,190.0,220.0,230.0,260.0,200.0,210.0,150.0,210.0,120.0,190.0,160.0,170.0,1334.0,870.0,1276.0,696.0,2146.0,232.0,1276.0,1102.0,1276.0,1334.0,1508.0,1160.0,1218.0,870.0,1218.0,696.0,1102.0,928.0,986.0
732.0,PREP. PIZZAFONTE TACOS 2 KG,DISTRIBUIDORES,PROVISIONES SUROESTE,"000879-PROVISIONES SUROESTE, S.L.",300.0,360.0,720.0,240.0,360.0,120.0,420.0,630.0,360.0,180.0,270.0,450.0,270.0,480.0,450.0,480.0,240.0,390.0,450.0,1269.0,1594.8,3189.6,1063.2,1594.8,531.6,1860.6,2790.9,1594.8,797.4,1196.1,1993.5,1196.1,2126.4,1993.5,2126.4,1063.2,1727.7,1993.5
732.0,PREP. PIZZAFONTE TACOS 2 KG,DISTRIBUIDORES,RESTO DISTRIBUIDORES,"000710-SELECCIO REGISA, S.L.",48.0,12.0,12.0,72.0,54.0,60.0,90.0,120.0,66.0,0.0,36.0,36.0,0.0,0.0,36.0,0.0,60.0,60.0,120.0,240.0,60.0,60.0,360.0,270.0,300.0,450.0,600.0,330.0,0.0,180.0,180.0,0.0,0.0,180.0,0.0,300.0,300.0,600.0
732.0,PREP. PIZZAFONTE TACOS 2 KG,DISTRIBUIDORES,RESTO DISTRIBUIDORES,"000836-DISTRIBUCIONES SERVERA, S.A.",150.0,60.0,150.0,0.0,0.0,0.0,0.0,0.0,12.0,0.0,0.0,0.0,0.0,0.0,12.0,6.0,0.0,6.0,0.0,645.0,270.0,675.0,0.0,0.0,0.0,0.0,0.0,54.0,0.0,0.0,0.0,0.0,0.0,54.0,27.0,0.0,27.0,0.0
733.0,PIZZAFONTE PIEZA 1 KG,DISTRIBUIDORES,PROVISIONES SUROESTE,"000879-PROVISIONES SUROESTE, S.L.",18.0,18.0,6.0,6.0,0.0,0.0,0.0,0.0,0.0,288.0,294.0,282.0,0.0,540.0,444.0,0.0,270.0,270.0,0.0,87.44,87.45,29.15,29.15,0.0,0.0,0.0,0.0,0.0,1399.1,1428.25,1369.96,0.0,2623.32,2156.95,0.0,1311.66,1311.66,0.0
733.0,PIZZAFONTE PIEZA 1 KG,DISTRIBUIDORES,RESTO DISTRIBUIDORES,000711-DISTRIBUCIONES J.M. S.A.,6.0,12.0,18.0,0.0,60.0,114.0,18.0,42.0,102.0,66.0,60.0,174.0,0.0,0.0,150.0,0.0,24.0,90.0,90.0,28.2,58.8,88.2,0.0,294.0,558.6,88.2,205.8,499.8,323.4,294.0,852.6,0.0,0.0,735.0,0.0,117.6,441.0,441.0
733.0,PIZZAFONTE PIEZA 1 KG,DISTRIBUIDORES,RESTO DISTRIBUIDORES,000776-COMERCIAL DIALVA S.A.,90.0,150.0,72.0,90.0,120.0,0.0,72.0,60.0,90.0,0.0,18.0,30.0,30.0,0.0,72.0,0.0,72.0,90.0,90.0,423.0,735.0,352.8,441.0,588.0,0.0,352.8,294.0,441.0,0.0,88.2,147.0,147.0,0.0,352.8,0.0,352.8,441.0,441.0
733.0,PIZZAFONTE PIEZA 1 KG,DISTRIBUIDORES,TGT,000580-LOGÍSTICA Y TRANSFORMACIÓN LÁCTEA S.L. ( bloq),0.0,0.0,0.0,0.0,0.0,0.0,0.0,0.0,0.0,0.0,0.0,0.0,0.0,0.0,0.0,0.0,0.0,0.0,0.0,0.0,0.0,0.0,0.0,0.0,0.0,0.0,0.0,0.0,0.0,0.0,0.0,0.0,0.0,0.0,0.0,0.0,0.0,0.0
7330.0,"MOZZARELLA  PIZZADONNA 2,3 KG. (2 BARRAS)",DISTRIBUIDORES,PROVISIONES SUROESTE,"000879-PROVISIONES SUROESTE, S.L.",59.8,55.2,0.0,59.8,92.0,23.0,105.8,46.0,13.8,0.0,73.6,165.6,9.2,9.2,41.4,147.2,294.4,220.8,92.0,418.6,386.4,0.0,418.6,644.0,161.0,740.6,322.0,96.6,0.0,515.2,1159.2,64.4,64.4,289.8,1030.4,2060.8,1545.6,644.0
7330.0,"MOZZARELLA  PIZZADONNA 2,3 KG. (2 BARRAS)",DISTRIBUIDORES,RESTO DISTRIBUIDORES,000589-CONVENIENCE FOOD S.L.U.,23.0,69.0,23.0,138.0,0.0,0.0,55.2,27.6,41.4,32.2,46.0,23.0,50.6,41.4,27.6,36.8,59.8,46.0,46.0,159.28,477.83,159.28,955.67,0.0,0.0,382.26,191.13,286.7,222.99,318.56,159.28,350.41,286.68,191.12,254.84,414.12,318.56,318.55
7330.0,"MOZZARELLA  PIZZADONNA 2,3 KG. (2 BARRAS)",DISTRIBUIDORES,RESTO DISTRIBUIDORES,"000643-ORTHIDAL, S.L.",0.0,0.0,460.0,0.0,0.0,0.0,0.0,0.0,0.0,0.0,0.0,0.0,0.0,0.0,0.0,0.0,0.0,0.0,0.0,0.0,0.0,3197.0,0.0,0.0,0.0,0.0,0.0,0.0,0.0,0.0,0.0,0.0,0.0,0.0,0.0,0.0,0.0,0.0
7330.0,"MOZZARELLA  PIZZADONNA 2,3 KG. (2 BARRAS)",DISTRIBUIDORES,RESTO DISTRIBUIDORES,000655-EXCLUSIVAS OMEÑACA SL,0.0,0.0,0.0,0.0,0.0,0.0,0.0,0.0,0.0,4.6,0.0,0.0,0.0,0.0,0.0,0.0,0.0,0.0,0.0,0.0,0.0,0.0,0.0,0.0,0.0,0.0,0.0,0.0,34.04,0.0,0.0,0.0,0.0,0.0,0.0,0.0,0.0,0.0
7330.0,"MOZZARELLA  PIZZADONNA 2,3 KG. (2 BARRAS)",DISTRIBUIDORES,RESTO DISTRIBUIDORES,000679-SPANISH CHEESE S.L.U.,0.0,46.0,0.0,0.0,0.0,0.0,0.0,0.0,0.0,0.0,0.0,0.0,0.0,0.0,0.0,0.0,0.0,0.0,0.0,0.0,324.99,0.0,0.0,0.0,0.0,0.0,0.0,0.0,0.0,0.0,0.0,0.0,0.0,0.0,0.0,0.0,0.0,0.0
7330.0,"MOZZARELLA  PIZZADONNA 2,3 KG. (2 BARRAS)",DISTRIBUIDORES,RESTO DISTRIBUIDORES,000728-SAN LAMBERTO 2000 SL,55.2,9.2,36.8,46.0,23.0,78.2,18.4,27.6,64.4,46.0,18.4,9.2,27.6,27.6,46.0,50.6,27.6,73.6,0.0,411.24,68.54,274.16,342.7,171.35,582.59,137.08,205.62,479.78,342.7,137.08,68.54,205.62,205.62,342.7,376.97,205.62,548.32,0.0
7330.0,"MOZZARELLA  PIZZADONNA 2,3 KG. (2 BARRAS)",DISTRIBUIDORES,RESTO DISTRIBUIDORES,000790-PALENZUELA LOGISTICA S.L.,0.0,0.0,0.0,0.0,0.0,55.2,0.0,9.2,23.0,0.0,0.0,0.0,0.0,0.0,0.0,0.0,0.0,0.0,0.0,0.0,0.0,0.0,0.0,0.0,408.48,0.0,68.08,170.2,0.0,0.0,0.0,0.0,0.0,0.0,0.0,0.0,0.0,0.0
7330.0,"MOZZARELLA  PIZZADONNA 2,3 KG. (2 BARRAS)",DISTRIBUIDORES,RESTO DISTRIBUIDORES,"000858-COVADUL FAST FOOD, S.L.",119.6,142.6,174.8,437.0,27.6,308.2,234.6,395.6,303.6,211.6,138.0,381.8,101.2,147.2,294.4,220.8,294.4,147.2,73.6,831.22,991.07,1214.86,3037.15,191.82,2141.99,1630.47,2749.42,2110.02,1470.62,959.1,2653.51,703.34,1023.04,2046.08,1534.56,2046.08,1023.04,511.52
7330.0,"MOZZARELLA  PIZZADONNA 2,3 KG. (2 BARRAS)",DISTRIBUIDORES,RESTO DISTRIBUIDORES,000950-GRUP ALIMENTARI DISTECO S.A,0.0,0.0,0.0,0.0,0.0,0.0,0.0,0.0,0.0,0.0,18.4,0.0,69.0,105.8,36.8,23.0,87.4,0.0,73.6,0.0,0.0,0.0,0.0,0.0,0.0,0.0,0.0,0.0,0.0,127.88,0.0,479.55,735.31,255.76,159.85,607.43,0.0,511.52
7330.0,"MOZZARELLA  PIZZADONNA 2,3 KG. (2 BARRAS)",DISTRIBUIDORES,TGT,000580-LOGÍSTICA Y TRANSFORMACIÓN LÁCTEA S.L. ( bloq),0.0,1.0,0.0,0.0,0.0,0.0,0.0,0.0,0.0,0.0,0.0,0.0,0.0,0.0,0.0,0.0,0.0,0.0,0.0,0.0,0.0,0.0,0.0,0.0,0.0,0.0,0.0,0.0,0.0,0.0,0.0,0.0,0.0,0.0,0.0,0.0,0.0,0.0
7330.0,"MOZZARELLA  PIZZADONNA 2,3 KG. (2 BARRAS)",INDUSTRIALES & FOOD SERVICE,RESTO INDUSTRIALES & FOODSERVICE,000877-CARNICAS SERRANO S.L.,0.0,0.0,202.4,0.0,0.0,0.0,0.0,0.0,0.0,0.0,0.0,0.0,0.0,0.0,0.0,0.0,0.0,0.0,0.0,0.0,0.0,1234.64,0.0,0.0,0.0,0.0,0.0,0.0,0.0,0.0,0.0,0.0,0.0,0.0,0.0,0.0,0.0,0.0
7330.0,"MOZZARELLA  PIZZADONNA 2,3 KG. (2 BARRAS)",RETAIL,IFA,000823-HIPER USERA S.L.,138.0,225.4,335.8,197.8,363.4,151.8,340.4,211.6,207.0,257.6,253.0,266.8,151.8,165.6,345.0,239.2,271.4,230.0,184.0,959.1,1055.09,2333.81,1374.71,2525.63,1055.01,2365.78,1470.62,1438.65,1790.32,1758.35,1854.26,1055.01,1150.92,2397.75,1662.44,1886.23,1598.5,1278.8
736.0,PREP. BARRA HOSTELERIA 3 KG.,DISTRIBUIDORES,PROVISIONES SUROESTE,"000879-PROVISIONES SUROESTE, S.L.",1488.0,5328.0,5520.0,1872.0,3672.0,4392.0,4320.0,4128.0,4320.0,3456.0,4320.0,4608.0,864.0,2592.0,6984.0,4464.0,1800.0,4428.0,6192.0,5306.4,19447.2,20148.0,6832.8,13402.8,16030.8,15768.0,15067.2,15768.0,12614.4,15768.0,16819.2,3153.6,9460.8,25491.6,16293.6,6570.0,16162.2,22600.8
736.0,PREP. BARRA HOSTELERIA 3 KG.,DISTRIBUIDORES,RESTO DISTRIBUIDORES,000681-DISTRIBUCIONES DEL VALLES S.L. (BLOQ.),48.0,0.0,24.0,36.0,0.0,24.0,0.0,0.0,0.0,0.0,0.0,0.0,0.0,0.0,0.0,0.0,0.0,0.0,0.0,178.56,0.0,94.08,141.12,0.0,94.08,0.0,0.0,0.0,0.0,0.0,0.0,0.0,0.0,0.0,0.0,0.0,0.0,0.0
736.0,PREP. BARRA HOSTELERIA 3 KG.,DISTRIBUIDORES,RESTO DISTRIBUIDORES,"000763-BENIBALDO, S.A.U. (BLOQ.)",0.0,0.0,0.0,96.0,120.0,120.0,48.0,84.0,60.0,24.0,132.0,72.0,72.0,72.0,0.0,0.0,72.0,0.0,0.0,0.0,0.0,0.0,376.32,470.4,470.4,188.16,329.28,235.2,94.08,517.44,282.24,282.24,282.24,0.0,0.0,282.24,0.0,0.0
736.0,PREP. BARRA HOSTELERIA 3 KG.,DISTRIBUIDORES,RESTO DISTRIBUIDORES,000826-IVAN DIEZ GARCIA (BLOQ.),24.0,24.0,84.0,0.0,60.0,0.0,0.0,0.0,0.0,0.0,0.0,0.0,0.0,0.0,0.0,0.0,0.0,0.0,0.0,97.2,102.0,357.0,0.0,255.0,0.0,0.0,0.0,0.0,0.0,0.0,0.0,0.0,0.0,0.0,0.0,0.0,0.0,0.0
736.0,PREP. BARRA HOSTELERIA 3 KG.,DISTRIBUIDORES,RESTO DISTRIBUIDORES,"000854-EL CONCHEL D´GUSTO, S.L.U. (BLOQ.)",60.0,96.0,0.0,0.0,0.0,0.0,0.0,0.0,0.0,0.0,0.0,0.0,0.0,0.0,0.0,0.0,0.0,0.0,0.0,230.4,376.32,0.0,0.0,0.0,0.0,0.0,0.0,0.0,0.0,0.0,0.0,0.0,0.0,0.0,0.0,0.0,0.0,0.0
736.0,PREP. BARRA HOSTELERIA 3 KG.,DISTRIBUIDORES,RESTO DISTRIBUIDORES,"000858-COVADUL FAST FOOD, S.L.",0.0,0.0,0.0,0.0,0.0,72.0,24.0,60.0,24.0,48.0,96.0,48.0,0.0,0.0,216.0,0.0,216.0,0.0,0.0,0.0,0.0,0.0,0.0,0.0,262.8,87.6,219.0,87.6,175.2,350.4,175.2,0.0,0.0,788.4,0.0,788.4,0.0,0.0
736.0,PREP. BARRA HOSTELERIA 3 KG.,DISTRIBUIDORES,TGT,000580-LOGÍSTICA Y TRANSFORMACIÓN LÁCTEA S.L. ( bloq),0.0,0.0,0.0,0.0,0.0,0.0,0.0,0.0,0.0,0.0,0.0,0.0,0.0,0.0,0.0,0.0,0.0,0.0,0.0,0.0,0.0,0.0,0.0,0.0,0.0,0.0,0.0,0.0,0.0,0.0,0.0,0.0,0.0,0.0,0.0,0.0,0.0,0.0
7370.0,LONCHAS GOUDA 200 G.,RESTO QUESERÍA,RESTO QUESERÍA,000634-QUESERIA LAFUENTE S.A.U.,0.0,0.0,0.0,0.0,0.0,0.0,0.0,0.0,0.0,0.0,0.0,0.0,0.0,0.0,0.0,0.0,0.0,0.0,0.0,0.0,0.0,0.0,0.0,0.0,0.0,0.0,0.0,0.0,0.0,0.0,0.0,0.0,0.0,0.0,0.0,0.0,0.0,0.0
7379.0,"QUESO OIZ 1,8 Kg.",INDUSTRIALES & FOOD SERVICE,RESTO INDUSTRIALES & FOODSERVICE,"000106-FRIOS OIZ, S.L.",2032.58,1022.27,2043.54,1026.27,2047.04,2037.04,1019.77,2052.54,1015.27,2032.04,1016.27,2041.04,1022.27,2028.58,1030.77,2045.04,2014.52,1015.27,1017.77,9654.75,4855.78,9706.82,4874.78,9723.44,9675.94,4843.91,9749.56,4822.53,9652.19,4827.28,9694.94,4855.78,9635.75,4896.16,9713.94,9568.97,4822.53,4834.41
7405.0,MZ.CHEDDAR-PIZZAFONTE-SAMSOE 1 KG.,CASH & CARRY,MAKRO,000621-MAKRO DISTRIBUCIÓN MAYORISTA SA,1595.0,1375.0,1185.0,1895.0,1425.0,1535.0,1865.0,1750.0,1530.0,965.0,880.0,1020.0,1200.0,1065.0,1660.0,1285.0,1080.0,1440.0,1335.0,13586.21,11712.25,10093.83,16141.61,12138.15,13075.13,15886.07,14906.5,13032.54,8219.87,7495.84,8688.36,10221.6,9071.67,14139.88,10945.63,8986.49,12265.92,11371.53
7405.0,MZ.CHEDDAR-PIZZAFONTE-SAMSOE 1 KG.,DISTRIBUIDORES,PROVISIONES SUROESTE,"000879-PROVISIONES SUROESTE, S.L.",600.0,2150.0,1700.0,2200.0,1800.0,2300.0,1600.0,2850.0,1550.0,600.0,1500.0,1750.0,2100.0,1800.0,2600.0,2200.0,1800.0,2100.0,3220.0,4012.0,14770.5,11679.0,15114.0,12366.0,15801.0,10992.0,19579.5,10648.5,4122.0,10305.0,12022.5,13902.0,11736.0,16952.0,14344.0,11736.0,13692.0,20994.4
7405.0,MZ.CHEDDAR-PIZZAFONTE-SAMSOE 1 KG.,DISTRIBUIDORES,RESTO DISTRIBUIDORES,000338-GONZALO ALONSO CRUZ (BLOQ.),35.0,35.0,25.0,10.0,50.0,50.0,100.0,0.0,50.0,0.0,50.0,25.0,0.0,25.0,15.0,25.0,50.0,0.0,0.0,257.25,257.25,183.75,73.5,367.5,367.5,735.0,0.0,367.5,0.0,367.5,183.75,0.0,199.5,119.7,199.5,399.0,0.0,0.0
7405.0,MZ.CHEDDAR-PIZZAFONTE-SAMSOE 1 KG.,DISTRIBUIDORES,RESTO DISTRIBUIDORES,000651-COMERGRAN S.L.,150.0,0.0,100.0,150.0,75.0,200.0,150.0,125.0,100.0,100.0,100.0,100.0,125.0,100.0,150.0,100.0,125.0,50.0,100.0,1042.5,0.0,687.0,1030.5,515.25,1374.0,1030.5,858.75,515.25,687.0,687.0,687.0,823.75,652.0,978.0,652.0,815.0,326.0,652.0
7405.0,MZ.CHEDDAR-PIZZAFONTE-SAMSOE 1 KG.,DISTRIBUIDORES,RESTO DISTRIBUIDORES,000667-MENA ALIMENTARIA S.L.,25.0,0.0,20.0,0.0,0.0,15.0,0.0,10.0,5.0,10.0,20.0,10.0,15.0,25.0,0.0,20.0,0.0,0.0,0.0,178.75,0.0,143.0,0.0,0.0,107.25,0.0,71.5,35.75,71.5,143.0,71.5,102.0,170.0,0.0,136.0,0.0,0.0,0.0
7405.0,MZ.CHEDDAR-PIZZAFONTE-SAMSOE 1 KG.,DISTRIBUIDORES,RESTO DISTRIBUIDORES,000676-EXCLUSIVAS ALIMENTARIAS 1998 S.L. (BLOQ.),125.0,100.0,300.0,50.0,150.0,125.0,450.0,150.0,355.0,50.0,0.0,150.0,100.0,0.0,0.0,0.0,0.0,0.0,0.0,933.75,755.0,2145.0,357.5,1072.5,893.75,3217.5,1072.5,2538.25,385.5,0.0,1156.5,750.0,0.0,0.0,0.0,0.0,0.0,0.0
7405.0,MZ.CHEDDAR-PIZZAFONTE-SAMSOE 1 KG.,DISTRIBUIDORES,RESTO DISTRIBUIDORES,000711-DISTRIBUCIONES J.M. S.A.,60.0,50.0,40.0,105.0,75.0,55.0,100.0,75.0,100.0,25.0,70.0,55.0,35.0,25.0,75.0,0.0,100.0,0.0,50.0,401.6,343.0,274.4,720.3,514.5,377.3,686.0,514.5,686.0,171.5,480.2,377.3,227.85,162.75,488.25,0.0,651.0,0.0,325.5
7405.0,MZ.CHEDDAR-PIZZAFONTE-SAMSOE 1 KG.,DISTRIBUIDORES,RESTO DISTRIBUIDORES,000751-PLACOR 2006 S.L.,0.0,0.0,0.0,25.0,45.0,45.0,0.0,0.0,50.0,0.0,0.0,10.0,50.0,0.0,0.0,0.0,0.0,0.0,0.0,0.0,0.0,0.0,175.37,315.66,315.66,0.0,0.0,350.74,0.0,0.0,70.15,333.32,0.0,0.0,0.0,0.0,0.0,0.0
7405.0,MZ.CHEDDAR-PIZZAFONTE-SAMSOE 1 KG.,DISTRIBUIDORES,RESTO DISTRIBUIDORES,000758-JOSE A. JIMÉNEZ CARRIÓN (BLOQ.),0.0,10.0,0.0,40.0,0.0,75.0,0.0,0.0,0.0,0.0,0.0,0.0,0.0,0.0,0.0,0.0,0.0,0.0,0.0,0.0,75.5,0.0,302.0,0.0,566.25,0.0,0.0,0.0,0.0,0.0,0.0,0.0,0.0,0.0,0.0,0.0,0.0,0.0
7405.0,MZ.CHEDDAR-PIZZAFONTE-SAMSOE 1 KG.,DISTRIBUIDORES,RESTO DISTRIBUIDORES,000776-COMERCIAL DIALVA S.A.,0.0,70.0,70.0,50.0,0.0,140.0,0.0,50.0,100.0,0.0,30.0,50.0,25.0,50.0,110.0,0.0,50.0,0.0,50.0,0.0,480.2,480.2,343.0,0.0,960.4,0.0,343.0,686.0,0.0,205.8,343.0,171.5,325.5,716.1,0.0,325.5,0.0,325.5
7405.0,MZ.CHEDDAR-PIZZAFONTE-SAMSOE 1 KG.,DISTRIBUIDORES,RESTO DISTRIBUIDORES,000789-PALENZUELA DISTRIBUCION 1970 S.L.,0.0,0.0,0.0,0.0,5.0,0.0,0.0,0.0,0.0,0.0,0.0,0.0,0.0,0.0,0.0,0.0,0.0,0.0,0.0,0.0,0.0,0.0,0.0,37.75,0.0,0.0,0.0,0.0,0.0,0.0,0.0,0.0,0.0,0.0,0.0,0.0,0.0,0.0
7405.0,MZ.CHEDDAR-PIZZAFONTE-SAMSOE 1 KG.,DISTRIBUIDORES,RESTO DISTRIBUIDORES,000826-IVAN DIEZ GARCIA (BLOQ.),10.0,15.0,15.0,15.0,10.0,0.0,0.0,0.0,0.0,0.0,0.0,0.0,0.0,0.0,0.0,0.0,0.0,0.0,0.0,73.5,113.25,113.25,113.25,75.5,0.0,0.0,0.0,0.0,0.0,0.0,0.0,0.0,0.0,0.0,0.0,0.0,0.0,0.0
7405.0,MZ.CHEDDAR-PIZZAFONTE-SAMSOE 1 KG.,DISTRIBUIDORES,RESTO DISTRIBUIDORES,"000858-COVADUL FAST FOOD, S.L.",0.0,0.0,0.0,0.0,0.0,20.0,15.0,10.0,20.0,0.0,0.0,10.0,5.0,5.0,0.0,0.0,0.0,0.0,0.0,0.0,0.0,0.0,0.0,0.0,137.2,102.9,68.6,137.2,0.0,0.0,68.6,32.55,32.55,0.0,0.0,0.0,0.0,0.0
7405.0,MZ.CHEDDAR-PIZZAFONTE-SAMSOE 1 KG.,DISTRIBUIDORES,RESTO DISTRIBUIDORES,"000864-RISCALES ALIMENTACIÓN, S.L.",25.0,10.0,5.0,25.0,40.0,10.0,30.0,25.0,40.0,10.0,25.0,85.0,15.0,40.0,50.0,25.0,50.0,0.0,50.0,173.75,71.5,35.75,178.75,286.0,71.5,214.5,178.75,286.0,71.5,178.75,591.8,97.65,260.4,325.5,162.75,325.5,0.0,325.5
7405.0,MZ.CHEDDAR-PIZZAFONTE-SAMSOE 1 KG.,DISTRIBUIDORES,RESTO DISTRIBUIDORES,000870-COMERCIAL LEÓN ZARAGOZA S.L.,0.0,0.0,5.0,0.0,0.0,0.0,0.0,0.0,0.0,0.0,0.0,0.0,0.0,0.0,0.0,0.0,0.0,0.0,0.0,0.0,0.0,35.75,0.0,0.0,0.0,0.0,0.0,0.0,0.0,0.0,0.0,0.0,0.0,0.0,0.0,0.0,0.0,0.0
7405.0,MZ.CHEDDAR-PIZZAFONTE-SAMSOE 1 KG.,DISTRIBUIDORES,RESTO DISTRIBUIDORES,"000932-CEDIPAS, S.L. (BLOQ.)",0.0,0.0,0.0,0.0,0.0,15.0,0.0,0.0,15.0,0.0,0.0,0.0,0.0,0.0,0.0,0.0,0.0,0.0,0.0,0.0,0.0,0.0,0.0,0.0,110.25,0.0,0.0,110.25,0.0,0.0,0.0,0.0,0.0,0.0,0.0,0.0,0.0,0.0
7405.0,MZ.CHEDDAR-PIZZAFONTE-SAMSOE 1 KG.,DISTRIBUIDORES,TGT,000580-LOGÍSTICA Y TRANSFORMACIÓN LÁCTEA S.L. ( bloq),0.0,0.0,0.0,0.0,0.0,0.0,0.0,0.0,0.0,0.0,0.0,0.0,0.0,0.0,0.0,0.0,0.0,0.0,0.0,0.0,0.0,0.0,0.0,0.0,0.0,0.0,0.0,0.0,0.0,0.0,0.0,0.0,0.0,0.0,0.0,0.0,0.0,0.0
7405.0,MZ.CHEDDAR-PIZZAFONTE-SAMSOE 1 KG.,INDUSTRIALES & FOOD SERVICE,RESTO INDUSTRIALES & FOODSERVICE,"000497-CONWAY-THE CONVENIENCE COMPANY, S.A.",3000.0,2800.0,2400.0,1865.0,2535.0,1200.0,1600.0,1200.0,1600.0,1800.0,1600.0,0.0,0.0,0.0,0.0,0.0,0.0,0.0,0.0,18900.0,17640.0,15120.0,11749.5,15970.5,7560.0,10080.0,7560.0,10080.0,11340.0,10080.0,0.0,0.0,0.0,0.0,0.0,0.0,0.0,0.0
7405.0,MZ.CHEDDAR-PIZZAFONTE-SAMSOE 1 KG.,INDUSTRIALES & FOOD SERVICE,RESTO INDUSTRIALES & FOODSERVICE,000860-Mª DEL CARMEN LARA PRADOS (BLOQ.),0.0,0.0,5.0,0.0,0.0,0.0,0.0,0.0,0.0,0.0,0.0,0.0,0.0,0.0,0.0,0.0,0.0,0.0,0.0,0.0,0.0,33.3,0.0,0.0,0.0,0.0,0.0,0.0,0.0,0.0,0.0,0.0,0.0,0.0,0.0,0.0,0.0,0.0
7405.0,MZ.CHEDDAR-PIZZAFONTE-SAMSOE 1 KG.,INDUSTRIALES & FOOD SERVICE,RESTO INDUSTRIALES & FOODSERVICE,"000954-CONWAY-THE CONVENIENCE COMPANY, S.A.",0.0,0.0,0.0,0.0,0.0,0.0,0.0,0.0,0.0,0.0,0.0,2400.0,1600.0,1200.0,1200.0,400.0,900.0,650.0,1150.0,0.0,0.0,0.0,0.0,0.0,0.0,0.0,0.0,0.0,0.0,0.0,15120.0,10080.0,7560.0,7560.0,2520.0,5670.0,4095.0,7245.0
7458.0,MOZZ. FRESCA BOCCONCINO 2 BOTES.,CASH & CARRY,MAKRO,000621-MAKRO DISTRIBUCIÓN MAYORISTA SA,1890.0,2132.0,2084.0,3042.0,2990.0,2884.0,3810.0,3682.0,3220.0,3416.0,1866.0,2546.0,2152.0,2052.0,3098.0,3172.0,3270.0,3476.0,3618.0,15278.75,17235.08,16847.04,24591.53,24171.17,23314.27,30800.05,29765.28,26030.49,27614.94,15041.59,19964.48,17304.13,16588.86,25044.22,25642.46,26434.69,28100.0,29247.91
7458.0,MOZZ. FRESCA BOCCONCINO 2 BOTES.,DISTRIBUIDORES,PROVISIONES SUROESTE,"000879-PROVISIONES SUROESTE, S.L.",0.0,10.0,0.0,0.0,0.0,0.0,0.0,0.0,0.0,0.0,0.0,0.0,0.0,0.0,0.0,0.0,0.0,0.0,0.0,0.0,69.0,0.0,0.0,0.0,0.0,0.0,0.0,0.0,0.0,0.0,0.0,0.0,0.0,0.0,0.0,0.0,0.0,0.0
7458.0,MOZZ. FRESCA BOCCONCINO 2 BOTES.,DISTRIBUIDORES,RESTO DISTRIBUIDORES,"000038-LÁCTEOS MENDI, S.L.",0.0,0.0,0.0,0.0,60.0,150.0,150.0,170.0,80.0,138.0,140.0,92.0,130.0,110.0,142.0,110.0,120.0,160.0,140.0,0.0,0.0,0.0,0.0,414.0,1035.0,1035.0,1173.0,552.0,952.2,966.0,634.8,922.0,786.5,1015.3,786.5,858.0,1144.0,1001.0
7458.0,MOZZ. FRESCA BOCCONCINO 2 BOTES.,DISTRIBUIDORES,RESTO DISTRIBUIDORES,"000675-CORPORACIÓN LÁCTEA DEL NORTE, S.L.",0.0,0.0,4.0,0.0,4.0,0.0,0.0,6.0,0.0,0.0,0.0,0.0,0.0,0.0,0.0,0.0,0.0,0.0,10.0,0.0,0.0,27.4,0.0,27.4,0.0,0.0,41.1,0.0,0.0,0.0,0.0,0.0,0.0,0.0,0.0,0.0,0.0,71.0
7458.0,MOZZ. FRESCA BOCCONCINO 2 BOTES.,DISTRIBUIDORES,RESTO DISTRIBUIDORES,000776-COMERCIAL DIALVA S.A.,0.0,0.0,0.0,0.0,0.0,0.0,0.0,0.0,0.0,0.0,0.0,0.0,0.0,0.0,0.0,0.0,0.0,0.0,0.0,0.0,0.0,0.0,0.0,0.0,0.0,0.0,0.0,0.0,0.0,0.0,0.0,0.0,0.0,0.0,0.0,0.0,0.0,0.0
7458.0,MOZZ. FRESCA BOCCONCINO 2 BOTES.,DISTRIBUIDORES,RESTO DISTRIBUIDORES,"000854-EL CONCHEL D´GUSTO, S.L.U. (BLOQ.)",0.0,0.0,0.0,0.0,0.0,0.0,0.0,0.0,0.0,0.0,0.0,0.0,0.0,0.0,0.0,0.0,0.0,0.0,0.0,0.0,0.0,0.0,0.0,0.0,0.0,0.0,0.0,0.0,0.0,0.0,0.0,0.0,0.0,0.0,0.0,0.0,0.0,0.0
7458.0,MOZZ. FRESCA BOCCONCINO 2 BOTES.,DISTRIBUIDORES,TGT,000580-LOGÍSTICA Y TRANSFORMACIÓN LÁCTEA S.L. ( bloq),270.0,0.0,0.0,0.0,0.0,0.0,0.0,0.0,0.0,0.0,0.0,0.0,0.0,0.0,0.0,0.0,0.0,0.0,0.0,1925.1,0.0,0.0,0.0,0.0,0.0,0.0,0.0,0.0,0.0,0.0,0.0,0.0,0.0,0.0,0.0,0.0,0.0,0.0
7521.0,LONCHAS AMERICAN STYLE BURGER CON CHEDDAR 1 KG,CASH & CARRY,MAKRO,000621-MAKRO DISTRIBUCIÓN MAYORISTA SA,0.0,0.0,0.0,0.0,64.0,592.0,656.0,840.0,728.0,728.0,520.0,664.0,504.0,488.0,656.0,824.0,808.0,704.0,1104.0,0.0,0.0,0.0,0.0,485.63,4492.1,4977.72,6373.93,5524.07,5524.08,3945.76,5038.43,3824.37,3702.94,4977.73,6252.53,6131.1,5341.95,8377.16
7521.0,LONCHAS AMERICAN STYLE BURGER CON CHEDDAR 1 KG,CASH & CARRY,MAKRO,000645-MAKRO CASH & CARRY PORTUGAL S.A.,920.0,1032.0,1184.0,1168.0,1248.0,2176.0,1720.0,1968.0,1768.0,1216.0,1120.0,1272.0,1048.0,992.0,1080.0,1536.0,1592.0,2208.0,3408.0,7415.2,8317.92,9543.04,9414.08,10058.88,17538.56,13863.2,15862.08,14250.08,9800.96,9027.2,10252.32,8446.88,7995.52,8704.8,12380.16,11254.99,17796.48,26936.08
7521.0,LONCHAS AMERICAN STYLE BURGER CON CHEDDAR 1 KG,CASH & CARRY,OTROS CASH & CARRY,"000931-TRANSGOURMET IBÉRICA, SAU",0.0,0.0,0.0,0.0,0.0,0.0,0.0,1440.0,144.0,288.0,0.0,0.0,0.0,0.0,0.0,0.0,0.0,0.0,0.0,0.0,0.0,0.0,0.0,0.0,0.0,0.0,10296.0,1029.6,2059.2,0.0,0.0,0.0,0.0,0.0,0.0,0.0,0.0,0.0
7521.0,LONCHAS AMERICAN STYLE BURGER CON CHEDDAR 1 KG,DISTRIBUIDORES,PROVISIONES SUROESTE,"000879-PROVISIONES SUROESTE, S.L.",480.0,528.0,1008.0,2448.0,768.0,672.0,960.0,1104.0,1728.0,480.0,1008.0,624.0,1152.0,1104.0,1752.0,2080.0,800.0,1152.0,2336.0,3139.2,3516.48,6713.28,16793.28,5268.48,4609.92,6585.6,7573.44,11854.08,3292.8,6914.88,4280.64,7902.72,7573.44,12018.72,14268.8,5488.0,7902.72,16024.96
7521.0,LONCHAS AMERICAN STYLE BURGER CON CHEDDAR 1 KG,DISTRIBUIDORES,RESTO DISTRIBUIDORES,"000038-LÁCTEOS MENDI, S.L.",0.0,0.0,0.0,0.0,0.0,0.0,0.0,0.0,40.0,0.0,0.0,0.0,0.0,0.0,0.0,0.0,0.0,0.0,0.0,0.0,0.0,0.0,0.0,0.0,0.0,0.0,0.0,306.0,0.0,0.0,0.0,0.0,0.0,0.0,0.0,0.0,0.0,0.0
7521.0,LONCHAS AMERICAN STYLE BURGER CON CHEDDAR 1 KG,DISTRIBUIDORES,RESTO DISTRIBUIDORES,"000643-ORTHIDAL, S.L.",56.0,120.0,120.0,32.0,40.0,32.0,40.0,24.0,8.0,16.0,24.0,16.0,8.0,16.0,8.0,0.0,0.0,0.0,24.0,403.43,894.0,894.0,244.8,306.0,244.8,306.0,183.6,61.2,122.4,183.6,122.4,61.2,126.08,62.64,0.0,0.0,0.0,189.12
7521.0,LONCHAS AMERICAN STYLE BURGER CON CHEDDAR 1 KG,DISTRIBUIDORES,RESTO DISTRIBUIDORES,"000646-EL ESPEJO HOSTELERO, S.A.",40.0,24.0,72.0,80.0,72.0,72.0,88.0,80.0,64.0,104.0,72.0,96.0,48.0,96.0,48.0,48.0,48.0,96.0,48.0,304.4,192.24,576.72,656.8,591.12,591.12,722.48,656.8,525.44,845.44,576.0,788.16,394.08,788.16,394.08,394.08,394.08,788.16,394.08
7521.0,LONCHAS AMERICAN STYLE BURGER CON CHEDDAR 1 KG,DISTRIBUIDORES,RESTO DISTRIBUIDORES,000651-COMERGRAN S.L.,0.0,0.0,0.0,0.0,0.0,0.0,0.0,0.0,0.0,0.0,0.0,32.0,32.0,32.0,64.0,16.0,32.0,48.0,0.0,0.0,0.0,0.0,0.0,0.0,0.0,0.0,0.0,0.0,0.0,0.0,219.52,219.52,219.52,439.04,109.76,219.52,329.28,0.0
7521.0,LONCHAS AMERICAN STYLE BURGER CON CHEDDAR 1 KG,DISTRIBUIDORES,RESTO DISTRIBUIDORES,000664-CARLOS ALBERTO LUIS CEJUDO,16.0,24.0,32.0,24.0,40.0,24.0,24.0,64.0,0.0,24.0,24.0,8.0,24.0,48.0,0.0,48.0,0.0,48.0,48.0,120.64,185.76,247.68,190.56,317.6,190.56,190.56,508.16,0.0,190.56,190.56,63.52,190.56,381.12,0.0,381.12,0.0,381.12,381.12
7521.0,LONCHAS AMERICAN STYLE BURGER CON CHEDDAR 1 KG,DISTRIBUIDORES,RESTO DISTRIBUIDORES,000751-PLACOR 2006 S.L.,48.0,48.0,48.0,0.0,72.0,64.0,96.0,96.0,0.0,0.0,0.0,64.0,48.0,0.0,0.0,96.0,0.0,48.0,64.0,378.74,388.29,388.29,0.0,596.76,530.45,795.68,795.68,0.0,0.0,0.0,530.45,397.84,0.0,0.0,795.68,0.0,397.84,530.45
7521.0,LONCHAS AMERICAN STYLE BURGER CON CHEDDAR 1 KG,DISTRIBUIDORES,RESTO DISTRIBUIDORES,"000763-BENIBALDO, S.A.U. (BLOQ.)",0.0,0.0,0.0,0.0,0.0,0.0,0.0,0.0,0.0,0.0,0.0,0.0,0.0,0.0,40.0,0.0,0.0,0.0,0.0,0.0,0.0,0.0,0.0,0.0,0.0,0.0,0.0,0.0,0.0,0.0,0.0,0.0,0.0,317.6,0.0,0.0,0.0,0.0
7521.0,LONCHAS AMERICAN STYLE BURGER CON CHEDDAR 1 KG,DISTRIBUIDORES,RESTO DISTRIBUIDORES,000776-COMERCIAL DIALVA S.A.,0.0,0.0,0.0,0.0,0.0,0.0,0.0,0.0,0.0,0.0,0.0,0.0,0.0,0.0,0.0,0.0,0.0,0.0,0.0,0.0,0.0,0.0,0.0,0.0,0.0,0.0,0.0,0.0,0.0,0.0,0.0,0.0,0.0,0.0,0.0,0.0,0.0,0.0
7521.0,LONCHAS AMERICAN STYLE BURGER CON CHEDDAR 1 KG,DISTRIBUIDORES,RESTO DISTRIBUIDORES,000791-CAZALEN S.L. (BLOQ.),208.0,152.0,216.0,0.0,72.0,0.0,0.0,0.0,0.0,0.0,0.0,0.0,0.0,0.0,0.0,0.0,0.0,0.0,0.0,1585.28,1179.52,1676.16,0.0,573.12,0.0,0.0,0.0,0.0,0.0,0.0,0.0,0.0,0.0,0.0,0.0,0.0,0.0,0.0
7521.0,LONCHAS AMERICAN STYLE BURGER CON CHEDDAR 1 KG,DISTRIBUIDORES,RESTO DISTRIBUIDORES,"000806-CUSTODIO MARTÍN LÓPEZ, S.L.",240.0,-1.0,40.0,48.0,128.0,80.0,48.0,0.0,80.0,96.0,0.0,80.0,128.0,0.0,0.0,0.0,0.0,0.0,0.0,1850.4,-30.84,285.56,389.28,1038.08,648.8,389.28,0.0,648.8,778.56,0.0,648.8,1038.08,0.0,0.0,0.0,0.0,0.0,0.0
7521.0,LONCHAS AMERICAN STYLE BURGER CON CHEDDAR 1 KG,DISTRIBUIDORES,RESTO DISTRIBUIDORES,"000858-COVADUL FAST FOOD, S.L.",0.0,0.0,0.0,0.0,0.0,0.0,0.0,0.0,0.0,0.0,0.0,0.0,0.0,144.0,48.0,144.0,48.0,0.0,0.0,0.0,0.0,0.0,0.0,0.0,0.0,0.0,0.0,0.0,0.0,0.0,0.0,0.0,1101.6,367.2,1101.6,367.2,0.0,0.0
7521.0,LONCHAS AMERICAN STYLE BURGER CON CHEDDAR 1 KG,DISTRIBUIDORES,RESTO DISTRIBUIDORES,"000864-RISCALES ALIMENTACIÓN, S.L.",0.0,0.0,0.0,0.0,0.0,0.0,0.0,0.0,0.0,0.0,24.0,40.0,0.0,0.0,48.0,48.0,96.0,0.0,0.0,0.0,0.0,0.0,0.0,0.0,0.0,0.0,0.0,0.0,0.0,190.56,306.0,0.0,0.0,367.2,367.2,734.4,0.0,0.0
7521.0,LONCHAS AMERICAN STYLE BURGER CON CHEDDAR 1 KG,DISTRIBUIDORES,RESTO DISTRIBUIDORES,"000946-LLUIS CANADELL, S.L.U.",0.0,0.0,0.0,0.0,0.0,0.0,0.0,0.0,0.0,0.0,0.0,0.0,0.0,0.0,48.0,0.0,0.0,0.0,0.0,0.0,0.0,0.0,0.0,0.0,0.0,0.0,0.0,0.0,0.0,0.0,0.0,0.0,0.0,367.2,0.0,0.0,0.0,0.0
7521.0,LONCHAS AMERICAN STYLE BURGER CON CHEDDAR 1 KG,DISTRIBUIDORES,RESTO DISTRIBUIDORES,000950-GRUP ALIMENTARI DISTECO S.A,0.0,0.0,0.0,0.0,0.0,0.0,0.0,0.0,0.0,0.0,80.0,0.0,8.0,48.0,0.0,0.0,0.0,0.0,0.0,0.0,0.0,0.0,0.0,0.0,0.0,0.0,0.0,0.0,0.0,612.0,0.0,61.2,367.2,0.0,0.0,0.0,0.0,0.0
7521.0,LONCHAS AMERICAN STYLE BURGER CON CHEDDAR 1 KG,DISTRIBUIDORES,TGT,000580-LOGÍSTICA Y TRANSFORMACIÓN LÁCTEA S.L. ( bloq),96.0,528.0,0.0,0.0,0.0,0.0,0.0,0.0,0.0,0.0,0.0,0.0,0.0,0.0,0.0,0.0,0.0,0.0,0.0,697.16,4197.6,0.0,0.0,0.0,0.0,0.0,0.0,0.0,0.0,0.0,0.0,0.0,0.0,0.0,0.0,0.0,0.0,0.0
7521.0,LONCHAS AMERICAN STYLE BURGER CON CHEDDAR 1 KG,INDUSTRIALES & FOOD SERVICE,RESTO INDUSTRIALES & FOODSERVICE,000672-CHARITO 1953 GROUP S.L. ( bloq ),0.0,80.0,0.0,0.0,0.0,0.0,0.0,0.0,0.0,0.0,0.0,0.0,0.0,0.0,0.0,0.0,0.0,0.0,0.0,0.0,648.0,0.0,0.0,0.0,0.0,0.0,0.0,0.0,0.0,0.0,0.0,0.0,0.0,0.0,0.0,0.0,0.0,0.0
7521.0,LONCHAS AMERICAN STYLE BURGER CON CHEDDAR 1 KG,INDUSTRIALES & FOOD SERVICE,RESTO INDUSTRIALES & FOODSERVICE,"000841-SERVICARFRES, S.L.U.",0.0,0.0,0.0,0.0,0.0,0.0,80.0,0.0,0.0,0.0,0.0,0.0,0.0,0.0,104.0,0.0,0.0,0.0,0.0,0.0,0.0,0.0,0.0,0.0,0.0,672.64,0.0,0.0,0.0,0.0,0.0,0.0,0.0,874.43,0.0,0.0,0.0,0.0
7521.0,LONCHAS AMERICAN STYLE BURGER CON CHEDDAR 1 KG,INDUSTRIALES & FOOD SERVICE,RESTO INDUSTRIALES & FOODSERVICE,"000924-CHARITO FOOD SERVICE, S.L.",0.0,0.0,0.0,152.0,0.0,0.0,0.0,0.0,0.0,64.0,40.0,0.0,40.0,0.0,0.0,32.0,0.0,48.0,96.0,0.0,0.0,0.0,1261.6,0.0,0.0,0.0,0.0,0.0,531.2,332.0,0.0,332.0,0.0,0.0,265.6,0.0,398.4,796.8
7521.0,LONCHAS AMERICAN STYLE BURGER CON CHEDDAR 1 KG,RETAIL,EUROMADI,"000931-TRANSGOURMET IBÉRICA, SAU",0.0,0.0,0.0,0.0,0.0,0.0,0.0,0.0,0.0,0.0,672.0,240.0,240.0,768.0,336.0,496.0,776.0,576.0,1192.0,0.0,0.0,0.0,0.0,0.0,0.0,0.0,0.0,0.0,0.0,4804.8,1716.0,1716.0,5491.2,2402.4,3546.4,5548.4,4118.4,8522.8
756.0,QUESO FUNDIDO BARRA CONVENIENCE 3 KG,DISTRIBUIDORES,RESTO DISTRIBUIDORES,000589-CONVENIENCE FOOD S.L.U.,180.0,240.0,300.0,420.0,120.0,360.0,480.0,120.0,480.0,240.0,360.0,120.0,240.0,120.0,480.0,240.0,360.0,240.0,480.0,849.6,1132.8,1416.0,1982.4,566.4,1699.2,2265.6,0.0,2265.6,1132.8,1699.2,566.4,1132.8,566.4,2265.6,1132.8,1699.2,1132.8,2265.6
7562.0,QUESO TACOS ENSALADA 1 KG.,CASH & CARRY,MAKRO,000621-MAKRO DISTRIBUCIÓN MAYORISTA SA,260.0,180.0,220.0,200.0,180.0,370.0,230.0,230.0,230.0,220.0,90.0,310.0,150.0,60.0,310.0,230.0,120.0,350.0,200.0,2791.62,1932.66,2362.14,2040.03,1932.66,3972.69,2469.51,2469.51,2469.51,2362.14,966.33,3328.47,1610.55,644.22,3328.47,2469.51,1288.44,3757.95,2147.4
7562.0,QUESO TACOS ENSALADA 1 KG.,DISTRIBUIDORES,PROVISIONES SUROESTE,"000879-PROVISIONES SUROESTE, S.L.",130.0,20.0,30.0,110.0,60.0,200.0,210.0,0.0,170.0,60.0,80.0,0.0,70.0,60.0,180.0,160.0,240.0,60.0,180.0,1116.7,171.8,257.7,944.9,515.4,1718.0,1803.9,0.0,1460.3,515.4,687.2,0.0,566.3,485.4,1456.2,1294.4,1941.6,485.4,1456.2
7562.0,QUESO TACOS ENSALADA 1 KG.,DISTRIBUIDORES,RESTO DISTRIBUIDORES,"000006-LISARDO ISMAEL FERNANDEZ RAMIREZ, S.A. (BLOQ.)",10.0,20.0,0.0,0.0,0.0,0.0,0.0,0.0,0.0,0.0,0.0,0.0,0.0,0.0,0.0,0.0,0.0,0.0,0.0,87.4,174.8,0.0,0.0,0.0,0.0,0.0,0.0,0.0,0.0,0.0,0.0,0.0,0.0,0.0,0.0,0.0,0.0,0.0
7562.0,QUESO TACOS ENSALADA 1 KG.,DISTRIBUIDORES,RESTO DISTRIBUIDORES,000651-COMERGRAN S.L.,0.0,0.0,0.0,0.0,20.0,10.0,30.0,10.0,0.0,0.0,0.0,0.0,0.0,0.0,0.0,0.0,0.0,0.0,0.0,0.0,0.0,0.0,0.0,171.8,85.9,257.7,85.9,0.0,0.0,0.0,0.0,0.0,0.0,0.0,0.0,0.0,0.0,0.0
7562.0,QUESO TACOS ENSALADA 1 KG.,DISTRIBUIDORES,RESTO DISTRIBUIDORES,000655-EXCLUSIVAS OMEÑACA SL,0.0,10.0,20.0,20.0,10.0,20.0,20.0,10.0,20.0,10.0,0.0,20.0,0.0,10.0,0.0,0.0,0.0,0.0,0.0,0.0,94.7,189.4,189.4,94.7,189.4,189.4,94.7,189.4,94.7,0.0,189.4,0.0,89.7,0.0,0.0,0.0,0.0,0.0
7562.0,QUESO TACOS ENSALADA 1 KG.,DISTRIBUIDORES,RESTO DISTRIBUIDORES,000676-EXCLUSIVAS ALIMENTARIAS 1998 S.L. (BLOQ.),0.0,10.0,0.0,0.0,0.0,0.0,0.0,0.0,0.0,0.0,0.0,0.0,0.0,0.0,0.0,0.0,0.0,0.0,0.0,0.0,88.8,0.0,0.0,0.0,0.0,0.0,0.0,0.0,0.0,0.0,0.0,0.0,0.0,0.0,0.0,0.0,0.0,0.0
7562.0,QUESO TACOS ENSALADA 1 KG.,DISTRIBUIDORES,RESTO DISTRIBUIDORES,000711-DISTRIBUCIONES J.M. S.A.,40.0,20.0,30.0,20.0,20.0,0.0,0.0,20.0,20.0,10.0,20.0,10.0,10.0,0.0,20.0,0.0,20.0,60.0,0.0,343.6,171.8,257.7,171.8,171.8,0.0,0.0,171.8,171.8,85.9,171.8,85.9,80.9,0.0,161.8,0.0,161.8,485.4,0.0
7562.0,QUESO TACOS ENSALADA 1 KG.,DISTRIBUIDORES,RESTO DISTRIBUIDORES,"000734-UDIAL, S.A. (BLOQ.)",0.0,0.0,0.0,0.0,0.0,0.0,0.0,0.0,0.0,0.0,0.0,0.0,0.0,0.0,0.0,0.0,0.0,0.0,0.0,0.0,0.0,0.0,0.0,0.0,0.0,0.0,0.0,0.0,0.0,0.0,0.0,0.0,0.0,0.0,0.0,0.0,0.0,0.0
7562.0,QUESO TACOS ENSALADA 1 KG.,DISTRIBUIDORES,RESTO DISTRIBUIDORES,000776-COMERCIAL DIALVA S.A.,0.0,0.0,0.0,0.0,0.0,0.0,0.0,0.0,0.0,0.0,0.0,0.0,0.0,0.0,0.0,0.0,0.0,0.0,0.0,0.0,0.0,0.0,0.0,0.0,0.0,0.0,0.0,0.0,0.0,0.0,0.0,0.0,0.0,0.0,0.0,0.0,0.0,0.0
7562.0,QUESO TACOS ENSALADA 1 KG.,DISTRIBUIDORES,RESTO DISTRIBUIDORES,000790-PALENZUELA LOGISTICA S.L.,0.0,0.0,0.0,0.0,0.0,0.0,0.0,0.0,0.0,0.0,0.0,0.0,0.0,0.0,0.0,0.0,0.0,0.0,0.0,0.0,0.0,0.0,0.0,0.0,0.0,0.0,0.0,0.0,0.0,0.0,0.0,0.0,0.0,0.0,0.0,0.0,0.0,0.0
7562.0,QUESO TACOS ENSALADA 1 KG.,DISTRIBUIDORES,RESTO DISTRIBUIDORES,"000858-COVADUL FAST FOOD, S.L.",0.0,0.0,0.0,0.0,0.0,0.0,0.0,0.0,0.0,0.0,0.0,0.0,0.0,0.0,0.0,0.0,0.0,0.0,0.0,0.0,0.0,0.0,0.0,0.0,0.0,0.0,0.0,0.0,0.0,0.0,0.0,0.0,0.0,0.0,0.0,0.0,0.0,0.0
7562.0,QUESO TACOS ENSALADA 1 KG.,DISTRIBUIDORES,RESTO DISTRIBUIDORES,000950-GRUP ALIMENTARI DISTECO S.A,0.0,0.0,0.0,0.0,0.0,0.0,0.0,0.0,0.0,0.0,0.0,0.0,0.0,400.0,60.0,0.0,0.0,150.0,180.0,0.0,0.0,0.0,0.0,0.0,0.0,0.0,0.0,0.0,0.0,0.0,0.0,0.0,3236.0,485.4,0.0,0.0,1213.5,1456.2
7562.0,QUESO TACOS ENSALADA 1 KG.,INDUSTRIALES & FOOD SERVICE,RESTO INDUSTRIALES & FOODSERVICE,"000904-ÑAMING, S.L.",80.0,0.0,80.0,0.0,80.0,80.0,80.0,80.0,60.0,60.0,60.0,60.0,80.0,0.0,80.0,80.0,0.0,80.0,0.0,568.0,0.0,568.0,0.0,568.0,568.0,568.0,568.0,426.0,426.0,396.0,396.0,528.0,0.0,528.0,528.0,0.0,528.0,0.0
7562.0,QUESO TACOS ENSALADA 1 KG.,RETAIL,OTROS RETAILERS,000935-CORPORACION ALIMENTARIA DE GUISSONA,0.0,0.0,0.0,0.0,0.0,0.0,0.0,0.0,0.0,0.0,0.0,0.0,0.0,0.0,0.0,0.0,0.0,0.0,0.0,0.0,0.0,0.0,0.0,0.0,0.0,0.0,0.0,0.0,0.0,0.0,0.0,0.0,0.0,0.0,0.0,0.0,0.0,0.0
7565.0,CHEDDAR Fundido Barra 3 Kg CONVENIENCE,DISTRIBUIDORES,RESTO DISTRIBUIDORES,000589-CONVENIENCE FOOD S.L.U.,1740.0,852.0,2616.0,1728.0,864.0,0.0,864.0,0.0,864.0,876.0,660.0,864.0,864.0,1752.0,876.0,864.0,1740.0,876.0,816.0,8988.84,4401.43,13514.26,8926.85,4679.42,0.0,4679.42,0.0,4679.42,4744.42,3574.56,4679.42,4679.42,9488.84,4744.42,4679.42,9423.84,4744.42,4419.46
7625.0,Queso NO FUNDE Tacos 4x4,DISTRIBUIDORES,RESTO DISTRIBUIDORES,000816-CARLAFEX S.L.,0.0,0.0,0.0,0.0,0.0,0.0,480.0,0.0,1440.0,600.0,0.0,0.0,0.0,0.0,0.0,480.0,0.0,0.0,0.0,0.0,0.0,0.0,0.0,0.0,0.0,2865.6,0.0,8596.8,3300.0,0.0,0.0,0.0,0.0,0.0,2865.6,0.0,0.0,0.0
764.0,QUESO QUESCAN LONCHAS 1 KG,DISTRIBUIDORES,TGT,000580-LOGÍSTICA Y TRANSFORMACIÓN LÁCTEA S.L. ( bloq),120.0,0.0,0.0,0.0,0.0,0.0,0.0,0.0,0.0,0.0,0.0,0.0,0.0,0.0,0.0,0.0,0.0,0.0,0.0,746.75,0.0,0.0,0.0,0.0,0.0,0.0,0.0,0.0,0.0,0.0,0.0,0.0,0.0,0.0,0.0,0.0,0.0,0.0
764.0,QUESO QUESCAN LONCHAS 1 KG,INDUSTRIALES & FOOD SERVICE,RESTO INDUSTRIALES & FOODSERVICE,"000216-VASCOLAC, S.L.",576.0,288.0,288.0,576.0,288.0,0.0,0.0,0.0,0.0,0.0,0.0,0.0,0.0,0.0,0.0,0.0,0.0,0.0,0.0,2995.2,1497.6,1497.6,2995.2,1497.6,0.0,0.0,0.0,0.0,0.0,0.0,0.0,0.0,0.0,0.0,0.0,0.0,0.0,0.0
766.0,PREPARADO SANDWICH CONVENIENCE 3 KG,DISTRIBUIDORES,RESTO DISTRIBUIDORES,000589-CONVENIENCE FOOD S.L.U.,180.0,300.0,240.0,360.0,120.0,0.0,360.0,300.0,120.0,180.0,240.0,120.0,120.0,180.0,480.0,120.0,120.0,240.0,1104.0,702.0,1170.0,936.0,1404.0,468.0,0.0,1404.0,1170.0,468.0,702.0,936.0,468.0,468.0,702.0,1872.0,468.0,468.0,936.0,4305.6
77.0,Queso GAILLA BARRA 3 Kg,INDUSTRIALES & FOOD SERVICE,RESTO INDUSTRIALES & FOODSERVICE,"000216-VASCOLAC, S.L.",1152.0,561.0,1152.0,576.0,1152.0,576.0,576.0,576.0,576.0,1152.0,1152.0,576.0,1152.0,576.0,576.0,1152.0,576.0,1152.0,0.0,5414.4,2636.7,5414.4,2707.2,5414.4,2707.2,2707.2,2707.2,2707.2,5414.4,5414.4,2707.2,5414.4,2707.2,2707.2,5414.4,2707.2,5414.4,0.0
7721.0,MOZZARELLA PIZZADONNA RALLADA 1 KG.,DISTRIBUIDORES,PROVISIONES SUROESTE,"000879-PROVISIONES SUROESTE, S.L.",72.0,0.0,316.0,0.0,0.0,144.0,48.0,296.0,192.0,48.0,96.0,168.0,48.0,132.0,36.0,8.0,0.0,48.0,0.0,414.0,0.0,1817.0,0.0,0.0,828.0,276.0,1702.0,1104.0,276.0,552.0,966.0,276.0,759.0,207.0,46.0,0.0,276.0,0.0
7721.0,MOZZARELLA PIZZADONNA RALLADA 1 KG.,DISTRIBUIDORES,RESTO DISTRIBUIDORES,"000038-LÁCTEOS MENDI, S.L.",0.0,0.0,0.0,0.0,0.0,160.0,300.0,200.0,124.0,96.0,128.0,112.0,188.0,40.0,232.0,24.0,184.0,120.0,256.0,0.0,0.0,0.0,0.0,0.0,896.0,1680.0,1120.0,694.4,537.6,716.8,627.2,1052.8,224.0,1299.2,134.4,1030.4,672.0,1433.6
7721.0,MOZZARELLA PIZZADONNA RALLADA 1 KG.,DISTRIBUIDORES,RESTO DISTRIBUIDORES,000636-DISTRILOR S.C.L. (BLOQ),180.0,300.0,480.0,620.0,300.0,320.0,180.0,280.0,0.0,0.0,0.0,0.0,0.0,0.0,0.0,0.0,0.0,0.0,0.0,1089.0,1815.0,2904.0,3751.0,1815.0,1936.0,1119.0,1834.0,0.0,0.0,0.0,0.0,0.0,0.0,0.0,0.0,0.0,0.0,0.0
7721.0,MOZZARELLA PIZZADONNA RALLADA 1 KG.,DISTRIBUIDORES,RESTO DISTRIBUIDORES,"000643-ORTHIDAL, S.L.",484.0,228.0,40.0,200.0,0.0,0.0,0.0,0.0,0.0,4.0,0.0,0.0,0.0,0.0,0.0,0.0,0.0,0.0,0.0,2710.26,1276.8,224.0,1120.0,0.0,0.0,0.0,0.0,0.0,22.18,0.0,0.0,0.0,0.0,0.0,0.0,0.0,0.0,0.0
7721.0,MOZZARELLA PIZZADONNA RALLADA 1 KG.,DISTRIBUIDORES,RESTO DISTRIBUIDORES,000644-COMERCIAL LUIS ROSQUELLAS S.L.,296.0,200.0,340.0,296.0,280.0,288.0,439.0,40.0,0.0,380.0,296.0,360.0,1.0,191.0,240.0,240.0,360.0,240.0,192.0,1801.4,1198.53,2069.18,1801.4,1704.02,1752.72,2671.54,243.43,0.0,2306.52,1801.4,2190.89,0.0,1162.27,1460.6,1460.6,2190.89,1460.6,1168.47
7721.0,MOZZARELLA PIZZADONNA RALLADA 1 KG.,DISTRIBUIDORES,RESTO DISTRIBUIDORES,"000646-EL ESPEJO HOSTELERO, S.A.",88.0,88.0,96.0,120.0,72.0,148.0,144.0,48.0,104.0,104.0,136.0,152.0,96.0,104.0,120.0,72.0,72.0,96.0,72.0,550.0,550.0,585.6,746.4,450.0,902.8,900.0,300.0,650.0,650.0,850.0,950.0,600.0,650.0,750.0,450.0,450.0,600.0,450.0
7721.0,MOZZARELLA PIZZADONNA RALLADA 1 KG.,DISTRIBUIDORES,RESTO DISTRIBUIDORES,000651-COMERGRAN S.L.,0.0,0.0,0.0,0.0,4.0,0.0,40.0,-20.0,0.0,0.0,0.0,0.0,0.0,0.0,0.0,0.0,0.0,0.0,0.0,0.0,0.0,0.0,0.0,23.0,0.0,230.0,-115.0,0.0,0.0,0.0,0.0,0.0,0.0,0.0,0.0,0.0,0.0,0.0
7721.0,MOZZARELLA PIZZADONNA RALLADA 1 KG.,DISTRIBUIDORES,RESTO DISTRIBUIDORES,000655-EXCLUSIVAS OMEÑACA SL,112.0,104.0,160.0,172.0,112.0,236.0,20.0,240.0,200.0,248.0,224.0,312.0,208.0,120.0,336.0,336.0,0.0,456.0,0.0,697.76,647.92,996.8,1071.56,697.76,1470.28,124.6,1495.2,1246.0,1545.04,1395.52,1943.76,1295.84,747.6,2093.28,2093.28,0.0,2840.88,0.0
7721.0,MOZZARELLA PIZZADONNA RALLADA 1 KG.,DISTRIBUIDORES,RESTO DISTRIBUIDORES,"000656-PRADOMAYOR, S.A. ( BLOQ)",168.0,164.0,96.0,156.0,112.0,72.0,0.0,0.0,0.0,0.0,0.0,0.0,0.0,0.0,0.0,0.0,0.0,0.0,0.0,1092.0,1066.0,624.0,1014.0,728.0,468.0,0.0,0.0,0.0,0.0,0.0,0.0,0.0,0.0,0.0,0.0,0.0,0.0,0.0
7721.0,MOZZARELLA PIZZADONNA RALLADA 1 KG.,DISTRIBUIDORES,RESTO DISTRIBUIDORES,000664-CARLOS ALBERTO LUIS CEJUDO,80.0,120.0,120.0,140.0,160.0,176.0,96.0,72.0,176.0,100.0,60.0,48.0,96.0,144.0,0.0,96.0,72.0,144.0,96.0,498.4,747.6,747.6,872.2,996.8,1096.48,598.08,448.56,1096.48,623.0,373.8,299.04,598.08,897.12,0.0,598.08,442.33,897.12,598.08
7721.0,MOZZARELLA PIZZADONNA RALLADA 1 KG.,DISTRIBUIDORES,RESTO DISTRIBUIDORES,000667-MENA ALIMENTARIA S.L.,120.0,88.0,60.0,128.0,100.0,100.0,0.0,20.0,40.0,16.0,28.0,0.0,20.0,0.0,16.0,24.0,24.0,24.0,0.0,747.6,548.24,373.8,797.44,623.0,623.0,0.0,124.6,249.2,99.68,174.44,0.0,124.6,0.0,99.68,149.52,149.52,149.52,0.0
7721.0,MOZZARELLA PIZZADONNA RALLADA 1 KG.,DISTRIBUIDORES,RESTO DISTRIBUIDORES,000676-EXCLUSIVAS ALIMENTARIAS 1998 S.L. (BLOQ.),12.0,0.0,64.0,32.0,140.0,160.0,280.0,120.0,120.0,140.0,100.0,60.0,60.0,120.0,0.0,0.0,0.0,0.0,0.0,78.0,0.0,398.72,199.36,872.2,996.8,1744.4,747.6,747.6,917.0,655.0,393.0,393.0,786.0,0.0,0.0,0.0,0.0,0.0
7721.0,MOZZARELLA PIZZADONNA RALLADA 1 KG.,DISTRIBUIDORES,RESTO DISTRIBUIDORES,"000709-DISTRIBUCIONES MONTEVERDE, S.L.U. ( BLOQ)",192.0,284.0,236.0,140.0,264.0,260.0,320.0,20.0,0.0,0.0,0.0,0.0,0.0,0.0,0.0,0.0,0.0,0.0,0.0,1209.6,1789.2,1486.8,882.0,1663.2,1638.0,2016.0,126.0,0.0,0.0,0.0,0.0,0.0,0.0,0.0,0.0,0.0,0.0,0.0
7721.0,MOZZARELLA PIZZADONNA RALLADA 1 KG.,DISTRIBUIDORES,RESTO DISTRIBUIDORES,"000710-SELECCIO REGISA, S.L.",52.0,28.0,40.0,60.0,84.0,120.0,56.0,20.0,208.0,188.0,60.0,140.0,120.0,120.0,216.0,192.0,24.0,96.0,72.0,317.2,170.8,244.0,366.0,512.4,732.0,341.6,122.0,1268.8,1146.8,366.0,854.0,672.0,672.0,1209.6,1075.2,134.4,537.6,403.2
7721.0,MOZZARELLA PIZZADONNA RALLADA 1 KG.,DISTRIBUIDORES,RESTO DISTRIBUIDORES,"000734-UDIAL, S.A. (BLOQ.)",204.0,416.0,688.0,512.0,656.0,192.0,240.0,240.0,0.0,0.0,0.0,0.0,0.0,0.0,0.0,0.0,0.0,0.0,0.0,1336.2,2724.8,4506.4,3353.6,4296.8,1257.6,1572.0,1572.0,0.0,0.0,0.0,0.0,0.0,0.0,0.0,0.0,0.0,0.0,0.0
7721.0,MOZZARELLA PIZZADONNA RALLADA 1 KG.,DISTRIBUIDORES,RESTO DISTRIBUIDORES,000751-PLACOR 2006 S.L.,0.0,48.0,24.0,48.0,0.0,96.0,0.0,24.0,24.0,72.0,0.0,48.0,0.0,0.0,48.0,24.0,0.0,0.0,0.0,0.0,312.83,156.41,312.82,0.0,625.65,0.0,156.41,156.41,469.24,0.0,312.82,0.0,0.0,312.83,156.41,0.0,0.0,0.0
7721.0,MOZZARELLA PIZZADONNA RALLADA 1 KG.,DISTRIBUIDORES,RESTO DISTRIBUIDORES,000758-JOSE A. JIMÉNEZ CARRIÓN (BLOQ.),0.0,0.0,0.0,0.0,0.0,0.0,0.0,0.0,0.0,0.0,0.0,0.0,0.0,0.0,0.0,0.0,0.0,0.0,0.0,0.0,0.0,0.0,0.0,0.0,0.0,0.0,0.0,0.0,0.0,0.0,0.0,0.0,0.0,0.0,0.0,0.0,0.0,0.0
7721.0,MOZZARELLA PIZZADONNA RALLADA 1 KG.,DISTRIBUIDORES,RESTO DISTRIBUIDORES,000776-COMERCIAL DIALVA S.A.,24.0,0.0,0.0,0.0,0.0,0.0,0.0,0.0,0.0,0.0,0.0,0.0,0.0,0.0,0.0,0.0,0.0,0.0,0.0,134.4,0.0,0.0,0.0,0.0,0.0,0.0,0.0,0.0,0.0,0.0,0.0,0.0,0.0,0.0,0.0,0.0,0.0,0.0
7721.0,MOZZARELLA PIZZADONNA RALLADA 1 KG.,DISTRIBUIDORES,RESTO DISTRIBUIDORES,000821-A.BASARRATE S.A.,24.0,12.0,32.0,16.0,20.0,48.0,16.0,20.0,36.0,32.0,28.0,20.0,32.0,0.0,44.0,0.0,24.0,12.0,24.0,145.2,72.6,193.6,96.8,121.0,290.4,96.8,121.0,217.8,193.6,169.4,121.0,193.6,0.0,266.2,0.0,145.2,72.6,145.2
7721.0,MOZZARELLA PIZZADONNA RALLADA 1 KG.,DISTRIBUIDORES,RESTO DISTRIBUIDORES,"000865-DISALCON95, S.L.",0.0,0.0,0.0,0.0,0.0,0.0,0.0,0.0,0.0,0.0,0.0,0.0,0.0,0.0,0.0,0.0,0.0,0.0,0.0,0.0,0.0,0.0,0.0,0.0,0.0,0.0,0.0,0.0,0.0,0.0,0.0,0.0,0.0,0.0,0.0,0.0,0.0,0.0
7721.0,MOZZARELLA PIZZADONNA RALLADA 1 KG.,DISTRIBUIDORES,RESTO DISTRIBUIDORES,000928-SECUNDINO DOCAMPO S.L.,0.0,0.0,0.0,0.0,160.0,200.0,300.0,-24.0,260.0,64.0,280.0,0.0,0.0,300.0,300.0,0.0,0.0,312.0,0.0,0.0,0.0,0.0,0.0,996.8,1246.0,1869.0,-149.52,1619.8,398.72,1744.4,0.0,0.0,1869.0,1869.0,0.0,0.0,1943.76,0.0
7721.0,MOZZARELLA PIZZADONNA RALLADA 1 KG.,DISTRIBUIDORES,RESTO DISTRIBUIDORES,"000937-SEÑORIO DE ARCE, S.L.",0.0,0.0,0.0,0.0,0.0,0.0,0.0,80.0,760.0,280.0,460.0,760.0,600.0,664.0,432.0,432.0,264.0,240.0,72.0,0.0,0.0,0.0,0.0,0.0,0.0,0.0,448.0,4256.0,1568.0,2576.0,4256.0,3360.0,3718.4,2419.2,2419.2,1478.4,1344.0,403.2
7721.0,MOZZARELLA PIZZADONNA RALLADA 1 KG.,DISTRIBUIDORES,RESTO DISTRIBUIDORES,000950-GRUP ALIMENTARI DISTECO S.A,0.0,0.0,0.0,0.0,0.0,0.0,0.0,0.0,0.0,0.0,0.0,28.0,8.0,4.0,0.0,0.0,0.0,0.0,0.0,0.0,0.0,0.0,0.0,0.0,0.0,0.0,0.0,0.0,0.0,0.0,156.8,44.8,22.4,0.0,0.0,0.0,0.0,0.0
7721.0,MOZZARELLA PIZZADONNA RALLADA 1 KG.,EXPORT,RESTO EXPORT,111112-CLIENTES EXPORTACION (PRESUPESTO),0.0,0.0,0.0,0.0,0.0,0.0,0.0,0.0,0.0,0.0,0.0,0.0,0.0,0.0,0.0,0.0,0.0,0.0,0.0,0.0,0.0,0.0,0.0,0.0,0.0,0.0,0.0,0.0,0.0,0.0,0.0,0.0,0.0,0.0,0.0,0.0,0.0,0.0
7721.0,MOZZARELLA PIZZADONNA RALLADA 1 KG.,INDUSTRIALES & FOOD SERVICE,RESTO INDUSTRIALES & FOODSERVICE,000490-CONGALSA S.L.,452.0,0.0,1100.0,0.0,1100.0,0.0,380.0,1080.0,1080.0,0.0,0.0,0.0,1052.0,0.0,1000.0,1120.0,1040.0,0.0,1752.0,2942.52,0.0,7161.0,0.0,7161.0,0.0,2473.8,7030.8,7030.8,0.0,0.0,0.0,6848.52,0.0,6510.0,7291.2,6770.4,0.0,11405.52
7721.0,MOZZARELLA PIZZADONNA RALLADA 1 KG.,INDUSTRIALES & FOOD SERVICE,RESTO INDUSTRIALES & FOODSERVICE,000708-CASHDIPLO SLU ( bloq),52.0,96.0,160.0,152.0,116.0,64.0,84.0,0.0,0.0,0.0,0.0,0.0,0.0,0.0,0.0,0.0,0.0,0.0,0.0,362.34,668.92,1114.89,1059.14,808.28,445.96,585.31,0.0,0.0,0.0,0.0,0.0,0.0,0.0,0.0,0.0,0.0,0.0,0.0
7721.0,MOZZARELLA PIZZADONNA RALLADA 1 KG.,INDUSTRIALES & FOOD SERVICE,RESTO INDUSTRIALES & FOODSERVICE,"000828-QUE S LIDER, S.L.",20.0,24.0,120.0,136.0,112.0,232.0,48.0,100.0,144.0,136.0,144.0,192.0,120.0,160.0,200.0,200.0,120.0,144.0,48.0,112.0,134.4,672.0,761.6,627.2,1299.2,268.8,560.0,806.4,761.6,806.4,1075.2,672.0,896.0,1120.0,1120.0,672.0,806.4,268.8
7723.0,MOZZARELLA  PIZZADONNA PIEZA  4  KG.,DISTRIBUIDORES,RESTO DISTRIBUIDORES,000651-COMERGRAN S.L.,0.0,0.0,0.0,0.0,0.0,0.0,0.0,0.0,0.0,0.0,0.0,0.0,0.0,0.0,0.0,0.0,0.0,0.0,0.0,0.0,0.0,0.0,0.0,0.0,0.0,0.0,0.0,0.0,0.0,0.0,0.0,0.0,0.0,0.0,0.0,0.0,0.0,0.0
7723.0,MOZZARELLA  PIZZADONNA PIEZA  4  KG.,DISTRIBUIDORES,TGT,000580-LOGÍSTICA Y TRANSFORMACIÓN LÁCTEA S.L. ( bloq),0.0,0.0,0.0,0.0,0.0,0.0,0.0,0.0,0.0,0.0,0.0,0.0,0.0,0.0,0.0,0.0,0.0,0.0,0.0,0.0,0.0,0.0,0.0,0.0,0.0,0.0,0.0,0.0,0.0,0.0,0.0,0.0,0.0,0.0,0.0,0.0,0.0,0.0
775.0,"QUESO PIZZABELLA BARRA 1,8 KG. (2 BARRAS)",DISTRIBUIDORES,PROVISIONES SUROESTE,"000879-PROVISIONES SUROESTE, S.L.",720.0,936.0,349.2,468.0,198.0,306.0,374.4,810.0,162.0,129.6,252.0,540.0,151.2,396.0,432.0,72.0,273.6,543.6,0.0,4600.8,5981.04,2231.39,2990.52,1265.22,1955.34,2392.42,5175.9,1035.18,828.14,1610.28,3450.6,966.17,2530.44,2760.48,460.08,1748.3,3473.6,0.0
775.0,"QUESO PIZZABELLA BARRA 1,8 KG. (2 BARRAS)",DISTRIBUIDORES,TGT,000580-LOGÍSTICA Y TRANSFORMACIÓN LÁCTEA S.L. ( bloq),0.0,36.0,0.0,0.0,0.0,0.0,0.0,0.0,0.0,0.0,0.0,0.0,0.0,0.0,0.0,0.0,0.0,0.0,0.0,0.0,253.19,0.0,0.0,0.0,0.0,0.0,0.0,0.0,0.0,0.0,0.0,0.0,0.0,0.0,0.0,0.0,0.0,0.0
7770.0,"Cheddar Rojo ""CM"" Convenience Lonchas 1Kg",DISTRIBUIDORES,RESTO DISTRIBUIDORES,000589-CONVENIENCE FOOD S.L.U.,600.0,240.0,648.0,360.0,560.0,4760.0,1920.0,1400.0,1880.0,240.0,480.0,1040.0,1800.0,2120.0,772.0,760.0,360.0,960.0,440.0,4377.6,1751.04,4727.81,2626.56,4085.76,34728.96,14008.32,10214.4,13716.48,1751.04,3502.08,7587.84,13132.8,15467.52,5632.52,5544.96,2626.56,7004.16,3210.24
779.0,PREP. BARRA SANDWICH 3 KG.,DISTRIBUIDORES,PROVISIONES SUROESTE,"000879-PROVISIONES SUROESTE, S.L.",720.0,720.0,720.0,1440.0,0.0,0.0,864.0,0.0,0.0,0.0,0.0,0.0,0.0,0.0,0.0,0.0,0.0,0.0,0.0,2678.4,2822.4,2822.4,5644.8,0.0,0.0,3386.88,0.0,0.0,0.0,0.0,0.0,0.0,0.0,0.0,0.0,0.0,0.0,0.0
7794.0,"8902 BARRA SANDWICREM 3,3 KG (2 barras)",INDUSTRIALES & FOOD SERVICE,RESTO INDUSTRIALES & FOODSERVICE,000003-CAMPOFRIO FOOD GROUP S.A.,21621.6,17417.4,22690.8,23456.4,18018.0,21621.6,26466.0,13213.2,19819.8,23423.4,17417.4,19819.8,19219.2,14929.2,23423.4,13813.8,21021.0,16816.8,21021.0,64864.8,52252.2,68072.4,70359.3,54054.0,64864.8,79398.0,39639.6,59459.4,70270.2,52252.2,59459.4,57657.6,44787.6,70270.2,41441.4,63063.0,50450.4,63063.0
7823.0,FILABELLA BARRA 1 KG.,CASH & CARRY,MAKRO,000621-MAKRO DISTRIBUCIÓN MAYORISTA SA,1692.0,1440.0,1518.0,1824.0,1686.0,1824.0,1452.0,1548.0,2208.0,1548.0,1530.0,1752.0,1512.0,1428.0,1410.0,1860.0,1302.0,1596.0,1908.0,11899.82,10083.11,10524.29,12741.19,11857.64,12828.18,10211.92,10887.1,15528.89,10887.09,10760.5,12321.81,10633.89,10043.13,9916.53,13081.37,9156.97,11224.66,13418.95
7823.0,FILABELLA BARRA 1 KG.,CASH & CARRY,MAKRO,000645-MAKRO CASH & CARRY PORTUGAL S.A.,366.0,432.0,324.0,420.0,498.0,564.0,564.0,690.0,438.0,408.0,270.0,348.0,276.0,312.0,462.0,726.0,378.0,450.0,666.0,2444.88,2885.76,2164.32,2805.6,3326.64,3767.52,3767.52,4609.2,2925.84,2725.44,1803.6,2324.64,1843.68,2084.16,3086.16,4849.68,2525.04,3006.0,4448.88
7823.0,FILABELLA BARRA 1 KG.,DISTRIBUIDORES,PROVISIONES SUROESTE,"000879-PROVISIONES SUROESTE, S.L.",0.0,0.0,42.0,12.0,36.0,36.0,192.0,90.0,0.0,18.0,0.0,36.0,36.0,48.0,48.0,36.0,0.0,108.0,120.0,0.0,0.0,237.3,67.8,203.4,203.4,1084.8,508.5,0.0,101.7,0.0,203.4,203.4,271.2,271.2,203.4,0.0,610.2,678.0
7823.0,FILABELLA BARRA 1 KG.,DISTRIBUIDORES,RESTO DISTRIBUIDORES,000644-COMERCIAL LUIS ROSQUELLAS S.L.,24.0,0.0,24.0,0.0,24.0,54.0,24.0,24.0,12.0,48.0,0.0,54.0,0.0,12.0,12.0,36.0,54.0,0.0,0.0,152.88,0.0,152.88,0.0,152.88,343.98,152.88,152.88,76.44,305.76,0.0,343.98,0.0,76.44,76.44,229.32,343.98,0.0,0.0
7823.0,FILABELLA BARRA 1 KG.,DISTRIBUIDORES,RESTO DISTRIBUIDORES,000651-COMERGRAN S.L.,0.0,0.0,0.0,0.0,0.0,6.0,0.0,0.0,0.0,0.0,6.0,180.0,0.0,18.0,54.0,54.0,12.0,30.0,0.0,0.0,0.0,0.0,0.0,0.0,33.9,0.0,0.0,0.0,0.0,33.9,1017.0,0.0,101.7,305.1,305.1,67.8,169.5,0.0
7823.0,FILABELLA BARRA 1 KG.,DISTRIBUIDORES,RESTO DISTRIBUIDORES,000664-CARLOS ALBERTO LUIS CEJUDO,0.0,0.0,18.0,0.0,12.0,6.0,6.0,24.0,6.0,6.0,12.0,12.0,0.0,0.0,0.0,0.0,0.0,0.0,0.0,0.0,0.0,120.6,0.0,80.4,40.2,40.2,160.8,40.2,40.2,80.4,80.4,0.0,0.0,0.0,0.0,0.0,0.0,0.0
7823.0,FILABELLA BARRA 1 KG.,DISTRIBUIDORES,RESTO DISTRIBUIDORES,000679-SPANISH CHEESE S.L.U.,0.0,0.0,0.0,0.0,0.0,0.0,0.0,0.0,0.0,0.0,0.0,0.0,0.0,0.0,0.0,0.0,0.0,180.0,0.0,0.0,0.0,0.0,0.0,0.0,0.0,0.0,0.0,0.0,0.0,0.0,0.0,0.0,0.0,0.0,0.0,0.0,1002.96,0.0
7823.0,FILABELLA BARRA 1 KG.,DISTRIBUIDORES,RESTO DISTRIBUIDORES,"000709-DISTRIBUCIONES MONTEVERDE, S.L.U. ( BLOQ)",0.0,0.0,0.0,0.0,6.0,6.0,0.0,0.0,0.0,0.0,0.0,0.0,0.0,0.0,0.0,0.0,0.0,0.0,0.0,0.0,0.0,0.0,0.0,40.2,40.2,0.0,0.0,0.0,0.0,0.0,0.0,0.0,0.0,0.0,0.0,0.0,0.0,0.0
7823.0,FILABELLA BARRA 1 KG.,DISTRIBUIDORES,RESTO DISTRIBUIDORES,"000718-DISTRIBUCIONES ALIMENTICIAS SALOM, S.L. ( BLOQ )",0.0,0.0,0.0,0.0,0.0,0.0,0.0,0.0,0.0,0.0,0.0,0.0,0.0,0.0,0.0,0.0,0.0,0.0,0.0,0.0,0.0,0.0,0.0,0.0,0.0,0.0,0.0,0.0,0.0,0.0,0.0,0.0,0.0,0.0,0.0,0.0,0.0,0.0
7823.0,FILABELLA BARRA 1 KG.,DISTRIBUIDORES,RESTO DISTRIBUIDORES,000751-PLACOR 2006 S.L.,0.0,0.0,0.0,0.0,0.0,18.0,12.0,0.0,0.0,0.0,0.0,12.0,0.0,0.0,0.0,0.0,0.0,18.0,0.0,0.0,0.0,0.0,0.0,0.0,118.21,78.8,0.0,0.0,0.0,0.0,78.8,0.0,0.0,0.0,0.0,0.0,118.21,0.0
7823.0,FILABELLA BARRA 1 KG.,DISTRIBUIDORES,RESTO DISTRIBUIDORES,000776-COMERCIAL DIALVA S.A.,6.0,0.0,6.0,6.0,6.0,0.0,6.0,0.0,0.0,6.0,0.0,0.0,0.0,0.0,0.0,0.0,90.0,0.0,0.0,36.06,0.0,36.06,36.06,36.06,0.0,36.06,0.0,0.0,36.06,0.0,0.0,0.0,0.0,0.0,0.0,540.9,0.0,0.0
7823.0,FILABELLA BARRA 1 KG.,DISTRIBUIDORES,RESTO DISTRIBUIDORES,"000855-CASA BASTIDA, S.L. ( BLOQ )",0.0,0.0,6.0,0.0,12.0,0.0,0.0,0.0,0.0,0.0,0.0,0.0,0.0,0.0,0.0,0.0,0.0,0.0,0.0,0.0,0.0,36.06,0.0,72.12,0.0,0.0,0.0,0.0,0.0,0.0,0.0,0.0,0.0,0.0,0.0,0.0,0.0,0.0
7823.0,FILABELLA BARRA 1 KG.,DISTRIBUIDORES,RESTO DISTRIBUIDORES,"000865-DISALCON95, S.L.",0.0,6.0,6.0,12.0,6.0,24.0,12.0,6.0,18.0,0.0,6.0,12.0,6.0,0.0,0.0,0.0,0.0,0.0,0.0,0.0,37.8,37.8,75.6,37.8,151.2,75.6,37.8,113.4,0.0,37.8,75.6,37.8,0.0,0.0,0.0,0.0,0.0,0.0
7823.0,FILABELLA BARRA 1 KG.,DISTRIBUIDORES,RESTO DISTRIBUIDORES,000870-COMERCIAL LEÓN ZARAGOZA S.L.,12.0,0.0,12.0,6.0,6.0,12.0,6.0,0.0,12.0,6.0,6.0,6.0,6.0,0.0,18.0,0.0,0.0,0.0,0.0,75.6,0.0,75.6,37.8,37.8,75.6,37.8,0.0,75.6,37.8,37.8,37.8,37.8,0.0,113.4,0.0,0.0,0.0,0.0
7823.0,FILABELLA BARRA 1 KG.,DISTRIBUIDORES,TGT,"000010-TEODORO GARCIA, S.A. ( BLOQ )",0.0,0.0,0.0,0.0,0.0,0.0,0.0,0.0,0.0,0.0,0.0,0.0,0.0,0.0,0.0,0.0,0.0,0.0,0.0,0.0,0.0,0.0,0.0,0.0,0.0,0.0,0.0,0.0,0.0,0.0,0.0,0.0,0.0,0.0,0.0,0.0,0.0,0.0
7823.0,FILABELLA BARRA 1 KG.,DISTRIBUIDORES,TGT,000580-LOGÍSTICA Y TRANSFORMACIÓN LÁCTEA S.L. ( bloq),0.0,0.0,0.0,0.0,0.0,0.0,0.0,0.0,0.0,0.0,0.0,0.0,0.0,0.0,0.0,0.0,0.0,0.0,0.0,0.0,0.0,0.0,0.0,0.0,0.0,0.0,0.0,0.0,0.0,0.0,0.0,0.0,0.0,0.0,0.0,0.0,0.0,0.0
7823.0,FILABELLA BARRA 1 KG.,INDUSTRIALES & FOOD SERVICE,RESTO INDUSTRIALES & FOODSERVICE,000708-CASHDIPLO SLU ( bloq),24.0,36.0,48.0,54.0,36.0,36.0,60.0,0.0,0.0,0.0,0.0,0.0,0.0,0.0,0.0,0.0,0.0,0.0,0.0,160.84,241.27,321.69,361.9,241.26,241.27,402.12,0.0,0.0,0.0,0.0,0.0,0.0,0.0,0.0,0.0,0.0,0.0,0.0
7823.0,FILABELLA BARRA 1 KG.,INDUSTRIALES & FOOD SERVICE,RESTO INDUSTRIALES & FOODSERVICE,"000779-GRUPO SIBUYA, S.L.",720.0,720.0,720.0,1200.0,360.0,960.0,960.0,960.0,960.0,480.0,480.0,960.0,960.0,1020.0,540.0,960.0,420.0,870.0,900.0,4824.72,4824.72,4824.72,8041.2,2412.36,6432.96,6432.96,6432.96,6432.96,3216.48,3216.48,6432.96,6432.96,6835.02,3618.54,6432.96,2814.42,5829.87,6030.9
7823.0,FILABELLA BARRA 1 KG.,INDUSTRIALES & FOOD SERVICE,RESTO INDUSTRIALES & FOODSERVICE,"000828-QUE S LIDER, S.L.",6.0,36.0,42.0,30.0,48.0,24.0,90.0,12.0,24.0,48.0,78.0,156.0,90.0,60.0,0.0,0.0,0.0,0.0,0.0,36.06,216.36,252.42,180.3,288.48,108.18,540.9,72.12,144.24,288.48,468.78,937.56,540.9,360.6,0.0,0.0,0.0,0.0,0.0
7828.0,MOZZARELLA 50 PARTÍ TACOS 2 KG.,CASH & CARRY,MAKRO,000621-MAKRO DISTRIBUCIÓN MAYORISTA SA,2346.0,1860.0,2202.0,2232.0,2310.0,1656.0,2562.0,2838.0,2400.0,1596.0,1428.0,2052.0,1650.0,1380.0,2004.0,2166.0,1788.0,2268.0,2100.0,10808.03,8569.02,10144.62,10282.83,10642.17,7629.18,11803.14,13074.68,11056.79,7352.78,6578.8,9453.57,7601.54,6357.65,9204.8,9978.75,8237.33,10448.68,9674.7
7828.0,MOZZARELLA 50 PARTÍ TACOS 2 KG.,CASH & CARRY,OTROS CASH & CARRY,"000931-TRANSGOURMET IBÉRICA, SAU",0.0,0.0,0.0,0.0,0.0,1260.0,0.0,984.0,1260.0,600.0,0.0,0.0,0.0,0.0,0.0,0.0,0.0,0.0,0.0,0.0,0.0,0.0,0.0,0.0,5077.8,0.0,3965.52,5077.8,2418.0,0.0,0.0,0.0,0.0,0.0,0.0,0.0,0.0,0.0
7828.0,MOZZARELLA 50 PARTÍ TACOS 2 KG.,DISTRIBUIDORES,PROVISIONES SUROESTE,"000879-PROVISIONES SUROESTE, S.L.",1320.0,3600.0,4560.0,4320.0,2880.0,5220.0,6840.0,5760.0,5160.0,4560.0,6000.0,5040.0,3480.0,4380.0,3840.0,6120.0,3480.0,3600.0,5490.0,5175.6,14508.0,18376.8,17409.6,11606.4,21036.6,27565.2,23212.8,20794.8,18376.8,24180.0,20311.2,14024.4,17651.4,15475.2,24663.6,14024.4,14508.0,22124.7
7828.0,MOZZARELLA 50 PARTÍ TACOS 2 KG.,DISTRIBUIDORES,RESTO DISTRIBUIDORES,000636-DISTRILOR S.C.L. (BLOQ),90.0,240.0,210.0,270.0,210.0,240.0,300.0,120.0,0.0,0.0,0.0,0.0,0.0,0.0,0.0,0.0,0.0,0.0,0.0,388.5,1068.0,934.5,1201.5,934.5,1068.0,1377.0,558.0,0.0,0.0,0.0,0.0,0.0,0.0,0.0,0.0,0.0,0.0,0.0
7828.0,MOZZARELLA 50 PARTÍ TACOS 2 KG.,DISTRIBUIDORES,RESTO DISTRIBUIDORES,000642-ESPECIALIDADES DEL OBRADOR S.L. (BLOQ.),0.0,0.0,0.0,0.0,0.0,0.0,0.0,0.0,0.0,0.0,0.0,0.0,0.0,0.0,0.0,0.0,0.0,0.0,0.0,0.0,0.0,0.0,0.0,0.0,0.0,0.0,0.0,0.0,0.0,0.0,0.0,0.0,0.0,0.0,0.0,0.0,0.0,0.0
7828.0,MOZZARELLA 50 PARTÍ TACOS 2 KG.,DISTRIBUIDORES,RESTO DISTRIBUIDORES,000651-COMERGRAN S.L.,210.0,240.0,240.0,300.0,150.0,330.0,90.0,390.0,120.0,180.0,120.0,120.0,150.0,120.0,90.0,90.0,120.0,180.0,60.0,903.0,967.2,967.2,1209.0,604.5,1329.9,362.7,1571.7,483.6,725.4,483.6,483.6,604.5,483.6,362.7,362.7,483.6,725.4,241.8
7828.0,MOZZARELLA 50 PARTÍ TACOS 2 KG.,DISTRIBUIDORES,RESTO DISTRIBUIDORES,000667-MENA ALIMENTARIA S.L.,330.0,300.0,270.0,210.0,420.0,480.0,120.0,180.0,720.0,240.0,150.0,420.0,180.0,360.0,504.0,240.0,420.0,420.0,240.0,1465.5,1365.0,1228.5,955.5,1911.0,2184.0,546.0,819.0,3276.0,1092.0,682.5,1911.0,819.0,1638.0,2293.2,1092.0,1911.0,1911.0,1092.0
7828.0,MOZZARELLA 50 PARTÍ TACOS 2 KG.,DISTRIBUIDORES,RESTO DISTRIBUIDORES,000676-EXCLUSIVAS ALIMENTARIAS 1998 S.L. (BLOQ.),60.0,48.0,78.0,0.0,48.0,30.0,66.0,0.0,30.0,30.0,42.0,30.0,30.0,0.0,0.0,0.0,0.0,0.0,0.0,303.0,247.2,351.0,0.0,216.0,135.0,297.0,0.0,135.0,139.5,195.3,139.5,139.5,0.0,0.0,0.0,0.0,0.0,0.0
7828.0,MOZZARELLA 50 PARTÍ TACOS 2 KG.,DISTRIBUIDORES,RESTO DISTRIBUIDORES,000711-DISTRIBUCIONES J.M. S.A.,1.0,0.0,0.0,0.0,0.0,0.0,0.0,0.0,0.0,0.0,0.0,0.0,0.0,0.0,0.0,0.0,0.0,0.0,0.0,0.0,0.0,0.0,0.0,0.0,0.0,0.0,0.0,0.0,0.0,0.0,0.0,0.0,0.0,0.0,0.0,0.0,0.0,0.0
7828.0,MOZZARELLA 50 PARTÍ TACOS 2 KG.,DISTRIBUIDORES,RESTO DISTRIBUIDORES,000751-PLACOR 2006 S.L.,0.0,0.0,0.0,0.0,0.0,0.0,0.0,0.0,0.0,0.0,0.0,0.0,0.0,0.0,0.0,0.0,0.0,0.0,0.0,0.0,0.0,0.0,0.0,0.0,0.0,0.0,0.0,0.0,0.0,0.0,0.0,0.0,0.0,0.0,0.0,0.0,0.0,0.0
7828.0,MOZZARELLA 50 PARTÍ TACOS 2 KG.,DISTRIBUIDORES,RESTO DISTRIBUIDORES,000776-COMERCIAL DIALVA S.A.,780.0,540.0,780.0,960.0,480.0,840.0,960.0,660.0,720.0,240.0,540.0,900.0,420.0,420.0,900.0,960.0,0.0,720.0,720.0,3095.4,2176.2,3143.4,3868.8,1934.4,3385.2,3868.8,2659.8,2901.6,967.2,2176.2,3627.0,1692.6,1692.6,3627.0,3868.8,0.0,2901.6,2901.6
7828.0,MOZZARELLA 50 PARTÍ TACOS 2 KG.,DISTRIBUIDORES,RESTO DISTRIBUIDORES,"000864-RISCALES ALIMENTACIÓN, S.L.",210.0,498.0,480.0,450.0,630.0,210.0,240.0,462.0,210.0,474.0,480.0,210.0,690.0,0.0,690.0,480.0,240.0,240.0,660.0,892.5,2216.1,2136.0,2002.5,2803.5,934.5,1068.0,2055.9,934.5,2109.3,2136.0,934.5,2780.7,0.0,2780.7,1934.4,967.2,967.2,2659.8
7828.0,MOZZARELLA 50 PARTÍ TACOS 2 KG.,DISTRIBUIDORES,RESTO DISTRIBUIDORES,"000937-SEÑORIO DE ARCE, S.L.",0.0,0.0,0.0,0.0,0.0,0.0,0.0,300.0,420.0,0.0,390.0,330.0,120.0,300.0,420.0,120.0,300.0,420.0,180.0,0.0,0.0,0.0,0.0,0.0,0.0,0.0,1209.0,1692.6,0.0,1571.7,1329.9,483.6,1209.0,1692.6,483.6,1209.0,1692.6,725.4
7828.0,MOZZARELLA 50 PARTÍ TACOS 2 KG.,DISTRIBUIDORES,RESTO DISTRIBUIDORES,000950-GRUP ALIMENTARI DISTECO S.A,0.0,0.0,0.0,0.0,0.0,0.0,0.0,0.0,0.0,0.0,0.0,0.0,0.0,120.0,0.0,0.0,0.0,0.0,0.0,0.0,0.0,0.0,0.0,0.0,0.0,0.0,0.0,0.0,0.0,0.0,0.0,0.0,483.6,0.0,0.0,0.0,0.0,0.0
7828.0,MOZZARELLA 50 PARTÍ TACOS 2 KG.,INDUSTRIALES & FOOD SERVICE,RESTO INDUSTRIALES & FOODSERVICE,000708-CASHDIPLO SLU ( bloq),720.0,540.0,600.0,714.0,840.0,600.0,780.0,0.0,0.0,0.0,0.0,0.0,0.0,0.0,0.0,0.0,0.0,0.0,0.0,3143.52,2438.64,2669.76,3105.9,3773.52,2709.6,3522.48,0.0,0.0,0.0,0.0,0.0,0.0,0.0,0.0,0.0,0.0,0.0,0.0
7828.0,MOZZARELLA 50 PARTÍ TACOS 2 KG.,RETAIL,EUROMADI,"000931-TRANSGOURMET IBÉRICA, SAU",0.0,0.0,0.0,0.0,0.0,0.0,0.0,0.0,0.0,0.0,510.0,60.0,0.0,0.0,0.0,0.0,0.0,0.0,0.0,0.0,0.0,0.0,0.0,0.0,0.0,0.0,0.0,0.0,0.0,2055.3,241.8,0.0,0.0,0.0,0.0,0.0,0.0,0.0
7844.0,RALLADO GRATIN LAFUENTE 1 KG.,DISTRIBUIDORES,PROVISIONES SUROESTE,"000879-PROVISIONES SUROESTE, S.L.",60.0,540.0,120.0,630.0,690.0,840.0,840.0,720.0,900.0,120.0,0.0,0.0,360.0,540.0,360.0,960.0,1020.0,600.0,1080.0,208.8,1879.2,417.6,2192.4,2401.2,2923.2,2923.2,2505.6,3132.0,417.6,0.0,0.0,1252.8,1879.2,1252.8,3340.8,3549.6,2088.0,3758.4
7844.0,RALLADO GRATIN LAFUENTE 1 KG.,DISTRIBUIDORES,RESTO DISTRIBUIDORES,000589-CONVENIENCE FOOD S.L.U.,10.0,10.0,0.0,0.0,10.0,0.0,20.0,100.0,0.0,0.0,10.0,0.0,10.0,0.0,10.0,0.0,10.0,10.0,0.0,36.5,36.5,0.0,0.0,36.5,0.0,73.0,365.0,0.0,0.0,36.5,0.0,36.5,0.0,36.5,0.0,36.5,36.5,0.0
7844.0,RALLADO GRATIN LAFUENTE 1 KG.,DISTRIBUIDORES,RESTO DISTRIBUIDORES,"000643-ORTHIDAL, S.L.",70.0,10.0,120.0,40.0,40.0,10.0,170.0,240.0,130.0,70.0,110.0,190.0,0.0,120.0,170.0,0.0,120.0,60.0,120.0,229.6,34.8,417.6,137.97,139.2,34.8,624.6,907.2,491.4,264.6,415.8,718.2,0.0,466.8,659.8,0.0,466.8,230.88,465.89
7844.0,RALLADO GRATIN LAFUENTE 1 KG.,DISTRIBUIDORES,RESTO DISTRIBUIDORES,000644-COMERCIAL LUIS ROSQUELLAS S.L.,0.0,0.0,0.0,20.0,0.0,0.0,20.0,0.0,20.0,0.0,0.0,20.0,0.0,0.0,20.0,0.0,0.0,0.0,60.0,0.0,0.0,0.0,81.34,0.0,0.0,87.22,0.0,87.22,0.0,0.0,87.22,0.0,0.0,87.22,0.0,0.0,0.0,261.66
7844.0,RALLADO GRATIN LAFUENTE 1 KG.,DISTRIBUIDORES,RESTO DISTRIBUIDORES,000651-COMERGRAN S.L.,10.0,0.0,0.0,0.0,0.0,0.0,0.0,0.0,0.0,0.0,0.0,0.0,10.0,0.0,0.0,0.0,0.0,0.0,0.0,35.5,0.0,0.0,0.0,0.0,0.0,0.0,0.0,0.0,0.0,0.0,0.0,34.8,0.0,0.0,0.0,0.0,0.0,0.0
7844.0,RALLADO GRATIN LAFUENTE 1 KG.,DISTRIBUIDORES,RESTO DISTRIBUIDORES,000654-COMERCIAL PINAMAS S.L.,80.0,90.0,60.0,10.0,40.0,50.0,60.0,90.0,0.0,130.0,0.0,120.0,70.0,150.0,60.0,0.0,60.0,60.0,0.0,320.0,369.0,246.0,41.0,164.0,205.0,264.0,396.0,0.0,572.0,0.0,528.0,308.0,660.0,264.0,0.0,264.0,264.0,0.0
7844.0,RALLADO GRATIN LAFUENTE 1 KG.,DISTRIBUIDORES,RESTO DISTRIBUIDORES,000655-EXCLUSIVAS OMEÑACA SL,110.0,60.0,60.0,30.0,40.0,100.0,0.0,30.0,40.0,70.0,50.0,80.0,20.0,90.0,60.0,60.0,0.0,0.0,0.0,420.5,237.0,237.0,118.5,158.0,395.0,0.0,127.5,170.0,297.5,212.5,340.0,85.0,382.5,255.0,255.0,0.0,0.0,0.0
7844.0,RALLADO GRATIN LAFUENTE 1 KG.,DISTRIBUIDORES,RESTO DISTRIBUIDORES,000667-MENA ALIMENTARIA S.L.,20.0,30.0,20.0,100.0,0.0,90.0,0.0,30.0,30.0,0.0,30.0,60.0,0.0,50.0,40.0,60.0,0.0,0.0,60.0,89.0,133.5,85.0,445.0,0.0,400.5,0.0,142.5,142.5,0.0,142.5,285.0,0.0,237.5,190.0,285.0,0.0,0.0,285.0
7844.0,RALLADO GRATIN LAFUENTE 1 KG.,DISTRIBUIDORES,RESTO DISTRIBUIDORES,000711-DISTRIBUCIONES J.M. S.A.,70.0,0.0,0.0,0.0,0.0,0.0,0.0,0.0,0.0,0.0,0.0,0.0,0.0,0.0,0.0,0.0,0.0,0.0,0.0,239.6,0.0,0.0,0.0,0.0,0.0,0.0,0.0,0.0,0.0,0.0,0.0,0.0,0.0,0.0,0.0,0.0,0.0,0.0
7844.0,RALLADO GRATIN LAFUENTE 1 KG.,DISTRIBUIDORES,RESTO DISTRIBUIDORES,000719-ANGEL IGAL MIÑES ( bloq),0.0,0.0,0.0,0.0,0.0,0.0,0.0,0.0,0.0,0.0,0.0,0.0,0.0,0.0,0.0,0.0,0.0,0.0,0.0,0.0,0.0,0.0,0.0,0.0,0.0,0.0,0.0,0.0,0.0,0.0,0.0,0.0,0.0,0.0,0.0,0.0,0.0,0.0
7844.0,RALLADO GRATIN LAFUENTE 1 KG.,DISTRIBUIDORES,RESTO DISTRIBUIDORES,000725-DISTRIBUCIONES MORERA 2020 S.L.,0.0,10.0,10.0,0.0,0.0,0.0,0.0,0.0,0.0,0.0,0.0,0.0,0.0,0.0,0.0,0.0,0.0,0.0,0.0,0.0,44.5,44.5,0.0,0.0,0.0,0.0,0.0,0.0,0.0,0.0,0.0,0.0,0.0,0.0,0.0,0.0,0.0,0.0
7844.0,RALLADO GRATIN LAFUENTE 1 KG.,DISTRIBUIDORES,RESTO DISTRIBUIDORES,000728-SAN LAMBERTO 2000 SL,80.0,0.0,70.0,60.0,60.0,100.0,0.0,80.0,50.0,50.0,40.0,70.0,20.0,20.0,100.0,120.0,0.0,120.0,40.0,316.0,0.0,276.5,237.0,237.0,395.0,6.0,340.0,212.5,212.5,170.0,297.5,85.0,85.0,425.0,510.0,0.0,510.0,170.0
7844.0,RALLADO GRATIN LAFUENTE 1 KG.,DISTRIBUIDORES,RESTO DISTRIBUIDORES,000776-COMERCIAL DIALVA S.A.,60.0,100.0,60.0,0.0,100.0,40.0,60.0,0.0,140.0,0.0,0.0,80.0,0.0,120.0,280.0,240.0,420.0,240.0,0.0,208.8,348.0,208.8,0.0,348.0,139.2,226.8,0.0,529.2,0.0,0.0,302.4,0.0,453.6,1058.4,907.2,1587.6,907.2,0.0
7844.0,RALLADO GRATIN LAFUENTE 1 KG.,DISTRIBUIDORES,RESTO DISTRIBUIDORES,000789-PALENZUELA DISTRIBUCION 1970 S.L.,0.0,0.0,0.0,0.0,0.0,0.0,0.0,0.0,0.0,0.0,0.0,0.0,0.0,0.0,0.0,0.0,0.0,0.0,0.0,0.0,0.0,0.0,0.0,0.0,0.0,0.0,0.0,0.0,0.0,0.0,0.0,0.0,0.0,0.0,0.0,0.0,0.0,0.0
7844.0,RALLADO GRATIN LAFUENTE 1 KG.,DISTRIBUIDORES,RESTO DISTRIBUIDORES,000815-GLAC S.A.,0.0,70.0,0.0,120.0,0.0,110.0,50.0,100.0,30.0,0.0,0.0,0.0,40.0,0.0,60.0,300.0,0.0,0.0,0.0,0.0,283.5,0.0,486.0,0.0,445.5,217.5,435.0,130.5,0.0,0.0,0.0,151.2,0.0,226.8,1134.0,0.0,0.0,0.0
7844.0,RALLADO GRATIN LAFUENTE 1 KG.,DISTRIBUIDORES,RESTO DISTRIBUIDORES,"000836-DISTRIBUCIONES SERVERA, S.A.",50.0,300.0,100.0,800.0,700.0,1450.0,150.0,850.0,700.0,250.0,0.0,0.0,0.0,90.0,390.0,890.0,400.0,900.0,180.0,164.0,1044.0,348.0,2784.0,2436.0,5046.0,522.0,2958.0,2436.0,945.0,0.0,0.0,0.0,340.2,1474.2,3364.2,1512.0,3402.0,680.4
7844.0,RALLADO GRATIN LAFUENTE 1 KG.,DISTRIBUIDORES,RESTO DISTRIBUIDORES,"000855-CASA BASTIDA, S.L. ( BLOQ )",0.0,0.0,0.0,100.0,0.0,0.0,0.0,0.0,0.0,0.0,0.0,0.0,0.0,0.0,0.0,0.0,0.0,0.0,0.0,0.0,0.0,0.0,348.0,0.0,0.0,0.0,0.0,0.0,0.0,0.0,0.0,0.0,0.0,0.0,0.0,0.0,0.0,0.0
7844.0,RALLADO GRATIN LAFUENTE 1 KG.,DISTRIBUIDORES,RESTO DISTRIBUIDORES,"000857-COR GELAT, S.L.U. ( BLOQ )",0.0,0.0,0.0,0.0,0.0,30.0,0.0,0.0,0.0,0.0,0.0,0.0,0.0,0.0,0.0,0.0,0.0,0.0,0.0,0.0,0.0,0.0,0.0,0.0,104.4,0.0,0.0,0.0,0.0,0.0,0.0,0.0,0.0,0.0,0.0,0.0,0.0,0.0
7844.0,RALLADO GRATIN LAFUENTE 1 KG.,DISTRIBUIDORES,RESTO DISTRIBUIDORES,"000858-COVADUL FAST FOOD, S.L.",0.0,0.0,0.0,0.0,0.0,0.0,0.0,0.0,10.0,0.0,20.0,0.0,0.0,0.0,0.0,0.0,0.0,0.0,0.0,0.0,0.0,0.0,0.0,0.0,0.0,0.0,0.0,37.8,0.0,75.6,0.0,0.0,0.0,0.0,0.0,0.0,0.0,0.0
7844.0,RALLADO GRATIN LAFUENTE 1 KG.,DISTRIBUIDORES,RESTO DISTRIBUIDORES,000870-COMERCIAL LEÓN ZARAGOZA S.L.,50.0,40.0,20.0,100.0,20.0,0.0,30.0,20.0,20.0,90.0,30.0,0.0,20.0,50.0,60.0,0.0,60.0,0.0,0.0,207.5,166.0,83.0,415.0,83.0,0.0,133.5,89.0,89.0,400.5,133.5,0.0,89.0,222.5,267.0,0.0,267.0,0.0,0.0
7844.0,RALLADO GRATIN LAFUENTE 1 KG.,DISTRIBUIDORES,RESTO DISTRIBUIDORES,000950-GRUP ALIMENTARI DISTECO S.A,0.0,0.0,0.0,0.0,0.0,0.0,0.0,0.0,0.0,0.0,20.0,110.0,0.0,70.0,60.0,0.0,10.0,120.0,60.0,0.0,0.0,0.0,0.0,0.0,0.0,0.0,0.0,0.0,0.0,75.6,415.8,0.0,264.6,226.8,0.0,37.8,453.6,226.8
7844.0,RALLADO GRATIN LAFUENTE 1 KG.,DISTRIBUIDORES,RESTO DISTRIBUIDORES,000957-VASCOFRIGO S.L.,0.0,0.0,0.0,0.0,0.0,0.0,0.0,0.0,0.0,0.0,0.0,0.0,120.0,40.0,0.0,0.0,0.0,60.0,0.0,0.0,0.0,0.0,0.0,0.0,0.0,0.0,0.0,0.0,0.0,0.0,0.0,570.0,190.0,0.0,0.0,0.0,285.0,0.0
7844.0,RALLADO GRATIN LAFUENTE 1 KG.,DISTRIBUIDORES,RESTO DISTRIBUIDORES,000987-LPA ALIMENTACION S.L.,0.0,0.0,0.0,0.0,0.0,0.0,0.0,0.0,0.0,0.0,0.0,0.0,0.0,0.0,0.0,0.0,0.0,10.0,0.0,0.0,0.0,0.0,0.0,0.0,0.0,0.0,0.0,0.0,0.0,0.0,0.0,0.0,0.0,0.0,0.0,0.0,37.8,0.0
7844.0,RALLADO GRATIN LAFUENTE 1 KG.,DISTRIBUIDORES,TGT,000580-LOGÍSTICA Y TRANSFORMACIÓN LÁCTEA S.L. ( bloq),0.0,0.0,0.0,0.0,0.0,0.0,0.0,0.0,0.0,0.0,0.0,0.0,0.0,0.0,0.0,0.0,0.0,0.0,0.0,0.0,0.0,0.0,0.0,0.0,0.0,0.0,0.0,0.0,0.0,0.0,0.0,0.0,0.0,0.0,0.0,0.0,0.0,0.0
7844.0,RALLADO GRATIN LAFUENTE 1 KG.,INDUSTRIALES & FOOD SERVICE,RESTO INDUSTRIALES & FOODSERVICE,"000216-VASCOLAC, S.L.",10.0,10.0,10.0,20.0,20.0,10.0,20.0,20.0,40.0,0.0,20.0,10.0,30.0,10.0,20.0,20.0,10.0,20.0,10.0,39.5,39.5,39.5,79.0,79.0,39.5,79.0,79.0,158.0,0.0,79.0,39.5,118.5,39.5,79.0,79.0,39.5,79.0,39.5
7844.0,RALLADO GRATIN LAFUENTE 1 KG.,INDUSTRIALES & FOOD SERVICE,RESTO INDUSTRIALES & FOODSERVICE,"000612-BIDFOOD SPAIN, S.L.U.",0.0,0.0,10.0,10.0,20.0,30.0,0.0,0.0,20.0,50.0,0.0,0.0,30.0,20.0,0.0,50.0,0.0,20.0,40.0,0.0,0.0,46.5,46.5,93.0,139.5,0.0,0.0,99.0,247.5,0.0,0.0,148.5,99.0,0.0,247.5,0.0,99.0,198.0
7844.0,RALLADO GRATIN LAFUENTE 1 KG.,INDUSTRIALES & FOOD SERVICE,RESTO INDUSTRIALES & FOODSERVICE,"000828-QUE S LIDER, S.L.",240.0,0.0,220.0,240.0,0.0,120.0,120.0,100.0,120.0,0.0,100.0,110.0,100.0,60.0,370.0,380.0,240.0,360.0,120.0,811.2,0.0,765.6,835.2,0.0,417.6,453.6,378.0,453.6,0.0,378.0,415.8,378.0,226.8,1398.6,1436.4,907.2,1360.8,453.6
7903.0,SALSA DE CHEDDAR,CASH & CARRY,MAKRO,000621-MAKRO DISTRIBUCIÓN MAYORISTA SA,10194.0,11226.0,11196.0,17850.0,12180.0,13614.0,14460.0,17988.0,16356.0,12924.0,10584.0,13332.0,11664.0,10392.0,16422.0,13350.0,13218.0,15984.0,18732.0,31754.31,34968.99,34875.54,55602.75,37940.7,42407.61,45042.9,56032.62,50948.94,40258.26,32969.16,41529.18,36333.36,32371.08,51154.53,41585.25,41174.07,49790.16,58350.18
7903.0,SALSA DE CHEDDAR,CASH & CARRY,MAKRO,000645-MAKRO CASH & CARRY PORTUGAL S.A.,4650.0,5172.0,5256.0,6996.0,8478.0,9144.0,8484.0,11742.0,7152.0,6228.0,5262.0,6948.0,4542.0,4878.0,5520.0,8346.0,8484.0,9444.0,11106.0,17615.57,19548.13,19447.2,26959.16,32144.51,35600.35,33030.77,45715.14,27123.19,23955.53,20486.54,27050.63,17570.04,17814.26,21491.02,32493.47,33030.77,36768.33,43238.99
7903.0,SALSA DE CHEDDAR,DISTRIBUIDORES,PROVISIONES SUROESTE,"000879-PROVISIONES SUROESTE, S.L.",3000.0,7020.0,10020.0,6360.0,5040.0,5520.0,11670.0,11622.0,8520.0,5580.0,8160.0,5040.0,7320.0,6780.0,8880.0,6180.0,7380.0,8160.0,7920.0,10902.0,25903.8,36973.8,23468.4,18597.6,20368.8,43062.3,42885.18,31438.8,20590.2,30110.4,18597.6,26758.8,24679.2,32323.2,22495.2,26863.2,29702.4,28828.8
7903.0,SALSA DE CHEDDAR,DISTRIBUIDORES,RESTO DISTRIBUIDORES,"000006-LISARDO ISMAEL FERNANDEZ RAMIREZ, S.A. (BLOQ.)",0.0,0.0,0.0,0.0,6.0,0.0,0.0,0.0,0.0,0.0,0.0,0.0,0.0,0.0,0.0,0.0,0.0,0.0,0.0,0.0,0.0,0.0,0.0,23.04,0.0,0.0,0.0,0.0,0.0,0.0,0.0,0.0,0.0,0.0,0.0,0.0,0.0,0.0
7903.0,SALSA DE CHEDDAR,DISTRIBUIDORES,RESTO DISTRIBUIDORES,"000038-LÁCTEOS MENDI, S.L.",252.0,408.0,588.0,504.0,480.0,540.0,450.0,480.0,600.0,600.0,420.0,450.0,450.0,690.0,510.0,480.0,540.0,600.0,360.0,986.4,1632.0,2352.0,2016.0,1882.8,1992.6,1660.5,1771.2,2214.0,2214.0,1549.8,1660.5,1660.5,2546.1,1881.9,1771.2,1992.6,2214.0,1328.4
7903.0,SALSA DE CHEDDAR,DISTRIBUIDORES,RESTO DISTRIBUIDORES,"000247-FADIS ALIMENTACION, S.L.",228.0,240.0,108.0,204.0,264.0,180.0,240.0,378.0,144.0,246.0,108.0,156.0,156.0,168.0,240.0,120.0,180.0,60.0,300.0,954.91,1034.88,465.69,879.65,1138.36,776.16,1034.88,1497.94,620.93,1060.75,465.7,672.67,672.67,724.42,1034.88,517.44,776.16,258.72,1293.6
7903.0,SALSA DE CHEDDAR,DISTRIBUIDORES,RESTO DISTRIBUIDORES,000589-CONVENIENCE FOOD S.L.U.,798.0,564.0,624.0,996.0,564.0,654.0,936.0,996.0,564.0,642.0,288.0,822.0,570.0,654.0,852.0,600.0,546.0,714.0,852.0,2780.32,2054.08,2272.6,3627.42,2054.08,2381.86,3408.9,3627.42,2054.08,2338.16,1048.9,2993.74,2075.94,2381.86,3102.99,2185.2,1988.53,2600.38,3102.98
7903.0,SALSA DE CHEDDAR,DISTRIBUIDORES,RESTO DISTRIBUIDORES,"000643-ORTHIDAL, S.L.",2580.0,1980.0,2280.0,2460.0,2136.0,1080.0,4248.0,1380.0,990.0,1290.0,1230.0,768.0,780.0,624.0,1500.0,540.0,984.0,1188.0,1398.0,8994.94,7296.97,8411.86,9077.4,7881.84,3903.97,15675.12,5092.2,3653.1,4760.1,4538.7,2833.92,2877.73,2370.97,5694.88,2052.0,3739.2,4507.7,5312.4
7903.0,SALSA DE CHEDDAR,DISTRIBUIDORES,RESTO DISTRIBUIDORES,000644-COMERCIAL LUIS ROSQUELLAS S.L.,0.0,0.0,0.0,0.0,6.0,0.0,6.0,0.0,6.0,0.0,0.0,0.0,0.0,0.0,0.0,0.0,6.0,0.0,0.0,0.0,0.0,0.0,0.0,23.4,0.0,23.4,0.0,23.4,0.0,0.0,0.0,0.0,0.0,0.0,0.0,21.7,0.0,0.0
7903.0,SALSA DE CHEDDAR,DISTRIBUIDORES,RESTO DISTRIBUIDORES,"000646-EL ESPEJO HOSTELERO, S.A.",780.0,180.0,390.0,660.0,600.0,480.0,780.0,540.0,720.0,420.0,390.0,720.0,450.0,330.0,540.0,480.0,600.0,480.0,360.0,2964.0,747.0,1618.5,2739.0,2490.0,1992.0,3237.0,2241.0,2988.0,1743.0,1618.5,2988.0,1867.5,1369.5,2241.0,1992.0,2400.0,1992.0,1494.0
7903.0,SALSA DE CHEDDAR,DISTRIBUIDORES,RESTO DISTRIBUIDORES,000651-COMERGRAN S.L.,0.0,24.0,24.0,24.0,0.0,18.0,0.0,0.0,60.0,30.0,90.0,90.0,120.0,90.0,180.0,120.0,240.0,120.0,120.0,0.0,88.56,88.56,88.56,0.0,66.42,0.0,0.0,221.4,110.7,332.1,332.1,439.8,327.6,655.2,436.8,873.6,436.8,436.8
7903.0,SALSA DE CHEDDAR,DISTRIBUIDORES,RESTO DISTRIBUIDORES,000654-COMERCIAL PINAMAS S.L.,180.0,246.0,156.0,78.0,36.0,114.0,132.0,294.0,0.0,78.0,108.0,126.0,54.0,126.0,84.0,120.0,180.0,180.0,60.0,675.0,971.7,616.2,308.1,142.2,450.3,521.4,1161.3,0.0,308.1,426.6,497.7,213.3,497.7,331.8,474.0,711.0,711.0,237.0
7903.0,SALSA DE CHEDDAR,DISTRIBUIDORES,RESTO DISTRIBUIDORES,000664-CARLOS ALBERTO LUIS CEJUDO,54.0,72.0,36.0,54.0,48.0,120.0,18.0,36.0,66.0,54.0,90.0,24.0,36.0,0.0,0.0,0.0,0.0,0.0,0.0,213.3,298.8,149.4,224.1,199.2,498.0,74.7,149.4,273.9,224.1,373.5,99.6,149.4,0.0,0.0,0.0,0.0,0.0,0.0
7903.0,SALSA DE CHEDDAR,DISTRIBUIDORES,RESTO DISTRIBUIDORES,000667-MENA ALIMENTARIA S.L.,0.0,24.0,0.0,6.0,36.0,48.0,60.0,60.0,0.0,0.0,30.0,36.0,18.0,36.0,24.0,0.0,60.0,60.0,0.0,0.0,95.52,0.0,23.88,143.28,191.04,226.86,238.8,0.0,0.0,119.4,143.28,71.64,143.28,95.52,0.0,238.8,238.8,0.0
7903.0,SALSA DE CHEDDAR,DISTRIBUIDORES,RESTO DISTRIBUIDORES,"000675-CORPORACIÓN LÁCTEA DEL NORTE, S.L.",390.0,120.0,360.0,660.0,660.0,480.0,780.0,540.0,600.0,180.0,480.0,420.0,240.0,270.0,270.0,420.0,360.0,360.0,480.0,1444.98,453.84,1361.52,2496.12,2364.12,1815.36,2949.96,2042.28,2269.2,680.76,1815.36,1588.44,907.68,1021.14,1021.14,1588.44,1361.52,1361.52,1815.36
7903.0,SALSA DE CHEDDAR,DISTRIBUIDORES,RESTO DISTRIBUIDORES,000679-SPANISH CHEESE S.L.U.,0.0,0.0,0.0,0.0,0.0,0.0,0.0,0.0,0.0,0.0,0.0,0.0,0.0,0.0,0.0,0.0,0.0,840.0,0.0,0.0,0.0,0.0,0.0,0.0,0.0,0.0,0.0,0.0,0.0,0.0,0.0,0.0,0.0,0.0,0.0,0.0,0.0,0.0
7903.0,SALSA DE CHEDDAR,DISTRIBUIDORES,RESTO DISTRIBUIDORES,"000709-DISTRIBUCIONES MONTEVERDE, S.L.U. ( BLOQ)",60.0,72.0,114.0,66.0,144.0,156.0,150.0,-66.0,0.0,0.0,0.0,0.0,0.0,0.0,0.0,0.0,0.0,0.0,0.0,243.0,306.0,484.5,280.5,612.0,663.0,637.5,-280.5,0.0,0.0,0.0,0.0,0.0,0.0,0.0,0.0,0.0,0.0,0.0
7903.0,SALSA DE CHEDDAR,DISTRIBUIDORES,RESTO DISTRIBUIDORES,"000710-SELECCIO REGISA, S.L.",0.0,0.0,0.0,84.0,114.0,468.0,462.0,300.0,270.0,180.0,72.0,48.0,108.0,48.0,144.0,300.0,420.0,480.0,360.0,0.0,0.0,0.0,336.0,456.0,1872.0,1848.0,1200.0,1080.0,720.0,288.0,184.56,398.52,177.12,531.36,1107.0,1549.8,1771.2,1328.4
7903.0,SALSA DE CHEDDAR,DISTRIBUIDORES,RESTO DISTRIBUIDORES,000711-DISTRIBUCIONES J.M. S.A.,240.0,240.0,300.0,510.0,390.0,540.0,480.0,570.0,420.0,186.0,246.0,390.0,150.0,228.0,558.0,300.0,180.0,570.0,300.0,867.6,885.6,1107.0,1881.9,1439.1,1992.6,1771.2,2103.3,1549.8,686.34,907.74,1439.1,553.5,841.32,2059.02,1107.0,664.2,2103.3,1107.0
7903.0,SALSA DE CHEDDAR,DISTRIBUIDORES,RESTO DISTRIBUIDORES,"000718-DISTRIBUCIONES ALIMENTICIAS SALOM, S.L. ( BLOQ )",0.0,0.0,0.0,0.0,0.0,0.0,0.0,0.0,0.0,0.0,0.0,0.0,0.0,0.0,0.0,0.0,0.0,0.0,0.0,0.0,0.0,0.0,0.0,0.0,0.0,0.0,0.0,0.0,0.0,0.0,0.0,0.0,0.0,0.0,0.0,0.0,0.0,0.0
7903.0,SALSA DE CHEDDAR,DISTRIBUIDORES,RESTO DISTRIBUIDORES,000728-SAN LAMBERTO 2000 SL,384.0,336.0,312.0,432.0,312.0,588.0,348.0,480.0,504.0,360.0,144.0,396.0,360.0,288.0,456.0,420.0,360.0,480.0,600.0,1504.8,1344.0,1248.0,1728.0,1248.0,2352.0,1392.0,1920.0,2016.0,1440.0,576.0,1584.0,1440.0,1152.0,1824.0,1680.0,1440.0,1920.0,2400.0
7903.0,SALSA DE CHEDDAR,DISTRIBUIDORES,RESTO DISTRIBUIDORES,000751-PLACOR 2006 S.L.,60.0,60.0,60.0,120.0,-6.0,120.0,0.0,60.0,90.0,0.0,0.0,72.0,120.0,0.0,0.0,60.0,0.0,60.0,60.0,241.78,253.73,253.73,507.46,-25.37,507.45,0.0,253.73,380.59,0.0,0.0,304.47,507.45,0.0,0.0,253.73,0.0,253.73,253.73
7903.0,SALSA DE CHEDDAR,DISTRIBUIDORES,RESTO DISTRIBUIDORES,"000763-BENIBALDO, S.A.U. (BLOQ.)",180.0,0.0,60.0,300.0,432.0,390.0,312.0,288.0,420.0,420.0,132.0,432.0,396.0,240.0,480.0,420.0,300.0,0.0,0.0,675.0,0.0,237.0,1185.0,1706.4,1540.5,1232.4,1137.6,1659.0,1659.0,521.4,1706.4,1564.2,948.0,1896.0,1659.0,1185.0,0.0,0.0
7903.0,SALSA DE CHEDDAR,DISTRIBUIDORES,RESTO DISTRIBUIDORES,000776-COMERCIAL DIALVA S.A.,660.0,600.0,1080.0,600.0,480.0,1020.0,960.0,900.0,660.0,600.0,420.0,1080.0,180.0,780.0,840.0,660.0,420.0,960.0,960.0,2387.88,2214.0,3985.2,2214.0,1771.2,3763.8,3542.4,3321.0,2435.4,2214.0,1549.8,3985.2,664.2,2878.2,3099.6,2435.4,1549.8,3542.4,3542.4
7903.0,SALSA DE CHEDDAR,DISTRIBUIDORES,RESTO DISTRIBUIDORES,000789-PALENZUELA DISTRIBUCION 1970 S.L.,6.0,6.0,18.0,18.0,18.0,6.0,6.0,18.0,18.0,18.0,42.0,0.0,0.0,0.0,0.0,0.0,0.0,0.0,0.0,25.5,25.5,76.5,76.5,76.5,25.5,25.5,76.5,76.5,76.5,178.5,0.0,0.0,0.0,0.0,0.0,0.0,0.0,0.0
7903.0,SALSA DE CHEDDAR,DISTRIBUIDORES,RESTO DISTRIBUIDORES,000790-PALENZUELA LOGISTICA S.L.,12.0,0.0,12.0,12.0,48.0,192.0,6.0,126.0,6.0,6.0,0.0,0.0,0.0,0.0,0.0,0.0,60.0,120.0,120.0,48.6,0.0,51.0,51.0,204.0,816.0,25.5,535.5,25.5,25.5,0.0,0.0,0.0,0.0,0.0,0.0,255.0,510.0,510.0
7903.0,SALSA DE CHEDDAR,DISTRIBUIDORES,RESTO DISTRIBUIDORES,000791-CAZALEN S.L. (BLOQ.),78.0,84.0,6.0,54.0,30.0,0.0,0.0,0.0,0.0,0.0,0.0,0.0,0.0,0.0,0.0,0.0,0.0,0.0,0.0,300.3,340.2,24.3,218.7,121.5,0.0,0.0,0.0,0.0,0.0,0.0,0.0,0.0,0.0,0.0,0.0,0.0,0.0,0.0
7903.0,SALSA DE CHEDDAR,DISTRIBUIDORES,RESTO DISTRIBUIDORES,"000806-CUSTODIO MARTÍN LÓPEZ, S.L.",0.0,0.0,0.0,0.0,0.0,0.0,0.0,0.0,0.0,0.0,60.0,0.0,0.0,0.0,0.0,0.0,0.0,0.0,0.0,0.0,0.0,0.0,0.0,0.0,0.0,0.0,0.0,0.0,0.0,238.8,0.0,0.0,0.0,0.0,0.0,0.0,0.0,0.0
7903.0,SALSA DE CHEDDAR,DISTRIBUIDORES,RESTO DISTRIBUIDORES,000815-GLAC S.A.,0.0,60.0,90.0,216.0,114.0,492.0,270.0,552.0,60.0,48.0,0.0,30.0,36.0,54.0,60.0,120.0,300.0,240.0,180.0,0.0,237.0,355.5,853.2,450.3,1943.4,1066.5,2180.4,237.0,189.6,0.0,110.76,132.91,199.37,221.52,443.04,1107.6,886.08,664.56
7903.0,SALSA DE CHEDDAR,DISTRIBUIDORES,RESTO DISTRIBUIDORES,000821-A.BASARRATE S.A.,600.0,420.0,468.0,558.0,330.0,540.0,474.0,438.0,360.0,168.0,414.0,534.0,330.0,150.0,546.0,240.0,180.0,240.0,420.0,2298.0,1659.0,1374.6,2204.1,1303.5,2133.0,1872.3,1730.1,1422.0,663.6,1635.3,2109.3,1303.5,592.5,2156.7,948.0,711.0,948.0,1659.0
7903.0,SALSA DE CHEDDAR,DISTRIBUIDORES,RESTO DISTRIBUIDORES,000826-IVAN DIEZ GARCIA (BLOQ.),48.0,24.0,66.0,36.0,30.0,0.0,0.0,0.0,0.0,0.0,0.0,0.0,0.0,0.0,0.0,0.0,0.0,0.0,0.0,194.4,102.0,280.5,153.0,127.5,0.0,0.0,0.0,0.0,0.0,0.0,0.0,0.0,0.0,0.0,0.0,0.0,0.0,0.0
7903.0,SALSA DE CHEDDAR,DISTRIBUIDORES,RESTO DISTRIBUIDORES,000832-FRIPASTUR S.L.,0.0,0.0,0.0,0.0,120.0,360.0,420.0,0.0,0.0,0.0,0.0,0.0,0.0,0.0,0.0,840.0,840.0,0.0,420.0,0.0,0.0,0.0,0.0,534.0,1602.0,1869.0,0.0,0.0,0.0,0.0,0.0,0.0,0.0,0.0,3192.0,3192.0,0.0,1596.0
7903.0,SALSA DE CHEDDAR,DISTRIBUIDORES,RESTO DISTRIBUIDORES,000835-MONICA GIRON VALENCIA (BLOQ.),36.0,0.0,0.0,0.0,0.0,0.0,0.0,0.0,0.0,0.0,0.0,0.0,0.0,0.0,0.0,0.0,0.0,0.0,0.0,153.0,0.0,0.0,0.0,0.0,0.0,0.0,0.0,0.0,0.0,0.0,0.0,0.0,0.0,0.0,0.0,0.0,0.0,0.0
7903.0,SALSA DE CHEDDAR,DISTRIBUIDORES,RESTO DISTRIBUIDORES,"000836-DISTRIBUCIONES SERVERA, S.A.",60.0,132.0,108.0,270.0,240.0,630.0,366.0,720.0,0.0,60.0,0.0,42.0,12.0,84.0,258.0,456.0,276.0,840.0,240.0,213.0,487.08,398.52,996.3,885.6,2324.7,1350.54,2656.8,0.0,221.4,0.0,154.98,44.28,309.96,952.02,1682.64,1018.44,3099.6,885.6
7903.0,SALSA DE CHEDDAR,DISTRIBUIDORES,RESTO DISTRIBUIDORES,"000854-EL CONCHEL D´GUSTO, S.L.U. (BLOQ.)",69.0,66.0,168.0,0.0,0.0,0.0,0.0,0.0,0.0,0.0,0.0,0.0,0.0,0.0,0.0,0.0,0.0,0.0,0.0,274.62,262.68,668.64,0.0,0.0,0.0,0.0,0.0,0.0,0.0,0.0,0.0,0.0,0.0,0.0,0.0,0.0,0.0,0.0
7903.0,SALSA DE CHEDDAR,DISTRIBUIDORES,RESTO DISTRIBUIDORES,"000855-CASA BASTIDA, S.L. ( BLOQ )",0.0,0.0,6.0,108.0,156.0,276.0,300.0,180.0,0.0,0.0,0.0,0.0,0.0,0.0,0.0,0.0,0.0,0.0,0.0,0.0,0.0,22.14,398.52,575.64,1018.44,1107.0,664.2,0.0,0.0,0.0,0.0,0.0,0.0,0.0,0.0,0.0,0.0,0.0
7903.0,SALSA DE CHEDDAR,DISTRIBUIDORES,RESTO DISTRIBUIDORES,"000858-COVADUL FAST FOOD, S.L.",123.0,216.0,276.0,204.0,192.0,426.0,204.0,204.0,294.0,252.0,270.0,366.0,342.0,300.0,330.0,300.0,480.0,420.0,420.0,429.27,797.04,1018.44,752.76,708.48,1571.94,752.76,752.76,1084.86,929.88,996.3,1350.54,1261.98,1107.0,1217.7,1107.0,1771.2,1549.8,1549.8
7903.0,SALSA DE CHEDDAR,DISTRIBUIDORES,RESTO DISTRIBUIDORES,"000864-RISCALES ALIMENTACIÓN, S.L.",6.0,12.0,12.0,18.0,24.0,84.0,306.0,84.0,72.0,240.0,120.0,228.0,150.0,264.0,90.0,156.0,120.0,60.0,120.0,23.88,47.76,47.76,71.64,95.52,334.32,1217.88,334.32,286.56,955.2,477.6,859.07,553.52,974.16,332.1,575.64,442.8,221.4,442.8
7903.0,SALSA DE CHEDDAR,DISTRIBUIDORES,RESTO DISTRIBUIDORES,"000865-DISALCON95, S.L.",36.0,12.0,12.0,48.0,36.0,84.0,0.0,90.0,30.0,60.0,48.0,84.0,72.0,60.0,60.0,60.0,120.0,60.0,60.0,143.28,47.76,47.76,191.04,143.28,334.32,0.0,358.2,119.4,238.8,191.04,334.32,286.56,238.8,238.8,238.8,477.6,238.8,238.8
7903.0,SALSA DE CHEDDAR,DISTRIBUIDORES,RESTO DISTRIBUIDORES,"000868-CODILEX ALIMENTACIÓN TRADICIONAL, S.L.",114.0,180.0,54.0,198.0,30.0,138.0,114.0,150.0,180.0,18.0,60.0,60.0,30.0,78.0,120.0,120.0,60.0,210.0,60.0,438.12,716.4,214.92,788.04,119.4,549.24,453.72,477.6,716.4,71.64,238.8,238.8,119.4,310.44,477.6,477.6,238.8,835.8,238.8
7903.0,SALSA DE CHEDDAR,DISTRIBUIDORES,RESTO DISTRIBUIDORES,000870-COMERCIAL LEÓN ZARAGOZA S.L.,36.0,78.0,90.0,84.0,72.0,72.0,36.0,60.0,18.0,48.0,54.0,54.0,24.0,84.0,84.0,60.0,60.0,120.0,0.0,136.08,310.44,358.2,334.32,286.56,286.56,143.28,238.8,71.64,191.04,214.92,214.92,95.52,334.32,334.32,238.8,238.8,477.6,0.0
7903.0,SALSA DE CHEDDAR,DISTRIBUIDORES,RESTO DISTRIBUIDORES,"000898-JOSÉ XARGAYÓ, S.A. (BLOQ )",60.0,0.0,60.0,60.0,0.0,0.0,0.0,0.0,0.0,0.0,0.0,0.0,0.0,0.0,0.0,0.0,0.0,0.0,0.0,255.0,0.0,255.0,255.0,0.0,0.0,0.0,0.0,0.0,0.0,0.0,0.0,0.0,0.0,0.0,0.0,0.0,0.0,0.0
7903.0,SALSA DE CHEDDAR,DISTRIBUIDORES,RESTO DISTRIBUIDORES,000916-SERVICHEF GASTRONOMÍA S.L.,0.0,18.0,0.0,90.0,0.0,0.0,60.0,1.0,0.0,0.0,0.0,0.0,0.0,0.0,0.0,0.0,0.0,0.0,0.0,0.0,71.64,0.0,358.2,0.0,0.0,238.8,0.0,0.0,0.0,0.0,0.0,0.0,0.0,0.0,0.0,0.0,0.0,0.0
7903.0,SALSA DE CHEDDAR,DISTRIBUIDORES,RESTO DISTRIBUIDORES,000921-DISCONFA ALIMENTACION SL,0.0,42.0,-24.0,0.0,0.0,0.0,0.0,0.0,0.0,0.0,0.0,0.0,0.0,0.0,0.0,0.0,0.0,0.0,0.0,0.0,167.16,-95.52,0.0,0.0,0.0,0.0,0.0,0.0,0.0,0.0,0.0,0.0,0.0,0.0,0.0,0.0,0.0,0.0
7903.0,SALSA DE CHEDDAR,DISTRIBUIDORES,RESTO DISTRIBUIDORES,000928-SECUNDINO DOCAMPO S.L.,0.0,0.0,0.0,0.0,0.0,0.0,0.0,0.0,0.0,60.0,18.0,0.0,0.0,0.0,60.0,0.0,0.0,0.0,0.0,0.0,0.0,0.0,0.0,0.0,0.0,0.0,0.0,0.0,255.0,76.5,0.0,0.0,0.0,255.0,0.0,0.0,0.0,0.0
7903.0,SALSA DE CHEDDAR,DISTRIBUIDORES,RESTO DISTRIBUIDORES,"000937-SEÑORIO DE ARCE, S.L.",0.0,0.0,0.0,0.0,0.0,0.0,0.0,0.0,0.0,0.0,72.0,0.0,0.0,0.0,0.0,0.0,0.0,0.0,0.0,0.0,0.0,0.0,0.0,0.0,0.0,0.0,0.0,0.0,0.0,265.68,0.0,0.0,0.0,0.0,0.0,0.0,0.0,0.0
7903.0,SALSA DE CHEDDAR,DISTRIBUIDORES,RESTO DISTRIBUIDORES,"000946-LLUIS CANADELL, S.L.U.",0.0,0.0,0.0,0.0,0.0,0.0,0.0,0.0,0.0,0.0,0.0,0.0,0.0,0.0,12.0,0.0,0.0,0.0,0.0,0.0,0.0,0.0,0.0,0.0,0.0,0.0,0.0,0.0,0.0,0.0,0.0,0.0,0.0,44.3,0.0,0.0,0.0,0.0
7903.0,SALSA DE CHEDDAR,DISTRIBUIDORES,RESTO DISTRIBUIDORES,000950-GRUP ALIMENTARI DISTECO S.A,0.0,0.0,0.0,0.0,0.0,0.0,0.0,0.0,0.0,0.0,90.0,750.0,1080.0,450.0,900.0,600.0,660.0,900.0,480.0,0.0,0.0,0.0,0.0,0.0,0.0,0.0,0.0,0.0,0.0,332.1,2767.5,3985.2,1660.5,3321.0,2214.0,2435.4,3321.0,1771.2
7903.0,SALSA DE CHEDDAR,DISTRIBUIDORES,RESTO DISTRIBUIDORES,000957-VASCOFRIGO S.L.,0.0,0.0,0.0,0.0,0.0,0.0,0.0,0.0,0.0,0.0,0.0,0.0,126.0,90.0,120.0,240.0,360.0,60.0,300.0,0.0,0.0,0.0,0.0,0.0,0.0,0.0,0.0,0.0,0.0,0.0,0.0,497.7,355.5,474.0,948.0,1422.0,237.0,1185.0
7903.0,SALSA DE CHEDDAR,DISTRIBUIDORES,RESTO DISTRIBUIDORES,000983-DISHORE S.L.,0.0,0.0,0.0,0.0,0.0,0.0,0.0,0.0,0.0,0.0,0.0,0.0,0.0,0.0,0.0,0.0,0.0,0.0,120.0,0.0,0.0,0.0,0.0,0.0,0.0,0.0,0.0,0.0,0.0,0.0,0.0,0.0,0.0,0.0,0.0,0.0,0.0,477.84
7903.0,SALSA DE CHEDDAR,DISTRIBUIDORES,RESTO DISTRIBUIDORES,000987-LPA ALIMENTACION S.L.,0.0,0.0,0.0,0.0,0.0,0.0,0.0,0.0,0.0,0.0,0.0,0.0,0.0,0.0,0.0,0.0,0.0,660.0,60.0,0.0,0.0,0.0,0.0,0.0,0.0,0.0,0.0,0.0,0.0,0.0,0.0,0.0,0.0,0.0,0.0,0.0,2436.72,221.52
7903.0,SALSA DE CHEDDAR,EXPORT,RESTO EXPORT,000800-SEGREDOS IBÉRICOS COMERCIALIZACAO E,300.0,0.0,300.0,0.0,300.0,300.0,300.0,600.0,0.0,0.0,300.0,0.0,300.0,0.0,300.0,300.0,0.0,300.0,300.0,1265.7,0.0,1325.7,0.0,1325.7,1325.7,1326.0,2651.4,0.0,0.0,1325.7,0.0,1325.7,0.0,1326.0,1326.0,0.0,1326.0,1326.0
7903.0,SALSA DE CHEDDAR,EXPORT,RESTO EXPORT,"000801-ALEXANDRINO PEREIRA & SILVA PEREIRA, LDA ( BLOQ)",0.0,0.0,0.0,0.0,0.0,0.0,0.0,0.0,0.0,0.0,0.0,0.0,0.0,0.0,0.0,0.0,0.0,0.0,0.0,0.0,0.0,0.0,0.0,0.0,0.0,0.0,0.0,0.0,0.0,0.0,0.0,0.0,0.0,0.0,0.0,0.0,0.0,0.0
7903.0,SALSA DE CHEDDAR,EXPORT,RESTO EXPORT,"000810-OSFAMA - DISTRIBUICAO, IMPORTACAO E EXPORTACAO",300.0,420.0,0.0,420.0,420.0,420.0,0.0,420.0,420.0,0.0,420.0,420.0,0.0,420.0,420.0,-3.0,420.0,420.0,420.0,1265.7,1771.98,0.0,1855.98,1855.98,1856.4,0.0,1855.98,1856.4,0.0,1855.98,1856.4,0.0,1856.4,1856.4,-13.26,1856.4,1856.4,1856.4
7903.0,SALSA DE CHEDDAR,EXPORT,RESTO EXPORT,"000837-DREAM PLUS, Comércio e Distribuição",0.0,300.0,600.0,300.0,300.0,300.0,0.0,300.0,300.0,300.0,300.0,300.0,0.0,300.0,300.0,300.0,600.0,300.0,600.0,0.0,1265.7,2651.4,1325.7,1325.7,1325.7,0.0,1325.7,1325.7,1325.7,1325.7,1325.7,0.0,1325.7,1325.7,1325.7,2651.4,1325.7,2651.4
7903.0,SALSA DE CHEDDAR,INDUSTRIALES & FOOD SERVICE,INTERPROVEEDORES,000443-FRESCOS Y  ELABORADOS DELISANO  S.A.U.,60.0,60.0,0.0,0.0,0.0,0.0,0.0,0.0,0.0,0.0,0.0,0.0,0.0,0.0,0.0,0.0,0.0,0.0,0.0,209.4,209.4,0.0,0.0,0.0,0.0,0.0,0.0,0.0,0.0,0.0,0.0,0.0,0.0,0.0,0.0,0.0,0.0,0.0
7903.0,SALSA DE CHEDDAR,INDUSTRIALES & FOOD SERVICE,RESTO INDUSTRIALES & FOODSERVICE,"000612-BIDFOOD SPAIN, S.L.U.",0.0,0.0,0.0,0.0,0.0,0.0,0.0,0.0,0.0,0.0,0.0,0.0,0.0,0.0,0.0,0.0,0.0,0.0,0.0,0.0,0.0,0.0,0.0,0.0,0.0,0.0,0.0,0.0,0.0,0.0,0.0,0.0,0.0,0.0,0.0,0.0,0.0,0.0
7903.0,SALSA DE CHEDDAR,INDUSTRIALES & FOOD SERVICE,RESTO INDUSTRIALES & FOODSERVICE,000629-MALVON FACTORY S.L.,660.0,408.0,360.0,426.0,684.0,246.0,306.0,612.0,216.0,504.0,282.0,360.0,300.0,702.0,600.0,300.0,0.0,600.0,300.0,2475.0,1530.0,1350.0,1597.5,2565.0,922.5,1147.5,2295.0,810.0,1890.0,1057.5,1350.0,1125.0,2632.5,2250.0,1125.0,0.0,2250.0,1125.0
7903.0,SALSA DE CHEDDAR,INDUSTRIALES & FOOD SERVICE,RESTO INDUSTRIALES & FOODSERVICE,"000828-QUE S LIDER, S.L.",240.0,132.0,348.0,324.0,324.0,648.0,540.0,324.0,360.0,120.0,240.0,390.0,240.0,180.0,360.0,450.0,360.0,540.0,360.0,861.6,487.08,1284.12,1195.56,1195.56,2391.12,1992.6,1195.56,1328.4,442.8,885.6,1439.1,885.6,664.2,1328.4,1660.5,1328.4,1992.6,1328.4
7903.0,SALSA DE CHEDDAR,INDUSTRIALES & FOOD SERVICE,RESTO INDUSTRIALES & FOODSERVICE,"000833-HAVI LOGISTIC FSL, S.L. ( BLOQ)",1860.0,0.0,0.0,0.0,0.0,0.0,0.0,0.0,0.0,0.0,0.0,0.0,0.0,0.0,0.0,0.0,0.0,0.0,0.0,6242.4,0.0,0.0,0.0,0.0,0.0,0.0,0.0,0.0,0.0,0.0,0.0,0.0,0.0,0.0,0.0,0.0,0.0,0.0
7903.0,SALSA DE CHEDDAR,INDUSTRIALES & FOOD SERVICE,RESTO INDUSTRIALES & FOODSERVICE,"000888-EL DUO HARINERO, S.A. (BLOQ.)",0.0,96.0,192.0,144.0,0.0,90.0,246.0,60.0,72.0,60.0,12.0,0.0,0.0,0.0,0.0,0.0,0.0,0.0,0.0,0.0,382.08,764.16,573.12,0.0,358.2,979.08,238.8,286.56,238.8,47.76,0.0,0.0,0.0,0.0,0.0,0.0,0.0,0.0
7903.0,SALSA DE CHEDDAR,INDUSTRIALES & FOOD SERVICE,RESTO INDUSTRIALES & FOODSERVICE,000948-GONAMA ALIMENTACION SL,0.0,0.0,0.0,0.0,0.0,0.0,0.0,0.0,0.0,0.0,0.0,0.0,0.0,0.0,0.0,0.0,0.0,0.0,204.0,0.0,0.0,0.0,0.0,0.0,0.0,0.0,0.0,0.0,0.0,0.0,0.0,0.0,0.0,0.0,0.0,0.0,0.0,754.8
7903.0,SALSA DE CHEDDAR,RETAIL,EUROMADI,"000512-TRANSGOURMET IBÉRICA, SAU",0.0,0.0,0.0,0.0,0.0,0.0,0.0,0.0,0.0,0.0,0.0,0.0,0.0,0.0,0.0,0.0,0.0,0.0,0.0,0.0,0.0,0.0,0.0,0.0,0.0,0.0,0.0,0.0,0.0,0.0,0.0,0.0,0.0,0.0,0.0,0.0,0.0,0.0
7903.0,SALSA DE CHEDDAR,RETAIL,EUROMADI,"000931-TRANSGOURMET IBÉRICA, SAU",0.0,0.0,0.0,0.0,0.0,0.0,0.0,0.0,0.0,0.0,0.0,0.0,840.0,210.0,594.0,438.0,372.0,684.0,786.0,0.0,0.0,0.0,0.0,0.0,0.0,0.0,0.0,0.0,0.0,0.0,0.0,3343.2,835.8,2364.12,1743.24,1480.56,2722.32,3128.28
7908.0,8637 LONCHAS ESPECIAL SANDWICH 1 KG.,INDUSTRIALES & FOOD SERVICE,RESTO INDUSTRIALES & FOODSERVICE,000003-CAMPOFRIO FOOD GROUP S.A.,10764.0,9828.0,8424.0,12636.0,10944.0,8892.0,14488.0,13104.0,5616.0,10764.0,9828.0,12636.0,11232.0,7956.0,12636.0,8868.0,10876.0,10048.0,11700.0,45208.8,41277.6,35380.8,53071.2,45964.8,37346.4,60849.6,55036.8,23587.2,45208.8,41277.6,53071.2,47174.4,33415.2,53071.2,37245.6,45679.2,42201.6,49140.0
7913.0,CREMA DE RONCARI BLUE 125 G.,DISTRIBUIDORES,TGT,"000010-TEODORO GARCIA, S.A. ( BLOQ )",0.0,0.0,0.0,0.0,0.0,0.0,0.0,0.0,0.0,0.0,0.0,0.0,0.0,0.0,0.0,0.0,0.0,0.0,0.0,0.0,0.0,0.0,0.0,0.0,0.0,0.0,0.0,0.0,0.0,0.0,0.0,0.0,0.0,0.0,0.0,0.0,0.0,0.0
7913.0,CREMA DE RONCARI BLUE 125 G.,DISTRIBUIDORES,TGT,000580-LOGÍSTICA Y TRANSFORMACIÓN LÁCTEA S.L. ( bloq),0.0,0.0,0.0,0.0,0.0,0.0,0.0,0.0,0.0,0.0,0.0,0.0,0.0,0.0,0.0,0.0,0.0,0.0,0.0,0.0,0.0,0.0,0.0,0.0,0.0,0.0,0.0,0.0,0.0,0.0,0.0,0.0,0.0,0.0,0.0,0.0,0.0,0.0
7914.0,CREMA DE CAMEMBERT 125 G.,DISTRIBUIDORES,TGT,"000010-TEODORO GARCIA, S.A. ( BLOQ )",0.0,0.0,0.0,0.0,0.0,0.0,0.0,0.0,0.0,0.0,0.0,0.0,0.0,0.0,0.0,0.0,0.0,0.0,0.0,0.0,0.0,0.0,0.0,0.0,0.0,0.0,0.0,0.0,0.0,0.0,0.0,0.0,0.0,0.0,0.0,0.0,0.0,0.0
7914.0,CREMA DE CAMEMBERT 125 G.,DISTRIBUIDORES,TGT,000580-LOGÍSTICA Y TRANSFORMACIÓN LÁCTEA S.L. ( bloq),0.0,0.0,0.0,0.0,0.0,0.0,0.0,0.0,0.0,0.0,0.0,0.0,0.0,0.0,0.0,0.0,0.0,0.0,0.0,0.0,0.0,0.0,0.0,0.0,0.0,0.0,0.0,0.0,0.0,0.0,0.0,0.0,0.0,0.0,0.0,0.0,0.0,0.0
7929.0,MOZZARELLA RALLADA ALIPENDE 200 G.,RETAIL,IFA,000597-AHORRAMAS S.A.,25771.2,14851.2,33630.8,24897.6,21403.2,22276.8,17035.2,17472.0,29680.4,20095.2,1.0,1.0,0.0,0.0,0.0,0.0,0.0,0.0,0.0,182166.31,104940.43,237697.22,175979.85,151212.91,157438.92,120402.29,123488.44,209781.91,142042.1,0.0,0.0,0.0,0.0,0.0,0.0,0.0,0.0,0.0
7930.0,TACOS ENSALADA ALIPENDE 200 G.,RETAIL,IFA,000597-AHORRAMAS S.A.,1747.2,1310.4,2402.4,2620.8,2620.8,4368.0,3712.8,2402.4,2180.2,1748.2,1528.8,1747.2,1965.6,1965.6,2620.8,2839.2,1965.6,5241.6,2620.8,13664.85,10243.96,18789.17,20497.28,20486.33,34159.0,29033.12,18787.61,17043.53,13669.54,11953.63,13661.72,15369.84,15363.57,20497.28,22191.32,15365.14,40994.56,20476.96
7931.0,RALLADO PARA PASTA ALIPENDE 150 G.,RETAIL,IFA,000597-AHORRAMAS S.A.,1528.8,382.2,2101.65,1146.6,1337.7,764.4,1146.6,1337.7,1333.8,1528.95,1146.6,1528.8,1911.0,955.5,955.5,1146.6,1146.6,739.2,955.5,14529.71,3616.75,19964.09,10895.85,12693.54,7247.74,10894.42,12710.65,12674.99,14528.3,10893.0,14528.27,18153.58,9075.36,9081.06,10878.75,10890.16,7025.35,9076.79
7939.0,CREMA DE QUESO CABRA 125 G.,DISTRIBUIDORES,TGT,"000010-TEODORO GARCIA, S.A. ( BLOQ )",0.0,0.0,0.0,0.0,0.0,0.0,0.0,0.0,0.0,0.0,0.0,0.0,0.0,0.0,0.0,0.0,0.0,0.0,0.0,0.0,0.0,0.0,0.0,0.0,0.0,0.0,0.0,0.0,0.0,0.0,0.0,0.0,0.0,0.0,0.0,0.0,0.0,0.0
7939.0,CREMA DE QUESO CABRA 125 G.,DISTRIBUIDORES,TGT,000580-LOGÍSTICA Y TRANSFORMACIÓN LÁCTEA S.L. ( bloq),0.0,0.0,0.0,0.0,0.0,0.0,0.0,0.0,0.0,0.0,0.0,0.0,0.0,0.0,0.0,0.0,0.0,0.0,0.0,0.0,0.0,0.0,0.0,0.0,0.0,0.0,0.0,0.0,0.0,0.0,0.0,0.0,0.0,0.0,0.0,0.0,0.0,0.0
7942.0,"Queso SAN JACOBO CORTO 1,8 kg.",INDUSTRIALES & FOOD SERVICE,RESTO INDUSTRIALES & FOODSERVICE,"000216-VASCOLAC, S.L.",1253.28,0.0,1301.45,0.0,1220.96,1224.96,1258.17,0.0,1263.57,0.0,1243.18,1260.32,0.0,1263.32,1269.82,0.0,1257.32,1244.25,0.0,6078.41,0.0,6312.03,0.0,5921.66,5941.06,6102.12,0.0,6128.31,0.0,6029.42,6112.55,0.0,6127.1,6158.63,0.0,6098.0,6034.61,0.0
7944.0,LONCHAS EDAM ESCALONADO 1 KG.,CASH & CARRY,MAKRO,000621-MAKRO DISTRIBUCIÓN MAYORISTA SA,3792.0,3900.0,5838.0,5928.0,6132.0,5214.0,6654.0,6294.0,7476.0,5784.0,5784.0,5700.0,5832.0,5388.0,10260.0,7872.0,8094.0,10524.0,8382.0,24602.48,25303.19,37876.93,38460.87,39745.49,33828.41,43171.15,40835.45,46752.51,37526.57,37526.58,36981.57,34763.0,28222.35,53606.89,41046.01,42396.38,55124.73,42584.94
7944.0,LONCHAS EDAM ESCALONADO 1 KG.,DISTRIBUIDORES,PROVISIONES SUROESTE,"000879-PROVISIONES SUROESTE, S.L.",1332.0,1008.0,2616.0,2484.0,2376.0,4320.0,2592.0,3348.0,1656.0,1944.0,3420.0,2592.0,1620.0,2772.0,6012.0,3492.0,2448.0,4536.0,4428.0,7929.0,6098.4,15826.8,15028.2,14374.8,26136.0,15681.6,20255.4,10018.8,11761.2,20691.0,15681.6,9315.0,12753.0,28256.4,16412.4,11505.6,21319.2,20811.6
7944.0,LONCHAS EDAM ESCALONADO 1 KG.,DISTRIBUIDORES,RESTO DISTRIBUIDORES,"000643-ORTHIDAL, S.L.",36.0,90.0,234.0,90.0,120.0,0.0,72.0,72.0,72.0,60.0,0.0,126.0,96.0,42.0,60.0,12.0,42.0,12.0,6.0,234.0,603.0,1567.8,603.0,804.0,0.0,482.4,482.4,482.4,402.0,0.0,844.2,640.2,268.38,383.03,76.68,268.38,76.68,38.34
7944.0,LONCHAS EDAM ESCALONADO 1 KG.,DISTRIBUIDORES,RESTO DISTRIBUIDORES,000651-COMERGRAN S.L.,120.0,0.0,90.0,60.0,120.0,150.0,0.0,90.0,150.0,210.0,60.0,240.0,120.0,150.0,210.0,150.0,192.0,216.0,108.0,780.0,0.0,544.5,363.0,726.0,907.5,0.0,544.5,907.5,1270.5,363.0,1452.0,666.0,832.5,987.0,705.0,902.4,1015.2,507.6
7944.0,LONCHAS EDAM ESCALONADO 1 KG.,DISTRIBUIDORES,RESTO DISTRIBUIDORES,000654-COMERCIAL PINAMAS S.L.,0.0,0.0,0.0,0.0,0.0,0.0,0.0,0.0,0.0,0.0,0.0,0.0,0.0,144.0,432.0,0.0,0.0,324.0,324.0,0.0,0.0,0.0,0.0,0.0,0.0,0.0,0.0,0.0,0.0,0.0,0.0,0.0,705.6,2116.8,0.0,0.0,1587.6,1587.6
7944.0,LONCHAS EDAM ESCALONADO 1 KG.,DISTRIBUIDORES,RESTO DISTRIBUIDORES,"000675-CORPORACIÓN LÁCTEA DEL NORTE, S.L.",0.0,0.0,0.0,0.0,0.0,90.0,228.0,0.0,72.0,0.0,36.0,54.0,36.0,108.0,0.0,0.0,0.0,0.0,0.0,0.0,0.0,0.0,0.0,0.0,593.1,1502.52,0.0,474.48,0.0,237.24,355.86,237.24,711.72,0.0,0.0,0.0,0.0,0.0
7944.0,LONCHAS EDAM ESCALONADO 1 KG.,DISTRIBUIDORES,RESTO DISTRIBUIDORES,"000710-SELECCIO REGISA, S.L.",0.0,0.0,0.0,0.0,0.0,0.0,0.0,0.0,0.0,0.0,0.0,0.0,0.0,6.0,0.0,0.0,0.0,0.0,0.0,0.0,0.0,0.0,0.0,0.0,0.0,0.0,0.0,0.0,0.0,0.0,0.0,0.0,29.4,0.0,0.0,0.0,0.0,0.0
7944.0,LONCHAS EDAM ESCALONADO 1 KG.,DISTRIBUIDORES,RESTO DISTRIBUIDORES,000728-SAN LAMBERTO 2000 SL,0.0,0.0,0.0,0.0,0.0,0.0,0.0,0.0,0.0,0.0,0.0,0.0,0.0,0.0,0.0,0.0,60.0,540.0,504.0,0.0,0.0,0.0,0.0,0.0,0.0,0.0,0.0,0.0,0.0,0.0,0.0,0.0,0.0,0.0,0.0,294.0,2646.0,2469.6
7944.0,LONCHAS EDAM ESCALONADO 1 KG.,DISTRIBUIDORES,RESTO DISTRIBUIDORES,"000858-COVADUL FAST FOOD, S.L.",0.0,0.0,0.0,0.0,0.0,0.0,0.0,0.0,0.0,0.0,0.0,0.0,0.0,0.0,0.0,0.0,0.0,0.0,0.0,0.0,0.0,0.0,0.0,0.0,0.0,0.0,0.0,0.0,0.0,0.0,0.0,0.0,0.0,0.0,0.0,0.0,0.0,0.0
7944.0,LONCHAS EDAM ESCALONADO 1 KG.,DISTRIBUIDORES,RESTO DISTRIBUIDORES,"000890-OCEANÍA FOOD SELECTION, S.L. ( bloq)",0.0,0.0,48.0,18.0,0.0,0.0,0.0,0.0,0.0,0.0,0.0,0.0,0.0,0.0,0.0,0.0,0.0,0.0,0.0,0.0,0.0,321.6,120.6,0.0,0.0,0.0,0.0,0.0,0.0,0.0,0.0,0.0,0.0,0.0,0.0,0.0,0.0,0.0
7944.0,LONCHAS EDAM ESCALONADO 1 KG.,DISTRIBUIDORES,RESTO DISTRIBUIDORES,"000922-GRUPO EMPRESARIAL SOS, S.L.",0.0,0.0,0.0,12.0,0.0,12.0,0.0,0.0,0.0,0.0,0.0,0.0,0.0,0.0,0.0,0.0,0.0,0.0,0.0,0.0,0.0,0.0,82.2,0.0,82.2,0.0,0.0,0.0,0.0,0.0,0.0,0.0,0.0,0.0,0.0,0.0,0.0,0.0
7944.0,LONCHAS EDAM ESCALONADO 1 KG.,DISTRIBUIDORES,RESTO DISTRIBUIDORES,"000932-CEDIPAS, S.L. (BLOQ.)",0.0,0.0,0.0,0.0,0.0,0.0,30.0,0.0,0.0,0.0,0.0,0.0,0.0,0.0,0.0,0.0,0.0,0.0,0.0,0.0,0.0,0.0,0.0,0.0,0.0,211.5,0.0,0.0,0.0,0.0,0.0,0.0,0.0,0.0,0.0,0.0,0.0,0.0
7944.0,LONCHAS EDAM ESCALONADO 1 KG.,DISTRIBUIDORES,RESTO DISTRIBUIDORES,"000946-LLUIS CANADELL, S.L.U.",0.0,0.0,0.0,0.0,0.0,0.0,0.0,0.0,0.0,0.0,0.0,0.0,0.0,0.0,36.0,60.0,0.0,0.0,0.0,0.0,0.0,0.0,0.0,0.0,0.0,0.0,0.0,0.0,0.0,0.0,0.0,0.0,0.0,176.4,294.0,0.0,0.0,0.0
7944.0,LONCHAS EDAM ESCALONADO 1 KG.,DISTRIBUIDORES,RESTO DISTRIBUIDORES,000950-GRUP ALIMENTARI DISTECO S.A,0.0,0.0,0.0,0.0,0.0,0.0,0.0,0.0,0.0,0.0,450.0,870.0,1110.0,894.0,1296.0,1152.0,972.0,1554.0,1260.0,0.0,0.0,0.0,0.0,0.0,0.0,0.0,0.0,0.0,0.0,3015.0,5829.0,6957.0,4373.9,6350.4,5644.8,4762.8,7614.6,6174.0
7944.0,LONCHAS EDAM ESCALONADO 1 KG.,DISTRIBUIDORES,RESTO DISTRIBUIDORES,000983-DISHORE S.L.,0.0,0.0,0.0,0.0,0.0,0.0,0.0,0.0,0.0,0.0,0.0,0.0,0.0,0.0,0.0,0.0,0.0,0.0,72.0,0.0,0.0,0.0,0.0,0.0,0.0,0.0,0.0,0.0,0.0,0.0,0.0,0.0,0.0,0.0,0.0,0.0,0.0,370.8
7944.0,LONCHAS EDAM ESCALONADO 1 KG.,INDUSTRIALES & FOOD SERVICE,RESTO INDUSTRIALES & FOODSERVICE,000988-LA BOCA TE LIA S.L.,0.0,0.0,0.0,0.0,0.0,0.0,0.0,0.0,0.0,0.0,0.0,0.0,0.0,0.0,0.0,0.0,0.0,1296.0,1620.0,0.0,0.0,0.0,0.0,0.0,0.0,0.0,0.0,0.0,0.0,0.0,0.0,0.0,0.0,0.0,0.0,0.0,5832.0,7290.0
7944.0,LONCHAS EDAM ESCALONADO 1 KG.,RETAIL,OTROS RETAILERS,"000569-COSTCO WHOLESALE SPAIN,  S.L.U (1200003713)",0.0,0.0,0.0,0.0,0.0,0.0,0.0,0.0,0.0,0.0,0.0,0.0,0.0,0.0,0.0,0.0,0.0,0.0,1440.0,0.0,0.0,0.0,0.0,0.0,0.0,0.0,0.0,0.0,0.0,0.0,0.0,0.0,0.0,0.0,0.0,0.0,0.0,7344.0
7945.0,LONCHAS GOUDA ESCALONADO 1 KG.,CASH & CARRY,MAKRO,000621-MAKRO DISTRIBUCIÓN MAYORISTA SA,3768.0,5598.0,7338.0,6000.0,6876.0,6612.0,6882.0,7362.0,7722.0,7692.0,5904.0,7452.0,6030.0,7170.0,10062.0,10428.0,9708.0,11844.0,12294.0,24582.12,36319.82,47608.96,38921.5,44611.5,42898.66,44650.42,47764.64,50100.34,49905.67,38305.14,48348.55,36647.61,37556.44,52704.76,54516.85,50850.49,59916.66,57958.63
7945.0,LONCHAS GOUDA ESCALONADO 1 KG.,DISTRIBUIDORES,PROVISIONES SUROESTE,"000879-PROVISIONES SUROESTE, S.L.",0.0,828.0,792.0,648.0,432.0,972.0,1764.0,828.0,648.0,1404.0,144.0,468.0,432.0,576.0,1008.0,900.0,1044.0,1116.0,1962.0,0.0,5009.4,4791.6,3920.4,2613.6,5880.6,10672.2,5009.4,3920.4,8494.2,871.2,2831.4,2397.6,2584.8,4737.6,4230.0,4906.8,5245.2,9221.4
7945.0,LONCHAS GOUDA ESCALONADO 1 KG.,DISTRIBUIDORES,RESTO DISTRIBUIDORES,"000643-ORTHIDAL, S.L.",276.0,270.0,576.0,390.0,240.0,180.0,186.0,72.0,180.0,168.0,126.0,36.0,234.0,144.0,108.0,72.0,72.0,36.0,132.0,1794.0,1809.0,3859.2,2613.0,1608.0,1206.0,1246.2,482.4,1206.0,1125.6,844.2,241.2,1504.8,920.16,690.12,460.08,460.08,230.04,843.48
7945.0,LONCHAS GOUDA ESCALONADO 1 KG.,DISTRIBUIDORES,RESTO DISTRIBUIDORES,000651-COMERGRAN S.L.,120.0,0.0,30.0,60.0,120.0,180.0,120.0,90.0,180.0,210.0,150.0,210.0,120.0,240.0,240.0,180.0,162.0,252.0,252.0,780.0,0.0,181.5,363.0,726.0,1089.0,726.0,544.5,1089.0,1270.5,907.5,1270.5,666.0,1332.0,1128.0,846.0,761.4,1184.4,1184.4
7945.0,LONCHAS GOUDA ESCALONADO 1 KG.,DISTRIBUIDORES,RESTO DISTRIBUIDORES,000676-EXCLUSIVAS ALIMENTARIAS 1998 S.L. (BLOQ.),66.0,30.0,108.0,36.0,60.0,30.0,90.0,0.0,0.0,30.0,0.0,30.0,0.0,0.0,0.0,0.0,0.0,0.0,0.0,464.7,214.5,739.8,246.6,411.0,205.5,616.5,0.0,0.0,211.5,0.0,211.5,0.0,0.0,0.0,0.0,0.0,0.0,0.0
7945.0,LONCHAS GOUDA ESCALONADO 1 KG.,DISTRIBUIDORES,RESTO DISTRIBUIDORES,"000709-DISTRIBUCIONES MONTEVERDE, S.L.U. ( BLOQ)",0.0,0.0,6.0,0.0,6.0,12.0,12.0,0.0,0.0,0.0,0.0,0.0,0.0,0.0,0.0,0.0,0.0,0.0,0.0,0.0,0.0,42.3,0.0,42.3,84.6,84.6,0.0,0.0,0.0,0.0,0.0,0.0,0.0,0.0,0.0,0.0,0.0,0.0
7945.0,LONCHAS GOUDA ESCALONADO 1 KG.,DISTRIBUIDORES,RESTO DISTRIBUIDORES,"000710-SELECCIO REGISA, S.L.",0.0,0.0,0.0,6.0,0.0,0.0,6.0,0.0,0.0,0.0,0.0,12.0,0.0,6.0,180.0,72.0,36.0,72.0,72.0,0.0,0.0,0.0,41.1,0.0,0.0,41.1,0.0,0.0,0.0,0.0,80.4,0.0,29.4,882.0,352.8,176.4,352.8,352.8
7945.0,LONCHAS GOUDA ESCALONADO 1 KG.,DISTRIBUIDORES,RESTO DISTRIBUIDORES,"000734-UDIAL, S.A. (BLOQ.)",6.0,12.0,12.0,18.0,0.0,18.0,0.0,6.0,0.0,0.0,0.0,0.0,0.0,0.0,0.0,0.0,0.0,0.0,0.0,41.7,85.8,85.8,128.7,0.0,128.7,0.0,42.9,0.0,0.0,0.0,0.0,0.0,0.0,0.0,0.0,0.0,0.0,0.0
7945.0,LONCHAS GOUDA ESCALONADO 1 KG.,DISTRIBUIDORES,RESTO DISTRIBUIDORES,000751-PLACOR 2006 S.L.,0.0,0.0,0.0,0.0,0.0,0.0,0.0,0.0,0.0,0.0,0.0,0.0,0.0,0.0,0.0,0.0,0.0,36.0,0.0,0.0,0.0,0.0,0.0,0.0,0.0,0.0,0.0,0.0,0.0,0.0,0.0,0.0,0.0,0.0,0.0,0.0,184.47,0.0
7945.0,LONCHAS GOUDA ESCALONADO 1 KG.,DISTRIBUIDORES,RESTO DISTRIBUIDORES,000766-DISTRIBUCIONES FASGARÓN S.L.,0.0,0.0,48.0,0.0,72.0,0.0,0.0,0.0,0.0,0.0,0.0,0.0,0.0,0.0,0.0,0.0,0.0,0.0,0.0,0.0,0.0,338.4,0.0,507.6,0.0,0.0,0.0,0.0,0.0,0.0,0.0,0.0,0.0,0.0,0.0,0.0,0.0,0.0
7945.0,LONCHAS GOUDA ESCALONADO 1 KG.,DISTRIBUIDORES,RESTO DISTRIBUIDORES,000789-PALENZUELA DISTRIBUCION 1970 S.L.,0.0,6.0,0.0,0.0,0.0,0.0,0.0,0.0,0.0,0.0,0.0,0.0,0.0,0.0,0.0,0.0,0.0,0.0,0.0,0.0,42.3,0.0,0.0,0.0,0.0,0.0,0.0,0.0,0.0,0.0,0.0,0.0,0.0,0.0,0.0,0.0,0.0,0.0
7945.0,LONCHAS GOUDA ESCALONADO 1 KG.,DISTRIBUIDORES,RESTO DISTRIBUIDORES,000790-PALENZUELA LOGISTICA S.L.,0.0,0.0,24.0,24.0,12.0,60.0,0.0,60.0,36.0,12.0,42.0,12.0,18.0,36.0,0.0,36.0,36.0,36.0,36.0,0.0,0.0,169.2,169.2,84.6,423.0,0.0,423.0,253.8,84.6,296.1,84.6,120.9,235.8,0.0,235.8,235.8,235.8,235.8
7945.0,LONCHAS GOUDA ESCALONADO 1 KG.,DISTRIBUIDORES,RESTO DISTRIBUIDORES,"000946-LLUIS CANADELL, S.L.U.",0.0,0.0,0.0,0.0,0.0,0.0,0.0,0.0,0.0,0.0,0.0,0.0,0.0,0.0,36.0,60.0,0.0,0.0,0.0,0.0,0.0,0.0,0.0,0.0,0.0,0.0,0.0,0.0,0.0,0.0,0.0,0.0,0.0,176.4,294.0,0.0,0.0,0.0
7945.0,LONCHAS GOUDA ESCALONADO 1 KG.,DISTRIBUIDORES,RESTO DISTRIBUIDORES,000950-GRUP ALIMENTARI DISTECO S.A,0.0,0.0,0.0,0.0,0.0,0.0,0.0,0.0,0.0,0.0,120.0,150.0,192.0,336.0,180.0,396.0,360.0,432.0,144.0,0.0,0.0,0.0,0.0,0.0,0.0,0.0,0.0,0.0,0.0,804.0,1005.0,1205.4,1646.4,882.0,1940.4,1764.0,2116.8,705.6
7945.0,LONCHAS GOUDA ESCALONADO 1 KG.,INDUSTRIALES & FOOD SERVICE,RESTO INDUSTRIALES & FOODSERVICE,"000089-EL CORTE INGLES, S.A.",0.0,0.0,0.0,0.0,0.0,0.0,0.0,0.0,0.0,0.0,0.0,0.0,0.0,0.0,0.0,0.0,0.0,0.0,0.0,0.0,0.0,0.0,0.0,0.0,0.0,0.0,0.0,0.0,0.0,0.0,0.0,0.0,0.0,0.0,0.0,0.0,0.0,0.0
7945.0,LONCHAS GOUDA ESCALONADO 1 KG.,INDUSTRIALES & FOOD SERVICE,RESTO INDUSTRIALES & FOODSERVICE,000708-CASHDIPLO SLU ( bloq),102.0,120.0,162.0,192.0,120.0,168.0,60.0,0.0,0.0,0.0,0.0,0.0,0.0,0.0,0.0,0.0,0.0,0.0,0.0,725.07,872.4,1177.74,1395.84,872.4,1221.36,436.2,0.0,0.0,0.0,0.0,0.0,0.0,0.0,0.0,0.0,0.0,0.0,0.0
7945.0,LONCHAS GOUDA ESCALONADO 1 KG.,INDUSTRIALES & FOOD SERVICE,RESTO INDUSTRIALES & FOODSERVICE,000720-MENDOZA´S COOK S.L. (BLOQ.),0.0,0.0,0.0,0.0,0.0,6.0,0.0,0.0,0.0,0.0,0.0,0.0,0.0,0.0,0.0,0.0,0.0,0.0,0.0,0.0,0.0,0.0,0.0,0.0,41.1,0.0,0.0,0.0,0.0,0.0,0.0,0.0,0.0,0.0,0.0,0.0,0.0,0.0
7945.0,LONCHAS GOUDA ESCALONADO 1 KG.,RETAIL,EUROMADI,"000512-TRANSGOURMET IBÉRICA, SAU",0.0,0.0,0.0,0.0,0.0,0.0,0.0,0.0,0.0,0.0,0.0,0.0,0.0,0.0,0.0,0.0,0.0,0.0,0.0,0.0,0.0,0.0,0.0,0.0,0.0,0.0,0.0,0.0,0.0,0.0,0.0,0.0,0.0,0.0,0.0,0.0,0.0,0.0
7945.0,LONCHAS GOUDA ESCALONADO 1 KG.,RETAIL,OTROS RETAILERS,000935-CORPORACION ALIMENTARIA DE GUISSONA,0.0,0.0,0.0,0.0,0.0,0.0,0.0,0.0,0.0,0.0,0.0,0.0,0.0,0.0,0.0,0.0,0.0,0.0,0.0,0.0,0.0,0.0,0.0,0.0,0.0,0.0,0.0,0.0,0.0,0.0,0.0,0.0,0.0,0.0,0.0,0.0,0.0,0.0
7948.0,LONCHAS EMMENTAL ESCALONADO 1 KG.,CASH & CARRY,MAKRO,000621-MAKRO DISTRIBUCIÓN MAYORISTA SA,0.0,0.0,0.0,0.0,0.0,0.0,0.0,0.0,0.0,0.0,0.0,0.0,0.0,0.0,0.0,0.0,0.0,1638.0,1602.0,0.0,0.0,0.0,0.0,0.0,0.0,0.0,0.0,0.0,0.0,0.0,0.0,0.0,0.0,0.0,0.0,0.0,11400.48,11149.92
7948.0,LONCHAS EMMENTAL ESCALONADO 1 KG.,DISTRIBUIDORES,PROVISIONES SUROESTE,"000879-PROVISIONES SUROESTE, S.L.",36.0,180.0,252.0,144.0,0.0,180.0,216.0,360.0,0.0,36.0,36.0,30.0,12.0,54.0,192.0,192.0,72.0,72.0,144.0,268.2,1341.0,1877.4,1130.4,0.0,1413.0,1695.6,2826.0,0.0,282.6,282.6,235.5,88.2,396.9,1411.2,1411.2,529.2,529.2,1058.4
7948.0,LONCHAS EMMENTAL ESCALONADO 1 KG.,DISTRIBUIDORES,RESTO DISTRIBUIDORES,000589-CONVENIENCE FOOD S.L.U.,117.0,90.0,150.0,90.0,138.0,60.0,204.0,246.0,198.0,444.0,0.0,0.0,120.0,120.0,60.0,0.0,0.0,0.0,0.0,867.87,693.9,1156.5,693.9,1063.98,462.6,1572.84,1896.66,1526.58,3423.24,0.0,0.0,865.2,865.2,432.6,0.0,0.0,0.0,0.0
7948.0,LONCHAS EMMENTAL ESCALONADO 1 KG.,DISTRIBUIDORES,RESTO DISTRIBUIDORES,000651-COMERGRAN S.L.,0.0,0.0,0.0,0.0,0.0,0.0,0.0,0.0,0.0,0.0,0.0,0.0,0.0,0.0,0.0,0.0,0.0,18.0,36.0,0.0,0.0,0.0,0.0,0.0,0.0,0.0,0.0,0.0,0.0,0.0,0.0,0.0,0.0,0.0,0.0,0.0,132.3,264.6
7948.0,LONCHAS EMMENTAL ESCALONADO 1 KG.,DISTRIBUIDORES,RESTO DISTRIBUIDORES,000655-EXCLUSIVAS OMEÑACA SL,6.0,12.0,12.0,6.0,6.0,12.0,6.0,6.0,6.0,24.0,0.0,12.0,18.0,18.0,0.0,0.0,0.0,0.0,0.0,47.4,99.6,99.6,52.2,52.2,104.4,52.2,52.2,52.2,208.8,0.0,104.4,147.6,147.6,0.0,0.0,0.0,0.0,0.0
7948.0,LONCHAS EMMENTAL ESCALONADO 1 KG.,DISTRIBUIDORES,RESTO DISTRIBUIDORES,"000710-SELECCIO REGISA, S.L.",0.0,0.0,0.0,6.0,0.0,0.0,0.0,0.0,0.0,0.0,0.0,0.0,0.0,0.0,0.0,0.0,0.0,0.0,0.0,0.0,0.0,0.0,49.5,0.0,0.0,0.0,0.0,0.0,0.0,0.0,0.0,0.0,0.0,0.0,0.0,0.0,0.0,0.0
7948.0,LONCHAS EMMENTAL ESCALONADO 1 KG.,DISTRIBUIDORES,RESTO DISTRIBUIDORES,"000854-EL CONCHEL D´GUSTO, S.L.U. (BLOQ.)",0.0,0.0,0.0,0.0,0.0,0.0,0.0,0.0,0.0,0.0,0.0,0.0,0.0,0.0,0.0,0.0,0.0,0.0,0.0,0.0,0.0,0.0,0.0,0.0,0.0,0.0,0.0,0.0,0.0,0.0,0.0,0.0,0.0,0.0,0.0,0.0,0.0,0.0
7948.0,LONCHAS EMMENTAL ESCALONADO 1 KG.,DISTRIBUIDORES,RESTO DISTRIBUIDORES,"000855-CASA BASTIDA, S.L. ( BLOQ )",0.0,0.0,0.0,0.0,0.0,30.0,0.0,36.0,0.0,0.0,0.0,0.0,0.0,0.0,0.0,0.0,0.0,0.0,0.0,0.0,0.0,0.0,0.0,0.0,232.5,0.0,279.0,0.0,0.0,0.0,0.0,0.0,0.0,0.0,0.0,0.0,0.0,0.0
7948.0,LONCHAS EMMENTAL ESCALONADO 1 KG.,DISTRIBUIDORES,RESTO DISTRIBUIDORES,000950-GRUP ALIMENTARI DISTECO S.A,0.0,0.0,0.0,0.0,0.0,0.0,0.0,0.0,0.0,0.0,30.0,12.0,18.0,48.0,0.0,0.0,48.0,0.0,36.0,0.0,0.0,0.0,0.0,0.0,0.0,0.0,0.0,0.0,0.0,232.5,93.0,130.5,348.0,0.0,0.0,348.0,0.0,261.0
7948.0,LONCHAS EMMENTAL ESCALONADO 1 KG.,INDUSTRIALES & FOOD SERVICE,RESTO INDUSTRIALES & FOODSERVICE,"000828-QUE S LIDER, S.L.",0.0,0.0,0.0,0.0,0.0,0.0,0.0,0.0,0.0,0.0,0.0,0.0,0.0,0.0,0.0,0.0,0.0,0.0,0.0,0.0,0.0,0.0,0.0,0.0,0.0,0.0,0.0,0.0,0.0,0.0,0.0,0.0,0.0,0.0,0.0,0.0,0.0,0.0
7952.0,CREMA DE QUESO SEMICURADO GUADAMUR 125 G.,DISTRIBUIDORES,TGT,"000010-TEODORO GARCIA, S.A. ( BLOQ )",0.0,0.0,0.0,0.0,0.0,0.0,0.0,0.0,0.0,0.0,0.0,0.0,0.0,0.0,0.0,0.0,0.0,0.0,0.0,0.0,0.0,0.0,0.0,0.0,0.0,0.0,0.0,0.0,0.0,0.0,0.0,0.0,0.0,0.0,0.0,0.0,0.0,0.0
7952.0,CREMA DE QUESO SEMICURADO GUADAMUR 125 G.,DISTRIBUIDORES,TGT,000580-LOGÍSTICA Y TRANSFORMACIÓN LÁCTEA S.L. ( bloq),0.0,0.0,0.0,0.0,0.0,0.0,0.0,0.0,0.0,0.0,0.0,0.0,0.0,0.0,0.0,0.0,0.0,0.0,0.0,0.0,0.0,0.0,0.0,0.0,0.0,0.0,0.0,0.0,0.0,0.0,0.0,0.0,0.0,0.0,0.0,0.0,0.0,0.0
7964.0,MOZZARELLA 50 PARTÍ PIEZA 2 KG.,DISTRIBUIDORES,PROVISIONES SUROESTE,"000879-PROVISIONES SUROESTE, S.L.",3360.0,2016.0,0.0,4704.0,1356.0,2688.0,2160.0,2016.0,5724.0,7356.0,2016.0,0.0,2016.0,1344.0,2688.0,2340.0,1344.0,1344.0,1344.0,14716.8,8910.72,0.0,20791.68,5993.52,11880.96,9547.2,8910.72,25300.08,32513.52,8910.72,0.0,8910.72,5940.48,11880.96,10342.8,5940.48,5940.48,5940.48
7964.0,MOZZARELLA 50 PARTÍ PIEZA 2 KG.,DISTRIBUIDORES,RESTO DISTRIBUIDORES,"000643-ORTHIDAL, S.L.",144.0,288.0,72.0,192.0,0.0,12.0,48.0,48.0,204.0,72.0,96.0,204.0,120.0,0.0,132.0,48.0,36.0,108.0,108.0,636.48,1330.56,332.64,887.04,0.0,55.44,221.76,221.76,942.48,332.64,443.52,942.48,554.4,0.0,628.32,228.48,171.36,514.08,514.08
7964.0,MOZZARELLA 50 PARTÍ PIEZA 2 KG.,DISTRIBUIDORES,RESTO DISTRIBUIDORES,"000822-JASLA HOSTELERIA, S.L. (BLOQ.)",0.0,0.0,0.0,0.0,0.0,0.0,0.0,0.0,0.0,0.0,0.0,0.0,0.0,0.0,0.0,0.0,0.0,0.0,0.0,0.0,0.0,0.0,0.0,0.0,0.0,0.0,0.0,0.0,0.0,0.0,0.0,0.0,0.0,0.0,0.0,0.0,0.0,0.0
7964.0,MOZZARELLA 50 PARTÍ PIEZA 2 KG.,DISTRIBUIDORES,RESTO DISTRIBUIDORES,"000868-CODILEX ALIMENTACIÓN TRADICIONAL, S.L.",0.0,0.0,0.0,1092.0,300.0,672.0,1176.0,1680.0,720.0,120.0,240.0,1608.0,612.0,408.0,588.0,924.0,588.0,840.0,1008.0,0.0,0.0,0.0,5045.04,1386.0,3104.64,5433.12,7761.6,3326.4,554.4,1108.8,7428.96,2827.44,1884.96,2716.56,4268.88,2716.56,3880.8,4656.96
7964.0,MOZZARELLA 50 PARTÍ PIEZA 2 KG.,DISTRIBUIDORES,RESTO DISTRIBUIDORES,"000937-SEÑORIO DE ARCE, S.L.",0.0,0.0,0.0,0.0,0.0,0.0,0.0,0.0,12.0,0.0,0.0,0.0,0.0,0.0,0.0,0.0,0.0,0.0,0.0,0.0,0.0,0.0,0.0,0.0,0.0,0.0,0.0,55.44,0.0,0.0,0.0,0.0,0.0,0.0,0.0,0.0,0.0,0.0
7964.0,MOZZARELLA 50 PARTÍ PIEZA 2 KG.,DISTRIBUIDORES,TGT,"000010-TEODORO GARCIA, S.A. ( BLOQ )",0.0,0.0,0.0,0.0,0.0,0.0,0.0,0.0,0.0,0.0,0.0,0.0,0.0,0.0,0.0,0.0,0.0,0.0,0.0,0.0,0.0,0.0,0.0,0.0,0.0,0.0,0.0,0.0,0.0,0.0,0.0,0.0,0.0,0.0,0.0,0.0,0.0,0.0
7964.0,MOZZARELLA 50 PARTÍ PIEZA 2 KG.,INDUSTRIALES & FOOD SERVICE,RESTO INDUSTRIALES & FOODSERVICE,000708-CASHDIPLO SLU ( bloq),0.0,96.0,96.0,96.0,0.0,96.0,0.0,0.0,0.0,0.0,0.0,0.0,0.0,0.0,0.0,0.0,0.0,0.0,0.0,0.0,555.36,555.36,555.36,0.0,555.36,0.0,0.0,0.0,0.0,0.0,0.0,0.0,0.0,0.0,0.0,0.0,0.0,0.0
7972.0,"PIZZAFONTE 2,3 KG. (2 BARRAS)",DISTRIBUIDORES,RESTO DISTRIBUIDORES,"000890-OCEANÍA FOOD SELECTION, S.L. ( bloq)",533.6,299.0,630.2,78.2,0.0,0.0,0.0,0.0,0.0,0.0,0.0,0.0,0.0,0.0,0.0,0.0,0.0,0.0,0.0,2485.51,1303.15,3062.77,380.05,0.0,0.0,0.0,0.0,0.0,0.0,0.0,0.0,0.0,0.0,0.0,0.0,0.0,0.0,0.0
7972.0,"PIZZAFONTE 2,3 KG. (2 BARRAS)",DISTRIBUIDORES,TGT,000580-LOGÍSTICA Y TRANSFORMACIÓN LÁCTEA S.L. ( bloq),13.8,0.0,0.0,0.0,0.0,0.0,0.0,0.0,0.0,0.0,0.0,0.0,0.0,0.0,0.0,0.0,0.0,0.0,0.0,63.26,0.0,0.0,0.0,0.0,0.0,0.0,0.0,0.0,0.0,0.0,0.0,0.0,0.0,0.0,0.0,0.0,0.0,0.0
7972.0,"PIZZAFONTE 2,3 KG. (2 BARRAS)",INDUSTRIALES & FOOD SERVICE,RESTO INDUSTRIALES & FOODSERVICE,"000749-MG SPECIAL CATERING, S.L.",0.0,0.0,0.0,18.4,23.0,0.0,0.0,23.0,0.0,0.0,0.0,0.0,0.0,0.0,0.0,0.0,0.0,0.0,0.0,0.0,0.0,0.0,91.08,113.85,0.0,0.0,113.85,0.0,0.0,0.0,0.0,0.0,0.0,0.0,0.0,0.0,0.0,0.0
7974.0,PREP. PIZZAFONTE TIRAS 4x1.,DISTRIBUIDORES,PROVISIONES SUROESTE,"000879-PROVISIONES SUROESTE, S.L.",80.0,280.0,240.0,0.0,164.0,180.0,180.0,300.0,200.0,96.0,320.0,120.0,312.0,180.0,0.0,200.0,120.0,80.0,200.0,338.4,1240.4,1063.2,0.0,726.52,797.4,797.4,1329.0,886.0,425.28,1417.6,531.6,1382.16,797.4,0.0,886.0,531.6,354.4,886.0
7974.0,PREP. PIZZAFONTE TIRAS 4x1.,DISTRIBUIDORES,RESTO DISTRIBUIDORES,"000718-DISTRIBUCIONES ALIMENTICIAS SALOM, S.L. ( BLOQ )",0.0,200.0,0.0,200.0,0.0,360.0,0.0,0.0,0.0,360.0,0.0,0.0,0.0,0.0,0.0,0.0,0.0,0.0,0.0,0.0,970.0,0.0,970.0,0.0,1746.0,0.0,0.0,0.0,1746.0,0.0,0.0,0.0,0.0,0.0,0.0,0.0,0.0,0.0
7974.0,PREP. PIZZAFONTE TIRAS 4x1.,DISTRIBUIDORES,RESTO DISTRIBUIDORES,000776-COMERCIAL DIALVA S.A.,432.0,360.0,480.0,168.0,504.0,456.0,144.0,96.0,528.0,480.0,192.0,608.0,456.0,168.0,552.0,312.0,360.0,540.0,312.0,1951.2,1638.0,2184.0,759.85,2293.2,2074.8,655.2,436.8,2402.4,2184.0,873.6,2766.4,2074.8,764.4,2511.6,1419.6,1638.0,2347.8,1419.6
7974.0,PREP. PIZZAFONTE TIRAS 4x1.,DISTRIBUIDORES,RESTO DISTRIBUIDORES,000789-PALENZUELA DISTRIBUCION 1970 S.L.,0.0,0.0,0.0,0.0,0.0,0.0,0.0,0.0,0.0,0.0,0.0,0.0,0.0,0.0,0.0,0.0,0.0,0.0,0.0,0.0,0.0,0.0,0.0,0.0,0.0,0.0,0.0,0.0,0.0,0.0,0.0,0.0,0.0,0.0,0.0,0.0,0.0,0.0
7974.0,PREP. PIZZAFONTE TIRAS 4x1.,INDUSTRIALES & FOOD SERVICE,RESTO INDUSTRIALES & FOODSERVICE,000782-MANOLO GARCÍA EMBUTIDO CALIDAD S.L.,0.0,0.0,0.0,0.0,0.0,0.0,0.0,0.0,0.0,0.0,0.0,0.0,0.0,0.0,0.0,0.0,0.0,0.0,0.0,0.0,0.0,0.0,0.0,0.0,0.0,0.0,0.0,0.0,0.0,0.0,0.0,0.0,0.0,0.0,0.0,0.0,0.0,0.0
7983.0,LONCHAS PARA SANDWICH ESCALONADO 1 KG.,DISTRIBUIDORES,PROVISIONES SUROESTE,"000879-PROVISIONES SUROESTE, S.L.",0.0,0.0,0.0,0.0,0.0,72.0,72.0,120.0,396.0,0.0,0.0,54.0,54.0,72.0,0.0,24.0,102.0,108.0,0.0,0.0,0.0,0.0,0.0,0.0,327.6,327.6,546.0,1801.8,0.0,0.0,245.7,245.7,327.6,0.0,109.2,464.1,491.4,0.0
7983.0,LONCHAS PARA SANDWICH ESCALONADO 1 KG.,DISTRIBUIDORES,RESTO DISTRIBUIDORES,"000038-LÁCTEOS MENDI, S.L.",0.0,0.0,66.0,84.0,90.0,102.0,36.0,228.0,36.0,108.0,108.0,72.0,234.0,216.0,72.0,108.0,216.0,84.0,144.0,0.0,0.0,339.24,431.76,462.6,464.1,163.8,327.6,163.8,491.4,491.4,327.6,1064.7,982.8,327.6,491.4,982.8,382.2,655.2
7983.0,LONCHAS PARA SANDWICH ESCALONADO 1 KG.,INDUSTRIALES & FOOD SERVICE,RESTO INDUSTRIALES & FOODSERVICE,000708-CASHDIPLO SLU ( bloq),102.0,150.0,156.0,138.0,114.0,222.0,72.0,0.0,0.0,0.0,0.0,0.0,0.0,0.0,0.0,0.0,0.0,0.0,0.0,544.04,825.0,858.0,759.0,627.0,1221.0,396.0,0.0,0.0,0.0,0.0,0.0,0.0,0.0,0.0,0.0,0.0,0.0,0.0
8000.0,"QUESO TIPO ""MONTERREY JACK"" BARRA 2,950 KG",DISTRIBUIDORES,PROVISIONES SUROESTE,"000879-PROVISIONES SUROESTE, S.L.",0.0,0.0,0.0,0.0,0.0,0.0,739.93,0.0,0.0,0.0,0.0,0.0,0.0,0.0,0.0,0.0,0.0,0.0,0.0,0.0,0.0,0.0,0.0,0.0,0.0,5364.49,0.0,0.0,0.0,0.0,0.0,0.0,0.0,0.0,0.0,0.0,0.0,0.0
8000.0,"QUESO TIPO ""MONTERREY JACK"" BARRA 2,950 KG",DISTRIBUIDORES,RESTO DISTRIBUIDORES,000751-PLACOR 2006 S.L.,0.0,0.0,0.0,0.0,0.0,0.0,0.0,0.0,0.0,0.0,0.0,0.0,0.0,0.0,0.0,0.0,0.0,0.0,0.0,0.0,0.0,0.0,0.0,0.0,0.0,0.0,0.0,0.0,0.0,0.0,0.0,0.0,0.0,0.0,0.0,0.0,0.0,0.0
8002.0,MOZZARELLA 50 PARTÍ TIRAS 1 KG.,DISTRIBUIDORES,PROVISIONES SUROESTE,"000879-PROVISIONES SUROESTE, S.L.",0.0,0.0,0.0,0.0,0.0,0.0,80.0,48.0,152.0,120.0,120.0,120.0,72.0,72.0,120.0,48.0,0.0,96.0,48.0,0.0,0.0,0.0,0.0,0.0,0.0,332.0,199.2,630.8,498.0,498.0,498.0,298.8,298.8,498.0,199.2,0.0,398.4,199.2
8002.0,MOZZARELLA 50 PARTÍ TIRAS 1 KG.,DISTRIBUIDORES,RESTO DISTRIBUIDORES,000644-COMERCIAL LUIS ROSQUELLAS S.L.,320.0,0.0,0.0,0.0,96.0,176.0,164.0,80.0,100.0,128.0,176.0,124.0,144.0,0.0,160.0,0.0,144.0,96.0,240.0,1494.3,0.0,0.0,0.0,450.64,826.18,769.85,375.54,469.42,600.86,826.18,582.08,675.96,0.0,751.08,0.0,675.96,450.64,1126.6
8002.0,MOZZARELLA 50 PARTÍ TIRAS 1 KG.,DISTRIBUIDORES,RESTO DISTRIBUIDORES,000711-DISTRIBUCIONES J.M. S.A.,220.0,200.0,200.0,120.0,140.0,180.0,120.0,200.0,80.0,120.0,180.0,180.0,180.0,160.0,200.0,168.0,168.0,144.0,168.0,922.0,860.0,860.0,516.0,602.0,774.0,516.0,860.0,344.0,516.0,774.0,774.0,774.0,688.0,860.0,722.4,722.4,619.2,722.4
8002.0,MOZZARELLA 50 PARTÍ TIRAS 1 KG.,DISTRIBUIDORES,RESTO DISTRIBUIDORES,000789-PALENZUELA DISTRIBUCION 1970 S.L.,0.0,0.0,0.0,0.0,0.0,0.0,0.0,0.0,0.0,0.0,0.0,0.0,0.0,0.0,0.0,0.0,0.0,0.0,0.0,0.0,0.0,0.0,0.0,0.0,0.0,0.0,0.0,0.0,0.0,0.0,0.0,0.0,0.0,0.0,0.0,0.0,0.0,0.0
8002.0,MOZZARELLA 50 PARTÍ TIRAS 1 KG.,DISTRIBUIDORES,RESTO DISTRIBUIDORES,000790-PALENZUELA LOGISTICA S.L.,0.0,0.0,0.0,0.0,0.0,0.0,0.0,0.0,0.0,0.0,0.0,0.0,0.0,0.0,0.0,0.0,0.0,0.0,0.0,0.0,0.0,0.0,0.0,0.0,0.0,0.0,0.0,0.0,0.0,0.0,0.0,0.0,0.0,0.0,0.0,0.0,0.0,0.0
8002.0,MOZZARELLA 50 PARTÍ TIRAS 1 KG.,DISTRIBUIDORES,RESTO DISTRIBUIDORES,"000864-RISCALES ALIMENTACIÓN, S.L.",0.0,40.0,8.0,12.0,0.0,0.0,12.0,0.0,4.0,8.0,4.0,60.0,0.0,40.0,120.0,72.0,0.0,144.0,24.0,0.0,180.0,36.0,54.0,0.0,0.0,54.0,0.0,18.0,36.0,18.0,262.0,0.0,172.0,516.0,309.6,0.0,619.2,103.2
8002.0,MOZZARELLA 50 PARTÍ TIRAS 1 KG.,DISTRIBUIDORES,RESTO DISTRIBUIDORES,000950-GRUP ALIMENTARI DISTECO S.A,0.0,0.0,0.0,0.0,0.0,0.0,0.0,0.0,0.0,0.0,0.0,0.0,12.0,36.0,0.0,0.0,0.0,0.0,0.0,0.0,0.0,0.0,0.0,0.0,0.0,0.0,0.0,0.0,0.0,0.0,0.0,51.6,154.8,0.0,0.0,0.0,0.0,0.0
8002.0,MOZZARELLA 50 PARTÍ TIRAS 1 KG.,DISTRIBUIDORES,TGT,000580-LOGÍSTICA Y TRANSFORMACIÓN LÁCTEA S.L. ( bloq),0.0,0.0,0.0,0.0,0.0,0.0,0.0,0.0,0.0,0.0,0.0,0.0,0.0,0.0,0.0,0.0,0.0,0.0,0.0,0.0,0.0,0.0,0.0,0.0,0.0,0.0,0.0,0.0,0.0,0.0,0.0,0.0,0.0,0.0,0.0,0.0,0.0,0.0
8002.0,MOZZARELLA 50 PARTÍ TIRAS 1 KG.,INDUSTRIALES & FOOD SERVICE,RESTO INDUSTRIALES & FOODSERVICE,000708-CASHDIPLO SLU ( bloq),96.0,144.0,120.0,216.0,120.0,72.0,120.0,0.0,0.0,0.0,0.0,0.0,0.0,0.0,0.0,0.0,0.0,0.0,0.0,443.92,687.46,572.9,1031.18,572.89,343.74,572.89,0.0,0.0,0.0,0.0,0.0,0.0,0.0,0.0,0.0,0.0,0.0,0.0
8026.0,CREMA DE RONCARI BLUE 500 G.,DISTRIBUIDORES,RESTO DISTRIBUIDORES,000589-CONVENIENCE FOOD S.L.U.,0.0,0.0,0.0,0.0,0.0,0.0,0.0,0.0,0.0,0.0,0.0,0.0,0.0,0.0,0.0,0.0,0.0,0.0,0.0,0.0,0.0,0.0,0.0,0.0,0.0,0.0,0.0,0.0,0.0,0.0,0.0,0.0,0.0,0.0,0.0,0.0,0.0,0.0
8026.0,CREMA DE RONCARI BLUE 500 G.,DISTRIBUIDORES,TGT,"000010-TEODORO GARCIA, S.A. ( BLOQ )",0.0,0.0,0.0,0.0,0.0,0.0,0.0,0.0,0.0,0.0,0.0,0.0,0.0,0.0,0.0,0.0,0.0,0.0,0.0,0.0,0.0,0.0,0.0,0.0,0.0,0.0,0.0,0.0,0.0,0.0,0.0,0.0,0.0,0.0,0.0,0.0,0.0,0.0
8026.0,CREMA DE RONCARI BLUE 500 G.,DISTRIBUIDORES,TGT,000580-LOGÍSTICA Y TRANSFORMACIÓN LÁCTEA S.L. ( bloq),0.0,0.0,0.0,0.0,0.0,0.0,0.0,0.0,0.0,0.0,0.0,0.0,0.0,0.0,0.0,0.0,0.0,0.0,0.0,0.0,0.0,0.0,0.0,0.0,0.0,0.0,0.0,0.0,0.0,0.0,0.0,0.0,0.0,0.0,0.0,0.0,0.0,0.0
8027.0,CREMA CAMEMBERT 500 G.,DISTRIBUIDORES,TGT,"000010-TEODORO GARCIA, S.A. ( BLOQ )",0.0,0.0,0.0,0.0,0.0,0.0,0.0,0.0,0.0,0.0,0.0,0.0,0.0,0.0,0.0,0.0,0.0,0.0,0.0,0.0,0.0,0.0,0.0,0.0,0.0,0.0,0.0,0.0,0.0,0.0,0.0,0.0,0.0,0.0,0.0,0.0,0.0,0.0
8027.0,CREMA CAMEMBERT 500 G.,DISTRIBUIDORES,TGT,000580-LOGÍSTICA Y TRANSFORMACIÓN LÁCTEA S.L. ( bloq),0.0,0.0,0.0,0.0,0.0,0.0,0.0,0.0,0.0,0.0,0.0,0.0,0.0,0.0,0.0,0.0,0.0,0.0,0.0,0.0,0.0,0.0,0.0,0.0,0.0,0.0,0.0,0.0,0.0,0.0,0.0,0.0,0.0,0.0,0.0,0.0,0.0,0.0
8062.0,CREMA DE EMMENTAL 125 G.,DISTRIBUIDORES,TGT,"000010-TEODORO GARCIA, S.A. ( BLOQ )",0.0,0.0,0.0,0.0,0.0,0.0,0.0,0.0,0.0,0.0,0.0,0.0,0.0,0.0,0.0,0.0,0.0,0.0,0.0,0.0,0.0,0.0,0.0,0.0,0.0,0.0,0.0,0.0,0.0,0.0,0.0,0.0,0.0,0.0,0.0,0.0,0.0,0.0
8062.0,CREMA DE EMMENTAL 125 G.,DISTRIBUIDORES,TGT,000580-LOGÍSTICA Y TRANSFORMACIÓN LÁCTEA S.L. ( bloq),0.0,0.0,0.0,0.0,0.0,0.0,0.0,0.0,0.0,0.0,0.0,0.0,0.0,0.0,0.0,0.0,0.0,0.0,0.0,0.0,0.0,0.0,0.0,0.0,0.0,0.0,0.0,0.0,0.0,0.0,0.0,0.0,0.0,0.0,0.0,0.0,0.0,0.0
8110.0,LONCHAS EDAM ALIPENDE 200 G.,RETAIL,IFA,000597-AHORRAMAS S.A.,13977.6,9172.8,17252.6,16816.8,14632.8,13104.0,14632.8,13977.6,17032.6,16162.6,15288.0,11349.6,1.0,1.0,0.0,0.0,0.0,0.0,0.0,84479.92,55371.04,104235.16,104682.49,92731.34,83030.93,92776.97,88626.2,107996.51,102484.98,96931.56,71967.24,0.0,0.0,0.0,0.0,0.0,0.0,0.0
8111.0,LONCHAS GOUDA ALIPENDE 200 G.,RETAIL,IFA,000597-AHORRAMAS S.A.,10701.6,6333.6,15286.6,16161.6,12667.2,11138.4,12012.0,12230.4,14190.6,5897.8,0.0,1.0,0.0,0.0,0.0,0.0,0.0,0.0,0.0,64679.94,38178.42,92367.27,100463.05,80282.77,70593.8,76159.88,77552.32,89975.51,37396.39,0.0,0.0,0.0,0.0,0.0,0.0,0.0,0.0,0.0
8120.0,QUESO FRESCO MASCARPONE 5 KG.,DISTRIBUIDORES,RESTO DISTRIBUIDORES,"000643-ORTHIDAL, S.L.",0.0,0.0,0.0,0.0,0.0,560.0,30.0,0.0,20.0,0.0,0.0,0.0,0.0,0.0,0.0,0.0,0.0,0.0,0.0,0.0,0.0,0.0,0.0,0.0,5269.6,282.3,0.0,188.2,0.0,0.0,0.0,0.0,0.0,0.0,0.0,0.0,0.0,0.0
8120.0,QUESO FRESCO MASCARPONE 5 KG.,INDUSTRIALES & FOOD SERVICE,INTERPROVEEDORES,000473-A.I.A.D.H.E.   S.A.,0.0,1260.0,0.0,0.0,0.0,0.0,700.0,0.0,0.0,0.0,900.0,0.0,0.0,0.0,0.0,1440.0,0.0,0.0,0.0,0.0,7497.0,0.0,0.0,0.0,0.0,4865.0,0.0,0.0,0.0,6255.0,0.0,0.0,0.0,0.0,10008.0,0.0,0.0,0.0
8120.0,QUESO FRESCO MASCARPONE 5 KG.,INDUSTRIALES & FOOD SERVICE,RESTO INDUSTRIALES & FOODSERVICE,"000980-L´ÀNEC DELS PIRINEUS, S.L",0.0,0.0,0.0,0.0,0.0,0.0,0.0,0.0,0.0,0.0,0.0,0.0,0.0,0.0,0.0,0.0,300.0,0.0,0.0,0.0,0.0,0.0,0.0,0.0,0.0,0.0,0.0,0.0,0.0,0.0,0.0,0.0,0.0,0.0,0.0,2928.0,0.0,0.0
8158.0,LONCHAS MOZZARELLA ALIPENDE 200 G.,RETAIL,IFA,000597-AHORRAMAS S.A.,6115.2,3931.2,8078.8,8080.8,6988.8,6988.8,7862.4,7207.2,8289.0,8083.6,8080.8,9609.6,11138.4,9609.6,11575.2,10920.0,6988.8,8736.0,7862.4,39139.42,25148.25,51680.29,51713.54,44723.08,44705.16,50305.46,46078.66,53034.57,51730.18,51714.82,61500.96,71288.37,61498.4,74085.33,69870.05,44707.73,55913.46,50301.64
8159.0,LONCHAS HAVARTI ALIPENDE 200 G.,RETAIL,IFA,000597-AHORRAMAS S.A.,9391.2,6770.4,7643.6,9609.6,8954.4,7423.2,7862.4,7425.6,10258.4,8955.2,8080.8,11575.2,11138.4,9172.8,9827.0,10483.2,6552.0,8954.4,8080.8,68381.56,49248.83,59005.9,91223.1,84941.82,70467.11,74625.53,70499.4,97386.7,85015.82,76702.85,109884.72,105737.7,79333.76,101037.12,99492.48,62186.36,85013.96,76716.11
8160.0,LONCHAS HAVARTI LIGHT ALIPENDE 200 G.,RETAIL,IFA,000597-AHORRAMAS S.A.,3931.2,3494.4,3712.6,4804.8,4804.8,3712.8,3712.8,3055.2,6545.6,5024.0,5023.2,4368.0,6115.2,4804.8,5677.88,5023.2,4804.8,4267.2,4804.8,27048.62,23957.9,26870.55,43038.84,43002.89,33285.42,33287.2,27385.36,58702.89,45055.09,45044.31,39171.15,54835.31,38524.39,55492.26,45022.79,43072.85,38274.22,43087.2
8165.0,CREMA DE 4 QUESOS 500 G.,INDUSTRIALES & FOOD SERVICE,RESTO INDUSTRIALES & FOODSERVICE,"000792-CONWAY-THE CONVENIENCE COMPANY, S.A.",720.0,1200.0,960.0,972.0,480.0,720.0,968.0,800.0,960.0,960.0,960.0,1440.0,360.0,956.0,960.0,960.0,640.0,640.0,760.0,4572.0,7620.0,6096.0,6172.2,3048.0,4572.0,6146.8,5080.0,6096.0,6096.0,6096.0,9144.0,2286.0,6070.6,6096.0,6096.0,4064.0,4064.0,4826.0
8238.0,QUESO FRESCO MASCARPONE 2 KG.,CASH & CARRY,MAKRO,000621-MAKRO DISTRIBUCIÓN MAYORISTA SA,3680.0,4184.0,5024.0,4856.0,5208.0,4376.0,4784.0,5080.0,5560.0,4232.0,5504.0,5952.0,4512.0,4512.0,5280.0,5688.0,5664.0,5592.0,5608.0,35231.37,40568.06,48712.69,47087.64,50496.74,42429.7,46385.66,49255.68,53909.77,40614.58,51954.16,57715.26,43748.36,43748.34,51194.86,55150.84,54918.13,54220.01,54375.14
8238.0,QUESO FRESCO MASCARPONE 2 KG.,CASH & CARRY,MAKRO,000645-MAKRO CASH & CARRY PORTUGAL S.A.,1672.0,1808.0,1840.0,2728.0,2200.0,2392.0,2736.0,3064.0,2696.0,2800.0,1848.0,2152.0,2296.0,1424.0,2768.0,2928.0,3648.0,3216.0,3592.0,15215.2,16452.8,16744.0,24824.8,20020.0,21767.2,24897.6,27882.4,24533.6,25480.0,16816.8,19583.2,20893.6,12958.4,25188.8,26644.8,33124.0,29265.6,32687.2
8238.0,QUESO FRESCO MASCARPONE 2 KG.,DISTRIBUIDORES,MAKRO,000721-MAKRO CASH & CARRY PORTUGAL S.A.,0.0,0.0,0.0,0.0,0.0,0.0,0.0,0.0,0.0,0.0,0.0,0.0,0.0,0.0,0.0,0.0,1.0,0.0,0.0,0.0,0.0,0.0,0.0,0.0,0.0,0.0,0.0,0.0,0.0,0.0,0.0,0.0,0.0,0.0,0.0,0.0,0.0,0.0
8238.0,QUESO FRESCO MASCARPONE 2 KG.,DISTRIBUIDORES,PROVISIONES SUROESTE,"000879-PROVISIONES SUROESTE, S.L.",32.0,88.0,64.0,176.0,96.0,16.0,152.0,96.0,64.0,0.0,16.0,0.0,16.0,32.0,120.0,320.0,16.0,128.0,192.0,269.12,740.08,538.24,1480.16,807.36,134.56,1278.32,807.36,538.24,0.0,134.56,0.0,132.16,264.32,991.2,2643.2,132.16,1057.28,1585.92
8238.0,QUESO FRESCO MASCARPONE 2 KG.,DISTRIBUIDORES,RESTO DISTRIBUIDORES,"000038-LÁCTEOS MENDI, S.L.",32.0,48.0,72.0,128.0,40.0,144.0,16.0,80.0,88.0,120.0,64.0,152.0,120.0,80.0,216.0,112.0,128.0,192.0,64.0,281.6,422.4,633.6,1126.4,352.0,1267.2,140.8,704.0,774.4,1056.0,563.2,1337.6,1084.0,732.0,1976.4,1024.8,1171.2,1756.8,585.6
8238.0,QUESO FRESCO MASCARPONE 2 KG.,DISTRIBUIDORES,RESTO DISTRIBUIDORES,000589-CONVENIENCE FOOD S.L.U.,0.0,0.0,0.0,0.0,0.0,0.0,0.0,0.0,0.0,0.0,0.0,0.0,0.0,0.0,0.0,0.0,0.0,0.0,80.0,0.0,0.0,0.0,0.0,0.0,0.0,0.0,0.0,0.0,0.0,0.0,0.0,0.0,0.0,0.0,0.0,0.0,0.0,792.8
8238.0,QUESO FRESCO MASCARPONE 2 KG.,DISTRIBUIDORES,RESTO DISTRIBUIDORES,"000643-ORTHIDAL, S.L.",0.0,32.0,120.0,16.0,160.0,0.0,80.0,40.0,96.0,80.0,40.0,200.0,48.0,40.0,40.0,0.0,0.0,0.0,0.0,0.0,307.52,1153.2,153.76,1537.6,0.0,768.8,384.4,922.56,768.8,384.4,1922.0,478.08,410.4,410.4,0.0,0.0,0.0,0.0
8238.0,QUESO FRESCO MASCARPONE 2 KG.,DISTRIBUIDORES,RESTO DISTRIBUIDORES,000651-COMERGRAN S.L.,160.0,80.0,240.0,240.0,80.0,240.0,80.0,160.0,200.0,240.0,200.0,400.0,200.0,200.0,280.0,280.0,144.0,192.0,128.0,1400.0,672.8,2018.4,2018.4,672.8,2018.4,672.8,1345.6,1682.0,2018.4,1682.0,3364.0,1698.0,1722.0,2410.8,2410.8,1239.84,1653.12,1102.08
8238.0,QUESO FRESCO MASCARPONE 2 KG.,DISTRIBUIDORES,RESTO DISTRIBUIDORES,000654-COMERCIAL PINAMAS S.L.,64.0,120.0,72.0,80.0,88.0,120.0,80.0,168.0,72.0,152.0,80.0,168.0,72.0,168.0,200.0,64.0,192.0,128.0,192.0,592.0,1110.0,666.0,740.0,814.0,1110.0,740.0,1554.0,666.0,1406.0,740.0,1554.0,680.0,1612.8,1920.0,614.4,1843.2,1228.8,1843.2
8238.0,QUESO FRESCO MASCARPONE 2 KG.,DISTRIBUIDORES,RESTO DISTRIBUIDORES,000664-CARLOS ALBERTO LUIS CEJUDO,0.0,8.0,8.0,8.0,16.0,16.0,8.0,0.0,16.0,8.0,8.0,24.0,16.0,0.0,0.0,0.0,0.0,0.0,0.0,0.0,70.0,70.0,70.0,140.0,140.0,70.0,0.0,140.0,70.0,70.0,210.0,145.6,0.0,0.0,0.0,0.0,0.0,0.0
8238.0,QUESO FRESCO MASCARPONE 2 KG.,DISTRIBUIDORES,RESTO DISTRIBUIDORES,"000675-CORPORACIÓN LÁCTEA DEL NORTE, S.L.",0.0,0.0,40.0,32.0,32.0,32.0,96.0,32.0,104.0,32.0,0.0,80.0,0.0,40.0,0.0,80.0,0.0,112.0,0.0,0.0,0.0,380.0,304.0,304.0,304.0,912.0,304.0,988.0,304.0,0.0,760.0,0.0,394.0,0.0,788.0,0.0,1103.2,0.0
8238.0,QUESO FRESCO MASCARPONE 2 KG.,DISTRIBUIDORES,RESTO DISTRIBUIDORES,"000709-DISTRIBUCIONES MONTEVERDE, S.L.U. ( BLOQ)",16.0,0.0,32.0,16.0,32.0,24.0,8.0,8.0,0.0,0.0,0.0,0.0,0.0,0.0,0.0,0.0,0.0,0.0,0.0,143.2,0.0,286.4,143.2,286.4,214.8,71.6,71.6,0.0,0.0,0.0,0.0,0.0,0.0,0.0,0.0,0.0,0.0,0.0
8238.0,QUESO FRESCO MASCARPONE 2 KG.,DISTRIBUIDORES,RESTO DISTRIBUIDORES,"000710-SELECCIO REGISA, S.L.",72.0,32.0,152.0,128.0,128.0,80.0,160.0,120.0,112.0,48.0,0.0,72.0,40.0,32.0,224.0,64.0,128.0,192.0,128.0,644.4,286.4,1360.4,1145.6,1145.6,716.0,1432.0,1074.0,1002.4,429.6,0.0,691.92,384.4,318.72,2231.04,637.44,1274.88,1912.32,1274.88
8238.0,QUESO FRESCO MASCARPONE 2 KG.,DISTRIBUIDORES,RESTO DISTRIBUIDORES,000711-DISTRIBUCIONES J.M. S.A.,80.0,32.0,112.0,80.0,80.0,120.0,64.0,32.0,104.0,80.0,48.0,64.0,48.0,128.0,88.0,128.0,16.0,72.0,40.0,768.8,307.52,1076.32,768.8,768.8,1153.2,615.04,307.52,999.44,768.8,461.28,615.04,478.08,1274.88,876.48,1274.88,159.36,717.12,398.4
8238.0,QUESO FRESCO MASCARPONE 2 KG.,DISTRIBUIDORES,RESTO DISTRIBUIDORES,"000734-UDIAL, S.A. (BLOQ.)",0.0,0.0,0.0,0.0,0.0,0.0,0.0,0.0,0.0,0.0,0.0,0.0,0.0,0.0,0.0,0.0,0.0,0.0,0.0,0.0,0.0,0.0,0.0,0.0,0.0,0.0,0.0,0.0,0.0,0.0,0.0,0.0,0.0,0.0,0.0,0.0,0.0,0.0
8238.0,QUESO FRESCO MASCARPONE 2 KG.,DISTRIBUIDORES,RESTO DISTRIBUIDORES,000745-MARIANO HERNANDEZ MARTIN (BLOQ.),0.0,0.0,0.0,0.0,0.0,0.0,0.0,0.0,0.0,0.0,0.0,0.0,0.0,0.0,0.0,0.0,0.0,0.0,0.0,0.0,0.0,0.0,0.0,0.0,0.0,0.0,0.0,0.0,0.0,0.0,0.0,0.0,0.0,0.0,0.0,0.0,0.0,0.0
8238.0,QUESO FRESCO MASCARPONE 2 KG.,DISTRIBUIDORES,RESTO DISTRIBUIDORES,000751-PLACOR 2006 S.L.,64.0,104.0,0.0,128.0,0.0,128.0,64.0,40.0,16.0,64.0,0.0,112.0,48.0,0.0,64.0,64.0,0.0,48.0,0.0,654.63,1063.77,0.0,1309.26,0.0,1309.27,654.63,409.14,163.66,654.63,0.0,1145.6,507.69,0.0,676.92,676.92,0.0,507.69,0.0
8238.0,QUESO FRESCO MASCARPONE 2 KG.,DISTRIBUIDORES,RESTO DISTRIBUIDORES,000761-D.C. OLEGARIO ALONSO S.L. ( BLOQ ),0.0,0.0,0.0,0.0,0.0,24.0,0.0,0.0,0.0,0.0,0.0,0.0,0.0,0.0,0.0,0.0,0.0,0.0,0.0,0.0,0.0,0.0,0.0,0.0,252.0,0.0,0.0,0.0,0.0,0.0,0.0,0.0,0.0,0.0,0.0,0.0,0.0,0.0
8238.0,QUESO FRESCO MASCARPONE 2 KG.,DISTRIBUIDORES,RESTO DISTRIBUIDORES,000776-COMERCIAL DIALVA S.A.,0.0,0.0,0.0,200.0,0.0,160.0,160.0,160.0,0.0,0.0,0.0,0.0,0.0,0.0,0.0,128.0,160.0,128.0,192.0,0.0,0.0,0.0,1922.0,0.0,1537.6,1537.6,1537.6,0.0,0.0,0.0,0.0,0.0,0.0,0.0,1274.88,1593.6,1274.88,1912.32
8238.0,QUESO FRESCO MASCARPONE 2 KG.,DISTRIBUIDORES,RESTO DISTRIBUIDORES,000790-PALENZUELA LOGISTICA S.L.,64.0,40.0,40.0,24.0,32.0,72.0,8.0,8.0,80.0,48.0,40.0,0.0,0.0,0.0,0.0,0.0,0.0,0.0,0.0,664.83,415.6,415.6,249.36,332.48,748.08,83.12,83.12,831.2,498.72,415.6,0.0,0.0,0.0,0.0,0.0,0.0,0.0,0.0
8238.0,QUESO FRESCO MASCARPONE 2 KG.,DISTRIBUIDORES,RESTO DISTRIBUIDORES,000791-CAZALEN S.L. (BLOQ.),0.0,0.0,0.0,16.0,0.0,0.0,0.0,0.0,0.0,0.0,0.0,0.0,0.0,0.0,0.0,0.0,0.0,0.0,0.0,0.0,0.0,0.0,143.2,0.0,0.0,0.0,0.0,0.0,0.0,0.0,0.0,0.0,0.0,0.0,0.0,0.0,0.0,0.0
8238.0,QUESO FRESCO MASCARPONE 2 KG.,DISTRIBUIDORES,RESTO DISTRIBUIDORES,000821-A.BASARRATE S.A.,16.0,16.0,32.0,40.0,16.0,32.0,24.0,16.0,112.0,136.0,14.0,56.0,16.0,24.0,32.0,0.0,24.0,24.0,24.0,139.2,139.2,278.4,348.0,139.2,278.4,208.8,139.2,974.4,-487.2,121.8,487.2,144.8,217.2,289.6,0.0,217.2,217.2,217.2
8238.0,QUESO FRESCO MASCARPONE 2 KG.,DISTRIBUIDORES,RESTO DISTRIBUIDORES,"000836-DISTRIBUCIONES SERVERA, S.A.",0.0,0.0,0.0,0.0,0.0,0.0,48.0,0.0,120.0,24.0,0.0,0.0,0.0,8.0,48.0,88.0,88.0,0.0,0.0,0.0,0.0,0.0,0.0,0.0,0.0,461.28,0.0,1153.2,230.64,0.0,0.0,0.0,79.68,478.08,876.48,876.48,0.0,0.0
8238.0,QUESO FRESCO MASCARPONE 2 KG.,DISTRIBUIDORES,RESTO DISTRIBUIDORES,"000854-EL CONCHEL D´GUSTO, S.L.U. (BLOQ.)",0.0,0.0,0.0,0.0,0.0,0.0,0.0,0.0,0.0,0.0,0.0,0.0,0.0,0.0,0.0,0.0,0.0,0.0,0.0,0.0,0.0,0.0,0.0,0.0,0.0,0.0,0.0,0.0,0.0,0.0,0.0,0.0,0.0,0.0,0.0,0.0,0.0,0.0
8238.0,QUESO FRESCO MASCARPONE 2 KG.,DISTRIBUIDORES,RESTO DISTRIBUIDORES,"000864-RISCALES ALIMENTACIÓN, S.L.",0.0,0.0,0.0,16.0,8.0,24.0,8.0,40.0,16.0,16.0,40.0,16.0,8.0,32.0,40.0,32.0,0.0,8.0,8.0,0.0,0.0,0.0,139.2,69.6,208.8,69.6,348.0,139.2,139.2,348.0,153.76,76.88,318.72,398.4,318.72,0.0,79.68,79.68
8238.0,QUESO FRESCO MASCARPONE 2 KG.,DISTRIBUIDORES,RESTO DISTRIBUIDORES,"000868-CODILEX ALIMENTACIÓN TRADICIONAL, S.L.",0.0,0.0,0.0,0.0,0.0,0.0,0.0,240.0,0.0,0.0,48.0,48.0,88.0,64.0,0.0,64.0,0.0,64.0,64.0,0.0,0.0,0.0,0.0,0.0,0.0,0.0,1392.0,0.0,0.0,417.6,417.6,790.8,579.2,0.0,579.2,0.0,579.2,579.2
8238.0,QUESO FRESCO MASCARPONE 2 KG.,DISTRIBUIDORES,RESTO DISTRIBUIDORES,000870-COMERCIAL LEÓN ZARAGOZA S.L.,32.0,88.0,120.0,136.0,48.0,64.0,80.0,32.0,72.0,72.0,64.0,80.0,40.0,72.0,64.0,64.0,0.0,64.0,0.0,286.4,787.6,1074.0,1217.2,429.6,572.8,716.0,286.4,644.4,644.4,572.8,716.0,372.0,669.6,595.2,595.2,0.0,595.2,0.0
8238.0,QUESO FRESCO MASCARPONE 2 KG.,DISTRIBUIDORES,RESTO DISTRIBUIDORES,"000890-OCEANÍA FOOD SELECTION, S.L. ( bloq)",120.0,336.0,288.0,80.0,0.0,0.0,0.0,0.0,0.0,0.0,0.0,0.0,0.0,0.0,0.0,0.0,0.0,0.0,0.0,1056.0,2956.8,2534.4,704.0,0.0,0.0,0.0,0.0,0.0,0.0,0.0,0.0,0.0,0.0,0.0,0.0,0.0,0.0,0.0
8238.0,QUESO FRESCO MASCARPONE 2 KG.,DISTRIBUIDORES,RESTO DISTRIBUIDORES,"000922-GRUPO EMPRESARIAL SOS, S.L.",0.0,0.0,0.0,0.0,0.0,0.0,32.0,0.0,0.0,0.0,0.0,0.0,0.0,0.0,0.0,0.0,0.0,0.0,0.0,0.0,0.0,0.0,0.0,0.0,0.0,332.48,0.0,0.0,0.0,0.0,0.0,0.0,0.0,0.0,0.0,0.0,0.0,0.0
8238.0,QUESO FRESCO MASCARPONE 2 KG.,DISTRIBUIDORES,TGT,000580-LOGÍSTICA Y TRANSFORMACIÓN LÁCTEA S.L. ( bloq),240.0,40.0,0.0,0.0,40.0,0.0,0.0,0.0,0.0,0.0,0.0,0.0,0.0,0.0,0.0,0.0,0.0,0.0,0.0,2139.2,363.2,0.0,0.0,363.2,0.0,0.0,0.0,0.0,0.0,0.0,0.0,0.0,0.0,0.0,0.0,0.0,0.0,0.0
8238.0,QUESO FRESCO MASCARPONE 2 KG.,INDUSTRIALES & FOOD SERVICE,RESTO INDUSTRIALES & FOODSERVICE,000809-CHAVINADOR S.L.,8.0,8.0,72.0,16.0,0.0,64.0,64.0,0.0,24.0,32.0,0.0,32.0,16.0,64.0,0.0,0.0,0.0,64.0,64.0,84.0,84.0,756.0,168.0,0.0,672.0,672.0,0.0,252.0,336.0,0.0,336.0,168.0,694.4,0.0,0.0,0.0,694.4,694.4
8238.0,QUESO FRESCO MASCARPONE 2 KG.,INDUSTRIALES & FOOD SERVICE,RESTO INDUSTRIALES & FOODSERVICE,000927-LASSAL COOKING S.L. (BLOQ.),0.0,0.0,0.0,0.0,480.0,1424.0,0.0,0.0,0.0,0.0,0.0,0.0,0.0,0.0,0.0,0.0,0.0,0.0,0.0,0.0,0.0,0.0,0.0,5088.96,15097.25,0.0,0.0,0.0,0.0,0.0,0.0,0.0,0.0,0.0,0.0,0.0,0.0,0.0
8238.0,QUESO FRESCO MASCARPONE 2 KG.,RETAIL,OTROS RETAILERS,"000569-COSTCO WHOLESALE SPAIN,  S.L.U (1200003713)",0.0,0.0,0.0,0.0,0.0,0.0,0.0,0.0,0.0,0.0,0.0,0.0,0.0,0.0,0.0,0.0,0.0,0.0,0.0,0.0,0.0,0.0,0.0,0.0,0.0,0.0,0.0,0.0,0.0,0.0,0.0,0.0,0.0,0.0,0.0,0.0,0.0,0.0
8264.0,LONCHAS TIERNO D ESCALONADO 1 KG.,DISTRIBUIDORES,RESTO DISTRIBUIDORES,"000854-EL CONCHEL D´GUSTO, S.L.U. (BLOQ.)",0.0,0.0,0.0,0.0,0.0,0.0,0.0,0.0,0.0,0.0,0.0,0.0,0.0,0.0,0.0,0.0,0.0,0.0,0.0,0.0,0.0,0.0,0.0,0.0,0.0,0.0,0.0,0.0,0.0,0.0,0.0,0.0,0.0,0.0,0.0,0.0,0.0,0.0
8264.0,LONCHAS TIERNO D ESCALONADO 1 KG.,INDUSTRIALES & FOOD SERVICE,RESTO INDUSTRIALES & FOODSERVICE,"000828-QUE S LIDER, S.L.",0.0,0.0,0.0,0.0,0.0,0.0,0.0,0.0,0.0,0.0,0.0,0.0,0.0,0.0,0.0,0.0,0.0,0.0,0.0,0.0,0.0,0.0,0.0,0.0,0.0,0.0,0.0,0.0,0.0,0.0,0.0,0.0,0.0,0.0,0.0,0.0,0.0,0.0
8286.0,MOZZ. FRESCA BOCCONCINO PERLAS 1 KG.,CASH & CARRY,MAKRO,000621-MAKRO DISTRIBUCIÓN MAYORISTA SA,2616.0,3904.0,3930.0,5146.0,5758.0,5286.0,5670.0,4260.0,6324.0,7708.0,2691.5,5560.0,2950.0,4058.0,5732.0,5524.0,6706.0,7298.0,5758.0,20972.46,31298.36,31506.81,41255.48,46161.86,42377.89,45456.38,34152.43,50699.51,61795.01,20962.59,43237.32,23526.99,32532.97,45953.46,44285.9,53761.97,58508.05,46161.9
8286.0,MOZZ. FRESCA BOCCONCINO PERLAS 1 KG.,CASH & CARRY,MAKRO,000645-MAKRO CASH & CARRY PORTUGAL S.A.,732.0,898.0,516.0,1180.0,1142.0,1580.0,2266.0,1426.0,1502.0,1704.0,788.0,1540.0,602.0,884.0,1670.0,2464.0,1766.0,2396.0,2740.0,5607.12,6878.68,3952.56,9038.8,8747.72,12102.8,17357.56,10923.16,11505.32,13052.64,6036.08,11459.36,4611.32,6771.44,12792.2,18874.24,13527.56,18353.36,20988.4
8286.0,MOZZ. FRESCA BOCCONCINO PERLAS 1 KG.,DISTRIBUIDORES,PROVISIONES SUROESTE,"000879-PROVISIONES SUROESTE, S.L.",46.0,104.0,78.0,56.0,74.0,118.0,166.0,164.0,148.0,140.0,150.0,20.0,140.0,114.0,322.0,164.0,316.0,382.0,524.0,317.4,717.6,538.2,386.4,510.6,814.2,1145.4,1131.6,1021.2,966.0,1035.0,138.0,995.0,815.1,2302.3,1172.6,2259.4,2731.3,3746.6
8286.0,MOZZ. FRESCA BOCCONCINO PERLAS 1 KG.,DISTRIBUIDORES,RESTO DISTRIBUIDORES,"000006-LISARDO ISMAEL FERNANDEZ RAMIREZ, S.A. (BLOQ.)",0.0,2.0,4.0,6.0,12.0,0.0,0.0,0.0,0.0,0.0,0.0,0.0,0.0,0.0,0.0,0.0,0.0,0.0,0.0,0.0,14.1,28.2,42.3,84.6,0.0,0.0,0.0,0.0,0.0,0.0,0.0,0.0,0.0,0.0,0.0,0.0,0.0,0.0
8286.0,MOZZ. FRESCA BOCCONCINO PERLAS 1 KG.,DISTRIBUIDORES,RESTO DISTRIBUIDORES,"000038-LÁCTEOS MENDI, S.L.",0.0,2.0,6.0,4.0,14.0,24.0,34.0,30.0,4.0,2.0,4.0,4.0,4.0,2.0,6.0,6.0,14.0,12.0,16.0,0.0,14.8,44.4,29.6,100.6,165.6,234.6,207.0,27.6,13.8,27.6,27.6,28.1,14.3,42.9,42.9,100.1,85.8,114.4
8286.0,MOZZ. FRESCA BOCCONCINO PERLAS 1 KG.,DISTRIBUIDORES,RESTO DISTRIBUIDORES,"000247-FADIS ALIMENTACION, S.L.",4.0,8.0,0.0,8.0,30.0,20.0,64.0,26.0,28.0,8.0,0.0,8.0,12.0,0.0,0.0,0.0,0.0,0.0,0.0,30.77,61.54,0.0,61.54,230.79,153.85,492.35,184.0,215.09,61.54,0.0,61.54,95.25,0.0,0.0,0.0,0.0,0.0,0.0
8286.0,MOZZ. FRESCA BOCCONCINO PERLAS 1 KG.,DISTRIBUIDORES,RESTO DISTRIBUIDORES,000589-CONVENIENCE FOOD S.L.U.,320.0,280.0,340.0,380.0,440.0,440.0,358.0,198.0,800.0,480.0,480.0,350.0,460.0,420.0,478.0,520.0,500.0,800.0,460.0,2192.0,1918.0,2329.0,2603.0,3014.0,3014.0,2452.3,1356.3,5480.0,3288.0,3288.0,2397.5,3236.0,2982.0,3393.8,3692.0,3550.0,5680.0,3266.0
8286.0,MOZZ. FRESCA BOCCONCINO PERLAS 1 KG.,DISTRIBUIDORES,RESTO DISTRIBUIDORES,"000643-ORTHIDAL, S.L.",14.0,46.0,274.0,230.0,268.0,172.0,342.0,438.0,156.0,328.0,206.0,218.0,32.0,48.0,152.0,126.0,122.0,346.0,128.0,96.16,317.4,1890.56,1584.07,1848.36,1186.8,2359.8,3022.2,1076.4,2263.2,1421.4,1504.2,228.27,353.28,1118.63,927.36,897.92,2541.52,941.51
8286.0,MOZZ. FRESCA BOCCONCINO PERLAS 1 KG.,DISTRIBUIDORES,RESTO DISTRIBUIDORES,000644-COMERCIAL LUIS ROSQUELLAS S.L.,0.0,0.0,0.0,20.0,16.0,24.0,10.0,12.0,0.0,0.0,0.0,0.0,0.0,0.0,0.0,0.0,0.0,0.0,0.0,0.0,0.0,0.0,140.92,112.73,169.1,70.46,84.55,0.0,0.0,0.0,0.0,0.0,0.0,0.0,0.0,0.0,0.0,0.0
8286.0,MOZZ. FRESCA BOCCONCINO PERLAS 1 KG.,DISTRIBUIDORES,RESTO DISTRIBUIDORES,000651-COMERGRAN S.L.,0.0,6.0,6.0,70.0,10.0,50.0,36.0,40.0,48.0,30.0,20.0,0.0,0.0,8.0,16.0,36.0,10.0,24.0,24.0,0.0,41.4,41.4,483.0,69.0,345.0,248.4,276.0,331.2,207.0,138.0,0.0,0.0,57.2,114.4,257.4,71.5,171.6,171.6
8286.0,MOZZ. FRESCA BOCCONCINO PERLAS 1 KG.,DISTRIBUIDORES,RESTO DISTRIBUIDORES,000664-CARLOS ALBERTO LUIS CEJUDO,0.0,4.0,4.0,0.0,4.0,0.0,0.0,0.0,0.0,0.0,0.0,0.0,0.0,0.0,0.0,0.0,0.0,0.0,0.0,0.0,29.4,29.4,0.0,29.4,0.0,0.0,0.0,0.0,0.0,0.0,0.0,0.0,0.0,0.0,0.0,0.0,0.0,0.0
8286.0,MOZZ. FRESCA BOCCONCINO PERLAS 1 KG.,DISTRIBUIDORES,RESTO DISTRIBUIDORES,"000675-CORPORACIÓN LÁCTEA DEL NORTE, S.L.",0.0,2.0,0.0,2.0,0.0,8.0,32.0,12.0,0.0,0.0,0.0,0.0,0.0,0.0,4.0,8.0,0.0,0.0,8.0,0.0,13.58,0.0,13.58,0.0,54.32,217.28,81.48,0.0,0.0,0.0,0.0,0.0,0.0,28.16,56.32,0.0,0.0,56.32
8286.0,MOZZ. FRESCA BOCCONCINO PERLAS 1 KG.,DISTRIBUIDORES,RESTO DISTRIBUIDORES,000679-SPANISH CHEESE S.L.U.,0.0,0.0,0.0,0.0,0.0,0.0,66.0,100.0,100.0,200.0,80.0,120.0,0.0,100.0,100.0,100.0,80.0,100.0,0.0,0.0,0.0,0.0,0.0,0.0,0.0,396.99,601.5,601.5,1343.0,537.2,805.8,0.0,677.06,677.06,677.06,541.65,677.06,0.0
8286.0,MOZZ. FRESCA BOCCONCINO PERLAS 1 KG.,DISTRIBUIDORES,RESTO DISTRIBUIDORES,"000709-DISTRIBUCIONES MONTEVERDE, S.L.U. ( BLOQ)",0.0,0.0,0.0,0.0,0.0,58.0,60.0,14.0,-8.0,0.0,0.0,0.0,0.0,0.0,0.0,0.0,0.0,0.0,0.0,0.0,0.0,0.0,0.0,0.0,443.7,459.0,107.1,-61.2,0.0,0.0,0.0,0.0,0.0,0.0,0.0,0.0,0.0,0.0
8286.0,MOZZ. FRESCA BOCCONCINO PERLAS 1 KG.,DISTRIBUIDORES,RESTO DISTRIBUIDORES,"000710-SELECCIO REGISA, S.L.",0.0,0.0,0.0,0.0,4.0,0.0,0.0,0.0,0.0,0.0,0.0,0.0,0.0,0.0,2.0,0.0,0.0,4.0,12.0,0.0,0.0,0.0,0.0,28.76,0.0,0.0,0.0,0.0,0.0,0.0,0.0,0.0,0.0,14.3,0.0,0.0,28.6,85.8
8286.0,MOZZ. FRESCA BOCCONCINO PERLAS 1 KG.,DISTRIBUIDORES,RESTO DISTRIBUIDORES,000711-DISTRIBUCIONES J.M. S.A.,180.0,160.0,40.0,120.0,40.0,0.0,0.0,30.0,18.0,14.0,16.0,6.0,0.0,10.0,4.0,0.0,6.0,0.0,0.0,1242.0,1104.0,276.0,828.0,276.0,0.0,0.0,207.0,124.2,96.6,110.4,41.4,0.0,71.5,28.6,0.0,42.9,0.0,0.0
8286.0,MOZZ. FRESCA BOCCONCINO PERLAS 1 KG.,DISTRIBUIDORES,RESTO DISTRIBUIDORES,000751-PLACOR 2006 S.L.,0.0,10.0,0.0,0.0,2.0,4.0,6.0,0.0,6.0,6.0,0.0,2.0,10.0,0.0,0.0,0.0,0.0,0.0,0.0,0.0,75.12,0.0,0.0,15.02,30.05,45.07,0.0,45.07,45.07,0.0,15.02,77.61,0.0,0.0,0.0,0.0,0.0,0.0
8286.0,MOZZ. FRESCA BOCCONCINO PERLAS 1 KG.,DISTRIBUIDORES,RESTO DISTRIBUIDORES,000776-COMERCIAL DIALVA S.A.,30.0,116.0,100.0,84.0,128.0,152.0,48.0,72.0,120.0,32.0,128.0,144.0,72.0,128.0,100.0,48.0,128.0,172.0,38.0,207.0,800.4,690.0,579.6,883.2,1048.8,331.2,496.8,828.0,220.8,883.2,993.6,514.8,900.9,715.0,343.2,915.2,1229.8,271.7
8286.0,MOZZ. FRESCA BOCCONCINO PERLAS 1 KG.,DISTRIBUIDORES,RESTO DISTRIBUIDORES,000790-PALENZUELA LOGISTICA S.L.,0.0,0.0,0.0,0.0,0.0,0.0,2.0,0.0,2.0,0.0,0.0,0.0,0.0,0.0,0.0,0.0,0.0,0.0,0.0,0.0,0.0,0.0,0.0,0.0,0.0,14.38,0.0,14.38,0.0,0.0,0.0,0.0,0.0,0.0,0.0,0.0,0.0,0.0
8286.0,MOZZ. FRESCA BOCCONCINO PERLAS 1 KG.,DISTRIBUIDORES,RESTO DISTRIBUIDORES,000815-GLAC S.A.,0.0,6.0,26.0,82.0,22.0,80.0,70.0,154.0,28.0,30.0,0.0,0.0,0.0,0.0,0.0,32.0,128.0,128.0,160.0,0.0,44.4,191.14,589.58,158.18,575.2,503.3,1107.26,201.32,215.7,0.0,0.0,0.0,0.0,0.0,228.8,915.2,915.2,1144.0
8286.0,MOZZ. FRESCA BOCCONCINO PERLAS 1 KG.,DISTRIBUIDORES,RESTO DISTRIBUIDORES,000816-CARLAFEX S.L.,80.0,180.0,180.0,120.0,200.0,280.0,180.0,120.0,220.0,300.0,80.0,140.0,140.0,40.0,152.0,152.0,304.0,342.0,76.0,540.0,1215.0,1215.0,810.0,1350.0,1890.0,1215.0,810.0,1485.0,2025.0,540.0,945.0,980.0,280.0,1064.0,1064.0,2128.0,2394.0,532.0
8286.0,MOZZ. FRESCA BOCCONCINO PERLAS 1 KG.,DISTRIBUIDORES,RESTO DISTRIBUIDORES,"000855-CASA BASTIDA, S.L. ( BLOQ )",0.0,0.0,4.0,40.0,0.0,66.0,60.0,84.0,0.0,0.0,0.0,0.0,0.0,0.0,0.0,0.0,0.0,0.0,0.0,0.0,0.0,27.6,276.0,0.0,455.4,414.0,579.6,0.0,0.0,0.0,0.0,0.0,0.0,0.0,0.0,0.0,0.0,0.0
8286.0,MOZZ. FRESCA BOCCONCINO PERLAS 1 KG.,DISTRIBUIDORES,RESTO DISTRIBUIDORES,"000858-COVADUL FAST FOOD, S.L.",6.0,18.0,8.0,20.0,12.0,30.0,10.0,22.0,30.0,20.0,14.0,12.0,18.0,40.0,0.0,0.0,0.0,32.0,0.0,41.4,124.2,55.2,138.0,82.8,207.0,69.0,151.8,207.0,138.0,96.6,82.8,127.7,286.0,0.0,0.0,0.0,228.8,0.0
8286.0,MOZZ. FRESCA BOCCONCINO PERLAS 1 KG.,DISTRIBUIDORES,RESTO DISTRIBUIDORES,"000865-DISALCON95, S.L.",0.0,0.0,0.0,0.0,0.0,0.0,0.0,0.0,0.0,0.0,0.0,0.0,0.0,0.0,0.0,0.0,0.0,0.0,0.0,0.0,0.0,0.0,0.0,0.0,0.0,0.0,0.0,0.0,0.0,0.0,0.0,0.0,0.0,0.0,0.0,0.0,0.0,0.0
8286.0,MOZZ. FRESCA BOCCONCINO PERLAS 1 KG.,DISTRIBUIDORES,RESTO DISTRIBUIDORES,"000890-OCEANÍA FOOD SELECTION, S.L. ( bloq)",0.0,8.0,24.0,8.0,0.0,0.0,0.0,0.0,0.0,0.0,0.0,0.0,0.0,0.0,0.0,0.0,0.0,0.0,0.0,0.0,57.52,172.56,57.52,0.0,0.0,0.0,0.0,0.0,0.0,0.0,0.0,0.0,0.0,0.0,0.0,0.0,0.0,0.0
8286.0,MOZZ. FRESCA BOCCONCINO PERLAS 1 KG.,DISTRIBUIDORES,RESTO DISTRIBUIDORES,000916-SERVICHEF GASTRONOMÍA S.L.,0.0,20.0,24.0,24.0,0.0,0.0,80.0,0.0,40.0,0.0,10.0,20.0,0.0,0.0,0.0,0.0,0.0,0.0,0.0,0.0,143.8,172.56,172.56,0.0,0.0,575.2,0.0,287.6,0.0,71.9,143.8,0.0,0.0,0.0,0.0,0.0,0.0,0.0
8286.0,MOZZ. FRESCA BOCCONCINO PERLAS 1 KG.,DISTRIBUIDORES,RESTO DISTRIBUIDORES,000950-GRUP ALIMENTARI DISTECO S.A,0.0,0.0,0.0,0.0,0.0,0.0,0.0,0.0,0.0,0.0,10.0,16.0,20.0,14.0,30.0,18.0,44.0,38.0,40.0,0.0,0.0,0.0,0.0,0.0,0.0,0.0,0.0,0.0,0.0,69.0,110.4,143.0,100.1,214.5,128.7,314.6,271.7,286.0
8286.0,MOZZ. FRESCA BOCCONCINO PERLAS 1 KG.,DISTRIBUIDORES,RESTO DISTRIBUIDORES,000987-LPA ALIMENTACION S.L.,0.0,0.0,0.0,0.0,0.0,0.0,0.0,0.0,0.0,0.0,0.0,0.0,0.0,0.0,0.0,0.0,0.0,26.0,26.0,0.0,0.0,0.0,0.0,0.0,0.0,0.0,0.0,0.0,0.0,0.0,0.0,0.0,0.0,0.0,0.0,0.0,185.9,185.9
8286.0,MOZZ. FRESCA BOCCONCINO PERLAS 1 KG.,DISTRIBUIDORES,TGT,000580-LOGÍSTICA Y TRANSFORMACIÓN LÁCTEA S.L. ( bloq),2440.0,1176.0,0.0,0.0,0.0,0.0,0.0,0.0,0.0,0.0,0.0,0.0,0.0,0.0,0.0,0.0,0.0,0.0,0.0,17882.8,8902.32,0.0,0.0,0.0,0.0,0.0,0.0,0.0,0.0,0.0,0.0,0.0,0.0,0.0,0.0,0.0,0.0,0.0
8286.0,MOZZ. FRESCA BOCCONCINO PERLAS 1 KG.,INDUSTRIALES & FOOD SERVICE,RESTO INDUSTRIALES & FOODSERVICE,000803-DESPIECES Y MANIPULADOS MAVIMAR S.L. (BLOQ.),80.0,80.0,80.0,0.0,120.0,0.0,0.0,0.0,0.0,0.0,0.0,0.0,0.0,0.0,0.0,0.0,0.0,0.0,0.0,612.0,612.0,612.0,0.0,918.0,0.0,0.0,0.0,0.0,0.0,0.0,0.0,0.0,0.0,0.0,0.0,0.0,0.0,0.0
8286.0,MOZZ. FRESCA BOCCONCINO PERLAS 1 KG.,RETAIL,OTROS RETAILERS,"000569-COSTCO WHOLESALE SPAIN,  S.L.U (1200003713)",0.0,92.0,280.0,1514.0,1172.0,842.0,772.0,600.0,-140.0,0.0,0.0,0.0,0.0,0.0,0.0,254.0,978.0,1696.0,1810.0,0.0,634.8,1932.0,10446.6,8086.8,5809.8,5326.8,4140.0,-966.0,0.0,0.0,0.0,0.0,0.0,0.0,1714.5,6601.5,11448.0,12217.5
8286.0,MOZZ. FRESCA BOCCONCINO PERLAS 1 KG.,RETAIL,OTROS RETAILERS,000935-CORPORACION ALIMENTARIA DE GUISSONA,0.0,0.0,0.0,0.0,0.0,0.0,0.0,0.0,0.0,0.0,48.0,0.0,0.0,0.0,0.0,342.0,114.0,152.0,152.0,0.0,0.0,0.0,0.0,0.0,0.0,0.0,0.0,0.0,0.0,350.4,0.0,0.0,0.0,0.0,2496.6,832.2,1109.6,1109.6
8338.0,BARRA SANDWICH CON QUESO CHEDDAR 3 KG.,DISTRIBUIDORES,PROVISIONES SUROESTE,"000879-PROVISIONES SUROESTE, S.L.",0.0,0.0,0.0,1440.0,0.0,0.0,1440.0,0.0,720.0,1440.0,720.0,720.0,0.0,0.0,0.0,720.0,0.0,0.0,0.0,0.0,0.0,0.0,6552.0,0.0,0.0,6552.0,0.0,3276.0,6552.0,3276.0,3276.0,0.0,0.0,0.0,3276.0,0.0,0.0,0.0
8338.0,BARRA SANDWICH CON QUESO CHEDDAR 3 KG.,DISTRIBUIDORES,RESTO DISTRIBUIDORES,000679-SPANISH CHEESE S.L.U.,0.0,0.0,0.0,0.0,0.0,0.0,0.0,816.0,0.0,0.0,0.0,0.0,0.0,0.0,0.0,0.0,0.0,0.0,0.0,0.0,0.0,0.0,0.0,0.0,0.0,0.0,3517.68,0.0,0.0,0.0,0.0,0.0,0.0,0.0,0.0,0.0,0.0,0.0
8338.0,BARRA SANDWICH CON QUESO CHEDDAR 3 KG.,DISTRIBUIDORES,TGT,"000010-TEODORO GARCIA, S.A. ( BLOQ )",0.0,0.0,0.0,0.0,0.0,0.0,0.0,0.0,0.0,0.0,0.0,0.0,0.0,0.0,0.0,0.0,0.0,0.0,0.0,0.0,0.0,0.0,0.0,0.0,0.0,0.0,0.0,0.0,0.0,0.0,0.0,0.0,0.0,0.0,0.0,0.0,0.0,0.0
8338.0,BARRA SANDWICH CON QUESO CHEDDAR 3 KG.,DISTRIBUIDORES,TGT,000580-LOGÍSTICA Y TRANSFORMACIÓN LÁCTEA S.L. ( bloq),0.0,0.0,0.0,0.0,0.0,0.0,0.0,0.0,0.0,0.0,0.0,0.0,0.0,0.0,0.0,0.0,0.0,0.0,0.0,0.0,0.0,0.0,0.0,0.0,0.0,0.0,0.0,0.0,0.0,0.0,0.0,0.0,0.0,0.0,0.0,0.0,0.0,0.0
8338.0,BARRA SANDWICH CON QUESO CHEDDAR 3 KG.,INTERNO,INTERNO,000679-SPANISH CHEESE S.L.U.,0.0,0.0,0.0,0.0,0.0,0.0,0.0,0.0,0.0,0.0,0.0,0.0,0.0,0.0,0.0,0.0,0.0,0.0,0.0,0.0,0.0,0.0,0.0,0.0,0.0,0.0,0.0,0.0,0.0,0.0,0.0,0.0,0.0,0.0,0.0,0.0,0.0,0.0
8415.0,"3005728 QUESO FUNDIDO CHEDDAR BARRA 3,3, KG",INDUSTRIALES & FOOD SERVICE,RESTO INDUSTRIALES & FOODSERVICE,000003-CAMPOFRIO FOOD GROUP S.A.,0.0,0.0,0.0,0.0,0.0,0.0,0.0,0.0,0.0,0.0,0.0,0.0,0.0,0.0,0.0,0.0,0.0,0.0,0.0,0.0,0.0,0.0,0.0,0.0,0.0,0.0,0.0,0.0,0.0,0.0,0.0,0.0,0.0,0.0,0.0,0.0,0.0,0.0
8416.0,CREMA DE EMMENTAL SPANISH CHEESE 125 G.,DISTRIBUIDORES,RESTO DISTRIBUIDORES,000679-SPANISH CHEESE S.L.U.,0.0,0.0,0.0,138.0,144.0,149.0,0.0,0.0,0.0,143.0,0.0,155.0,56.0,0.0,0.0,0.0,0.0,0.0,0.0,0.0,0.0,0.0,1018.94,1058.54,1095.3,0.0,0.0,0.0,1051.22,0.0,1139.43,411.67,0.0,0.0,0.0,0.0,0.0,0.0
8416.0,CREMA DE EMMENTAL SPANISH CHEESE 125 G.,INTERNO,INTERNO,000679-SPANISH CHEESE S.L.U.,0.0,0.0,0.0,0.0,0.0,0.0,0.0,0.0,0.0,0.0,0.0,0.0,0.0,0.0,0.0,0.0,0.0,0.0,0.0,0.0,0.0,0.0,0.0,0.0,0.0,0.0,0.0,0.0,0.0,0.0,0.0,0.0,0.0,0.0,0.0,0.0,0.0,0.0
8417.0,CREMA DE QUESO CAMEMBERT SPANISH CHEESE 125 g,DISTRIBUIDORES,RESTO DISTRIBUIDORES,000679-SPANISH CHEESE S.L.U.,0.0,0.0,0.0,130.0,130.0,187.0,130.0,0.0,133.0,273.0,0.0,293.0,268.0,0.0,0.0,300.0,0.0,79.0,355.0,0.0,0.0,0.0,1011.62,1004.12,1444.39,1004.06,0.0,1027.23,2108.52,0.0,2262.99,2069.9,0.0,0.0,2317.06,0.0,610.16,2806.63
8417.0,CREMA DE QUESO CAMEMBERT SPANISH CHEESE 125 g,EXPORT,RESTO EXPORT,111112-CLIENTES EXPORTACION (PRESUPESTO),0.0,0.0,0.0,0.0,0.0,0.0,0.0,0.0,0.0,0.0,0.0,0.0,0.0,0.0,0.0,0.0,0.0,0.0,0.0,0.0,0.0,0.0,0.0,0.0,0.0,0.0,0.0,0.0,0.0,0.0,0.0,0.0,0.0,0.0,0.0,0.0,0.0,0.0
8417.0,CREMA DE QUESO CAMEMBERT SPANISH CHEESE 125 g,INTERNO,INTERNO,000679-SPANISH CHEESE S.L.U.,0.0,0.0,0.0,0.0,0.0,0.0,0.0,0.0,0.0,0.0,0.0,0.0,0.0,0.0,0.0,0.0,0.0,0.0,0.0,0.0,0.0,0.0,0.0,0.0,0.0,0.0,0.0,0.0,0.0,0.0,0.0,0.0,0.0,0.0,0.0,0.0,0.0,0.0
8418.0,CREMA DE QUESO CHEDDAR SPANISH CHEESE 125 g,DISTRIBUIDORES,RESTO DISTRIBUIDORES,000679-SPANISH CHEESE S.L.U.,0.0,169.0,0.0,158.0,0.0,164.0,148.0,0.0,172.0,166.0,0.0,172.0,0.0,172.0,153.0,0.0,0.0,0.0,0.0,0.0,1305.36,0.0,1220.39,0.0,1266.74,1143.08,0.0,1328.45,1282.1,0.0,1328.45,0.0,1328.45,1196.4,0.0,0.0,0.0,0.0
8418.0,CREMA DE QUESO CHEDDAR SPANISH CHEESE 125 g,INTERNO,INTERNO,000679-SPANISH CHEESE S.L.U.,0.0,0.0,0.0,0.0,0.0,0.0,0.0,0.0,0.0,0.0,0.0,0.0,0.0,0.0,0.0,0.0,0.0,0.0,0.0,0.0,0.0,0.0,0.0,0.0,0.0,0.0,0.0,0.0,0.0,0.0,0.0,0.0,0.0,0.0,0.0,0.0,0.0,0.0
8419.0,CREMA DE QUESO AZUL SPANISH CHEESE 125 g,DISTRIBUIDORES,RESTO DISTRIBUIDORES,000679-SPANISH CHEESE S.L.U.,301.0,178.0,0.0,387.0,130.0,0.0,185.0,0.0,149.0,185.0,193.0,230.0,204.0,0.0,459.0,0.0,89.0,50.0,180.0,3186.38,1716.28,0.0,3731.45,1253.46,0.0,1783.77,0.0,1436.73,1783.86,1861.0,2217.77,1990.71,0.0,4345.72,0.0,837.31,-366.91,1404.36
8419.0,CREMA DE QUESO AZUL SPANISH CHEESE 125 g,INTERNO,INTERNO,000679-SPANISH CHEESE S.L.U.,0.0,0.0,0.0,0.0,0.0,0.0,0.0,0.0,0.0,0.0,0.0,0.0,0.0,0.0,0.0,0.0,0.0,0.0,0.0,0.0,0.0,0.0,0.0,0.0,0.0,0.0,0.0,0.0,0.0,0.0,0.0,0.0,0.0,0.0,0.0,0.0,0.0,0.0
8420.0,CREMA DE QUESO CABRA SPANISH CHEESE 125 G.,DISTRIBUIDORES,RESTO DISTRIBUIDORES,000679-SPANISH CHEESE S.L.U.,0.0,0.0,0.0,204.0,0.0,198.0,192.0,0.0,191.0,0.0,0.0,194.0,0.0,187.0,186.0,0.0,0.0,84.0,373.0,0.0,0.0,0.0,1694.42,0.0,1644.59,1618.73,0.0,1610.3,0.0,0.0,1635.59,0.0,1591.93,1583.42,0.0,0.0,715.09,3451.0
8420.0,CREMA DE QUESO CABRA SPANISH CHEESE 125 G.,INTERNO,INTERNO,000679-SPANISH CHEESE S.L.U.,0.0,0.0,0.0,0.0,0.0,0.0,0.0,0.0,0.0,0.0,0.0,0.0,0.0,0.0,0.0,0.0,0.0,0.0,0.0,0.0,0.0,0.0,0.0,0.0,0.0,0.0,0.0,0.0,0.0,0.0,0.0,0.0,0.0,0.0,0.0,0.0,0.0,0.0
8474.0,CHEDDAR ROJO BARRA,DISTRIBUIDORES,PROVISIONES SUROESTE,"000879-PROVISIONES SUROESTE, S.L.",240.3,244.04,121.22,724.8,240.41,0.0,0.0,0.0,0.0,541.14,0.0,0.0,246.58,0.0,122.94,367.41,0.0,108.968,0.0,1742.17,1769.29,878.85,4928.64,1791.05,0.0,0.0,0.0,0.0,4031.49,0.0,0.0,1765.02,0.0,879.02,2626.99,0.0,779.12,0.0
8474.0,CHEDDAR ROJO BARRA,DISTRIBUIDORES,RESTO DISTRIBUIDORES,000651-COMERGRAN S.L.,0.0,0.0,0.0,0.0,0.0,0.0,0.0,29.73,0.0,0.0,0.0,0.0,0.0,0.0,0.0,0.0,0.0,0.0,0.0,0.0,0.0,0.0,0.0,0.0,0.0,0.0,219.03,0.0,0.0,0.0,0.0,0.0,0.0,0.0,0.0,0.0,0.0,0.0
8474.0,CHEDDAR ROJO BARRA,DISTRIBUIDORES,RESTO DISTRIBUIDORES,"000675-CORPORACIÓN LÁCTEA DEL NORTE, S.L.",0.0,0.0,0.0,0.0,0.0,0.0,0.0,0.0,40.85,51.8,0.0,0.0,0.0,20.79,32.42,0.0,50.16,0.0,60.41,0.0,0.0,0.0,0.0,0.0,0.0,0.0,0.0,355.8,451.18,0.0,0.0,0.0,181.08,272.65,0.0,421.85,0.0,508.05
8474.0,CHEDDAR ROJO BARRA,DISTRIBUIDORES,RESTO DISTRIBUIDORES,000679-SPANISH CHEESE S.L.U.,0.0,0.0,253.09,0.0,303.98,0.0,401.88,201.47,0.0,0.0,122.15,0.0,0.0,727.82,0.0,0.0,0.0,0.0,0.0,0.0,0.0,1872.61,0.0,2234.56,0.0,2954.3,1481.04,0.0,0.0,897.95,0.0,0.0,5475.39,0.0,0.0,0.0,0.0,0.0
8474.0,CHEDDAR ROJO BARRA,DISTRIBUIDORES,RESTO DISTRIBUIDORES,000728-SAN LAMBERTO 2000 SL,0.0,0.0,0.0,0.0,0.0,0.0,0.0,0.0,0.0,0.0,0.0,0.0,0.0,0.0,0.0,0.0,0.0,0.0,60.0,0.0,0.0,0.0,0.0,0.0,0.0,0.0,0.0,0.0,0.0,0.0,0.0,0.0,0.0,0.0,0.0,0.0,0.0,429.0
8474.0,CHEDDAR ROJO BARRA,DISTRIBUIDORES,RESTO DISTRIBUIDORES,"000734-UDIAL, S.A. (BLOQ.)",0.0,0.0,0.0,0.0,0.0,0.0,9.84,0.0,0.0,0.0,0.0,0.0,0.0,0.0,0.0,0.0,0.0,0.0,0.0,0.0,0.0,0.0,0.0,0.0,0.0,94.96,0.0,0.0,0.0,0.0,0.0,0.0,0.0,0.0,0.0,0.0,0.0,0.0
8474.0,CHEDDAR ROJO BARRA,DISTRIBUIDORES,RESTO DISTRIBUIDORES,000776-COMERCIAL DIALVA S.A.,0.0,0.0,0.0,0.0,0.0,0.0,0.0,0.0,0.0,0.0,0.0,0.0,0.0,0.0,0.0,0.0,0.0,0.0,0.0,0.0,0.0,0.0,0.0,0.0,0.0,0.0,0.0,0.0,0.0,0.0,0.0,0.0,0.0,0.0,0.0,0.0,0.0,0.0
8474.0,CHEDDAR ROJO BARRA,DISTRIBUIDORES,RESTO DISTRIBUIDORES,000789-PALENZUELA DISTRIBUCION 1970 S.L.,0.0,0.0,43.02,40.35,39.79,60.58,60.2,30.53,50.33,10.53,0.0,0.0,10.34,0.0,0.0,0.0,60.72,0.0,0.0,0.0,0.0,339.47,320.78,316.34,481.62,478.59,242.71,400.13,83.71,0.0,0.0,79.1,0.0,0.0,0.0,464.51,0.0,0.0
8474.0,CHEDDAR ROJO BARRA,DISTRIBUIDORES,RESTO DISTRIBUIDORES,000790-PALENZUELA LOGISTICA S.L.,0.0,0.0,0.0,0.0,0.0,70.5,20.06,0.0,0.0,0.0,20.17,9.87,20.63,0.0,0.0,0.0,0.0,0.0,0.0,0.0,0.0,0.0,0.0,0.0,560.47,159.48,0.0,0.0,0.0,160.35,78.47,157.82,0.0,0.0,0.0,0.0,0.0,0.0
8474.0,CHEDDAR ROJO BARRA,DISTRIBUIDORES,RESTO DISTRIBUIDORES,"000822-JASLA HOSTELERIA, S.L. (BLOQ.)",0.0,0.0,0.0,0.0,0.0,0.0,0.0,0.0,0.0,0.0,0.0,0.0,0.0,0.0,0.0,0.0,0.0,0.0,0.0,0.0,0.0,0.0,0.0,0.0,0.0,0.0,0.0,0.0,0.0,0.0,0.0,0.0,0.0,0.0,0.0,0.0,0.0,0.0
8474.0,CHEDDAR ROJO BARRA,DISTRIBUIDORES,RESTO DISTRIBUIDORES,000826-IVAN DIEZ GARCIA (BLOQ.),0.0,20.04,39.44,40.44,0.0,0.0,0.0,0.0,0.0,0.0,0.0,0.0,0.0,0.0,0.0,0.0,0.0,0.0,0.0,0.0,163.33,321.44,337.67,0.0,0.0,0.0,0.0,0.0,0.0,0.0,0.0,0.0,0.0,0.0,0.0,0.0,0.0,0.0
8474.0,CHEDDAR ROJO BARRA,DISTRIBUIDORES,RESTO DISTRIBUIDORES,000843-OLIVERFOOD EXPORT IMPORT S.L.,0.0,0.0,0.0,0.0,805.3,0.0,723.24,0.0,0.0,0.0,0.0,0.0,0.0,0.0,0.0,0.0,0.0,0.0,0.0,0.0,0.0,0.0,0.0,6104.17,0.0,5482.16,0.0,0.0,0.0,0.0,0.0,0.0,0.0,0.0,0.0,0.0,0.0,0.0
8474.0,CHEDDAR ROJO BARRA,DISTRIBUIDORES,RESTO DISTRIBUIDORES,"000858-COVADUL FAST FOOD, S.L.",0.0,0.0,0.0,0.0,111.89,0.0,0.0,0.0,0.0,19.65,0.0,0.0,0.0,0.0,0.0,0.0,0.0,0.0,0.0,0.0,0.0,0.0,0.0,833.58,0.0,0.0,0.0,0.0,146.39,0.0,0.0,0.0,0.0,0.0,0.0,0.0,0.0,0.0
8474.0,CHEDDAR ROJO BARRA,DISTRIBUIDORES,RESTO DISTRIBUIDORES,"000868-CODILEX ALIMENTACIÓN TRADICIONAL, S.L.",70.3,0.0,0.0,91.16,0.0,0.0,30.17,117.718,0.0,0.0,0.0,0.0,0.0,0.0,0.0,60.81,0.0,0.0,61.224,544.82,0.0,0.0,688.48,0.0,0.0,239.85,699.91,0.0,0.0,0.0,0.0,0.0,0.0,0.0,465.2,0.0,0.0,468.36
8474.0,CHEDDAR ROJO BARRA,DISTRIBUIDORES,RESTO DISTRIBUIDORES,000870-COMERCIAL LEÓN ZARAGOZA S.L.,0.0,0.0,0.0,0.0,0.0,9.96,0.0,0.0,0.0,0.0,0.0,0.0,0.0,0.0,10.36,9.85,0.0,0.0,0.0,0.0,0.0,0.0,0.0,0.0,79.18,0.0,0.0,0.0,0.0,0.0,0.0,0.0,0.0,83.4,79.29,0.0,0.0,0.0
8474.0,CHEDDAR ROJO BARRA,DISTRIBUIDORES,RESTO DISTRIBUIDORES,000916-SERVICHEF GASTRONOMÍA S.L.,0.0,19.72,0.0,29.93,0.0,0.0,10.01,30.58,0.0,0.0,30.03,0.0,0.0,0.0,0.0,0.0,0.0,0.0,0.0,0.0,152.83,0.0,237.94,0.0,0.0,79.58,243.11,0.0,0.0,238.74,0.0,0.0,0.0,0.0,0.0,0.0,0.0,0.0
8474.0,CHEDDAR ROJO BARRA,DISTRIBUIDORES,RESTO DISTRIBUIDORES,000950-GRUP ALIMENTARI DISTECO S.A,0.0,0.0,0.0,0.0,0.0,0.0,0.0,0.0,0.0,0.0,20.14,21.02,79.8,41.61,30.02,59.45,70.53,123.534,0.0,0.0,0.0,0.0,0.0,0.0,0.0,0.0,0.0,0.0,0.0,150.04,156.6,579.45,297.51,214.65,425.06,504.28,883.27,0.0
8474.0,CHEDDAR ROJO BARRA,EXPORT,RESTO EXPORT,111112-CLIENTES EXPORTACION (PRESUPESTO),0.0,0.0,0.0,0.0,0.0,0.0,0.0,0.0,0.0,0.0,0.0,0.0,0.0,0.0,0.0,0.0,0.0,0.0,0.0,0.0,0.0,0.0,0.0,0.0,0.0,0.0,0.0,0.0,0.0,0.0,0.0,0.0,0.0,0.0,0.0,0.0,0.0,0.0
8474.0,CHEDDAR ROJO BARRA,INDUSTRIALES & FOOD SERVICE,INTERPROVEEDORES,000443-FRESCOS Y  ELABORADOS DELISANO  S.A.U.,0.0,0.0,0.0,0.0,0.0,0.0,0.0,0.0,0.0,0.0,0.0,0.0,0.0,0.0,0.0,0.0,0.0,0.0,49.988,0.0,0.0,0.0,0.0,0.0,0.0,0.0,0.0,0.0,0.0,0.0,0.0,0.0,0.0,0.0,0.0,0.0,0.0,279.93
8474.0,CHEDDAR ROJO BARRA,INDUSTRIALES & FOOD SERVICE,RESTO INDUSTRIALES & FOODSERVICE,000727-ORTEGA 1939 S.L.,20.76,50.4,0.0,64.54,62.64,20.21,40.0,58.95,0.0,60.26,41.548,0.0,52.09,0.0,59.78,10.36,0.0,58.72,0.0,154.92,376.11,0.0,494.48,479.92,154.84,306.46,451.65,0.0,461.68,318.32,0.0,383.54,0.0,440.16,76.28,0.0,432.36,0.0
8474.0,CHEDDAR ROJO BARRA,INDUSTRIALES & FOOD SERVICE,RESTO INDUSTRIALES & FOODSERVICE,000782-MANOLO GARCÍA EMBUTIDO CALIDAD S.L.,0.0,0.0,0.0,0.0,61.35,0.0,0.0,0.0,0.0,0.0,0.0,52.84,0.0,0.0,0.0,0.0,0.0,60.786,0.0,0.0,0.0,0.0,0.0,512.27,0.0,0.0,0.0,0.0,0.0,0.0,441.21,0.0,0.0,0.0,0.0,0.0,489.33,0.0
8474.0,CHEDDAR ROJO BARRA,INDUSTRIALES & FOOD SERVICE,RESTO INDUSTRIALES & FOODSERVICE,"000894-NEWREST GROUP HOLDING, S.A. (BLOQ.)",169.65,122.84,572.57,183.42,281.78,211.07,529.26,270.41,150.43,259.06,406.71,386.61,452.65,0.0,264.15,204.13,0.0,0.0,0.0,1230.04,890.64,4151.35,1366.55,2099.37,1572.56,3943.2,2014.67,1036.62,1930.03,3030.05,2880.31,3276.04,0.0,1888.68,1459.53,0.0,0.0,0.0
8474.0,CHEDDAR ROJO BARRA,INDUSTRIALES & FOOD SERVICE,RESTO INDUSTRIALES & FOODSERVICE,"000967-ARTESANO FOOD PROCESSING, S.L.",0.0,0.0,0.0,0.0,0.0,0.0,0.0,0.0,0.0,0.0,0.0,0.0,0.0,0.0,0.0,0.0,0.0,543.68,0.0,0.0,0.0,0.0,0.0,0.0,0.0,0.0,0.0,0.0,0.0,0.0,0.0,0.0,0.0,0.0,0.0,0.0,4159.15,0.0
8474.0,CHEDDAR ROJO BARRA,INTERNO,INTERNO,000679-SPANISH CHEESE S.L.U.,0.0,0.0,0.0,0.0,0.0,0.0,0.0,0.0,0.0,0.0,0.0,0.0,0.0,0.0,0.0,0.0,0.0,0.0,0.0,0.0,0.0,0.0,0.0,0.0,0.0,0.0,0.0,0.0,0.0,0.0,0.0,0.0,0.0,0.0,0.0,0.0,0.0,0.0
8527.0,MOZZ. FRESCA BOCCONCINO 2 x 125 G.,CASH & CARRY,MAKRO,000621-MAKRO DISTRIBUCIÓN MAYORISTA SA,1782.0,2154.0,1917.75,2544.0,2880.0,2469.75,3147.0,3120.0,2657.25,2559.75,1620.75,2260.5,1937.25,1613.25,2273.25,2872.5,2288.25,2703.75,2753.25,14627.44,17680.03,15740.9,20881.14,23639.04,20271.71,25830.04,25608.96,21047.39,21010.4,13303.12,18554.21,15900.97,13241.58,18658.82,23577.51,18781.98,22192.36,22598.68
8542.0,QUESO MASCARPONE ITALIANO ARO 500 G.,CASH & CARRY,MAKRO,000721-MAKRO CASH & CARRY PORTUGAL S.A.,1992.0,2480.0,2304.0,2916.0,2584.0,2944.0,2776.0,3024.0,2252.0,2280.0,1648.0,2416.0,1988.0,1760.0,2624.0,2380.0,2584.0,2424.0,3076.0,18127.2,22568.0,20966.4,26535.6,19738.4,20902.4,19709.6,21470.4,15989.2,16188.0,11700.8,17153.6,14114.8,12496.0,18630.4,16841.2,18346.4,17210.4,21839.6
8555.0,BARRA SANDWICH EMBUTIDOS VALLINA 3 KG.,INDUSTRIALES & FOOD SERVICE,RESTO INDUSTRIALES & FOODSERVICE,000383-EMBUTIDOS VALLINA S.A.,456.0,456.0,912.0,684.0,456.0,456.0,456.0,912.0,912.0,456.0,0.0,900.0,456.0,0.0,912.0,456.0,912.0,0.0,456.0,1436.4,1436.4,2872.8,2154.6,1436.4,1436.4,1436.4,2872.8,2872.8,1436.4,0.0,2835.0,1436.4,0.0,2872.8,1436.4,2863.35,0.0,1436.4
8557.0,LACTOSUERO DULCE EN POLVO,TORRE,TORRE,000077-S.C.A.  SRL,0.0,10000.0,0.0,0.0,10000.0,0.0,0.0,0.0,10000.0,0.0,10000.0,0.0,10000.0,0.0,0.0,0.0,10000.0,0.0,0.0,0.0,11500.0,0.0,0.0,12000.0,0.0,0.0,0.0,10500.0,0.0,11500.0,0.0,11950.0,0.0,0.0,0.0,16000.0,0.0,0.0
8557.0,LACTOSUERO DULCE EN POLVO,TORRE,TORRE,000437-FERRER ALIMENTACION S.A.,0.0,0.0,0.0,0.0,0.0,0.0,0.0,0.0,0.0,22000.0,20000.0,0.0,0.0,0.0,0.0,0.0,0.0,0.0,0.0,0.0,0.0,0.0,0.0,0.0,0.0,0.0,0.0,0.0,11594.0,10540.0,0.0,0.0,0.0,0.0,0.0,0.0,0.0,0.0
8557.0,LACTOSUERO DULCE EN POLVO,TORRE,TORRE,000516-BEURRESPA S.L.U.,0.0,0.0,1000.0,22000.0,154000.0,44000.0,0.0,0.0,0.0,6000.0,30000.0,22000.0,46000.0,22000.0,40000.0,32000.0,22000.0,44000.0,22000.0,0.0,0.0,1300.0,25300.0,135520.0,38720.0,0.0,0.0,0.0,5520.0,26100.0,19140.0,40020.0,19140.0,34800.0,27840.0,19140.0,38280.0,19140.0
8557.0,LACTOSUERO DULCE EN POLVO,TORRE,TORRE,000549-D PLUS SAS,0.0,0.0,0.0,0.0,0.0,0.0,44000.0,0.0,22000.0,0.0,0.0,0.0,0.0,0.0,0.0,0.0,0.0,0.0,0.0,0.0,0.0,0.0,0.0,0.0,0.0,33440.0,0.0,16720.0,0.0,0.0,0.0,0.0,0.0,0.0,0.0,0.0,0.0,0.0
8557.0,LACTOSUERO DULCE EN POLVO,TORRE,TORRE,000557-PAHU ASESORIA CONSULTORIA Y COMERCIO,0.0,0.0,0.0,0.0,0.0,0.0,0.0,4000.0,0.0,4000.0,0.0,0.0,0.0,0.0,0.0,0.0,0.0,0.0,0.0,0.0,0.0,0.0,0.0,0.0,0.0,0.0,4520.0,0.0,4520.0,0.0,0.0,0.0,0.0,0.0,0.0,0.0,0.0,0.0
8557.0,LACTOSUERO DULCE EN POLVO,TORRE,TORRE,000899-NOVADES BV,0.0,0.0,0.0,0.0,0.0,0.0,0.0,0.0,0.0,0.0,0.0,0.0,0.0,0.0,22000.0,44000.0,0.0,0.0,0.0,0.0,0.0,0.0,0.0,0.0,0.0,0.0,0.0,0.0,0.0,0.0,0.0,0.0,0.0,19800.0,39600.0,0.0,0.0,0.0
8601.0,RALLADO GRATIN LORTET 1 KG.,DISTRIBUIDORES,RESTO DISTRIBUIDORES,000757-PENEDES DISTRIBUCION ALIMENTARIA SA,2940.0,3780.0,2520.0,3360.0,2520.0,2520.0,840.0,1680.0,3360.0,2940.0,4200.0,2100.0,3360.0,3360.0,4200.0,3360.0,3780.0,2100.0,840.0,9738.47,12891.32,8594.22,11458.94,8594.22,8594.22,2864.74,5729.47,11458.95,10602.82,15146.88,7779.25,12446.8,12446.79,15558.49,12446.79,14002.63,7779.25,3111.7
8617.0,MOZZARELLA PURA SPECIALE PIZZERIA TACOS 2 KG.,CASH & CARRY,MAKRO,000645-MAKRO CASH & CARRY PORTUGAL S.A.,3594.0,3336.0,4218.0,4680.0,5220.0,6276.0,6216.0,6936.0,4842.0,6090.0,4320.0,4998.0,4392.0,4236.0,5202.0,6665.0,7776.0,4968.0,9618.0,17359.02,16112.88,20372.94,22604.4,25212.6,30313.08,30023.28,33500.88,23386.86,29423.37,20865.6,24140.34,21213.36,20459.88,25125.66,31020.19,33584.93,23995.44,46454.94
8617.0,MOZZARELLA PURA SPECIALE PIZZERIA TACOS 2 KG.,DISTRIBUIDORES,PROVISIONES SUROESTE,"000879-PROVISIONES SUROESTE, S.L.",600.0,960.0,1080.0,60.0,504.0,720.0,540.0,756.0,780.0,960.0,498.0,516.0,510.0,528.0,960.0,1524.0,0.0,552.0,2400.0,3450.0,5520.0,6210.0,345.0,2898.0,4140.0,3105.0,4347.0,4485.0,5520.0,2863.5,2967.0,2677.5,2772.0,5040.0,8001.0,0.0,2898.0,12600.0
8617.0,MOZZARELLA PURA SPECIALE PIZZERIA TACOS 2 KG.,INDUSTRIALES & FOOD SERVICE,RESTO INDUSTRIALES & FOODSERVICE,000586-MANUEL CABO RODRIGUEZ,0.0,0.0,180.0,300.0,150.0,150.0,300.0,300.0,240.0,240.0,0.0,240.0,0.0,240.0,240.0,0.0,300.0,132.0,258.0,0.0,0.0,1098.0,1830.0,915.0,915.0,1830.0,1830.0,1464.0,1464.0,0.0,1464.0,0.0,1464.0,1464.0,0.0,1830.0,805.2,1573.8
8617.0,MOZZARELLA PURA SPECIALE PIZZERIA TACOS 2 KG.,INDUSTRIALES & FOOD SERVICE,RESTO INDUSTRIALES & FOODSERVICE,000629-MALVON FACTORY S.L.,6.0,6000.0,0.0,0.0,0.0,0.0,0.0,0.0,0.0,0.0,0.0,0.0,0.0,0.0,0.0,0.0,0.0,0.0,0.0,30.9,30900.0,0.0,0.0,0.0,0.0,0.0,0.0,0.0,0.0,0.0,0.0,0.0,0.0,0.0,0.0,0.0,0.0,0.0
8617.0,MOZZARELLA PURA SPECIALE PIZZERIA TACOS 2 KG.,INDUSTRIALES & FOOD SERVICE,RESTO INDUSTRIALES & FOODSERVICE,"000827-TUTTI PASTA, S.A.",480.0,948.0,480.0,480.0,480.0,480.0,480.0,0.0,3360.0,480.0,960.0,480.0,960.0,960.0,960.0,480.0,1440.0,0.0,480.0,2563.2,5062.32,2563.2,2563.2,2563.2,2563.2,2563.2,0.0,17942.4,2563.2,2563.2,2563.2,5126.4,5126.4,5126.4,2563.2,7689.6,0.0,2563.2
8618.0,LACTOSUERO DULCE EN POLVO BIG-BAG,LECHE Y SUERO,LECHE Y SUERO,000848-HB TRADING BV,0.0,0.0,0.0,0.0,0.0,0.0,0.0,0.0,0.0,0.0,0.0,0.0,0.0,0.0,0.0,0.0,0.0,0.0,0.0,0.0,0.0,0.0,0.0,0.0,0.0,0.0,0.0,0.0,0.0,0.0,0.0,0.0,0.0,0.0,0.0,0.0,0.0,0.0
8618.0,LACTOSUERO DULCE EN POLVO BIG-BAG,TORRE,TORRE,"000086-CENTRAL QUESERA MONTESINOS, S.L.U.",22000.0,22000.0,44000.0,44000.0,22000.0,44000.0,22000.0,44000.0,41000.0,0.0,1000.0,29765.0,44000.0,19000.0,42000.0,22000.0,44000.0,22000.0,44000.0,22440.0,23760.0,48400.0,48180.0,23980.0,47300.0,22440.0,47960.0,40590.0,0.0,970.0,34009.73,52030.0,15992.3,32961.4,18517.4,37034.8,17675.7,37034.8
8618.0,LACTOSUERO DULCE EN POLVO BIG-BAG,TORRE,TORRE,000437-FERRER ALIMENTACION S.A.,0.0,0.0,0.0,0.0,0.0,0.0,0.0,66000.0,88000.0,22000.0,0.0,0.0,0.0,0.0,0.0,0.0,0.0,0.0,0.0,0.0,0.0,0.0,0.0,0.0,0.0,0.0,33000.0,45188.0,11594.0,0.0,0.0,0.0,0.0,0.0,0.0,0.0,0.0,0.0
8618.0,LACTOSUERO DULCE EN POLVO BIG-BAG,TORRE,TORRE,000549-D PLUS SAS,22000.0,0.0,0.0,0.0,0.0,22000.0,66000.0,44000.0,22000.0,0.0,0.0,0.0,0.0,0.0,0.0,0.0,0.0,0.0,0.0,16060.0,0.0,0.0,0.0,0.0,16720.0,50160.0,33440.0,16720.0,0.0,0.0,0.0,0.0,0.0,0.0,0.0,0.0,0.0,0.0
8618.0,LACTOSUERO DULCE EN POLVO BIG-BAG,TORRE,TORRE,000899-NOVADES BV,0.0,0.0,0.0,0.0,0.0,0.0,0.0,44000.0,220000.0,176000.0,44000.0,22000.0,0.0,66000.0,66000.0,66000.0,88000.0,88000.0,132000.0,0.0,0.0,0.0,0.0,0.0,0.0,0.0,30800.0,154000.0,123200.0,30800.0,15400.0,0.0,59400.0,59400.0,59400.0,79200.0,79200.0,118800.0
8618.0,LACTOSUERO DULCE EN POLVO BIG-BAG,TORRE,TORRE,000953-FRESENA - SALLAND B.V.,0.0,0.0,0.0,0.0,0.0,0.0,0.0,0.0,0.0,0.0,22000.0,66000.0,0.0,0.0,0.0,0.0,0.0,0.0,0.0,0.0,0.0,0.0,0.0,0.0,0.0,0.0,0.0,0.0,0.0,19690.0,59070.0,0.0,0.0,0.0,0.0,0.0,0.0,0.0
8633.0,SPECIALITA  CON MOZZ. PER PIZZERIA TACOS 2 KG.,DISTRIBUIDORES,PROVISIONES SUROESTE,"000879-PROVISIONES SUROESTE, S.L.",480.0,960.0,1440.0,1920.0,1440.0,1440.0,1488.0,2406.0,960.0,480.0,480.0,1926.0,1920.0,480.0,960.0,1950.0,1950.0,480.0,1938.0,1824.0,3840.0,5760.0,7680.0,5760.0,5760.0,5952.0,9624.0,3840.0,1920.0,1920.0,7704.0,7680.0,1920.0,3840.0,7800.0,7800.0,1920.0,7752.0
8633.0,SPECIALITA  CON MOZZ. PER PIZZERIA TACOS 2 KG.,DISTRIBUIDORES,TGT,000580-LOGÍSTICA Y TRANSFORMACIÓN LÁCTEA S.L. ( bloq),0.0,0.0,0.0,0.0,0.0,0.0,0.0,0.0,0.0,0.0,0.0,0.0,0.0,0.0,0.0,0.0,0.0,0.0,0.0,0.0,0.0,0.0,0.0,0.0,0.0,0.0,0.0,0.0,0.0,0.0,0.0,0.0,0.0,0.0,0.0,0.0,0.0,0.0
8662.0,QUESO CURADO NATURAL PG TACOS 2 KG.,INDUSTRIALES & FOOD SERVICE,RESTO INDUSTRIALES & FOODSERVICE,"000271-PRODUCTOS ALIMENTICIOS FRESCOS, S.L.",288.0,288.0,288.0,288.0,288.0,576.0,288.0,288.0,276.0,576.0,0.0,288.0,288.0,288.0,288.0,576.0,0.0,288.0,576.0,2001.6,2001.6,2001.6,2001.6,2001.6,4003.2,2001.6,2001.6,1918.2,4003.2,0.0,2001.6,2001.6,2001.6,2001.6,4003.2,0.0,2001.6,4003.2
8674.0,MIX MOZZARELLA METRO CHEF TACOS 2 KG.,CASH & CARRY,MAKRO,000615-MAKRO DISTRIBUCIÓN MAYORISTA SA (BLOQ.),4338.0,0.0,0.0,0.0,0.0,0.0,0.0,0.0,0.0,0.0,0.0,0.0,0.0,0.0,0.0,0.0,0.0,0.0,0.0,21056.66,0.0,0.0,0.0,0.0,0.0,0.0,0.0,0.0,0.0,0.0,0.0,0.0,0.0,0.0,0.0,0.0,0.0,0.0
8674.0,MIX MOZZARELLA METRO CHEF TACOS 2 KG.,CASH & CARRY,MAKRO,000721-MAKRO CASH & CARRY PORTUGAL S.A.,0.0,0.0,0.0,0.0,0.0,0.0,0.0,0.0,198.0,366.0,420.0,546.0,738.0,462.0,1062.0,1140.0,1794.0,1890.0,2418.0,0.0,0.0,0.0,0.0,0.0,0.0,0.0,0.0,837.54,1548.18,1776.6,2309.58,3121.74,1954.26,4330.07,4822.2,6655.92,7994.7,10228.14
8674.0,MIX MOZZARELLA METRO CHEF TACOS 2 KG.,CASH & CARRY,MAKRO,000912-MAKRO DISTRIBUCIÓN MAYORISTA SA,3810.0,8922.0,9906.0,11430.0,10668.0,9774.0,12102.0,15012.0,12414.0,8526.0,8418.0,10824.0,10182.0,6612.0,11952.0,9426.0,8148.0,11700.0,12594.0,15986.0,37434.93,41563.59,47957.98,44760.79,41009.75,50777.55,62987.33,52086.64,35773.36,35320.23,45415.32,42721.63,27742.62,50148.2,39549.61,34187.36,49090.85,52841.88
8675.0,MOZZARELLA RALLADA PARA PIZZA METRO CHEF TIRAS 1 KG,CASH & CARRY,MAKRO,000615-MAKRO DISTRIBUCIÓN MAYORISTA SA (BLOQ.),5940.0,0.0,0.0,0.0,0.0,0.0,0.0,0.0,0.0,0.0,0.0,0.0,0.0,0.0,0.0,0.0,0.0,0.0,0.0,42043.32,0.0,0.0,0.0,0.0,0.0,0.0,0.0,0.0,0.0,0.0,0.0,0.0,0.0,0.0,0.0,0.0,0.0,0.0
8675.0,MOZZARELLA RALLADA PARA PIZZA METRO CHEF TIRAS 1 KG,CASH & CARRY,MAKRO,000645-MAKRO CASH & CARRY PORTUGAL S.A.,0.0,0.0,0.0,0.0,0.0,0.0,0.0,0.0,0.0,0.0,0.0,0.0,0.0,0.0,0.0,0.0,0.0,0.0,0.0,0.0,0.0,0.0,0.0,0.0,0.0,0.0,0.0,0.0,0.0,0.0,0.0,0.0,0.0,0.0,0.0,0.0,0.0,0.0
8675.0,MOZZARELLA RALLADA PARA PIZZA METRO CHEF TIRAS 1 KG,CASH & CARRY,MAKRO,000721-MAKRO CASH & CARRY PORTUGAL S.A.,7068.0,7740.0,8476.0,10224.0,11540.0,14872.0,12200.0,14980.0,10908.0,11132.0,6264.0,8304.0,7664.0,5544.0,7136.0,10128.0,10304.0,9652.0,14228.0,45235.2,49536.0,54246.4,65433.6,73856.0,95180.8,78080.0,95872.0,69811.2,71244.8,40089.6,53145.6,49049.6,35481.6,45670.4,64819.2,65945.6,61772.8,91059.2
8675.0,MOZZARELLA RALLADA PARA PIZZA METRO CHEF TIRAS 1 KG,CASH & CARRY,MAKRO,000912-MAKRO DISTRIBUCIÓN MAYORISTA SA,5496.0,13848.0,14276.0,21948.0,17056.0,18620.0,22372.0,22090.0,21064.0,19840.0,18208.0,21756.0,19732.0,16820.0,27988.0,24856.0,23236.0,32956.0,22872.0,34279.08,86371.34,89040.78,136891.84,106379.94,116134.79,139536.4,137390.83,130673.45,123744.05,112107.96,131623.8,122509.89,104908.02,174563.95,155029.34,144925.26,205549.88,137158.26
8688.0,PIZZA MOZZARELLA TACOS 2 KG,DISTRIBUIDORES,PROVISIONES SUROESTE,"000879-PROVISIONES SUROESTE, S.L.",0.0,768.0,960.0,1320.0,900.0,1200.0,1692.0,828.0,1920.0,2220.0,840.0,840.0,600.0,1320.0,2400.0,1440.0,960.0,960.0,2280.0,0.0,2534.4,3168.0,4356.0,2970.0,3960.0,5583.6,2732.4,6336.0,7326.0,2772.0,2772.0,1980.0,4356.0,7920.0,4752.0,3168.0,3168.0,7524.0
8688.0,PIZZA MOZZARELLA TACOS 2 KG,DISTRIBUIDORES,RESTO DISTRIBUIDORES,"000643-ORTHIDAL, S.L.",1308.0,372.0,1200.0,1752.0,2010.0,768.0,3900.0,2820.0,3852.0,2160.0,1644.0,984.0,1440.0,1440.0,1440.0,720.0,480.0,2160.0,1914.0,4054.8,1234.8,3959.4,5781.6,6633.0,2513.64,12870.0,9306.0,12711.6,7128.0,5425.2,3247.2,4752.0,4895.17,4885.53,2448.0,1632.0,7336.41,6504.42
8688.0,PIZZA MOZZARELLA TACOS 2 KG,DISTRIBUIDORES,RESTO DISTRIBUIDORES,"000865-DISALCON95, S.L.",0.0,0.0,0.0,0.0,0.0,0.0,0.0,0.0,0.0,0.0,0.0,0.0,0.0,0.0,0.0,0.0,0.0,0.0,0.0,0.0,0.0,0.0,0.0,0.0,0.0,0.0,0.0,0.0,0.0,0.0,0.0,0.0,0.0,0.0,0.0,0.0,0.0,0.0
8688.0,PIZZA MOZZARELLA TACOS 2 KG,DISTRIBUIDORES,TGT,000580-LOGÍSTICA Y TRANSFORMACIÓN LÁCTEA S.L. ( bloq),0.0,0.0,0.0,0.0,0.0,0.0,0.0,0.0,0.0,0.0,0.0,0.0,0.0,0.0,0.0,0.0,0.0,0.0,0.0,0.0,0.0,0.0,0.0,0.0,0.0,0.0,0.0,0.0,0.0,0.0,0.0,0.0,0.0,0.0,0.0,0.0,0.0,0.0
8688.0,PIZZA MOZZARELLA TACOS 2 KG,RETAIL,IFA,000823-HIPER USERA S.L.,480.0,480.0,960.0,0.0,1230.0,480.0,420.0,960.0,318.0,960.0,480.0,480.0,480.0,480.0,480.0,960.0,480.0,960.0,960.0,1800.0,1800.0,3600.0,0.0,4612.5,1800.0,1575.0,3600.0,1192.5,3600.0,1800.0,1800.0,1800.0,1800.0,1800.0,3600.0,1800.0,3600.0,3600.0
8691.0,LECHE EN POLVO 1% SACOS,LECHE Y SUERO,LECHE Y SUERO,000002-SOCIETE D'EXPLOTATION DE L'INTREPRISE BONDI (BLOQ),0.0,0.0,0.0,0.0,0.0,0.0,0.0,0.0,0.0,0.0,0.0,0.0,0.0,0.0,0.0,0.0,0.0,0.0,0.0,0.0,0.0,0.0,0.0,0.0,0.0,0.0,0.0,0.0,0.0,0.0,0.0,0.0,0.0,0.0,0.0,0.0,0.0,0.0
8691.0,LECHE EN POLVO 1% SACOS,LECHE Y SUERO,LECHE Y SUERO,"000245-CASA TARRADELLAS, S.A. (BLOQ)",0.0,0.0,0.0,0.0,0.0,0.0,0.0,0.0,0.0,0.0,0.0,0.0,0.0,0.0,0.0,0.0,0.0,0.0,0.0,0.0,0.0,0.0,0.0,0.0,0.0,0.0,0.0,0.0,0.0,0.0,0.0,0.0,0.0,0.0,0.0,0.0,0.0,0.0
8692.0,LECHE EN POLVO 1% BIG BAG,TORRE,TORRE,"000086-CENTRAL QUESERA MONTESINOS, S.L.U.",0.0,22000.0,22000.0,0.0,44000.0,0.0,38000.0,0.0,0.0,0.0,0.0,0.0,0.0,0.0,0.0,2000.0,0.0,0.0,0.0,0.0,55440.0,55440.0,0.0,103400.0,0.0,87900.0,0.0,0.0,0.0,0.0,0.0,0.0,0.0,0.0,5240.0,0.0,0.0,0.0
8692.0,LECHE EN POLVO 1% BIG BAG,TORRE,TORRE,000823-HIPER USERA S.L.,0.0,0.0,0.0,0.0,0.0,0.0,0.0,0.0,0.0,0.0,0.0,0.0,0.0,0.0,0.0,0.0,0.0,0.0,0.0,0.0,0.0,0.0,0.0,0.0,0.0,0.0,0.0,0.0,0.0,0.0,0.0,0.0,0.0,0.0,0.0,0.0,0.0,0.0
8698.0,QUESO CONVENIENCE EXTRA TACOS 2 KG,DISTRIBUIDORES,RESTO DISTRIBUIDORES,000589-CONVENIENCE FOOD S.L.U.,240.0,60.0,180.0,0.0,0.0,0.0,0.0,0.0,0.0,0.0,0.0,0.0,0.0,0.0,0.0,0.0,0.0,0.0,0.0,1296.0,324.0,648.0,0.0,0.0,0.0,0.0,0.0,0.0,0.0,0.0,0.0,0.0,0.0,0.0,0.0,0.0,0.0,0.0
8700.0,MOZZARELLA 70/30 CONVENIENCE TACOS 2 KG.,DISTRIBUIDORES,RESTO DISTRIBUIDORES,000589-CONVENIENCE FOOD S.L.U.,90.0,90.0,90.0,0.0,90.0,270.0,90.0,90.0,180.0,90.0,90.0,90.0,180.0,0.0,90.0,180.0,90.0,90.0,90.0,404.37,404.37,404.37,0.0,404.37,1213.11,404.37,404.37,808.74,404.37,404.37,404.37,808.74,0.0,404.37,808.74,404.37,404.37,404.37
8723.0,MOZZARELLA PURA SPECIALE PIZZERIA TIRAS 1 KG,CASH & CARRY,MAKRO,000645-MAKRO CASH & CARRY PORTUGAL S.A.,2540.0,3260.0,3210.0,4060.0,4400.0,6030.0,5900.0,6780.0,5770.0,6030.0,4530.0,6250.0,5610.0,4800.0,4680.0,6620.0,5180.0,5680.0,6150.0,12268.2,15745.8,15504.3,19609.8,21252.0,29124.9,28497.0,32747.4,27869.1,29124.9,21879.9,30187.5,27096.3,23184.0,22604.4,31974.6,25019.4,27434.4,29704.5
8723.0,MOZZARELLA PURA SPECIALE PIZZERIA TIRAS 1 KG,DISTRIBUIDORES,PROVISIONES SUROESTE,"000879-PROVISIONES SUROESTE, S.L.",0.0,0.0,0.0,0.0,10.0,0.0,0.0,0.0,0.0,0.0,0.0,0.0,0.0,0.0,0.0,0.0,0.0,0.0,0.0,0.0,0.0,0.0,0.0,59.0,0.0,0.0,0.0,0.0,0.0,0.0,0.0,0.0,0.0,0.0,0.0,0.0,0.0,0.0
8723.0,MOZZARELLA PURA SPECIALE PIZZERIA TIRAS 1 KG,DISTRIBUIDORES,TGT,000580-LOGÍSTICA Y TRANSFORMACIÓN LÁCTEA S.L. ( bloq),0.0,0.0,0.0,0.0,0.0,0.0,0.0,0.0,0.0,0.0,0.0,0.0,0.0,0.0,0.0,0.0,0.0,0.0,0.0,0.0,0.0,0.0,0.0,0.0,0.0,0.0,0.0,0.0,0.0,0.0,0.0,0.0,0.0,0.0,0.0,0.0,0.0,0.0
8723.0,MOZZARELLA PURA SPECIALE PIZZERIA TIRAS 1 KG,INDUSTRIALES & FOOD SERVICE,RESTO INDUSTRIALES & FOODSERVICE,000610-CORIGA BAKERY GROUP S.L.,60.0,20.0,40.0,50.0,10.0,20.0,40.0,60.0,10.0,30.0,20.0,30.0,30.0,20.0,40.0,20.0,10.0,40.0,20.0,405.0,135.0,270.0,337.5,67.5,135.0,270.0,405.0,67.5,202.5,135.0,202.5,202.5,135.0,270.0,135.0,67.5,270.0,135.0
8723.0,MOZZARELLA PURA SPECIALE PIZZERIA TIRAS 1 KG,INDUSTRIALES & FOOD SERVICE,RESTO INDUSTRIALES & FOODSERVICE,"000827-TUTTI PASTA, S.A.",0.0,960.0,0.0,840.0,480.0,0.0,0.0,420.0,480.0,840.0,420.0,0.0,420.0,840.0,420.0,420.0,0.0,0.0,420.0,0.0,5270.4,0.0,4611.6,2635.2,0.0,0.0,2305.8,2635.2,4611.6,2305.8,0.0,2305.8,4611.6,2305.8,2305.8,0.0,0.0,2305.8
8725.0,LECHE DESNATADA LIQUIDA,INTERNO,INTERNO,"000086-CENTRAL QUESERA MONTESINOS, S.L.U.",0.0,0.0,0.0,0.0,0.0,0.0,0.0,0.0,0.0,0.0,0.0,0.0,0.0,0.0,0.0,0.0,52457.0,0.0,0.0,0.0,0.0,0.0,0.0,0.0,0.0,0.0,0.0,0.0,0.0,0.0,0.0,0.0,0.0,0.0,0.0,11435.62,0.0,0.0
8725.0,LECHE DESNATADA LIQUIDA,LECHE Y SUERO,LECHE Y SUERO,000438-LACTEOS AVILES S.A.,0.0,0.0,0.0,0.0,0.0,0.0,0.0,0.0,0.0,0.0,99246.0,415765.0,123869.0,74062.0,222708.0,149588.0,50112.0,0.0,0.0,0.0,0.0,0.0,0.0,0.0,0.0,0.0,0.0,0.0,0.0,20841.66,74837.7,22296.42,14812.4,46768.68,31413.48,11024.64,0.0,0.0
8725.0,LECHE DESNATADA LIQUIDA,LECHE Y SUERO,LECHE Y SUERO,"000537-FOMENTO LÁCTEO, S.L.",0.0,50188.5,0.0,0.0,0.0,0.0,0.0,0.0,0.0,0.0,200253.0,0.0,0.0,0.0,0.0,0.0,0.0,0.0,0.0,0.0,9033.93,0.0,0.0,0.0,0.0,0.0,0.0,0.0,0.0,30037.95,0.0,0.0,0.0,0.0,0.0,0.0,0.0,0.0
8769.0,PREPARADO SANDWICH LONCHAS 1 KG,INDUSTRIALES & FOOD SERVICE,RESTO INDUSTRIALES & FOODSERVICE,"000216-VASCOLAC, S.L.",576.0,288.0,288.0,288.0,576.0,288.0,624.0,288.0,576.0,336.0,288.0,288.0,288.0,288.0,576.0,288.0,288.0,576.0,288.0,2563.2,1281.6,1281.6,1281.6,2558.75,1281.6,2776.8,1281.6,2563.2,1495.2,1281.6,1281.6,1277.15,1281.6,2563.2,1281.6,1281.6,2563.2,1281.6
8791.0,CREMA 4 QUESOS CUBO 3 KG.,DISTRIBUIDORES,TGT,000580-LOGÍSTICA Y TRANSFORMACIÓN LÁCTEA S.L. ( bloq),0.0,0.0,0.0,858.0,510.0,1038.0,0.0,0.0,0.0,0.0,0.0,0.0,0.0,0.0,0.0,0.0,0.0,0.0,0.0,0.0,0.0,0.0,5319.6,3162.0,6435.6,0.0,0.0,0.0,0.0,0.0,0.0,0.0,0.0,0.0,0.0,0.0,0.0,0.0
8793.0,"ESP. PARA PIZZA CANAL HORECA TIRAS 1,5 KG",CASH & CARRY,MAKRO,000621-MAKRO DISTRIBUCIÓN MAYORISTA SA,4392.0,2916.0,4008.0,4860.0,5460.0,2904.0,336.0,0.0,0.0,0.0,0.0,0.0,0.0,0.0,0.0,0.0,0.0,0.0,0.0,14963.54,9934.8,13655.27,16558.01,18602.2,9893.91,1144.75,0.0,0.0,0.0,0.0,0.0,0.0,0.0,0.0,0.0,0.0,0.0,0.0
8793.0,"ESP. PARA PIZZA CANAL HORECA TIRAS 1,5 KG",CASH & CARRY,OTROS CASH & CARRY,"000931-TRANSGOURMET IBÉRICA, SAU",0.0,0.0,0.0,0.0,0.0,2376.0,0.0,1152.0,504.0,504.0,0.0,0.0,0.0,0.0,0.0,0.0,0.0,0.0,0.0,0.0,0.0,0.0,0.0,0.0,7009.2,0.0,3398.4,1486.8,1486.8,0.0,0.0,0.0,0.0,0.0,0.0,0.0,0.0,0.0
8793.0,"ESP. PARA PIZZA CANAL HORECA TIRAS 1,5 KG",DISTRIBUIDORES,PROVISIONES SUROESTE,"000879-PROVISIONES SUROESTE, S.L.",1296.0,4752.0,3888.0,3960.0,3456.0,4824.0,3024.0,4896.0,5544.0,3600.0,4320.0,4176.0,3456.0,3240.0,6120.0,5184.0,2520.0,4176.0,4680.0,3736.8,14018.4,11469.6,11682.0,10195.2,14230.8,8920.8,14443.2,16354.8,10620.0,12744.0,12319.2,10195.2,9558.0,18054.0,15292.8,7434.0,12319.2,13806.0
8793.0,"ESP. PARA PIZZA CANAL HORECA TIRAS 1,5 KG",DISTRIBUIDORES,RESTO DISTRIBUIDORES,"000038-LÁCTEOS MENDI, S.L.",0.0,120.0,48.0,0.0,0.0,24.0,0.0,84.0,0.0,0.0,0.0,0.0,0.0,0.0,24.0,0.0,0.0,0.0,0.0,0.0,388.8,155.52,0.0,0.0,70.8,0.0,247.8,0.0,0.0,0.0,0.0,0.0,0.0,70.8,0.0,0.0,0.0,0.0
8793.0,"ESP. PARA PIZZA CANAL HORECA TIRAS 1,5 KG",DISTRIBUIDORES,RESTO DISTRIBUIDORES,000639-LA AJOFRINERA GUERRERO S.L.,432.0,0.0,432.0,624.0,0.0,216.0,360.0,432.0,432.0,432.0,0.0,432.0,432.0,432.0,432.0,432.0,432.0,432.0,432.0,1598.4,0.0,1598.4,2308.8,0.0,799.2,1332.0,1598.4,1598.4,1598.4,0.0,1598.4,1512.0,1598.4,1598.4,1598.4,1598.4,1598.4,1598.4
8793.0,"ESP. PARA PIZZA CANAL HORECA TIRAS 1,5 KG",DISTRIBUIDORES,RESTO DISTRIBUIDORES,"000643-ORTHIDAL, S.L.",144.0,564.0,540.0,444.0,216.0,96.0,252.0,108.0,84.0,108.0,84.0,228.0,0.0,0.0,48.0,0.0,0.0,48.0,84.0,394.75,1663.8,1593.0,1309.8,637.2,279.49,743.4,318.6,247.8,318.6,247.8,672.6,0.0,0.0,145.45,0.0,0.0,145.53,255.36
8793.0,"ESP. PARA PIZZA CANAL HORECA TIRAS 1,5 KG",DISTRIBUIDORES,RESTO DISTRIBUIDORES,000651-COMERGRAN S.L.,180.0,0.0,120.0,60.0,0.0,60.0,0.0,36.0,60.0,60.0,60.0,120.0,60.0,120.0,36.0,84.0,36.0,0.0,0.0,549.0,0.0,354.0,177.0,0.0,177.0,0.0,106.2,177.0,177.0,177.0,354.0,177.0,354.0,106.2,247.8,106.2,0.0,0.0
8793.0,"ESP. PARA PIZZA CANAL HORECA TIRAS 1,5 KG",DISTRIBUIDORES,RESTO DISTRIBUIDORES,000667-MENA ALIMENTARIA S.L.,0.0,0.0,0.0,0.0,0.0,0.0,0.0,0.0,0.0,0.0,0.0,0.0,0.0,0.0,0.0,0.0,0.0,0.0,0.0,0.0,0.0,0.0,0.0,0.0,0.0,0.0,0.0,0.0,0.0,0.0,0.0,0.0,0.0,0.0,0.0,0.0,0.0,0.0
8793.0,"ESP. PARA PIZZA CANAL HORECA TIRAS 1,5 KG",DISTRIBUIDORES,RESTO DISTRIBUIDORES,"000675-CORPORACIÓN LÁCTEA DEL NORTE, S.L.",0.0,0.0,0.0,72.0,0.0,0.0,0.0,0.0,0.0,0.0,72.0,0.0,0.0,0.0,36.0,0.0,0.0,0.0,0.0,0.0,0.0,0.0,204.48,-14.4,0.0,0.0,0.0,0.0,0.0,204.48,0.0,0.0,0.0,102.24,0.0,0.0,0.0,0.0
8793.0,"ESP. PARA PIZZA CANAL HORECA TIRAS 1,5 KG",DISTRIBUIDORES,RESTO DISTRIBUIDORES,"000709-DISTRIBUCIONES MONTEVERDE, S.L.U. ( BLOQ)",12.0,60.0,60.0,12.0,36.0,48.0,0.0,0.0,0.0,0.0,0.0,0.0,0.0,0.0,0.0,0.0,0.0,0.0,0.0,39.6,210.0,210.0,42.0,126.0,168.0,0.0,0.0,0.0,0.0,0.0,0.0,0.0,0.0,0.0,0.0,0.0,0.0,0.0
8793.0,"ESP. PARA PIZZA CANAL HORECA TIRAS 1,5 KG",DISTRIBUIDORES,RESTO DISTRIBUIDORES,000711-DISTRIBUCIONES J.M. S.A.,60.0,144.0,276.0,108.0,540.0,480.0,540.0,516.0,624.0,240.0,264.0,360.0,132.0,636.0,840.0,468.0,288.0,720.0,216.0,169.8,424.8,814.2,318.6,1593.0,1416.0,1593.0,1522.2,1840.8,708.0,778.8,1062.0,389.4,1876.2,2478.0,1380.6,849.6,2124.0,637.2
8793.0,"ESP. PARA PIZZA CANAL HORECA TIRAS 1,5 KG",DISTRIBUIDORES,RESTO DISTRIBUIDORES,000728-SAN LAMBERTO 2000 SL,48.0,72.0,48.0,36.0,0.0,72.0,0.0,48.0,36.0,36.0,60.0,0.0,36.0,12.0,48.0,72.0,0.0,72.0,0.0,156.0,234.0,156.0,117.0,0.0,234.0,0.0,156.0,117.0,117.0,195.0,0.0,117.0,39.0,156.0,234.0,0.0,234.0,0.0
8793.0,"ESP. PARA PIZZA CANAL HORECA TIRAS 1,5 KG",DISTRIBUIDORES,RESTO DISTRIBUIDORES,000759-LOGI REST S.L.U.,2184.0,2628.0,3552.0,2592.0,2592.0,3168.0,2592.0,2592.0,3024.0,3456.0,2160.0,3456.0,3456.0,3456.0,2592.0,3456.0,2592.0,2592.0,3024.0,5350.8,6438.6,9129.0,6739.2,6739.2,8236.8,6739.2,6739.2,9011.52,10298.88,6436.8,10298.88,10298.88,10298.88,7724.16,10298.88,7724.16,7724.16,9011.52
8793.0,"ESP. PARA PIZZA CANAL HORECA TIRAS 1,5 KG",DISTRIBUIDORES,RESTO DISTRIBUIDORES,000776-COMERCIAL DIALVA S.A.,0.0,72.0,120.0,0.0,0.0,0.0,0.0,108.0,0.0,0.0,0.0,0.0,0.0,0.0,0.0,0.0,0.0,0.0,0.0,0.0,212.4,354.0,0.0,0.0,0.0,0.0,318.6,0.0,0.0,0.0,0.0,0.0,0.0,0.0,0.0,0.0,0.0,0.0
8793.0,"ESP. PARA PIZZA CANAL HORECA TIRAS 1,5 KG",DISTRIBUIDORES,RESTO DISTRIBUIDORES,000789-PALENZUELA DISTRIBUCION 1970 S.L.,36.0,48.0,72.0,36.0,48.0,84.0,12.0,36.0,12.0,48.0,24.0,84.0,24.0,0.0,72.0,72.0,0.0,72.0,0.0,116.4,158.4,237.6,118.8,158.4,277.2,39.6,118.8,39.6,158.4,79.2,277.2,79.2,0.0,237.6,237.6,0.0,237.6,0.0
8793.0,"ESP. PARA PIZZA CANAL HORECA TIRAS 1,5 KG",DISTRIBUIDORES,RESTO DISTRIBUIDORES,000815-GLAC S.A.,0.0,0.0,0.0,0.0,0.0,0.0,0.0,0.0,0.0,0.0,0.0,0.0,0.0,0.0,0.0,0.0,0.0,0.0,0.0,0.0,0.0,0.0,0.0,0.0,0.0,0.0,0.0,0.0,0.0,0.0,0.0,0.0,0.0,0.0,0.0,0.0,0.0,0.0
8793.0,"ESP. PARA PIZZA CANAL HORECA TIRAS 1,5 KG",DISTRIBUIDORES,RESTO DISTRIBUIDORES,000816-CARLAFEX S.L.,0.0,0.0,0.0,0.0,0.0,0.0,0.0,0.0,0.0,0.0,0.0,372.0,0.0,0.0,72.0,144.0,72.0,144.0,72.0,0.0,0.0,0.0,0.0,0.0,0.0,0.0,0.0,0.0,0.0,0.0,1060.2,0.0,0.0,205.2,410.4,205.2,410.4,205.2
8793.0,"ESP. PARA PIZZA CANAL HORECA TIRAS 1,5 KG",DISTRIBUIDORES,RESTO DISTRIBUIDORES,"000836-DISTRIBUCIONES SERVERA, S.A.",24.0,300.0,240.0,1920.0,1920.0,1200.0,1200.0,1260.0,780.0,780.0,120.0,0.0,0.0,264.0,780.0,2040.0,396.0,1872.0,0.0,66.0,885.0,708.0,5664.0,5664.0,3540.0,3540.0,3717.0,2301.0,2301.0,354.0,0.0,0.0,778.8,2301.0,6018.0,1168.2,5522.4,0.0
8793.0,"ESP. PARA PIZZA CANAL HORECA TIRAS 1,5 KG",DISTRIBUIDORES,RESTO DISTRIBUIDORES,"000857-COR GELAT, S.L.U. ( BLOQ )",0.0,0.0,0.0,0.0,0.0,684.0,0.0,0.0,0.0,0.0,0.0,0.0,0.0,0.0,0.0,0.0,0.0,0.0,0.0,0.0,0.0,0.0,0.0,0.0,2017.8,0.0,0.0,0.0,0.0,0.0,0.0,0.0,0.0,0.0,0.0,0.0,0.0,0.0
8793.0,"ESP. PARA PIZZA CANAL HORECA TIRAS 1,5 KG",DISTRIBUIDORES,RESTO DISTRIBUIDORES,"000858-COVADUL FAST FOOD, S.L.",48.0,144.0,156.0,96.0,144.0,48.0,12.0,0.0,192.0,204.0,144.0,108.0,108.0,96.0,144.0,0.0,144.0,0.0,0.0,141.6,424.8,460.2,283.2,424.8,141.6,35.4,0.0,566.4,601.8,424.8,318.6,318.6,283.2,424.8,0.0,424.8,0.0,0.0
8793.0,"ESP. PARA PIZZA CANAL HORECA TIRAS 1,5 KG",DISTRIBUIDORES,RESTO DISTRIBUIDORES,"000865-DISALCON95, S.L.",0.0,0.0,0.0,0.0,0.0,0.0,0.0,0.0,0.0,0.0,0.0,0.0,0.0,0.0,0.0,0.0,0.0,0.0,0.0,0.0,0.0,0.0,0.0,0.0,0.0,0.0,0.0,0.0,0.0,0.0,0.0,0.0,0.0,0.0,0.0,0.0,0.0,0.0
8793.0,"ESP. PARA PIZZA CANAL HORECA TIRAS 1,5 KG",DISTRIBUIDORES,RESTO DISTRIBUIDORES,"000914-HIJOS DE EUSEBIO CARRERAS, S.L. (BLOQ.)",0.0,0.0,0.0,192.0,480.0,240.0,504.0,120.0,0.0,0.0,0.0,0.0,0.0,0.0,0.0,0.0,0.0,0.0,0.0,0.0,0.0,0.0,633.6,1584.0,792.0,1663.2,396.0,0.0,0.0,0.0,0.0,0.0,0.0,0.0,0.0,0.0,0.0,0.0
8793.0,"ESP. PARA PIZZA CANAL HORECA TIRAS 1,5 KG",DISTRIBUIDORES,RESTO DISTRIBUIDORES,"000937-SEÑORIO DE ARCE, S.L.",0.0,0.0,0.0,0.0,0.0,0.0,0.0,60.0,120.0,72.0,48.0,144.0,72.0,72.0,72.0,0.0,144.0,72.0,72.0,0.0,0.0,0.0,0.0,0.0,0.0,0.0,177.0,354.0,212.4,141.6,424.8,212.4,212.4,212.4,0.0,424.8,212.4,212.4
8793.0,"ESP. PARA PIZZA CANAL HORECA TIRAS 1,5 KG",DISTRIBUIDORES,TGT,000580-LOGÍSTICA Y TRANSFORMACIÓN LÁCTEA S.L. ( bloq),0.0,0.0,0.0,0.0,0.0,0.0,0.0,0.0,0.0,0.0,0.0,0.0,0.0,0.0,0.0,0.0,0.0,0.0,0.0,0.0,0.0,0.0,0.0,0.0,0.0,0.0,0.0,0.0,0.0,0.0,0.0,0.0,0.0,0.0,0.0,0.0,0.0,0.0
8793.0,"ESP. PARA PIZZA CANAL HORECA TIRAS 1,5 KG",EXPORT,RESTO EXPORT,111112-CLIENTES EXPORTACION (PRESUPESTO),0.0,0.0,0.0,0.0,0.0,0.0,0.0,0.0,0.0,0.0,0.0,0.0,0.0,0.0,0.0,0.0,0.0,0.0,0.0,0.0,0.0,0.0,0.0,0.0,0.0,0.0,0.0,0.0,0.0,0.0,0.0,0.0,0.0,0.0,0.0,0.0,0.0,0.0
8793.0,"ESP. PARA PIZZA CANAL HORECA TIRAS 1,5 KG",INDUSTRIALES & FOOD SERVICE,RESTO INDUSTRIALES & FOODSERVICE,000708-CASHDIPLO SLU ( bloq),144.0,288.0,288.0,504.0,360.0,432.0,288.0,0.0,0.0,0.0,0.0,0.0,0.0,0.0,0.0,0.0,0.0,0.0,0.0,451.87,961.92,934.56,1587.6,1188.72,1442.88,961.92,0.0,0.0,0.0,0.0,0.0,0.0,0.0,0.0,0.0,0.0,0.0,0.0
8793.0,"ESP. PARA PIZZA CANAL HORECA TIRAS 1,5 KG",INDUSTRIALES & FOOD SERVICE,RESTO INDUSTRIALES & FOODSERVICE,"000828-QUE S LIDER, S.L.",72.0,72.0,360.0,288.0,72.0,180.0,408.0,132.0,216.0,0.0,0.0,132.0,72.0,0.0,0.0,72.0,0.0,0.0,0.0,212.4,212.4,1062.0,849.6,212.4,531.0,1203.6,389.4,637.2,0.0,0.0,389.4,212.4,0.0,0.0,212.4,0.0,0.0,0.0
8793.0,"ESP. PARA PIZZA CANAL HORECA TIRAS 1,5 KG",INDUSTRIALES & FOOD SERVICE,RESTO INDUSTRIALES & FOODSERVICE,000850-UNIDE SDAD. COOP. (BLOQ.),72.0,72.0,72.0,72.0,0.0,108.0,72.0,60.0,144.0,72.0,144.0,72.0,144.0,144.0,0.0,0.0,0.0,0.0,0.0,226.02,237.31,237.31,237.31,0.0,355.97,237.31,197.76,474.62,237.31,474.62,237.31,474.62,474.62,0.0,0.0,0.0,0.0,0.0
8793.0,"ESP. PARA PIZZA CANAL HORECA TIRAS 1,5 KG",INDUSTRIALES & FOOD SERVICE,RESTO INDUSTRIALES & FOODSERVICE,"000933-2010 FORMULAS Y RECETAS, S.L.",0.0,0.0,0.0,0.0,0.0,432.0,432.0,0.0,0.0,0.0,0.0,0.0,0.0,432.0,0.0,0.0,0.0,0.0,0.0,0.0,0.0,0.0,0.0,0.0,1399.68,1399.68,0.0,0.0,0.0,0.0,0.0,0.0,1399.68,0.0,0.0,0.0,0.0,0.0
8793.0,"ESP. PARA PIZZA CANAL HORECA TIRAS 1,5 KG",INTERNO,INTERNO,000679-SPANISH CHEESE S.L.U.,0.0,0.0,0.0,0.0,0.0,0.0,0.0,0.0,0.0,0.0,0.0,0.0,0.0,0.0,0.0,0.0,0.0,0.0,0.0,0.0,0.0,0.0,0.0,0.0,0.0,0.0,0.0,0.0,0.0,0.0,0.0,0.0,0.0,0.0,0.0,0.0,0.0,0.0
8793.0,"ESP. PARA PIZZA CANAL HORECA TIRAS 1,5 KG",RETAIL,EUROMADI,"000931-TRANSGOURMET IBÉRICA, SAU",0.0,0.0,0.0,0.0,0.0,0.0,0.0,0.0,0.0,0.0,648.0,144.0,0.0,0.0,0.0,0.0,0.0,0.0,0.0,0.0,0.0,0.0,0.0,0.0,0.0,0.0,0.0,0.0,0.0,1911.6,424.8,0.0,0.0,0.0,0.0,0.0,0.0,0.0
8793.0,"ESP. PARA PIZZA CANAL HORECA TIRAS 1,5 KG",RETAIL,IFA,000823-HIPER USERA S.L.,720.0,936.0,1152.0,144.0,1944.0,504.0,864.0,1008.0,1152.0,1656.0,936.0,1080.0,936.0,864.0,1224.0,1008.0,1008.0,1080.0,1440.0,2232.0,2901.6,3571.2,446.4,6026.4,1562.4,2678.4,3124.8,3571.2,5133.6,2901.6,3348.0,2901.6,2678.4,3794.4,3124.8,3124.8,3348.0,4464.0
8794.0,"ESP. RALLADO CANAL HORECA HILO 1,5 KG",CASH & CARRY,MAKRO,000621-MAKRO DISTRIBUCIÓN MAYORISTA SA,3432.0,3084.0,2724.0,2316.0,2472.0,1896.0,3648.0,3240.0,3288.0,3060.0,2124.0,2832.0,1872.0,2280.0,2376.0,2904.0,2676.0,2196.0,3288.0,12454.75,11191.85,9885.4,8404.76,8970.89,6880.6,13238.63,11757.97,11932.17,11104.75,7708.02,10277.33,6793.48,8274.12,8622.49,10538.62,9711.21,7969.28,11932.16
8794.0,"ESP. RALLADO CANAL HORECA HILO 1,5 KG",CASH & CARRY,OTROS CASH & CARRY,"000931-TRANSGOURMET IBÉRICA, SAU",0.0,0.0,0.0,0.0,0.0,2376.0,288.0,1080.0,1080.0,792.0,0.0,0.0,0.0,0.0,0.0,0.0,0.0,0.0,0.0,0.0,0.0,0.0,0.0,0.0,7840.8,950.4,3564.0,3564.0,2613.6,0.0,0.0,0.0,0.0,0.0,0.0,0.0,0.0,0.0
8794.0,"ESP. RALLADO CANAL HORECA HILO 1,5 KG",DISTRIBUIDORES,PROVISIONES SUROESTE,"000879-PROVISIONES SUROESTE, S.L.",1512.0,2232.0,3240.0,5040.0,4104.0,4320.0,6912.0,6480.0,3600.0,5256.0,2220.0,2592.0,2592.0,432.0,6912.0,5976.0,2232.0,6336.0,6768.0,4676.4,7030.8,10206.0,15876.0,12927.6,13608.0,21772.8,20412.0,11340.0,16556.4,6993.0,8164.8,8164.8,1360.8,21772.8,18824.4,7030.8,19958.4,21319.2
8794.0,"ESP. RALLADO CANAL HORECA HILO 1,5 KG",DISTRIBUIDORES,RESTO DISTRIBUIDORES,000589-CONVENIENCE FOOD S.L.U.,120.0,180.0,120.0,120.0,120.0,120.0,84.0,264.0,0.0,0.0,120.0,120.0,180.0,96.0,96.0,240.0,120.0,120.0,60.0,366.0,549.0,366.0,366.0,366.0,366.0,256.2,805.2,0.0,0.0,366.0,366.0,549.0,292.8,292.8,732.0,366.0,366.0,183.0
8794.0,"ESP. RALLADO CANAL HORECA HILO 1,5 KG",DISTRIBUIDORES,RESTO DISTRIBUIDORES,"000643-ORTHIDAL, S.L.",120.0,120.0,72.0,0.0,0.0,0.0,0.0,0.0,0.0,0.0,0.0,0.0,0.0,0.0,0.0,0.0,0.0,0.0,0.0,372.0,396.0,237.6,0.0,0.0,0.0,0.0,0.0,0.0,0.0,0.0,0.0,0.0,0.0,0.0,0.0,0.0,0.0,0.0
8794.0,"ESP. RALLADO CANAL HORECA HILO 1,5 KG",DISTRIBUIDORES,RESTO DISTRIBUIDORES,000644-COMERCIAL LUIS ROSQUELLAS S.L.,60.0,0.0,48.0,72.0,0.0,0.0,0.0,0.0,48.0,48.0,60.0,36.0,0.0,48.0,60.0,36.0,72.0,0.0,72.0,208.74,0.0,166.99,250.49,0.0,0.0,0.0,0.0,181.1,181.1,226.38,135.83,0.0,181.1,226.38,135.83,271.66,0.0,271.66
8794.0,"ESP. RALLADO CANAL HORECA HILO 1,5 KG",DISTRIBUIDORES,RESTO DISTRIBUIDORES,000651-COMERGRAN S.L.,120.0,300.0,300.0,720.0,840.0,240.0,120.0,456.0,480.0,240.0,240.0,180.0,180.0,300.0,420.0,300.0,468.0,360.0,144.0,372.0,945.0,945.0,2268.0,2646.0,756.0,378.0,1436.4,1512.0,756.0,756.0,567.0,567.0,945.0,1323.0,945.0,1474.2,1134.0,453.6
8794.0,"ESP. RALLADO CANAL HORECA HILO 1,5 KG",DISTRIBUIDORES,RESTO DISTRIBUIDORES,"000675-CORPORACIÓN LÁCTEA DEL NORTE, S.L.",0.0,0.0,0.0,72.0,72.0,72.0,144.0,144.0,0.0,0.0,0.0,72.0,0.0,72.0,120.0,72.0,0.0,288.0,0.0,0.0,0.0,0.0,229.68,200.88,229.68,502.56,502.56,0.0,0.0,0.0,251.28,0.0,251.28,418.8,251.28,0.0,1005.12,0.0
8794.0,"ESP. RALLADO CANAL HORECA HILO 1,5 KG",DISTRIBUIDORES,RESTO DISTRIBUIDORES,"000710-SELECCIO REGISA, S.L.",0.0,0.0,0.0,0.0,0.0,0.0,0.0,0.0,0.0,216.0,0.0,0.0,0.0,0.0,0.0,0.0,0.0,0.0,0.0,0.0,0.0,0.0,0.0,0.0,0.0,0.0,0.0,0.0,918.0,0.0,0.0,0.0,0.0,0.0,0.0,0.0,0.0,0.0
8794.0,"ESP. RALLADO CANAL HORECA HILO 1,5 KG",DISTRIBUIDORES,RESTO DISTRIBUIDORES,000729-BERAN ALIMENTACION SL,144.0,180.0,144.0,180.0,0.0,0.0,72.0,0.0,324.0,180.0,180.0,120.0,120.0,192.0,144.0,216.0,0.0,72.0,0.0,496.8,657.0,525.6,657.0,0.0,0.0,284.4,0.0,1279.8,711.0,711.0,474.0,474.0,758.4,568.8,853.2,0.0,284.4,0.0
8794.0,"ESP. RALLADO CANAL HORECA HILO 1,5 KG",DISTRIBUIDORES,RESTO DISTRIBUIDORES,000751-PLACOR 2006 S.L.,0.0,0.0,12.0,0.0,0.0,0.0,0.0,0.0,0.0,0.0,0.0,0.0,0.0,0.0,0.0,0.0,0.0,0.0,0.0,0.0,0.0,47.16,0.0,0.0,0.0,0.0,0.0,0.0,0.0,0.0,0.0,0.0,0.0,0.0,0.0,0.0,0.0,0.0
8794.0,"ESP. RALLADO CANAL HORECA HILO 1,5 KG",DISTRIBUIDORES,RESTO DISTRIBUIDORES,000776-COMERCIAL DIALVA S.A.,0.0,0.0,0.0,0.0,0.0,0.0,0.0,0.0,0.0,0.0,0.0,0.0,0.0,0.0,0.0,0.0,0.0,0.0,0.0,0.0,0.0,0.0,0.0,0.0,0.0,0.0,0.0,0.0,0.0,0.0,0.0,0.0,0.0,0.0,0.0,0.0,0.0,0.0
8794.0,"ESP. RALLADO CANAL HORECA HILO 1,5 KG",DISTRIBUIDORES,RESTO DISTRIBUIDORES,000778-FUENTES SERVICIO Y DISTRIBUCIÓN S.L.,24.0,12.0,12.0,12.0,48.0,0.0,0.0,0.0,0.0,0.0,0.0,24.0,0.0,0.0,0.0,0.0,0.0,0.0,0.0,90.0,46.2,46.2,46.2,184.8,0.0,0.0,0.0,0.0,0.0,0.0,99.6,0.0,0.0,0.0,0.0,0.0,0.0,0.0
8794.0,"ESP. RALLADO CANAL HORECA HILO 1,5 KG",DISTRIBUIDORES,RESTO DISTRIBUIDORES,000789-PALENZUELA DISTRIBUCION 1970 S.L.,0.0,0.0,0.0,0.0,0.0,0.0,0.0,0.0,0.0,0.0,0.0,0.0,0.0,0.0,0.0,0.0,0.0,0.0,0.0,0.0,0.0,0.0,0.0,0.0,0.0,0.0,0.0,0.0,0.0,0.0,0.0,0.0,0.0,0.0,0.0,0.0,0.0,0.0
8794.0,"ESP. RALLADO CANAL HORECA HILO 1,5 KG",DISTRIBUIDORES,RESTO DISTRIBUIDORES,000791-CAZALEN S.L. (BLOQ.),0.0,0.0,0.0,300.0,384.0,0.0,0.0,0.0,0.0,0.0,0.0,0.0,0.0,0.0,0.0,0.0,0.0,0.0,0.0,0.0,0.0,0.0,1035.0,1324.8,0.0,0.0,0.0,0.0,0.0,0.0,0.0,0.0,0.0,0.0,0.0,0.0,0.0,0.0
8794.0,"ESP. RALLADO CANAL HORECA HILO 1,5 KG",DISTRIBUIDORES,RESTO DISTRIBUIDORES,"000806-CUSTODIO MARTÍN LÓPEZ, S.L.",0.0,0.0,0.0,204.0,300.0,204.0,300.0,0.0,0.0,108.0,0.0,0.0,156.0,0.0,0.0,0.0,0.0,0.0,0.0,0.0,0.0,0.0,701.76,1032.0,701.76,1122.0,0.0,0.0,403.92,0.0,0.0,583.44,0.0,0.0,0.0,0.0,0.0,0.0
8794.0,"ESP. RALLADO CANAL HORECA HILO 1,5 KG",DISTRIBUIDORES,RESTO DISTRIBUIDORES,000821-A.BASARRATE S.A.,0.0,0.0,0.0,0.0,0.0,0.0,0.0,0.0,0.0,0.0,0.0,0.0,0.0,0.0,0.0,0.0,0.0,0.0,0.0,0.0,0.0,0.0,0.0,0.0,0.0,0.0,0.0,0.0,0.0,0.0,0.0,0.0,0.0,0.0,0.0,0.0,0.0,0.0
8794.0,"ESP. RALLADO CANAL HORECA HILO 1,5 KG",DISTRIBUIDORES,RESTO DISTRIBUIDORES,"000858-COVADUL FAST FOOD, S.L.",0.0,0.0,0.0,0.0,0.0,0.0,0.0,0.0,0.0,0.0,0.0,48.0,72.0,0.0,72.0,0.0,72.0,0.0,0.0,0.0,0.0,0.0,0.0,0.0,0.0,0.0,0.0,0.0,0.0,0.0,172.8,259.2,0.0,259.2,0.0,259.2,0.0,0.0
8794.0,"ESP. RALLADO CANAL HORECA HILO 1,5 KG",DISTRIBUIDORES,RESTO DISTRIBUIDORES,"000865-DISALCON95, S.L.",0.0,36.0,36.0,36.0,108.0,0.0,24.0,36.0,12.0,24.0,24.0,60.0,0.0,0.0,72.0,0.0,0.0,72.0,0.0,0.0,123.84,123.84,123.84,371.52,0.0,89.76,134.64,44.88,89.76,89.76,224.4,0.0,0.0,269.28,0.0,0.0,269.28,0.0
8794.0,"ESP. RALLADO CANAL HORECA HILO 1,5 KG",DISTRIBUIDORES,TGT,000580-LOGÍSTICA Y TRANSFORMACIÓN LÁCTEA S.L. ( bloq),0.0,0.0,0.0,0.0,0.0,0.0,0.0,0.0,0.0,0.0,0.0,0.0,0.0,0.0,0.0,0.0,0.0,0.0,0.0,0.0,0.0,0.0,0.0,0.0,0.0,0.0,0.0,0.0,0.0,0.0,0.0,0.0,0.0,0.0,0.0,0.0,0.0,0.0
8794.0,"ESP. RALLADO CANAL HORECA HILO 1,5 KG",INDUSTRIALES & FOOD SERVICE,INTERPROVEEDORES,"000288-GOURMET, S.A.",816.0,816.0,1224.0,816.0,816.0,1944.0,1056.0,1248.0,624.0,2496.0,1248.0,1128.0,636.0,1248.0,1584.0,1152.0,1152.0,1248.0,1152.0,2513.28,2513.28,3769.92,2513.28,2513.28,5987.52,3252.48,3843.84,1921.92,7687.68,3843.84,3474.24,1958.88,3843.84,4878.72,3548.16,3548.16,3843.84,3548.16
8794.0,"ESP. RALLADO CANAL HORECA HILO 1,5 KG",INDUSTRIALES & FOOD SERVICE,RESTO INDUSTRIALES & FOODSERVICE,"000612-BIDFOOD SPAIN, S.L.U.",0.0,0.0,36.0,0.0,0.0,36.0,0.0,36.0,0.0,60.0,0.0,0.0,36.0,36.0,36.0,0.0,36.0,0.0,36.0,0.0,0.0,142.2,0.0,0.0,142.2,0.0,153.0,0.0,255.0,0.0,0.0,153.0,153.0,153.0,0.0,153.0,0.0,153.0
8794.0,"ESP. RALLADO CANAL HORECA HILO 1,5 KG",INDUSTRIALES & FOOD SERVICE,RESTO INDUSTRIALES & FOODSERVICE,000708-CASHDIPLO SLU ( bloq),108.0,132.0,276.0,132.0,132.0,36.0,84.0,-12.0,0.0,0.0,0.0,0.0,0.0,0.0,0.0,0.0,0.0,0.0,0.0,366.7,468.73,980.08,468.73,468.74,127.83,298.29,-42.61,0.0,0.0,0.0,0.0,0.0,0.0,0.0,0.0,0.0,0.0,0.0
8794.0,"ESP. RALLADO CANAL HORECA HILO 1,5 KG",INDUSTRIALES & FOOD SERVICE,RESTO INDUSTRIALES & FOODSERVICE,"000828-QUE S LIDER, S.L.",192.0,264.0,288.0,0.0,120.0,300.0,72.0,144.0,120.0,120.0,0.0,120.0,72.0,0.0,0.0,0.0,0.0,0.0,0.0,619.2,871.2,950.4,0.0,396.0,990.0,259.2,518.4,432.0,432.0,0.0,432.0,259.2,0.0,0.0,0.0,0.0,0.0,0.0
8794.0,"ESP. RALLADO CANAL HORECA HILO 1,5 KG",RETAIL,EUROMADI,"000931-TRANSGOURMET IBÉRICA, SAU",0.0,0.0,0.0,0.0,0.0,0.0,0.0,0.0,0.0,0.0,504.0,216.0,0.0,0.0,0.0,0.0,0.0,0.0,0.0,0.0,0.0,0.0,0.0,0.0,0.0,0.0,0.0,0.0,0.0,1663.2,712.8,0.0,0.0,0.0,0.0,0.0,0.0,0.0
8794.0,"ESP. RALLADO CANAL HORECA HILO 1,5 KG",RETAIL,IFA,000823-HIPER USERA S.L.,576.0,864.0,864.0,0.0,2160.0,432.0,432.0,1296.0,864.0,864.0,864.0,864.0,864.0,432.0,864.0,864.0,864.0,864.0,1296.0,1670.4,2505.6,2505.6,0.0,6264.0,1252.8,1252.8,3758.4,2505.6,2505.6,2505.6,2505.6,2505.6,1252.8,2505.6,2505.6,2505.6,2505.6,3758.4
8813.0,ESP. CON MOZZARELLA PARA PIZZERIA LORTET 1 KG.,DISTRIBUIDORES,RESTO DISTRIBUIDORES,000757-PENEDES DISTRIBUCION ALIMENTARIA SA,2304.0,2304.0,2016.0,2304.0,2592.0,1440.0,576.0,864.0,2592.0,2592.0,2304.0,1440.0,1728.0,2304.0,2304.0,2304.0,2592.0,864.0,288.0,10092.91,10318.68,9028.85,10318.69,11608.53,6449.19,2579.67,3869.51,11608.53,11608.53,10318.7,6449.19,7739.02,10318.69,10318.69,10318.69,11608.53,3869.51,1289.84
8847.0,"ESPECIALIDAD RALLADO HILO CONVENIENCE 1,5 KG",DISTRIBUIDORES,RESTO DISTRIBUIDORES,000589-CONVENIENCE FOOD S.L.U.,0.0,0.0,0.0,0.0,0.0,0.0,0.0,0.0,0.0,0.0,0.0,0.0,0.0,0.0,0.0,0.0,0.0,0.0,0.0,0.0,0.0,0.0,0.0,0.0,0.0,0.0,0.0,0.0,0.0,0.0,0.0,0.0,0.0,0.0,0.0,0.0,0.0,0.0
8848.0,LECHE CRUDA,LECHE Y SUERO,LECHE Y SUERO,000477-ANDROS LA SERNA  S.L.U.,0.0,0.0,0.0,0.0,0.0,0.0,0.0,0.0,21387.0,0.0,0.0,0.0,0.0,0.0,0.0,0.0,0.0,0.0,0.0,0.0,0.0,0.0,0.0,0.0,0.0,0.0,0.0,12044.09,0.0,0.0,0.0,0.0,0.0,0.0,0.0,0.0,0.0,0.0
8848.0,LECHE CRUDA,LECHE Y SUERO,LECHE Y SUERO,"000537-FOMENTO LÁCTEO, S.L.",0.0,0.0,0.0,0.0,60815.0,0.0,0.0,0.0,0.0,0.0,0.0,0.0,0.0,0.0,0.0,0.0,0.0,0.0,0.0,0.0,0.0,0.0,0.0,29406.98,0.0,0.0,0.0,0.0,0.0,0.0,0.0,0.0,0.0,0.0,0.0,0.0,0.0,0.0
8883.0,QUESO FUNDIDO CUMBRE IBERICA BARRA 3 KG,DISTRIBUIDORES,PROVISIONES SUROESTE,"000879-PROVISIONES SUROESTE, S.L.",720.0,720.0,1416.0,720.0,720.0,720.0,1440.0,720.0,1440.0,720.0,720.0,720.0,720.0,720.0,864.0,864.0,1440.0,720.0,1440.0,3679.2,3679.2,7235.76,3679.2,3679.2,3679.2,7358.4,3679.2,7358.4,3679.2,3679.2,3679.2,3679.2,3679.2,4415.04,4415.04,7358.4,3679.2,7358.4
8901.0,"3 RALLADOS CANAL HORECA HILO 1,5 KG.",CASH & CARRY,MAKRO,000621-MAKRO DISTRIBUCIÓN MAYORISTA SA,1128.0,828.0,1572.0,1812.0,1476.0,1692.0,2160.0,2064.0,2220.0,1896.0,1440.0,2124.0,1896.0,732.0,2940.0,2268.0,2112.0,2784.0,3060.0,5076.0,3726.0,7074.0,8154.0,6642.0,7614.0,9720.0,9288.0,9990.0,8532.0,6480.0,9558.0,8532.0,3294.0,13074.48,9350.64,9504.0,12528.0,13770.0
8901.0,"3 RALLADOS CANAL HORECA HILO 1,5 KG.",DISTRIBUIDORES,PROVISIONES SUROESTE,"000879-PROVISIONES SUROESTE, S.L.",72.0,144.0,696.0,360.0,216.0,396.0,720.0,360.0,72.0,0.0,360.0,180.0,156.0,156.0,528.0,444.0,180.0,780.0,444.0,293.04,586.08,2832.72,1465.2,879.12,1611.72,2930.4,1465.2,293.04,0.0,1465.2,732.6,634.92,634.92,2148.96,1807.08,732.6,3174.6,1807.08
8901.0,"3 RALLADOS CANAL HORECA HILO 1,5 KG.",DISTRIBUIDORES,RESTO DISTRIBUIDORES,"000006-LISARDO ISMAEL FERNANDEZ RAMIREZ, S.A. (BLOQ.)",0.0,0.0,24.0,0.0,12.0,0.0,0.0,0.0,0.0,0.0,0.0,0.0,0.0,0.0,0.0,0.0,0.0,0.0,0.0,0.0,0.0,101.28,0.0,50.64,0.0,0.0,0.0,0.0,0.0,0.0,0.0,0.0,0.0,0.0,0.0,0.0,0.0,0.0
8901.0,"3 RALLADOS CANAL HORECA HILO 1,5 KG.",DISTRIBUIDORES,RESTO DISTRIBUIDORES,"000038-LÁCTEOS MENDI, S.L.",144.0,240.0,636.0,96.0,312.0,432.0,336.0,228.0,144.0,216.0,288.0,480.0,336.0,216.0,432.0,396.0,360.0,504.0,360.0,614.4,1056.0,2588.52,422.4,1356.96,1758.24,1367.52,927.96,586.08,879.12,1172.16,1953.6,1367.52,879.12,1758.24,1611.72,1465.2,2051.28,1465.2
8901.0,"3 RALLADOS CANAL HORECA HILO 1,5 KG.",DISTRIBUIDORES,RESTO DISTRIBUIDORES,000639-LA AJOFRINERA GUERRERO S.L.,0.0,0.0,0.0,0.0,0.0,0.0,0.0,0.0,0.0,0.0,0.0,0.0,0.0,0.0,0.0,0.0,0.0,0.0,0.0,0.0,0.0,0.0,0.0,0.0,0.0,0.0,0.0,0.0,0.0,0.0,0.0,0.0,0.0,0.0,0.0,0.0,0.0,0.0
8901.0,"3 RALLADOS CANAL HORECA HILO 1,5 KG.",DISTRIBUIDORES,RESTO DISTRIBUIDORES,000651-COMERGRAN S.L.,108.0,36.0,60.0,0.0,60.0,156.0,0.0,60.0,120.0,60.0,60.0,120.0,60.0,120.0,192.0,60.0,72.0,72.0,72.0,453.6,146.52,244.2,0.0,244.2,634.92,0.0,244.2,488.4,244.2,244.2,488.4,244.2,488.4,781.44,244.2,293.04,293.04,293.04
8901.0,"3 RALLADOS CANAL HORECA HILO 1,5 KG.",DISTRIBUIDORES,RESTO DISTRIBUIDORES,000664-CARLOS ALBERTO LUIS CEJUDO,36.0,108.0,96.0,96.0,120.0,144.0,96.0,36.0,168.0,72.0,24.0,96.0,72.0,72.0,0.0,72.0,144.0,72.0,144.0,151.2,475.2,422.4,422.4,528.0,633.6,422.4,158.4,726.0,316.8,105.6,422.4,316.8,316.8,0.0,316.8,633.6,316.8,633.6
8901.0,"3 RALLADOS CANAL HORECA HILO 1,5 KG.",DISTRIBUIDORES,RESTO DISTRIBUIDORES,000667-MENA ALIMENTARIA S.L.,24.0,24.0,48.0,36.0,96.0,36.0,0.0,216.0,252.0,48.0,252.0,180.0,0.0,96.0,276.0,312.0,0.0,360.0,216.0,105.6,105.6,211.2,158.4,422.4,158.4,0.0,950.4,1108.8,211.2,1108.8,792.0,0.0,422.4,1214.4,1372.8,0.0,1584.0,950.4
8901.0,"3 RALLADOS CANAL HORECA HILO 1,5 KG.",DISTRIBUIDORES,RESTO DISTRIBUIDORES,"000675-CORPORACIÓN LÁCTEA DEL NORTE, S.L.",0.0,72.0,96.0,180.0,72.0,144.0,144.0,72.0,72.0,36.0,144.0,144.0,0.0,60.0,120.0,72.0,72.0,144.0,144.0,0.0,285.12,380.16,712.8,256.32,570.24,570.24,285.12,285.12,142.56,570.24,570.24,0.0,237.6,475.2,285.12,285.12,570.24,570.24
8901.0,"3 RALLADOS CANAL HORECA HILO 1,5 KG.",DISTRIBUIDORES,RESTO DISTRIBUIDORES,000725-DISTRIBUCIONES MORERA 2020 S.L.,0.0,72.0,72.0,0.0,0.0,96.0,0.0,48.0,0.0,72.0,120.0,12.0,72.0,0.0,216.0,0.0,72.0,72.0,72.0,0.0,313.92,313.92,0.0,0.0,418.56,0.0,209.28,0.0,313.92,523.2,52.32,313.92,0.0,941.76,0.0,313.92,313.92,313.92
8901.0,"3 RALLADOS CANAL HORECA HILO 1,5 KG.",DISTRIBUIDORES,RESTO DISTRIBUIDORES,000728-SAN LAMBERTO 2000 SL,216.0,72.0,216.0,288.0,192.0,312.0,192.0,240.0,264.0,192.0,156.0,336.0,192.0,168.0,324.0,288.0,216.0,288.0,288.0,925.2,313.2,939.6,1252.8,835.2,1357.2,835.2,1044.0,1141.88,835.2,678.6,1461.6,835.2,730.8,1409.4,1252.8,939.6,1252.8,1252.8
8901.0,"3 RALLADOS CANAL HORECA HILO 1,5 KG.",DISTRIBUIDORES,RESTO DISTRIBUIDORES,000729-BERAN ALIMENTACION SL,96.0,96.0,60.0,120.0,0.0,0.0,60.0,0.0,108.0,60.0,72.0,72.0,60.0,96.0,72.0,0.0,0.0,72.0,0.0,427.2,446.4,279.0,558.0,0.0,0.0,279.0,0.0,502.2,279.0,334.8,334.8,279.0,446.4,334.8,0.0,0.0,334.8,0.0
8901.0,"3 RALLADOS CANAL HORECA HILO 1,5 KG.",DISTRIBUIDORES,RESTO DISTRIBUIDORES,"000763-BENIBALDO, S.A.U. (BLOQ.)",0.0,0.0,0.0,12.0,72.0,204.0,72.0,96.0,72.0,120.0,72.0,264.0,24.0,0.0,144.0,144.0,72.0,0.0,0.0,0.0,0.0,0.0,52.32,313.92,889.44,313.92,418.56,313.92,523.2,313.92,1151.04,104.64,0.0,627.84,627.84,313.92,0.0,0.0
8901.0,"3 RALLADOS CANAL HORECA HILO 1,5 KG.",DISTRIBUIDORES,RESTO DISTRIBUIDORES,000789-PALENZUELA DISTRIBUCION 1970 S.L.,12.0,0.0,0.0,12.0,12.0,12.0,12.0,0.0,0.0,0.0,0.0,0.0,12.0,0.0,0.0,0.0,0.0,0.0,0.0,54.0,0.0,0.0,54.0,54.0,54.0,54.0,0.0,0.0,0.0,0.0,0.0,54.0,0.0,0.0,0.0,0.0,0.0,0.0
8901.0,"3 RALLADOS CANAL HORECA HILO 1,5 KG.",DISTRIBUIDORES,RESTO DISTRIBUIDORES,"000806-CUSTODIO MARTÍN LÓPEZ, S.L.",60.0,120.0,120.0,120.0,240.0,120.0,300.0,0.0,0.0,120.0,0.0,120.0,60.0,72.0,216.0,144.0,72.0,144.0,144.0,258.0,540.0,540.0,540.0,1080.0,540.0,1350.0,0.0,0.0,540.0,0.0,540.0,270.0,324.0,972.0,648.0,324.0,648.0,648.0
8901.0,"3 RALLADOS CANAL HORECA HILO 1,5 KG.",DISTRIBUIDORES,RESTO DISTRIBUIDORES,000816-CARLAFEX S.L.,0.0,0.0,0.0,12.0,240.0,0.0,0.0,0.0,0.0,0.0,0.0,0.0,0.0,0.0,0.0,0.0,0.0,0.0,144.0,0.0,0.0,0.0,48.84,976.8,0.0,0.0,0.0,0.0,0.0,0.0,0.0,0.0,0.0,0.0,0.0,0.0,0.0,627.84
8901.0,"3 RALLADOS CANAL HORECA HILO 1,5 KG.",DISTRIBUIDORES,RESTO DISTRIBUIDORES,"000836-DISTRIBUCIONES SERVERA, S.A.",24.0,12.0,0.0,60.0,48.0,36.0,48.0,0.0,60.0,12.0,0.0,24.0,0.0,0.0,60.0,636.0,0.0,0.0,144.0,95.28,48.84,0.0,244.2,195.36,146.52,195.36,0.0,244.2,48.84,0.0,97.68,0.0,0.0,244.2,2588.52,0.0,0.0,586.08
8901.0,"3 RALLADOS CANAL HORECA HILO 1,5 KG.",DISTRIBUIDORES,RESTO DISTRIBUIDORES,"000854-EL CONCHEL D´GUSTO, S.L.U. (BLOQ.)",12.0,24.0,48.0,0.0,0.0,0.0,0.0,0.0,0.0,0.0,0.0,0.0,0.0,0.0,0.0,0.0,0.0,0.0,0.0,52.32,104.64,209.28,0.0,0.0,0.0,0.0,0.0,0.0,0.0,0.0,0.0,0.0,0.0,0.0,0.0,0.0,0.0,0.0
8901.0,"3 RALLADOS CANAL HORECA HILO 1,5 KG.",DISTRIBUIDORES,RESTO DISTRIBUIDORES,"000855-CASA BASTIDA, S.L. ( BLOQ )",0.0,0.0,0.0,60.0,0.0,24.0,144.0,96.0,0.0,0.0,0.0,0.0,0.0,0.0,0.0,0.0,0.0,0.0,0.0,0.0,0.0,0.0,244.2,0.0,97.68,586.08,390.72,0.0,0.0,0.0,0.0,0.0,0.0,0.0,0.0,0.0,0.0,0.0
8901.0,"3 RALLADOS CANAL HORECA HILO 1,5 KG.",DISTRIBUIDORES,RESTO DISTRIBUIDORES,"000858-COVADUL FAST FOOD, S.L.",48.0,96.0,120.0,120.0,48.0,36.0,96.0,264.0,24.0,0.0,72.0,108.0,48.0,96.0,72.0,0.0,144.0,72.0,0.0,185.76,390.72,488.4,488.4,195.36,146.52,390.72,1074.48,97.68,0.0,293.04,439.56,195.36,390.72,293.04,0.0,586.08,293.04,0.0
8901.0,"3 RALLADOS CANAL HORECA HILO 1,5 KG.",DISTRIBUIDORES,RESTO DISTRIBUIDORES,"000865-DISALCON95, S.L.",48.0,12.0,24.0,48.0,120.0,36.0,120.0,36.0,72.0,0.0,48.0,60.0,72.0,0.0,72.0,72.0,0.0,144.0,0.0,206.88,52.32,104.64,209.28,523.2,156.96,523.2,156.96,313.92,0.0,209.28,261.6,313.92,0.0,313.92,313.92,0.0,627.84,0.0
8901.0,"3 RALLADOS CANAL HORECA HILO 1,5 KG.",DISTRIBUIDORES,RESTO DISTRIBUIDORES,"000868-CODILEX ALIMENTACIÓN TRADICIONAL, S.L.",0.0,72.0,12.0,24.0,24.0,24.0,108.0,60.0,108.0,36.0,0.0,24.0,24.0,0.0,0.0,0.0,0.0,0.0,0.0,0.0,313.92,52.32,104.64,104.64,104.64,470.88,209.28,470.88,156.96,0.0,104.64,104.64,0.0,0.0,0.0,0.0,0.0,0.0
8901.0,"3 RALLADOS CANAL HORECA HILO 1,5 KG.",DISTRIBUIDORES,RESTO DISTRIBUIDORES,000870-COMERCIAL LEÓN ZARAGOZA S.L.,0.0,0.0,0.0,0.0,0.0,0.0,12.0,0.0,0.0,48.0,24.0,48.0,0.0,36.0,0.0,0.0,0.0,0.0,0.0,0.0,0.0,0.0,0.0,0.0,0.0,52.32,0.0,0.0,209.28,104.64,209.28,0.0,156.96,0.0,0.0,0.0,0.0,0.0
8901.0,"3 RALLADOS CANAL HORECA HILO 1,5 KG.",DISTRIBUIDORES,RESTO DISTRIBUIDORES,"000890-OCEANÍA FOOD SELECTION, S.L. ( bloq)",12.0,12.0,0.0,12.0,0.0,0.0,0.0,0.0,0.0,0.0,0.0,0.0,0.0,0.0,0.0,0.0,0.0,0.0,0.0,49.92,52.32,0.0,52.32,0.0,0.0,0.0,0.0,0.0,0.0,0.0,0.0,0.0,0.0,0.0,0.0,0.0,0.0,0.0
8901.0,"3 RALLADOS CANAL HORECA HILO 1,5 KG.",DISTRIBUIDORES,RESTO DISTRIBUIDORES,"000914-HIJOS DE EUSEBIO CARRERAS, S.L. (BLOQ.)",0.0,48.0,0.0,0.0,0.0,0.0,0.0,0.0,0.0,0.0,0.0,0.0,0.0,0.0,0.0,0.0,0.0,0.0,0.0,0.0,209.28,0.0,0.0,0.0,0.0,0.0,0.0,0.0,0.0,0.0,0.0,0.0,0.0,0.0,0.0,0.0,0.0,0.0
8901.0,"3 RALLADOS CANAL HORECA HILO 1,5 KG.",DISTRIBUIDORES,RESTO DISTRIBUIDORES,000916-SERVICHEF GASTRONOMÍA S.L.,0.0,180.0,0.0,120.0,0.0,0.0,180.0,0.0,120.0,0.0,180.0,0.0,0.0,0.0,144.0,144.0,0.0,144.0,0.0,0.0,784.8,0.0,523.2,0.0,0.0,784.8,0.0,523.2,0.0,784.8,0.0,0.0,0.0,627.84,627.84,0.0,627.84,0.0
8901.0,"3 RALLADOS CANAL HORECA HILO 1,5 KG.",DISTRIBUIDORES,RESTO DISTRIBUIDORES,"000943-QUESOS JOMI, S.L. ( BLOQ )",0.0,0.0,0.0,0.0,0.0,0.0,0.0,0.0,0.0,120.0,0.0,0.0,0.0,0.0,0.0,0.0,0.0,0.0,0.0,0.0,0.0,0.0,0.0,0.0,0.0,0.0,0.0,0.0,523.2,0.0,0.0,0.0,0.0,0.0,0.0,0.0,0.0,0.0
8901.0,"3 RALLADOS CANAL HORECA HILO 1,5 KG.",DISTRIBUIDORES,RESTO DISTRIBUIDORES,000950-GRUP ALIMENTARI DISTECO S.A,0.0,0.0,0.0,0.0,0.0,0.0,0.0,0.0,0.0,0.0,24.0,12.0,108.0,0.0,0.0,0.0,0.0,0.0,0.0,0.0,0.0,0.0,0.0,0.0,0.0,0.0,0.0,0.0,0.0,97.68,48.84,439.56,0.0,0.0,0.0,0.0,0.0,0.0
8901.0,"3 RALLADOS CANAL HORECA HILO 1,5 KG.",DISTRIBUIDORES,TGT,000580-LOGÍSTICA Y TRANSFORMACIÓN LÁCTEA S.L. ( bloq),0.0,0.0,0.0,0.0,0.0,0.0,0.0,0.0,0.0,0.0,0.0,0.0,0.0,0.0,0.0,0.0,0.0,0.0,0.0,0.0,0.0,0.0,0.0,0.0,0.0,0.0,0.0,0.0,0.0,0.0,0.0,0.0,0.0,0.0,0.0,0.0,0.0,0.0
8901.0,"3 RALLADOS CANAL HORECA HILO 1,5 KG.",INDUSTRIALES & FOOD SERVICE,RESTO INDUSTRIALES & FOODSERVICE,"000828-QUE S LIDER, S.L.",24.0,36.0,72.0,96.0,96.0,96.0,84.0,144.0,96.0,48.0,96.0,0.0,0.0,0.0,0.0,0.0,0.0,0.0,0.0,97.68,146.52,293.04,390.72,390.72,390.72,341.88,586.08,390.72,195.36,390.72,0.0,0.0,0.0,0.0,0.0,0.0,0.0,0.0
8901.0,"3 RALLADOS CANAL HORECA HILO 1,5 KG.",INDUSTRIALES & FOOD SERVICE,RESTO INDUSTRIALES & FOODSERVICE,"000888-EL DUO HARINERO, S.A. (BLOQ.)",24.0,60.0,96.0,36.0,84.0,48.0,72.0,72.0,84.0,0.0,60.0,72.0,24.0,0.0,72.0,144.0,0.0,0.0,0.0,97.44,255.6,408.96,153.36,357.84,204.48,306.72,306.72,357.84,0.0,255.6,306.72,102.24,0.0,306.72,613.44,0.0,0.0,0.0
8901.0,"3 RALLADOS CANAL HORECA HILO 1,5 KG.",INDUSTRIALES & FOOD SERVICE,RESTO INDUSTRIALES & FOODSERVICE,"000911-MBP BOULANGERS, S.L. (BLOQ.)",432.0,0.0,0.0,0.0,432.0,0.0,0.0,0.0,0.0,0.0,0.0,0.0,0.0,0.0,0.0,0.0,0.0,0.0,0.0,1797.12,0.0,0.0,0.0,1883.52,0.0,0.0,0.0,0.0,0.0,0.0,0.0,0.0,0.0,0.0,0.0,0.0,0.0,0.0
8901.0,"3 RALLADOS CANAL HORECA HILO 1,5 KG.",RETAIL,IFA,000823-HIPER USERA S.L.,432.0,432.0,864.0,0.0,2040.0,432.0,432.0,864.0,864.0,864.0,432.0,864.0,432.0,864.0,864.0,864.0,864.0,864.0,1296.0,1736.64,1736.64,3473.28,0.0,8200.8,1736.64,1736.64,3473.28,3473.28,3473.28,1736.64,3473.28,1736.64,3473.28,3473.28,3473.28,3473.28,3473.28,5209.92
8926.0,LONCHAS ESPECIAL CON GOUDA CANAL HORECA ESCAL. 1 K,DISTRIBUIDORES,RESTO DISTRIBUIDORES,"000734-UDIAL, S.A. (BLOQ.)",0.0,0.0,0.0,0.0,0.0,0.0,0.0,0.0,0.0,0.0,0.0,0.0,0.0,0.0,0.0,0.0,0.0,0.0,0.0,0.0,0.0,0.0,0.0,0.0,0.0,0.0,0.0,0.0,0.0,0.0,0.0,0.0,0.0,0.0,0.0,0.0,0.0,0.0
8926.0,LONCHAS ESPECIAL CON GOUDA CANAL HORECA ESCAL. 1 K,DISTRIBUIDORES,RESTO DISTRIBUIDORES,000776-COMERCIAL DIALVA S.A.,0.0,0.0,0.0,0.0,0.0,0.0,0.0,0.0,0.0,0.0,0.0,0.0,0.0,0.0,0.0,0.0,0.0,0.0,0.0,0.0,0.0,0.0,0.0,0.0,0.0,0.0,0.0,0.0,0.0,0.0,0.0,0.0,0.0,0.0,0.0,0.0,0.0,0.0
8926.0,LONCHAS ESPECIAL CON GOUDA CANAL HORECA ESCAL. 1 K,DISTRIBUIDORES,TGT,000580-LOGÍSTICA Y TRANSFORMACIÓN LÁCTEA S.L. ( bloq),0.0,0.0,0.0,0.0,0.0,0.0,0.0,0.0,0.0,0.0,0.0,0.0,0.0,0.0,0.0,0.0,0.0,0.0,0.0,0.0,0.0,0.0,0.0,0.0,0.0,0.0,0.0,0.0,0.0,0.0,0.0,0.0,0.0,0.0,0.0,0.0,0.0,0.0
8945.0,MAQUILA LECHE EN POLVO 1% BIG-BAG,TORRE,TORRE,000935-CORPORACION ALIMENTARIA DE GUISSONA,0.0,0.0,0.0,0.0,0.0,18523.0,392352.0,0.0,0.0,0.0,0.0,0.0,0.0,0.0,0.0,0.0,0.0,0.0,0.0,0.0,0.0,0.0,0.0,0.0,2154.22,20666.12,0.0,0.0,0.0,0.0,0.0,0.0,0.0,0.0,0.0,0.0,0.0,0.0
8950.0,"QUESO RALLADO ""A"" 1,5 KG.",INDUSTRIALES & FOOD SERVICE,INTERPROVEEDORES,000152-AUDENS FOOD S.A.,3876.0,4536.0,4536.0,2520.0,3936.0,4032.0,1008.0,1008.0,2520.0,3528.0,3024.0,1008.0,3024.0,4032.0,2520.0,0.0,3528.0,2520.0,0.0,16748.16,19776.96,19776.96,10987.2,17160.96,17579.52,4394.88,4394.88,10987.2,15029.28,12882.24,4294.08,12882.24,17176.32,10735.2,0.0,15029.28,10735.2,0.0
8950.0,"QUESO RALLADO ""A"" 1,5 KG.",INDUSTRIALES & FOOD SERVICE,INTERPROVEEDORES,000592-EUROFROZEN INDUSTRIA COMERCIO,0.0,0.0,144.0,144.0,168.0,0.0,0.0,120.0,0.0,0.0,0.0,0.0,0.0,0.0,0.0,0.0,0.0,0.0,0.0,0.0,0.0,627.84,627.84,732.48,0.0,0.0,523.2,0.0,0.0,0.0,0.0,0.0,0.0,0.0,0.0,0.0,0.0,0.0
8950.0,"QUESO RALLADO ""A"" 1,5 KG.",INDUSTRIALES & FOOD SERVICE,RESTO INDUSTRIALES & FOODSERVICE,000490-CONGALSA S.L.,108.0,0.0,156.0,0.0,168.0,0.0,84.0,132.0,168.0,0.0,0.0,0.0,156.0,0.0,156.0,168.0,120.0,0.0,252.0,527.04,0.0,761.28,0.0,819.84,0.0,409.92,644.16,819.84,0.0,0.0,0.0,761.28,0.0,761.28,819.84,585.6,0.0,1229.76
8951.0,MASCARPONE 250 G. HACENDADO,MERCADONA,IRMADONA,"000525-IRMÃDONA SUPERMERCADOS, UNIPESSOAL, LDA",810.0,2025.0,2484.0,2592.0,2160.0,2592.0,2160.0,2592.0,2160.0,2592.0,1296.0,6480.0,2155.5,2592.0,3024.0,2592.0,2592.0,2592.0,3024.0,5815.8,14539.5,17710.38,19040.82,16355.5,19626.6,16355.5,19626.6,16355.5,20539.02,10269.51,51347.53,17735.47,21327.0,24881.49,20979.65,20632.32,20632.32,23321.06
8951.0,MASCARPONE 250 G. HACENDADO,MERCADONA,MERCADONA,"000128-MERCADONA, S.A.",57906.0,66415.5,78412.5,76891.5,64359.0,60471.0,65655.0,69975.0,65430.0,76455.0,49239.0,102379.5,59602.5,74304.0,91147.5,71280.0,68683.5,65214.0,69115.5,415765.08,476863.29,563001.75,569416.09,491445.03,461756.28,501341.28,534328.78,499623.18,610417.06,393124.4,817398.23,493854.54,615832.11,755431.03,580001.73,550841.67,523016.28,537165.13
8956.0,ANALOGO MOZZARELLA TACOS CONVENIENCE 2 KG.,DISTRIBUIDORES,RESTO DISTRIBUIDORES,000589-CONVENIENCE FOOD S.L.U.,480.0,0.0,0.0,480.0,480.0,0.0,480.0,480.0,480.0,0.0,0.0,480.0,480.0,0.0,0.0,480.0,480.0,0.0,480.0,1329.6,0.0,0.0,1377.6,1377.6,0.0,1377.6,1377.6,1377.6,0.0,0.0,1377.6,1377.6,0.0,0.0,1377.6,1377.6,0.0,1377.6
8964.0,MOZZARELLA BARRA MZ,DISTRIBUIDORES,TGT,"000010-TEODORO GARCIA, S.A. ( BLOQ )",0.0,0.0,0.0,0.0,0.0,0.0,0.0,0.0,0.0,0.0,0.0,0.0,0.0,0.0,0.0,0.0,0.0,0.0,0.0,0.0,0.0,0.0,0.0,0.0,0.0,0.0,0.0,0.0,0.0,0.0,0.0,0.0,0.0,0.0,0.0,0.0,0.0,0.0
8983.0,"23760 BARRA SANDWICH EDAM 3,3 KG",INDUSTRIALES & FOOD SERVICE,RESTO INDUSTRIALES & FOODSERVICE,000003-CAMPOFRIO FOOD GROUP S.A.,3003.0,1795.2,4798.2,4177.8,4758.6,3577.2,4798.2,5959.8,4210.8,4204.2,3009.6,3577.2,2983.2,1188.0,5425.2,4785.0,2956.8,6012.6,5372.4,12612.6,7539.84,20152.44,17546.76,19986.12,15024.24,20152.44,25031.16,17685.36,17657.64,12640.32,15024.24,12529.44,4989.6,22785.84,20097.0,12418.56,25252.92,22564.08
8984.0,23771 LONCHAS SANDWICH EDAM,INDUSTRIALES & FOOD SERVICE,RESTO INDUSTRIALES & FOODSERVICE,000003-CAMPOFRIO FOOD GROUP S.A.,11700.0,13572.0,10296.0,15444.0,16848.0,14040.0,29108.0,14736.0,17556.0,13104.0,8892.0,6108.0,6552.0,6552.0,12168.0,10764.0,9920.0,12636.0,10296.0,52767.0,61209.72,46434.96,69652.44,75984.48,63320.4,131277.08,66459.36,79177.56,59099.04,40102.92,27547.08,29549.52,29549.52,54877.68,48545.64,44739.2,56988.36,46434.96
8988.0,MASCARPONE 500 G. HACENDADO,MERCADONA,MERCADONA,"000128-MERCADONA, S.A.",0.0,0.0,0.0,0.0,0.0,0.0,0.0,0.0,0.0,0.0,44059.5,99427.5,0.0,0.0,0.0,0.0,0.0,0.0,0.0,0.0,0.0,0.0,0.0,0.0,0.0,0.0,0.0,0.0,0.0,339610.88,766387.32,0.0,0.0,0.0,0.0,0.0,0.0,0.0
8996.0,MOZZARELLA FRESCA HACENDADO 125 G.,MERCADONA,IRMADONA,"000525-IRMÃDONA SUPERMERCADOS, UNIPESSOAL, LDA",4680.0,6480.0,7920.0,7560.0,10440.0,11520.0,12240.0,11520.0,9000.0,10080.0,6480.0,8280.0,7200.0,7557.0,7920.0,10080.0,10080.0,10800.0,15840.0,22389.12,31000.32,37644.48,36411.84,51114.24,56401.92,59927.04,56401.92,44064.0,51770.88,33281.28,42526.08,37811.52,39840.5,41754.24,51851.52,50883.84,54518.4,78186.24
8996.0,MOZZARELLA FRESCA HACENDADO 125 G.,MERCADONA,MERCADONA,"000128-MERCADONA, S.A.",223539.0,199740.0,209490.0,226785.0,246210.0,259500.0,306357.0,272478.0,252357.0,246900.0,191520.0,196167.0,201555.0,199776.0,220986.0,227493.0,229659.0,270720.0,290157.0,1069223.99,955556.17,1002157.11,1102995.67,1215293.47,1280862.38,1512178.15,1344951.41,1245634.15,1277954.4,991276.46,1015360.38,1069094.25,1054840.4,1120840.98,1124736.83,1113357.75,1312450.56,1374183.55
8999.0,QUESO PARA CARNICOS TACOS 3X3 SIN LISOZIMA 2 KG,DISTRIBUIDORES,TGT,"000010-TEODORO GARCIA, S.A. ( BLOQ )",1920.0,1920.0,1920.0,0.0,1920.0,3840.0,1920.0,1920.0,0.0,0.0,0.0,0.0,0.0,0.0,0.0,0.0,0.0,0.0,0.0,13113.6,12960.0,12960.0,0.0,12960.0,25920.0,13881.6,13728.0,0.0,0.0,0.0,0.0,0.0,0.0,0.0,0.0,0.0,0.0,0.0
8999.0,QUESO PARA CARNICOS TACOS 3X3 SIN LISOZIMA 2 KG,LECHE Y SUERO,LECHE Y SUERO,000935-CORPORACION ALIMENTARIA DE GUISSONA,0.0,0.0,0.0,0.0,0.0,0.0,0.0,0.0,1920.0,0.0,0.0,0.0,0.0,0.0,0.0,0.0,0.0,0.0,0.0,0.0,0.0,0.0,0.0,0.0,0.0,0.0,0.0,13824.0,0.0,0.0,0.0,0.0,0.0,0.0,0.0,0.0,0.0,0.0
8999.0,QUESO PARA CARNICOS TACOS 3X3 SIN LISOZIMA 2 KG,RETAIL,OTROS RETAILERS,000935-CORPORACION ALIMENTARIA DE GUISSONA,0.0,0.0,0.0,0.0,0.0,0.0,0.0,0.0,0.0,1920.0,0.0,480.0,2880.0,2400.0,6240.0,0.0,2880.0,2880.0,3360.0,0.0,0.0,0.0,0.0,0.0,0.0,0.0,0.0,0.0,13824.0,0.0,3456.0,20736.0,17280.0,44928.0,0.0,20736.0,20736.0,24192.0
9010.0,LONCHAS QUESO SIN LACTOSA HACENDADO 150 G.,MERCADONA,MERCADONA,"000128-MERCADONA, S.A.",45208.8,40840.8,32064.9,0.0,0.0,0.0,0.0,0.0,0.0,0.0,0.0,0.0,0.0,0.0,0.0,0.0,0.0,0.0,0.0,297473.52,268732.1,210986.76,0.0,0.0,0.0,0.0,0.0,0.0,0.0,0.0,0.0,0.0,0.0,0.0,0.0,0.0,0.0,0.0
9012.0,PERLAS DE MOZZARELLA FRESCA HACENDADO 150 G.,MERCADONA,IRMADONA,"000525-IRMÃDONA SUPERMERCADOS, UNIPESSOAL, LDA",3427.2,5140.8,6364.8,6854.4,9057.6,11260.8,11505.6,10771.2,8078.4,8812.8,6120.0,8078.4,6363.0,5140.8,7099.2,8568.0,9057.6,9545.4,12974.4,29336.86,44005.28,53676.63,58132.08,77956.04,96918.32,99025.24,92704.48,69528.36,77493.6,53815.0,71035.8,56671.59,45891.93,63374.57,75430.72,78801.12,83044.98,111407.28
9012.0,PERLAS DE MOZZARELLA FRESCA HACENDADO 150 G.,MERCADONA,MERCADONA,"000128-MERCADONA, S.A.",72208.8,63396.0,67318.2,74894.4,87391.8,100609.2,109913.4,90086.4,94248.0,83966.4,68265.0,84699.0,72451.8,73927.8,79315.2,85923.0,90819.0,111139.2,115052.4,618107.74,542670.16,576244.22,649763.84,767299.98,883348.7,965039.73,790958.54,827465.83,752901.99,612112.23,759470.96,658658.77,670735.62,705905.28,753060.98,787700.53,963943.71,984848.76
9013.0,"RALLADO ESPECIAL PARA PIZZA TIRAS 1,5 KG.",CASH & CARRY,MAKRO,000621-MAKRO DISTRIBUCIÓN MAYORISTA SA,2136.0,1740.0,2436.0,2892.0,2448.0,2148.0,3168.0,3168.0,4176.0,3192.0,3156.0,3108.0,3456.0,2700.0,4572.0,3672.0,2640.0,3480.0,3684.0,7277.35,5928.18,8299.44,9853.06,8340.32,7318.23,10793.38,10793.38,14227.63,10875.13,10752.49,10588.97,11774.59,9198.9,15576.81,12510.51,8994.59,11856.37,12551.39
9017.0,QUESO NO FUNDE 8X8 CESTILLA,DISTRIBUIDORES,RESTO DISTRIBUIDORES,000816-CARLAFEX S.L.,0.0,0.0,0.0,0.0,0.0,0.0,0.0,0.0,0.0,0.0,0.0,0.0,0.0,0.0,528.0,0.0,0.0,0.0,0.0,0.0,0.0,0.0,0.0,0.0,0.0,0.0,0.0,0.0,0.0,0.0,0.0,0.0,0.0,3152.16,0.0,0.0,0.0,0.0
9017.0,QUESO NO FUNDE 8X8 CESTILLA,INDUSTRIALES & FOOD SERVICE,INTERPROVEEDORES,"000261-CINCO TENEDORES, S.L.",14016.0,8004.0,8028.0,4020.0,12036.0,9024.0,6504.0,7512.0,12672.0,10032.0,11016.0,18516.0,5004.0,6012.0,9528.0,9528.0,10032.0,6492.0,8016.0,74985.6,42821.4,42949.8,21507.0,64392.6,48278.4,34796.4,40189.2,67795.2,53671.2,58935.6,95907.0,26771.4,32164.2,50974.8,50974.8,53671.2,34732.2,38076.0
9018.0,QUESO RALLADO POLVO HACENDADO 150 G.,MERCADONA,IRMADONA,"000525-IRMÃDONA SUPERMERCADOS, UNIPESSOAL, LDA",2646.0,3402.0,4158.0,3780.0,3780.0,3780.0,3402.0,3780.0,3780.0,4914.0,3402.0,1134.0,0.0,0.0,0.0,0.0,0.0,0.0,0.0,15311.59,19686.33,23919.88,21810.6,21924.0,21924.0,19731.6,21924.0,21924.0,28730.69,19890.47,6630.16,0.0,0.0,0.0,0.0,0.0,0.0,0.0
9018.0,QUESO RALLADO POLVO HACENDADO 150 G.,MERCADONA,MERCADONA,"000128-MERCADONA, S.A.",162540.0,143262.0,149667.0,156870.0,150444.0,134941.8,149688.0,154980.0,151956.0,163674.0,140994.0,41571.6,0.0,0.0,0.0,0.0,0.0,0.0,0.0,940570.56,829014.5,861703.55,912726.97,879601.28,788964.62,875181.23,906121.3,888441.46,964579.53,830919.55,244993.8,0.0,0.0,0.0,0.0,0.0,0.0,0.0
9020.0,QUESO CHEDDAR TIERNO HACENDADO 300 G.,MERCADONA,MERCADONA,"000128-MERCADONA, S.A.",10080.0,7494.0,0.0,0.0,0.0,0.0,0.0,0.0,0.0,0.0,0.0,0.0,0.0,0.0,0.0,0.0,0.0,0.0,0.0,59807.72,44464.19,0.0,0.0,0.0,0.0,0.0,0.0,0.0,0.0,0.0,0.0,0.0,0.0,0.0,0.0,0.0,0.0,0.0
9042.0,LONCHAS CHEDDAR NATURAL HACENDADO 200 G.,MERCADONA,IRMADONA,"000525-IRMÃDONA SUPERMERCADOS, UNIPESSOAL, LDA",2496.0,3494.4,3993.6,3244.8,1248.0,0.0,0.0,0.0,0.0,0.0,0.0,0.0,0.0,0.0,0.0,0.0,0.0,0.0,0.0,18195.8,25474.14,28858.78,23736.97,9247.68,0.0,0.0,0.0,0.0,0.0,0.0,0.0,0.0,0.0,0.0,0.0,0.0,0.0,0.0
9042.0,LONCHAS CHEDDAR NATURAL HACENDADO 200 G.,MERCADONA,MERCADONA,"000128-MERCADONA, S.A.",103084.8,92100.0,58144.8,51410.4,12480.0,0.0,0.0,0.0,0.0,0.0,0.0,0.0,0.0,0.0,0.0,0.0,0.0,0.0,0.0,751488.21,671409.05,423875.57,380512.53,93537.57,0.0,0.0,0.0,0.0,0.0,0.0,0.0,0.0,0.0,0.0,0.0,0.0,0.0,0.0
9054.0,"QUESO RALLADO POLVO 1,5 KG CONVENIENCE",DISTRIBUIDORES,RESTO DISTRIBUIDORES,000589-CONVENIENCE FOOD S.L.U.,504.0,504.0,504.0,504.0,504.0,504.0,504.0,1008.0,1008.0,504.0,504.0,504.0,504.0,504.0,504.0,1008.0,504.0,504.0,504.0,2479.68,2479.68,2479.68,2479.68,2479.68,2479.68,2479.68,4959.36,4959.36,2479.68,2479.68,2479.68,2479.68,2479.68,2479.68,4959.36,2479.68,2479.68,2479.68
9068.0,MOZZARELLA INDUSTRIAL ANTONELLA TACOS 2 KG.,DISTRIBUIDORES,PROVISIONES SUROESTE,"000879-PROVISIONES SUROESTE, S.L.",2880.0,2640.0,2040.0,3360.0,480.0,2520.0,2160.0,3180.0,2592.0,1920.0,1920.0,2400.0,2400.0,1920.0,3840.0,3360.0,1440.0,3360.0,3840.0,15264.0,13992.0,10812.0,17808.0,2544.0,13356.0,11448.0,16854.0,13737.6,10176.0,10176.0,12720.0,11568.0,9024.0,18048.0,15792.0,6768.0,15792.0,18048.0
9068.0,MOZZARELLA INDUSTRIAL ANTONELLA TACOS 2 KG.,DISTRIBUIDORES,RESTO DISTRIBUIDORES,"000038-LÁCTEOS MENDI, S.L.",114.0,180.0,300.0,180.0,240.0,600.0,660.0,840.0,840.0,900.0,1020.0,1320.0,1080.0,900.0,240.0,660.0,480.0,540.0,540.0,620.1,972.0,1620.0,972.0,1296.0,3240.0,3564.0,4536.0,4536.0,4860.0,5508.0,7128.0,5382.0,4410.0,1176.0,3234.0,2352.0,2646.0,2646.0
9068.0,MOZZARELLA INDUSTRIAL ANTONELLA TACOS 2 KG.,DISTRIBUIDORES,RESTO DISTRIBUIDORES,000639-LA AJOFRINERA GUERRERO S.L.,0.0,0.0,0.0,0.0,0.0,0.0,0.0,0.0,0.0,0.0,0.0,0.0,0.0,0.0,0.0,0.0,0.0,0.0,0.0,0.0,0.0,0.0,0.0,0.0,0.0,0.0,0.0,0.0,0.0,0.0,0.0,0.0,0.0,0.0,0.0,0.0,0.0,0.0
9068.0,MOZZARELLA INDUSTRIAL ANTONELLA TACOS 2 KG.,DISTRIBUIDORES,RESTO DISTRIBUIDORES,"000643-ORTHIDAL, S.L.",720.0,390.0,744.0,900.0,300.0,180.0,2400.0,0.0,120.0,240.0,1320.0,660.0,720.0,660.0,2340.0,0.0,0.0,840.0,1440.0,3871.62,2092.49,4016.03,4860.0,1620.0,921.05,12960.0,0.0,648.0,1296.0,7128.0,3564.0,3648.0,3321.54,11778.17,0.0,0.0,4232.18,7267.27
9068.0,MOZZARELLA INDUSTRIAL ANTONELLA TACOS 2 KG.,DISTRIBUIDORES,RESTO DISTRIBUIDORES,000654-COMERCIAL PINAMAS S.L.,0.0,0.0,0.0,0.0,0.0,252.0,840.0,1020.0,600.0,120.0,354.0,0.0,0.0,0.0,180.0,0.0,0.0,0.0,0.0,0.0,0.0,0.0,0.0,0.0,1360.8,4536.0,5508.0,3240.0,648.0,1911.6,0.0,0.0,0.0,882.0,0.0,0.0,0.0,0.0
9068.0,MOZZARELLA INDUSTRIAL ANTONELLA TACOS 2 KG.,DISTRIBUIDORES,RESTO DISTRIBUIDORES,"000675-CORPORACIÓN LÁCTEA DEL NORTE, S.L.",72.0,150.0,120.0,120.0,72.0,192.0,240.0,120.0,240.0,120.0,180.0,60.0,0.0,132.0,300.0,0.0,120.0,240.0,180.0,370.08,793.5,634.8,634.8,361.08,1015.68,1269.6,634.8,1269.6,634.8,952.2,317.4,0.0,668.28,1437.0,0.0,574.8,1149.6,862.2
9068.0,MOZZARELLA INDUSTRIAL ANTONELLA TACOS 2 KG.,DISTRIBUIDORES,RESTO DISTRIBUIDORES,000711-DISTRIBUCIONES J.M. S.A.,180.0,90.0,240.0,300.0,60.0,240.0,120.0,240.0,120.0,120.0,120.0,270.0,120.0,240.0,240.0,180.0,180.0,120.0,120.0,972.0,486.0,1296.0,1620.0,324.0,1296.0,648.0,1296.0,648.0,648.0,648.0,1458.0,588.0,1176.0,1176.0,882.0,882.0,588.0,588.0
9068.0,MOZZARELLA INDUSTRIAL ANTONELLA TACOS 2 KG.,DISTRIBUIDORES,RESTO DISTRIBUIDORES,000728-SAN LAMBERTO 2000 SL,540.0,360.0,300.0,420.0,720.0,660.0,282.0,576.0,792.0,900.0,600.0,900.0,660.0,510.0,708.0,720.0,360.0,1200.0,960.0,2943.0,1962.0,1635.0,2289.0,3924.0,3597.0,1536.9,3139.2,4316.4,4905.0,3270.0,4905.0,3059.9,2524.5,3504.6,3564.0,1782.0,5940.0,4752.0
9068.0,MOZZARELLA INDUSTRIAL ANTONELLA TACOS 2 KG.,DISTRIBUIDORES,RESTO DISTRIBUIDORES,000776-COMERCIAL DIALVA S.A.,360.0,0.0,204.0,120.0,60.0,300.0,120.0,240.0,180.0,120.0,120.0,180.0,120.0,60.0,228.0,120.0,180.0,240.0,180.0,1944.0,0.0,1101.6,648.0,324.0,1620.0,648.0,1296.0,972.0,648.0,648.0,972.0,588.0,294.0,1117.2,588.0,882.0,1176.0,882.0
9068.0,MOZZARELLA INDUSTRIAL ANTONELLA TACOS 2 KG.,DISTRIBUIDORES,RESTO DISTRIBUIDORES,000789-PALENZUELA DISTRIBUCION 1970 S.L.,126.0,252.0,228.0,300.0,180.0,312.0,408.0,270.0,432.0,48.0,324.0,306.0,372.0,180.0,420.0,300.0,300.0,240.0,300.0,742.14,1484.28,1342.92,1767.0,1060.2,1837.68,2403.12,1590.3,2544.48,282.72,1908.36,1802.34,2077.08,970.2,2263.8,1617.0,1617.0,1293.6,1617.0
9068.0,MOZZARELLA INDUSTRIAL ANTONELLA TACOS 2 KG.,DISTRIBUIDORES,RESTO DISTRIBUIDORES,000790-PALENZUELA LOGISTICA S.L.,24.0,174.0,180.0,354.0,132.0,222.0,240.0,360.0,312.0,132.0,168.0,72.0,210.0,180.0,240.0,120.0,120.0,120.0,360.0,141.36,1024.86,1060.2,2085.06,777.48,1307.58,1413.6,2120.4,1837.68,777.48,989.52,424.08,1173.9,970.2,1293.6,646.8,646.8,646.8,1940.4
9068.0,MOZZARELLA INDUSTRIAL ANTONELLA TACOS 2 KG.,DISTRIBUIDORES,RESTO DISTRIBUIDORES,"000836-DISTRIBUCIONES SERVERA, S.A.",0.0,0.0,0.0,0.0,0.0,0.0,0.0,0.0,0.0,0.0,0.0,0.0,0.0,0.0,0.0,0.0,0.0,0.0,0.0,0.0,0.0,0.0,0.0,0.0,0.0,0.0,0.0,0.0,0.0,0.0,0.0,0.0,0.0,0.0,0.0,0.0,0.0,0.0
9068.0,MOZZARELLA INDUSTRIAL ANTONELLA TACOS 2 KG.,DISTRIBUIDORES,RESTO DISTRIBUIDORES,"000855-CASA BASTIDA, S.L. ( BLOQ )",0.0,0.0,24.0,0.0,0.0,90.0,0.0,0.0,0.0,0.0,0.0,0.0,0.0,0.0,0.0,0.0,0.0,0.0,0.0,0.0,0.0,129.6,0.0,0.0,486.0,0.0,0.0,0.0,0.0,0.0,0.0,0.0,0.0,0.0,0.0,0.0,0.0,0.0
9068.0,MOZZARELLA INDUSTRIAL ANTONELLA TACOS 2 KG.,DISTRIBUIDORES,RESTO DISTRIBUIDORES,"000858-COVADUL FAST FOOD, S.L.",0.0,60.0,48.0,168.0,0.0,12.0,36.0,0.0,0.0,0.0,0.0,0.0,0.0,0.0,0.0,0.0,0.0,0.0,0.0,0.0,324.0,259.2,907.2,0.0,64.8,194.4,0.0,0.0,0.0,0.0,0.0,0.0,0.0,0.0,0.0,0.0,0.0,0.0
9068.0,MOZZARELLA INDUSTRIAL ANTONELLA TACOS 2 KG.,DISTRIBUIDORES,RESTO DISTRIBUIDORES,"000864-RISCALES ALIMENTACIÓN, S.L.",12.0,12.0,12.0,30.0,24.0,36.0,12.0,60.0,0.0,0.0,0.0,0.0,0.0,0.0,0.0,0.0,0.0,0.0,0.0,70.68,70.68,70.68,176.7,141.36,212.04,70.68,353.4,0.0,0.0,0.0,0.0,0.0,0.0,0.0,0.0,0.0,0.0,0.0
9068.0,MOZZARELLA INDUSTRIAL ANTONELLA TACOS 2 KG.,DISTRIBUIDORES,RESTO DISTRIBUIDORES,000870-COMERCIAL LEÓN ZARAGOZA S.L.,0.0,0.0,6.0,36.0,24.0,66.0,24.0,0.0,42.0,0.0,0.0,0.0,0.0,0.0,0.0,0.0,0.0,0.0,0.0,0.0,0.0,33.0,198.0,132.0,363.0,132.0,0.0,231.0,0.0,0.0,0.0,0.0,0.0,0.0,0.0,0.0,0.0,0.0
9068.0,MOZZARELLA INDUSTRIAL ANTONELLA TACOS 2 KG.,DISTRIBUIDORES,RESTO DISTRIBUIDORES,000950-GRUP ALIMENTARI DISTECO S.A,0.0,0.0,0.0,0.0,0.0,0.0,0.0,0.0,0.0,0.0,0.0,0.0,0.0,132.0,0.0,0.0,0.0,0.0,0.0,0.0,0.0,0.0,0.0,0.0,0.0,0.0,0.0,0.0,0.0,0.0,0.0,0.0,646.8,0.0,0.0,0.0,0.0,0.0
9068.0,MOZZARELLA INDUSTRIAL ANTONELLA TACOS 2 KG.,DISTRIBUIDORES,RESTO DISTRIBUIDORES,000957-VASCOFRIGO S.L.,0.0,0.0,0.0,0.0,0.0,0.0,0.0,0.0,0.0,0.0,0.0,0.0,0.0,0.0,0.0,0.0,0.0,120.0,0.0,0.0,0.0,0.0,0.0,0.0,0.0,0.0,0.0,0.0,0.0,0.0,0.0,0.0,0.0,0.0,0.0,0.0,624.0,0.0
9068.0,MOZZARELLA INDUSTRIAL ANTONELLA TACOS 2 KG.,INDUSTRIALES & FOOD SERVICE,RESTO INDUSTRIALES & FOODSERVICE,"000753-PIZZERÍA TOTÓ VITORIA, S.C. (BLOQ.)",372.0,336.0,426.0,396.0,384.0,144.0,0.0,0.0,0.0,0.0,0.0,0.0,0.0,0.0,0.0,0.0,0.0,0.0,0.0,2176.2,1965.6,2492.1,2316.6,2246.4,842.4,0.0,0.0,0.0,0.0,0.0,0.0,0.0,0.0,0.0,0.0,0.0,0.0,0.0
9068.0,MOZZARELLA INDUSTRIAL ANTONELLA TACOS 2 KG.,INDUSTRIALES & FOOD SERVICE,RESTO INDUSTRIALES & FOODSERVICE,000809-CHAVINADOR S.L.,1200.0,600.0,780.0,1020.0,960.0,1200.0,1500.0,1620.0,1500.0,300.0,594.0,570.0,600.0,240.0,2400.0,480.0,420.0,960.0,1854.0,6480.0,3240.0,4212.0,5508.0,5184.0,6480.0,8100.0,8748.0,8100.0,1620.0,3207.6,3078.0,3090.0,1176.0,11760.0,2352.0,2058.0,4704.0,9084.6
9068.0,MOZZARELLA INDUSTRIAL ANTONELLA TACOS 2 KG.,INDUSTRIALES & FOOD SERVICE,RESTO INDUSTRIALES & FOODSERVICE,000813-TERESA DERMIT BEASCOECHEA (BLOQ.),228.0,192.0,300.0,132.0,0.0,0.0,0.0,0.0,0.0,0.0,0.0,0.0,0.0,0.0,0.0,0.0,0.0,0.0,0.0,1140.0,960.0,1500.0,660.0,0.0,0.0,0.0,0.0,0.0,0.0,0.0,0.0,0.0,0.0,0.0,0.0,0.0,0.0,0.0
9068.0,MOZZARELLA INDUSTRIAL ANTONELLA TACOS 2 KG.,INDUSTRIALES & FOOD SERVICE,RESTO INDUSTRIALES & FOODSERVICE,000869-LA PILA FOOD S.A.,1920.0,5760.0,6720.0,6240.0,10080.0,3840.0,5280.0,3840.0,2400.0,3360.0,3360.0,3840.0,2880.0,3360.0,2880.0,3840.0,3840.0,3840.0,3840.0,9504.0,28512.0,33264.0,30888.0,49896.0,19008.0,26822.4,19507.2,12192.0,15960.0,15960.0,18240.0,13104.0,15288.0,13104.0,17472.0,17472.0,17472.0,17472.0
9069.0,"MOZZARELLA INDUSTRIAL ANTONELLA TIRAS 1,5 KG.",DISTRIBUIDORES,PROVISIONES SUROESTE,"000879-PROVISIONES SUROESTE, S.L.",1296.0,1152.0,1584.0,888.0,1296.0,72.0,216.0,648.0,72.0,144.0,144.0,216.0,0.0,432.0,324.0,720.0,0.0,1008.0,576.0,7063.2,6278.4,8632.8,4839.6,7063.2,392.4,1177.2,3531.6,392.4,784.8,784.8,1177.2,0.0,2095.2,1571.4,3492.0,0.0,4888.8,2793.6
9069.0,"MOZZARELLA INDUSTRIAL ANTONELLA TIRAS 1,5 KG.",DISTRIBUIDORES,RESTO DISTRIBUIDORES,"000643-ORTHIDAL, S.L.",3468.0,1140.0,1992.0,2400.0,936.0,1512.0,2664.0,4200.0,864.0,1656.0,1080.0,2664.0,1296.0,1368.0,3096.0,720.0,1008.0,1944.0,2376.0,18825.79,6213.0,10852.84,13024.43,5101.2,8240.4,14518.8,22890.0,4708.8,9025.2,5886.0,14518.8,6631.2,6974.56,15754.31,3672.0,5140.8,9890.61,12109.0
9069.0,"MOZZARELLA INDUSTRIAL ANTONELLA TIRAS 1,5 KG.",DISTRIBUIDORES,RESTO DISTRIBUIDORES,000651-COMERGRAN S.L.,720.0,420.0,360.0,360.0,240.0,360.0,360.0,360.0,480.0,420.0,300.0,480.0,360.0,360.0,540.0,240.0,432.0,576.0,360.0,3924.0,2289.0,1962.0,1962.0,1308.0,1962.0,1962.0,1962.0,2616.0,2289.0,1635.0,2616.0,1746.0,1746.0,2619.0,1164.0,2095.2,2793.6,1746.0
9069.0,"MOZZARELLA INDUSTRIAL ANTONELLA TIRAS 1,5 KG.",DISTRIBUIDORES,RESTO DISTRIBUIDORES,"000675-CORPORACIÓN LÁCTEA DEL NORTE, S.L.",0.0,72.0,72.0,72.0,72.0,288.0,696.0,432.0,180.0,0.0,108.0,120.0,72.0,36.0,216.0,216.0,72.0,360.0,504.0,0.0,391.68,391.68,391.68,380.88,1566.72,3786.24,2350.08,979.2,0.0,587.52,652.8,391.68,177.84,1067.04,1067.04,355.68,1778.4,2489.76
9069.0,"MOZZARELLA INDUSTRIAL ANTONELLA TIRAS 1,5 KG.",DISTRIBUIDORES,RESTO DISTRIBUIDORES,000711-DISTRIBUCIONES J.M. S.A.,360.0,600.0,480.0,480.0,360.0,480.0,420.0,480.0,840.0,360.0,360.0,420.0,540.0,240.0,600.0,144.0,288.0,360.0,144.0,1962.0,3270.0,2616.0,2616.0,1962.0,2616.0,2289.0,2616.0,4578.0,1962.0,1962.0,2289.0,2733.0,1188.0,2970.0,712.8,1425.6,1782.0,712.8
9069.0,"MOZZARELLA INDUSTRIAL ANTONELLA TIRAS 1,5 KG.",DISTRIBUIDORES,RESTO DISTRIBUIDORES,"000734-UDIAL, S.A. (BLOQ.)",0.0,0.0,0.0,0.0,0.0,0.0,0.0,0.0,0.0,0.0,0.0,0.0,0.0,0.0,0.0,0.0,0.0,0.0,0.0,0.0,0.0,0.0,0.0,0.0,0.0,0.0,0.0,0.0,0.0,0.0,0.0,0.0,0.0,0.0,0.0,0.0,0.0,0.0
9069.0,"MOZZARELLA INDUSTRIAL ANTONELLA TIRAS 1,5 KG.",DISTRIBUIDORES,RESTO DISTRIBUIDORES,000776-COMERCIAL DIALVA S.A.,480.0,216.0,360.0,216.0,432.0,360.0,360.0,504.0,288.0,216.0,288.0,576.0,432.0,288.0,288.0,360.0,288.0,504.0,360.0,2616.0,1177.2,1962.0,1177.2,2354.4,1962.0,1962.0,2746.8,1569.6,1177.2,1569.6,3139.2,2282.4,1425.6,1425.6,1782.0,1425.6,2494.8,1782.0
9069.0,"MOZZARELLA INDUSTRIAL ANTONELLA TIRAS 1,5 KG.",DISTRIBUIDORES,RESTO DISTRIBUIDORES,000789-PALENZUELA DISTRIBUCION 1970 S.L.,492.0,96.0,432.0,420.0,672.0,528.0,744.0,816.0,359.0,96.0,132.0,144.0,144.0,96.0,504.0,216.0,504.0,840.0,216.0,2922.48,570.24,2566.08,2494.8,3991.68,3136.32,4419.36,4847.04,1886.25,356.4,784.08,855.36,783.36,522.24,2741.76,1175.04,2741.76,4569.6,1175.04
9069.0,"MOZZARELLA INDUSTRIAL ANTONELLA TIRAS 1,5 KG.",DISTRIBUIDORES,RESTO DISTRIBUIDORES,000790-PALENZUELA LOGISTICA S.L.,0.0,-96.0,0.0,0.0,0.0,0.0,0.0,0.0,0.0,0.0,0.0,0.0,0.0,0.0,0.0,0.0,0.0,0.0,0.0,0.0,-570.24,0.0,0.0,0.0,0.0,0.0,0.0,0.0,0.0,0.0,0.0,0.0,0.0,0.0,0.0,0.0,0.0,0.0
9069.0,"MOZZARELLA INDUSTRIAL ANTONELLA TIRAS 1,5 KG.",DISTRIBUIDORES,RESTO DISTRIBUIDORES,000815-GLAC S.A.,240.0,72.0,180.0,660.0,300.0,1020.0,756.0,1284.0,108.0,312.0,0.0,0.0,180.0,0.0,0.0,0.0,0.0,0.0,0.0,1425.6,427.68,1039.8,3597.0,1635.0,5559.0,4120.2,6997.8,588.6,1700.4,0.0,0.0,981.0,0.0,0.0,0.0,0.0,0.0,0.0
9069.0,"MOZZARELLA INDUSTRIAL ANTONELLA TIRAS 1,5 KG.",DISTRIBUIDORES,RESTO DISTRIBUIDORES,000816-CARLAFEX S.L.,0.0,0.0,0.0,120.0,360.0,0.0,0.0,0.0,0.0,0.0,0.0,0.0,0.0,0.0,0.0,0.0,0.0,0.0,0.0,0.0,0.0,0.0,654.0,1962.0,0.0,0.0,0.0,0.0,0.0,0.0,0.0,0.0,0.0,0.0,0.0,0.0,0.0,0.0
9069.0,"MOZZARELLA INDUSTRIAL ANTONELLA TIRAS 1,5 KG.",DISTRIBUIDORES,RESTO DISTRIBUIDORES,000821-A.BASARRATE S.A.,240.0,264.0,228.0,264.0,264.0,324.0,276.0,180.0,408.0,180.0,204.0,372.0,228.0,108.0,408.0,144.0,216.0,216.0,288.0,1308.0,1438.8,1242.6,1438.8,1438.8,1765.8,1504.2,981.0,2223.6,981.0,1111.8,2027.4,1242.6,588.6,2223.6,784.8,1177.2,1177.2,1569.6
9069.0,"MOZZARELLA INDUSTRIAL ANTONELLA TIRAS 1,5 KG.",DISTRIBUIDORES,RESTO DISTRIBUIDORES,"000822-JASLA HOSTELERIA, S.L. (BLOQ.)",0.0,0.0,0.0,0.0,0.0,0.0,0.0,0.0,0.0,0.0,0.0,0.0,0.0,0.0,0.0,0.0,0.0,0.0,0.0,0.0,0.0,0.0,0.0,0.0,0.0,0.0,0.0,0.0,0.0,0.0,0.0,0.0,0.0,0.0,0.0,0.0,0.0,0.0
9069.0,"MOZZARELLA INDUSTRIAL ANTONELLA TIRAS 1,5 KG.",DISTRIBUIDORES,RESTO DISTRIBUIDORES,"000836-DISTRIBUCIONES SERVERA, S.A.",0.0,0.0,0.0,0.0,0.0,0.0,0.0,0.0,0.0,0.0,0.0,0.0,0.0,0.0,0.0,0.0,0.0,0.0,0.0,0.0,0.0,0.0,0.0,0.0,0.0,0.0,0.0,0.0,0.0,0.0,0.0,0.0,0.0,0.0,0.0,0.0,0.0,0.0
9069.0,"MOZZARELLA INDUSTRIAL ANTONELLA TIRAS 1,5 KG.",DISTRIBUIDORES,RESTO DISTRIBUIDORES,"000855-CASA BASTIDA, S.L. ( BLOQ )",0.0,0.0,12.0,0.0,0.0,0.0,0.0,0.0,0.0,0.0,0.0,0.0,0.0,0.0,0.0,0.0,0.0,0.0,0.0,0.0,0.0,65.4,0.0,0.0,0.0,0.0,0.0,0.0,0.0,0.0,0.0,0.0,0.0,0.0,0.0,0.0,0.0,0.0
9069.0,"MOZZARELLA INDUSTRIAL ANTONELLA TIRAS 1,5 KG.",DISTRIBUIDORES,RESTO DISTRIBUIDORES,"000858-COVADUL FAST FOOD, S.L.",168.0,144.0,408.0,264.0,492.0,708.0,408.0,228.0,372.0,264.0,312.0,144.0,192.0,312.0,432.0,144.0,360.0,504.0,360.0,915.6,784.8,2223.6,1438.8,2681.4,3858.6,2223.6,1242.6,2027.4,1438.8,1700.4,784.8,974.4,1544.4,2138.4,712.8,1782.0,2494.8,1782.0
9069.0,"MOZZARELLA INDUSTRIAL ANTONELLA TIRAS 1,5 KG.",DISTRIBUIDORES,RESTO DISTRIBUIDORES,"000864-RISCALES ALIMENTACIÓN, S.L.",108.0,60.0,36.0,108.0,96.0,24.0,132.0,144.0,72.0,84.0,60.0,120.0,108.0,60.0,216.0,72.0,72.0,72.0,0.0,641.52,356.4,213.84,641.52,570.24,142.56,784.08,855.36,427.68,498.96,356.4,665.76,546.6,297.0,1069.2,356.4,356.4,356.4,0.0
9069.0,"MOZZARELLA INDUSTRIAL ANTONELLA TIRAS 1,5 KG.",DISTRIBUIDORES,RESTO DISTRIBUIDORES,"000865-DISALCON95, S.L.",144.0,0.0,0.0,72.0,132.0,60.0,0.0,72.0,12.0,12.0,48.0,12.0,60.0,0.0,72.0,72.0,0.0,144.0,0.0,855.36,0.0,0.0,427.68,784.08,356.4,0.0,427.68,71.28,71.28,285.12,71.28,326.4,0.0,391.68,391.68,0.0,783.36,0.0
9069.0,"MOZZARELLA INDUSTRIAL ANTONELLA TIRAS 1,5 KG.",DISTRIBUIDORES,RESTO DISTRIBUIDORES,"000946-LLUIS CANADELL, S.L.U.",0.0,0.0,0.0,0.0,0.0,0.0,0.0,0.0,0.0,0.0,0.0,0.0,0.0,0.0,12.0,0.0,0.0,0.0,0.0,0.0,0.0,0.0,0.0,0.0,0.0,0.0,0.0,0.0,0.0,0.0,0.0,0.0,0.0,59.4,0.0,0.0,0.0,0.0
9069.0,"MOZZARELLA INDUSTRIAL ANTONELLA TIRAS 1,5 KG.",DISTRIBUIDORES,RESTO DISTRIBUIDORES,000950-GRUP ALIMENTARI DISTECO S.A,0.0,0.0,0.0,0.0,0.0,0.0,0.0,0.0,0.0,0.0,0.0,0.0,0.0,96.0,540.0,0.0,288.0,720.0,216.0,0.0,0.0,0.0,0.0,0.0,0.0,0.0,0.0,0.0,0.0,0.0,0.0,0.0,475.2,2673.0,0.0,1425.6,3564.0,1069.2
9069.0,"MOZZARELLA INDUSTRIAL ANTONELLA TIRAS 1,5 KG.",DISTRIBUIDORES,RESTO DISTRIBUIDORES,000987-LPA ALIMENTACION S.L.,0.0,0.0,0.0,0.0,0.0,0.0,0.0,0.0,0.0,0.0,0.0,0.0,0.0,0.0,0.0,0.0,0.0,648.0,792.0,0.0,0.0,0.0,0.0,0.0,0.0,0.0,0.0,0.0,0.0,0.0,0.0,0.0,0.0,0.0,0.0,0.0,3207.6,3920.4
9069.0,"MOZZARELLA INDUSTRIAL ANTONELLA TIRAS 1,5 KG.",EXPORT,RESTO EXPORT,111112-CLIENTES EXPORTACION (PRESUPESTO),0.0,0.0,0.0,0.0,0.0,0.0,0.0,0.0,0.0,0.0,0.0,0.0,0.0,0.0,0.0,0.0,0.0,0.0,0.0,0.0,0.0,0.0,0.0,0.0,0.0,0.0,0.0,0.0,0.0,0.0,0.0,0.0,0.0,0.0,0.0,0.0,0.0,0.0
9069.0,"MOZZARELLA INDUSTRIAL ANTONELLA TIRAS 1,5 KG.",INDUSTRIALES & FOOD SERVICE,INTERPROVEEDORES,"000073-FREIGEL FOODSOLUTIONS, S.A.",4020.0,4896.0,4452.0,8016.0,3300.0,5016.0,6012.0,3000.0,9024.0,2508.0,0.0,0.0,0.0,4500.0,2400.0,8508.0,6012.0,2004.0,5004.0,22110.0,26928.0,24486.0,44088.0,18150.0,27588.0,33066.0,16500.0,49632.0,11662.2,0.0,0.0,0.0,20925.0,11160.0,39562.2,27955.8,9318.6,23268.6
9069.0,"MOZZARELLA INDUSTRIAL ANTONELLA TIRAS 1,5 KG.",INDUSTRIALES & FOOD SERVICE,INTERPROVEEDORES,000152-AUDENS FOOD S.A.,1296.0,864.0,432.0,1296.0,0.0,864.0,432.0,0.0,432.0,864.0,1044.0,432.0,864.0,1296.0,0.0,0.0,864.0,648.0,0.0,7128.0,4752.0,2376.0,7128.0,0.0,4752.0,2376.0,0.0,2376.0,4017.6,4854.6,2008.8,4017.6,6026.4,0.0,0.0,4017.6,3013.2,0.0
9069.0,"MOZZARELLA INDUSTRIAL ANTONELLA TIRAS 1,5 KG.",INDUSTRIALES & FOOD SERVICE,RESTO INDUSTRIALES & FOODSERVICE,"000497-CONWAY-THE CONVENIENCE COMPANY, S.A.",48.0,64.5,72.0,36.0,108.0,36.0,72.0,72.0,36.0,72.0,36.0,72.0,72.0,36.0,72.0,108.0,120.0,180.0,120.0,189.6,254.75,284.4,196.2,588.6,196.2,392.4,392.4,196.2,392.4,196.2,392.4,392.4,196.2,392.4,588.6,654.0,981.0,654.0
9069.0,"MOZZARELLA INDUSTRIAL ANTONELLA TIRAS 1,5 KG.",INDUSTRIALES & FOOD SERVICE,RESTO INDUSTRIALES & FOODSERVICE,000782-MANOLO GARCÍA EMBUTIDO CALIDAD S.L.,0.0,0.0,0.0,0.0,0.0,0.0,0.0,0.0,0.0,0.0,0.0,0.0,0.0,0.0,0.0,0.0,0.0,0.0,0.0,0.0,0.0,0.0,0.0,0.0,0.0,0.0,0.0,0.0,0.0,0.0,0.0,0.0,0.0,0.0,0.0,0.0,0.0,0.0
9069.0,"MOZZARELLA INDUSTRIAL ANTONELLA TIRAS 1,5 KG.",INDUSTRIALES & FOOD SERVICE,RESTO INDUSTRIALES & FOODSERVICE,"000897-CLAVO FOOD FACTORY, S.A.",0.0,0.0,0.0,96.0,0.0,0.0,0.0,0.0,0.0,0.0,0.0,0.0,0.0,0.0,0.0,0.0,0.0,0.0,0.0,0.0,0.0,0.0,576.0,0.0,0.0,0.0,0.0,0.0,0.0,0.0,0.0,0.0,0.0,0.0,0.0,0.0,0.0,0.0
9069.0,"MOZZARELLA INDUSTRIAL ANTONELLA TIRAS 1,5 KG.",INDUSTRIALES & FOOD SERVICE,RESTO INDUSTRIALES & FOODSERVICE,"000967-ARTESANO FOOD PROCESSING, S.L.",0.0,0.0,0.0,0.0,0.0,0.0,0.0,0.0,0.0,0.0,0.0,0.0,0.0,0.0,0.0,0.0,0.0,432.0,0.0,0.0,0.0,0.0,0.0,0.0,0.0,0.0,0.0,0.0,0.0,0.0,0.0,0.0,0.0,0.0,0.0,0.0,2350.08,0.0
9069.0,"MOZZARELLA INDUSTRIAL ANTONELLA TIRAS 1,5 KG.",RETAIL,OTROS RETAILERS,"000569-COSTCO WHOLESALE SPAIN,  S.L.U (1200003713)",0.0,0.0,0.0,0.0,0.0,0.0,0.0,0.0,0.0,0.0,0.0,864.0,0.0,0.0,0.0,0.0,0.0,0.0,0.0,0.0,0.0,0.0,0.0,0.0,0.0,0.0,0.0,0.0,0.0,0.0,4708.8,0.0,0.0,0.0,0.0,0.0,0.0,0.0
9080.0,LONCHAS MOZZARELLA HACENDADO 200 G.,MERCADONA,IRMADONA,"000525-IRMÃDONA SUPERMERCADOS, UNIPESSOAL, LDA",2745.6,4243.2,4742.4,4492.8,499.2,0.0,0.0,0.0,0.0,0.0,0.0,0.0,0.0,0.0,0.0,0.0,0.0,0.0,0.0,16418.71,25374.36,28041.3,26911.87,3037.63,0.0,0.0,0.0,0.0,0.0,0.0,0.0,0.0,0.0,0.0,0.0,0.0,0.0,0.0
9080.0,LONCHAS MOZZARELLA HACENDADO 200 G.,MERCADONA,MERCADONA,"000128-MERCADONA, S.A.",94598.4,88358.4,91603.2,98325.6,6240.0,0.0,0.0,0.0,0.0,0.0,0.0,0.0,0.0,0.0,0.0,0.0,0.0,0.0,0.0,565698.88,528383.65,547787.59,597851.24,38500.79,0.0,0.0,0.0,0.0,0.0,0.0,0.0,0.0,0.0,0.0,0.0,0.0,0.0,0.0
9087.0,"CREMA DE QUESO 1,5 KG.",DISTRIBUIDORES,PROVISIONES SUROESTE,"000879-PROVISIONES SUROESTE, S.L.",660.0,360.0,780.0,966.0,714.0,171.0,285.0,399.0,285.0,285.0,633.0,648.0,261.0,261.0,759.0,249.0,402.0,453.0,420.0,2805.0,1530.0,3315.0,4105.5,3034.5,726.75,1211.25,1695.75,1211.25,1211.25,2690.25,2754.0,1109.25,1109.25,3225.75,1058.25,1708.5,1925.25,1785.0
9087.0,"CREMA DE QUESO 1,5 KG.",DISTRIBUIDORES,RESTO DISTRIBUIDORES,"000038-LÁCTEOS MENDI, S.L.",30.0,60.0,87.0,93.0,108.0,114.0,12.0,36.0,72.0,96.0,72.0,72.0,36.0,36.0,78.0,48.0,36.0,57.0,57.0,133.8,267.6,388.02,414.78,470.52,473.1,49.8,149.4,298.8,398.4,298.8,298.8,149.4,149.4,323.7,199.2,149.4,236.55,236.55
9087.0,"CREMA DE QUESO 1,5 KG.",DISTRIBUIDORES,RESTO DISTRIBUIDORES,000589-CONVENIENCE FOOD S.L.U.,9.0,6.0,48.0,135.0,135.0,141.0,0.0,0.0,18.0,9.0,15.0,15.0,6.0,27.0,9.0,15.0,120.0,0.0,15.0,37.98,25.32,202.56,569.7,569.7,595.02,0.0,0.0,75.96,37.98,63.3,63.3,25.32,113.94,37.98,63.3,506.4,0.0,63.3
9087.0,"CREMA DE QUESO 1,5 KG.",DISTRIBUIDORES,RESTO DISTRIBUIDORES,000651-COMERGRAN S.L.,21.0,39.0,147.0,120.0,0.0,30.0,15.0,24.0,48.0,27.0,15.0,90.0,30.0,63.0,60.0,60.0,87.0,57.0,57.0,93.45,168.15,624.75,510.0,0.0,127.5,63.75,102.0,204.0,114.75,63.75,382.5,127.5,267.75,255.0,255.0,369.75,242.25,242.25
9087.0,"CREMA DE QUESO 1,5 KG.",DISTRIBUIDORES,RESTO DISTRIBUIDORES,000654-COMERCIAL PINAMAS S.L.,0.0,0.0,0.0,0.0,0.0,0.0,0.0,0.0,0.0,0.0,0.0,0.0,0.0,0.0,0.0,0.0,0.0,0.0,0.0,0.0,0.0,0.0,0.0,0.0,0.0,0.0,0.0,0.0,0.0,0.0,0.0,0.0,0.0,0.0,0.0,0.0,0.0,0.0
9087.0,"CREMA DE QUESO 1,5 KG.",DISTRIBUIDORES,RESTO DISTRIBUIDORES,000655-EXCLUSIVAS OMEÑACA SL,60.0,144.0,150.0,240.0,90.0,195.0,156.0,270.0,147.0,180.0,114.0,276.0,0.0,192.0,171.0,171.0,114.0,171.0,57.0,298.2,715.68,745.5,1192.8,447.3,969.15,775.32,1326.99,730.59,894.6,566.58,1371.72,0.0,954.24,849.87,849.87,566.58,849.87,283.29
9087.0,"CREMA DE QUESO 1,5 KG.",DISTRIBUIDORES,RESTO DISTRIBUIDORES,"000675-CORPORACIÓN LÁCTEA DEL NORTE, S.L.",180.0,150.0,270.0,390.0,270.0,150.0,270.0,150.0,270.0,300.0,120.0,360.0,120.0,210.0,270.0,150.0,270.0,330.0,180.0,730.8,609.0,1096.2,1583.4,1096.2,609.0,1096.2,609.0,1096.2,1218.0,487.2,1461.6,487.2,852.6,1096.2,609.0,1096.2,1339.8,730.8
9087.0,"CREMA DE QUESO 1,5 KG.",DISTRIBUIDORES,RESTO DISTRIBUIDORES,000676-EXCLUSIVAS ALIMENTARIAS 1998 S.L. (BLOQ.),60.0,0.0,60.0,30.0,75.0,105.0,15.0,30.0,60.0,30.0,45.0,45.0,30.0,0.0,0.0,0.0,0.0,0.0,0.0,294.0,0.0,267.6,133.8,334.5,468.3,66.9,133.8,267.6,143.1,214.65,214.65,143.1,0.0,0.0,0.0,0.0,0.0,0.0
9087.0,"CREMA DE QUESO 1,5 KG.",DISTRIBUIDORES,RESTO DISTRIBUIDORES,"000709-DISTRIBUCIONES MONTEVERDE, S.L.U. ( BLOQ)",6.0,0.0,6.0,0.0,9.0,6.0,60.0,0.0,0.0,0.0,0.0,0.0,0.0,0.0,0.0,0.0,0.0,0.0,0.0,27.6,0.0,27.6,0.0,41.4,27.6,138.0,0.0,0.0,0.0,0.0,0.0,0.0,0.0,0.0,0.0,0.0,0.0,0.0
9087.0,"CREMA DE QUESO 1,5 KG.",DISTRIBUIDORES,RESTO DISTRIBUIDORES,000711-DISTRIBUCIONES J.M. S.A.,30.0,105.0,120.0,150.0,120.0,96.0,135.0,30.0,150.0,135.0,120.0,180.0,120.0,90.0,165.0,114.0,84.0,114.0,57.0,124.5,435.75,498.0,622.5,498.0,398.4,560.25,124.5,622.5,560.25,498.0,747.0,498.0,373.5,684.75,473.1,348.6,473.1,236.55
9087.0,"CREMA DE QUESO 1,5 KG.",DISTRIBUIDORES,RESTO DISTRIBUIDORES,000725-DISTRIBUCIONES MORERA 2020 S.L.,0.0,30.0,30.0,0.0,0.0,0.0,0.0,0.0,0.0,0.0,0.0,0.0,0.0,0.0,0.0,0.0,0.0,0.0,0.0,0.0,133.8,133.8,0.0,0.0,0.0,0.0,0.0,0.0,0.0,0.0,0.0,0.0,0.0,0.0,0.0,0.0,0.0,0.0
9087.0,"CREMA DE QUESO 1,5 KG.",DISTRIBUIDORES,RESTO DISTRIBUIDORES,000728-SAN LAMBERTO 2000 SL,81.0,66.0,114.0,42.0,24.0,147.0,54.0,87.0,138.0,0.0,138.0,144.0,90.0,60.0,138.0,156.0,114.0,228.0,114.0,360.45,293.7,507.3,186.9,106.8,654.15,240.3,387.15,614.1,0.0,614.1,640.8,400.5,267.0,614.1,694.2,507.3,1014.6,507.3
9087.0,"CREMA DE QUESO 1,5 KG.",DISTRIBUIDORES,RESTO DISTRIBUIDORES,000751-PLACOR 2006 S.L.,0.0,15.0,0.0,30.0,15.0,6.0,9.0,12.0,24.0,30.0,0.0,51.0,0.0,0.0,0.0,0.0,0.0,0.0,0.0,0.0,69.7,0.0,139.4,69.7,27.88,41.82,55.76,111.52,139.4,0.0,236.98,0.0,0.0,0.0,0.0,0.0,0.0,0.0
9087.0,"CREMA DE QUESO 1,5 KG.",DISTRIBUIDORES,RESTO DISTRIBUIDORES,000759-LOGI REST S.L.U.,855.0,1539.0,861.0,1596.0,1197.0,1140.0,969.0,570.0,1596.0,1596.0,2052.0,1197.0,1596.0,1653.0,1773.0,2409.0,1881.0,1923.0,1425.0,3152.1,6079.05,3400.95,6304.2,4728.15,4503.0,3827.55,2026.35,6703.2,6703.2,8618.4,5027.4,6703.2,6942.6,7446.6,10117.8,7900.2,8076.6,5985.0
9087.0,"CREMA DE QUESO 1,5 KG.",DISTRIBUIDORES,RESTO DISTRIBUIDORES,"000763-BENIBALDO, S.A.U. (BLOQ.)",0.0,0.0,0.0,39.0,18.0,45.0,84.0,57.0,99.0,9.0,36.0,78.0,27.0,0.0,0.0,0.0,0.0,0.0,0.0,0.0,0.0,0.0,173.94,80.28,200.7,374.64,254.22,441.54,40.14,160.56,347.88,120.42,0.0,0.0,0.0,0.0,0.0,0.0
9087.0,"CREMA DE QUESO 1,5 KG.",DISTRIBUIDORES,RESTO DISTRIBUIDORES,"000773-DISTRIBUIDORA HOSTELERIA ALAN TRES, S.L. ( BLOQ)",30.0,30.0,30.0,0.0,75.0,75.0,0.0,0.0,0.0,0.0,0.0,0.0,0.0,0.0,0.0,0.0,0.0,0.0,0.0,137.1,137.1,137.1,0.0,342.75,342.75,0.0,0.0,0.0,0.0,0.0,0.0,0.0,0.0,0.0,0.0,0.0,0.0,0.0
9087.0,"CREMA DE QUESO 1,5 KG.",DISTRIBUIDORES,RESTO DISTRIBUIDORES,000778-FUENTES SERVICIO Y DISTRIBUCIÓN S.L.,90.0,210.0,30.0,180.0,234.0,75.0,120.0,0.0,180.0,120.0,120.0,330.0,0.0,0.0,171.0,114.0,114.0,57.0,0.0,405.0,945.0,135.0,810.0,1053.0,337.5,540.0,0.0,810.0,540.0,540.0,1485.0,0.0,0.0,769.5,513.0,513.0,256.5,0.0
9087.0,"CREMA DE QUESO 1,5 KG.",DISTRIBUIDORES,RESTO DISTRIBUIDORES,000789-PALENZUELA DISTRIBUCION 1970 S.L.,72.0,240.0,42.0,165.0,345.0,225.0,0.0,60.0,159.0,255.0,1005.0,570.0,450.0,171.0,798.0,285.0,399.0,570.0,333.0,329.04,1096.8,191.94,754.05,1576.65,1028.25,0.0,274.2,726.63,1165.35,4371.75,2479.5,1957.5,743.85,3471.3,1239.75,1735.65,2479.5,1448.55
9087.0,"CREMA DE QUESO 1,5 KG.",DISTRIBUIDORES,RESTO DISTRIBUIDORES,000790-PALENZUELA LOGISTICA S.L.,21.0,21.0,48.0,39.0,12.0,51.0,6.0,18.0,48.0,18.0,24.0,3.0,30.0,0.0,0.0,0.0,0.0,0.0,0.0,95.97,95.97,219.36,178.23,54.84,233.07,27.42,82.26,219.36,82.26,109.68,13.71,137.1,0.0,0.0,0.0,0.0,0.0,0.0
9087.0,"CREMA DE QUESO 1,5 KG.",DISTRIBUIDORES,RESTO DISTRIBUIDORES,000791-CAZALEN S.L. (BLOQ.),12.0,27.0,36.0,3.0,0.0,0.0,0.0,0.0,0.0,0.0,0.0,0.0,0.0,0.0,0.0,0.0,0.0,0.0,0.0,54.0,121.5,162.0,13.5,0.0,0.0,0.0,0.0,0.0,0.0,0.0,0.0,0.0,0.0,0.0,0.0,0.0,0.0,0.0
9087.0,"CREMA DE QUESO 1,5 KG.",DISTRIBUIDORES,RESTO DISTRIBUIDORES,000815-GLAC S.A.,0.0,0.0,45.0,0.0,0.0,0.0,0.0,0.0,0.0,0.0,0.0,0.0,0.0,0.0,0.0,0.0,0.0,0.0,0.0,0.0,0.0,200.7,0.0,0.0,0.0,0.0,0.0,0.0,0.0,0.0,0.0,0.0,0.0,0.0,0.0,0.0,0.0,0.0
9087.0,"CREMA DE QUESO 1,5 KG.",DISTRIBUIDORES,RESTO DISTRIBUIDORES,000821-A.BASARRATE S.A.,12.0,21.0,18.0,15.0,12.0,18.0,9.0,0.0,21.0,6.0,3.0,9.0,9.0,6.0,21.0,0.0,27.0,27.0,9.0,53.52,93.66,80.28,66.9,53.52,80.28,40.14,0.0,93.66,26.76,13.38,40.14,40.14,26.76,93.66,0.0,120.42,120.42,40.14
9087.0,"CREMA DE QUESO 1,5 KG.",DISTRIBUIDORES,RESTO DISTRIBUIDORES,"000836-DISTRIBUCIONES SERVERA, S.A.",24.0,12.0,216.0,210.0,90.0,60.0,216.0,150.0,102.0,39.0,12.0,24.0,15.0,12.0,54.0,75.0,90.0,114.0,114.0,99.6,49.8,896.4,871.5,373.5,249.0,896.4,622.5,423.3,161.85,49.8,99.6,62.25,49.8,224.1,311.25,373.5,473.1,473.1
9087.0,"CREMA DE QUESO 1,5 KG.",DISTRIBUIDORES,RESTO DISTRIBUIDORES,"000854-EL CONCHEL D´GUSTO, S.L.U. (BLOQ.)",42.0,36.0,42.0,0.0,0.0,0.0,0.0,0.0,0.0,0.0,0.0,0.0,0.0,0.0,0.0,0.0,0.0,0.0,0.0,187.32,160.56,187.32,0.0,0.0,0.0,0.0,0.0,0.0,0.0,0.0,0.0,0.0,0.0,0.0,0.0,0.0,0.0,0.0
9087.0,"CREMA DE QUESO 1,5 KG.",DISTRIBUIDORES,RESTO DISTRIBUIDORES,"000855-CASA BASTIDA, S.L. ( BLOQ )",0.0,0.0,3.0,12.0,0.0,3.0,0.0,0.0,0.0,0.0,0.0,0.0,0.0,0.0,0.0,0.0,0.0,0.0,0.0,0.0,0.0,12.45,49.8,0.0,12.45,0.0,0.0,0.0,0.0,0.0,0.0,0.0,0.0,0.0,0.0,0.0,0.0,0.0
9087.0,"CREMA DE QUESO 1,5 KG.",DISTRIBUIDORES,RESTO DISTRIBUIDORES,"000858-COVADUL FAST FOOD, S.L.",51.0,0.0,144.0,102.0,36.0,33.0,24.0,0.0,24.0,36.0,21.0,42.0,0.0,12.0,0.0,0.0,0.0,0.0,0.0,211.65,0.0,597.6,423.3,149.4,136.95,99.6,0.0,99.6,149.4,87.15,174.3,0.0,49.8,0.0,0.0,0.0,0.0,0.0
9087.0,"CREMA DE QUESO 1,5 KG.",DISTRIBUIDORES,RESTO DISTRIBUIDORES,"000864-RISCALES ALIMENTACIÓN, S.L.",0.0,0.0,0.0,0.0,0.0,0.0,0.0,3.0,3.0,3.0,0.0,9.0,3.0,27.0,15.0,39.0,0.0,0.0,0.0,0.0,0.0,0.0,0.0,0.0,0.0,0.0,13.38,13.38,13.38,0.0,38.28,12.45,112.05,62.25,161.85,0.0,0.0,0.0
9087.0,"CREMA DE QUESO 1,5 KG.",DISTRIBUIDORES,RESTO DISTRIBUIDORES,"000865-DISALCON95, S.L.",0.0,0.0,0.0,0.0,0.0,0.0,0.0,0.0,0.0,0.0,0.0,0.0,0.0,0.0,0.0,0.0,0.0,0.0,0.0,0.0,0.0,0.0,0.0,0.0,0.0,0.0,0.0,0.0,0.0,0.0,0.0,0.0,0.0,0.0,0.0,0.0,0.0,0.0
9087.0,"CREMA DE QUESO 1,5 KG.",DISTRIBUIDORES,RESTO DISTRIBUIDORES,"000868-CODILEX ALIMENTACIÓN TRADICIONAL, S.L.",63.0,150.0,60.0,120.0,75.0,120.0,240.0,180.0,135.0,87.0,108.0,135.0,48.0,57.0,114.0,171.0,0.0,171.0,114.0,280.98,648.93,254.22,535.2,334.5,535.2,1070.4,602.1,602.1,388.02,481.68,602.1,214.08,254.22,508.44,762.66,0.0,762.66,508.44
9087.0,"CREMA DE QUESO 1,5 KG.",DISTRIBUIDORES,RESTO DISTRIBUIDORES,"000890-OCEANÍA FOOD SELECTION, S.L. ( bloq)",0.0,24.0,60.0,30.0,0.0,0.0,0.0,0.0,0.0,0.0,0.0,0.0,0.0,0.0,0.0,0.0,0.0,0.0,0.0,0.0,107.04,267.6,133.8,0.0,0.0,0.0,0.0,0.0,0.0,0.0,0.0,0.0,0.0,0.0,0.0,0.0,0.0,0.0
9087.0,"CREMA DE QUESO 1,5 KG.",DISTRIBUIDORES,RESTO DISTRIBUIDORES,"000914-HIJOS DE EUSEBIO CARRERAS, S.L. (BLOQ.)",3.0,24.0,0.0,0.0,0.0,0.0,0.0,0.0,0.0,0.0,0.0,0.0,0.0,0.0,0.0,0.0,0.0,0.0,0.0,12.78,102.24,0.0,0.0,0.0,0.0,0.0,0.0,0.0,0.0,0.0,0.0,0.0,0.0,0.0,0.0,0.0,0.0,0.0
9087.0,"CREMA DE QUESO 1,5 KG.",DISTRIBUIDORES,RESTO DISTRIBUIDORES,000916-SERVICHEF GASTRONOMÍA S.L.,0.0,15.0,45.0,0.0,0.0,0.0,0.0,0.0,0.0,0.0,0.0,0.0,0.0,0.0,90.0,0.0,0.0,30.0,0.0,0.0,66.9,200.7,0.0,0.0,0.0,0.0,0.0,0.0,0.0,0.0,0.0,0.0,0.0,373.5,0.0,0.0,124.5,0.0
9087.0,"CREMA DE QUESO 1,5 KG.",DISTRIBUIDORES,RESTO DISTRIBUIDORES,"000922-GRUPO EMPRESARIAL SOS, S.L.",0.0,0.0,9.0,0.0,30.0,30.0,0.0,24.0,0.0,12.0,42.0,0.0,0.0,0.0,0.0,57.0,0.0,57.0,57.0,0.0,0.0,41.04,0.0,136.8,136.8,0.0,109.44,0.0,54.72,191.52,0.0,0.0,0.0,0.0,259.92,0.0,259.92,259.92
9087.0,"CREMA DE QUESO 1,5 KG.",DISTRIBUIDORES,RESTO DISTRIBUIDORES,000928-SECUNDINO DOCAMPO S.L.,0.0,0.0,0.0,0.0,15.0,0.0,0.0,0.0,0.0,0.0,0.0,0.0,0.0,0.0,0.0,0.0,0.0,0.0,0.0,0.0,0.0,0.0,0.0,66.9,0.0,0.0,0.0,0.0,0.0,0.0,0.0,0.0,0.0,0.0,0.0,0.0,0.0,0.0
9087.0,"CREMA DE QUESO 1,5 KG.",DISTRIBUIDORES,RESTO DISTRIBUIDORES,"000946-LLUIS CANADELL, S.L.U.",0.0,0.0,0.0,0.0,0.0,0.0,0.0,0.0,0.0,0.0,0.0,0.0,0.0,0.0,15.0,15.0,0.0,0.0,0.0,0.0,0.0,0.0,0.0,0.0,0.0,0.0,0.0,0.0,0.0,0.0,0.0,0.0,0.0,71.56,71.56,0.0,0.0,0.0
9087.0,"CREMA DE QUESO 1,5 KG.",DISTRIBUIDORES,RESTO DISTRIBUIDORES,000950-GRUP ALIMENTARI DISTECO S.A,0.0,0.0,0.0,0.0,0.0,0.0,0.0,0.0,0.0,0.0,36.0,75.0,60.0,45.0,51.0,21.0,87.0,57.0,24.0,0.0,0.0,0.0,0.0,0.0,0.0,0.0,0.0,0.0,0.0,149.4,311.25,249.0,186.75,211.65,87.15,361.05,236.55,99.6
9087.0,"CREMA DE QUESO 1,5 KG.",DISTRIBUIDORES,RESTO DISTRIBUIDORES,000987-LPA ALIMENTACION S.L.,0.0,0.0,0.0,0.0,0.0,0.0,0.0,0.0,0.0,0.0,0.0,0.0,0.0,0.0,0.0,0.0,0.0,120.0,45.0,0.0,0.0,0.0,0.0,0.0,0.0,0.0,0.0,0.0,0.0,0.0,0.0,0.0,0.0,0.0,0.0,0.0,498.0,186.75
9087.0,"CREMA DE QUESO 1,5 KG.",EXPORT,RESTO EXPORT,"000810-OSFAMA - DISTRIBUICAO, IMPORTACAO E EXPORTACAO",0.0,0.0,0.0,0.0,0.0,0.0,0.0,0.0,0.0,0.0,0.0,0.0,0.0,0.0,0.0,0.0,0.0,0.0,0.0,0.0,0.0,0.0,0.0,0.0,0.0,0.0,0.0,0.0,0.0,0.0,0.0,0.0,0.0,0.0,0.0,0.0,0.0,0.0
9087.0,"CREMA DE QUESO 1,5 KG.",INDUSTRIALES & FOOD SERVICE,RESTO INDUSTRIALES & FOODSERVICE,000610-CORIGA BAKERY GROUP S.L.,0.0,0.0,0.0,0.0,0.0,0.0,0.0,0.0,0.0,0.0,0.0,0.0,0.0,0.0,0.0,0.0,0.0,0.0,0.0,0.0,0.0,0.0,0.0,0.0,0.0,0.0,0.0,0.0,0.0,0.0,0.0,0.0,0.0,0.0,0.0,0.0,0.0,0.0
9087.0,"CREMA DE QUESO 1,5 KG.",INDUSTRIALES & FOOD SERVICE,RESTO INDUSTRIALES & FOODSERVICE,"000612-BIDFOOD SPAIN, S.L.U.",228.0,222.0,342.0,228.0,558.0,228.0,228.0,447.0,342.0,456.0,342.0,450.0,369.0,228.0,684.0,228.0,558.0,456.0,456.0,957.6,932.4,1436.4,957.6,2343.6,957.6,957.6,1877.4,1436.4,1915.2,1436.4,1890.0,1549.8,957.6,2872.8,957.6,2343.6,1915.2,1915.2
9087.0,"CREMA DE QUESO 1,5 KG.",INDUSTRIALES & FOOD SERVICE,RESTO INDUSTRIALES & FOODSERVICE,000727-ORTEGA 1939 S.L.,0.0,0.0,0.0,0.0,0.0,0.0,0.0,0.0,0.0,0.0,0.0,0.0,0.0,0.0,0.0,0.0,0.0,0.0,0.0,0.0,0.0,0.0,0.0,0.0,0.0,0.0,0.0,0.0,0.0,0.0,0.0,0.0,0.0,0.0,0.0,0.0,0.0,0.0
9087.0,"CREMA DE QUESO 1,5 KG.",INDUSTRIALES & FOOD SERVICE,RESTO INDUSTRIALES & FOODSERVICE,"000828-QUE S LIDER, S.L.",114.0,171.0,114.0,169.5,114.0,285.0,171.0,249.0,168.0,144.0,0.0,0.0,0.0,0.0,0.0,0.0,0.0,0.0,0.0,473.1,709.65,473.1,703.42,473.1,1182.75,709.65,1033.35,697.2,597.6,0.0,0.0,0.0,0.0,0.0,0.0,0.0,0.0,0.0
9087.0,"CREMA DE QUESO 1,5 KG.",INDUSTRIALES & FOOD SERVICE,RESTO INDUSTRIALES & FOODSERVICE,"000933-2010 FORMULAS Y RECETAS, S.L.",0.0,0.0,0.0,0.0,342.0,0.0,0.0,342.0,0.0,0.0,0.0,0.0,0.0,0.0,0.0,0.0,0.0,0.0,0.0,0.0,0.0,0.0,0.0,1525.32,0.0,0.0,1525.32,0.0,0.0,0.0,0.0,0.0,0.0,0.0,0.0,0.0,0.0,0.0
9087.0,"CREMA DE QUESO 1,5 KG.",INDUSTRIALES & FOOD SERVICE,RESTO INDUSTRIALES & FOODSERVICE,"000971-CHARLY Y LA FÁBRICA DE EMPANADAS, S.L.",0.0,0.0,0.0,0.0,0.0,0.0,0.0,0.0,0.0,0.0,0.0,0.0,0.0,0.0,0.0,57.0,0.0,0.0,0.0,0.0,0.0,0.0,0.0,0.0,0.0,0.0,0.0,0.0,0.0,0.0,0.0,0.0,0.0,0.0,271.89,0.0,0.0,0.0
9087.0,"CREMA DE QUESO 1,5 KG.",RETAIL,IFA,000823-HIPER USERA S.L.,285.0,399.0,651.0,0.0,924.0,456.0,456.0,456.0,627.0,741.0,627.0,684.0,570.0,513.0,741.0,570.0,684.0,684.0,456.0,1254.0,1755.6,2864.4,0.0,4065.6,2006.4,2006.4,2006.4,2758.8,3260.4,2758.8,3009.6,2508.0,2257.2,3260.4,2508.0,3009.6,3009.6,2006.4
9089.0,MOZZARELLA LAFUENTE TACOS 2 KG. PARA CONGELAR,DISTRIBUIDORES,RESTO DISTRIBUIDORES,000843-OLIVERFOOD EXPORT IMPORT S.L.,2880.0,4800.0,0.0,0.0,8640.0,0.0,0.0,5760.0,3840.0,2880.0,0.0,0.0,0.0,0.0,0.0,0.0,0.0,0.0,0.0,18172.8,30288.0,0.0,0.0,54518.4,0.0,0.0,36345.6,24230.4,18172.8,0.0,0.0,0.0,0.0,0.0,0.0,0.0,0.0,0.0
9094.0,"QUESO CHEDDAR ROJO RALLADO 1,5 KG.",DISTRIBUIDORES,PROVISIONES SUROESTE,"000879-PROVISIONES SUROESTE, S.L.",0.0,720.0,504.0,504.0,648.0,504.0,576.0,720.0,360.0,792.0,360.0,72.0,576.0,648.0,1152.0,648.0,432.0,792.0,576.0,0.0,5328.0,3729.6,3830.4,4924.8,3830.4,4377.6,5472.0,2736.0,6019.2,2736.0,547.2,4204.8,4665.6,8294.4,4665.6,3110.4,5702.4,4147.2
9094.0,"QUESO CHEDDAR ROJO RALLADO 1,5 KG.",DISTRIBUIDORES,RESTO DISTRIBUIDORES,000639-LA AJOFRINERA GUERRERO S.L.,48.0,0.0,168.0,0.0,0.0,0.0,0.0,0.0,120.0,0.0,0.0,0.0,120.0,0.0,0.0,0.0,0.0,144.0,0.0,412.8,0.0,1444.8,0.0,0.0,0.0,0.0,0.0,1056.0,0.0,0.0,0.0,1020.0,0.0,0.0,0.0,0.0,1224.0,0.0
9094.0,"QUESO CHEDDAR ROJO RALLADO 1,5 KG.",DISTRIBUIDORES,RESTO DISTRIBUIDORES,"000643-ORTHIDAL, S.L.",12.0,0.0,12.0,0.0,24.0,0.0,0.0,0.0,0.0,0.0,0.0,0.0,0.0,0.0,0.0,0.0,0.0,0.0,0.0,93.6,0.0,93.6,0.0,192.0,0.0,0.0,0.0,0.0,0.0,0.0,0.0,0.0,0.0,0.0,0.0,0.0,0.0,0.0
9094.0,"QUESO CHEDDAR ROJO RALLADO 1,5 KG.",DISTRIBUIDORES,RESTO DISTRIBUIDORES,000651-COMERGRAN S.L.,72.0,0.0,48.0,24.0,48.0,24.0,24.0,48.0,24.0,48.0,24.0,60.0,24.0,24.0,72.0,60.0,0.0,72.0,0.0,583.2,0.0,355.2,182.4,364.8,182.4,182.4,364.8,182.4,364.8,182.4,456.0,172.8,172.8,518.4,432.0,0.0,518.4,0.0
9094.0,"QUESO CHEDDAR ROJO RALLADO 1,5 KG.",DISTRIBUIDORES,RESTO DISTRIBUIDORES,000679-SPANISH CHEESE S.L.U.,0.0,0.0,0.0,0.0,0.0,0.0,0.0,0.0,0.0,0.0,0.0,0.0,0.0,0.0,0.0,0.0,0.0,240.0,0.0,0.0,0.0,0.0,0.0,0.0,0.0,0.0,0.0,0.0,0.0,0.0,0.0,0.0,0.0,0.0,0.0,0.0,1735.44,0.0
9094.0,"QUESO CHEDDAR ROJO RALLADO 1,5 KG.",DISTRIBUIDORES,RESTO DISTRIBUIDORES,000776-COMERCIAL DIALVA S.A.,48.0,24.0,72.0,72.0,0.0,72.0,24.0,96.0,96.0,0.0,0.0,72.0,60.0,144.0,144.0,72.0,0.0,144.0,72.0,374.4,187.2,561.6,576.0,0.0,576.0,192.0,768.0,768.0,0.0,0.0,576.0,462.0,1108.8,1108.8,554.4,0.0,1108.8,554.4
9094.0,"QUESO CHEDDAR ROJO RALLADO 1,5 KG.",DISTRIBUIDORES,RESTO DISTRIBUIDORES,000789-PALENZUELA DISTRIBUCION 1970 S.L.,36.0,36.0,0.0,0.0,0.0,0.0,0.0,0.0,0.0,0.0,0.0,0.0,0.0,0.0,0.0,0.0,0.0,0.0,0.0,291.24,291.24,0.0,0.0,0.0,0.0,0.0,0.0,0.0,0.0,0.0,0.0,0.0,0.0,0.0,0.0,0.0,0.0,0.0
9094.0,"QUESO CHEDDAR ROJO RALLADO 1,5 KG.",DISTRIBUIDORES,RESTO DISTRIBUIDORES,000790-PALENZUELA LOGISTICA S.L.,12.0,24.0,0.0,0.0,0.0,108.0,0.0,0.0,24.0,72.0,60.0,0.0,0.0,0.0,0.0,0.0,0.0,0.0,0.0,97.08,194.16,0.0,0.0,0.0,895.32,0.0,0.0,198.96,596.88,497.4,0.0,0.0,0.0,0.0,0.0,0.0,0.0,0.0
9094.0,"QUESO CHEDDAR ROJO RALLADO 1,5 KG.",DISTRIBUIDORES,RESTO DISTRIBUIDORES,"000806-CUSTODIO MARTÍN LÓPEZ, S.L.",0.0,12.0,0.0,12.0,24.0,0.0,24.0,12.0,0.0,12.0,0.0,12.0,12.0,0.0,0.0,0.0,0.0,0.0,0.0,0.0,97.8,0.0,100.2,200.4,0.0,200.4,100.2,0.0,100.2,0.0,100.2,96.6,0.0,0.0,0.0,0.0,0.0,0.0
9094.0,"QUESO CHEDDAR ROJO RALLADO 1,5 KG.",DISTRIBUIDORES,RESTO DISTRIBUIDORES,"000836-DISTRIBUCIONES SERVERA, S.A.",12.0,0.0,24.0,60.0,48.0,108.0,24.0,72.0,0.0,24.0,0.0,0.0,0.0,12.0,60.0,24.0,36.0,0.0,0.0,93.6,0.0,187.2,480.0,384.0,864.0,192.0,576.0,0.0,192.0,0.0,0.0,0.0,92.4,462.0,184.8,277.2,0.0,0.0
9094.0,"QUESO CHEDDAR ROJO RALLADO 1,5 KG.",DISTRIBUIDORES,RESTO DISTRIBUIDORES,"000840-JULIÁN MAIRAL, S.L.U. ( BLOQ)",0.0,0.0,0.0,0.0,0.0,0.0,0.0,0.0,0.0,0.0,0.0,0.0,0.0,0.0,0.0,0.0,0.0,0.0,0.0,0.0,0.0,0.0,0.0,0.0,0.0,0.0,0.0,0.0,0.0,0.0,0.0,0.0,0.0,0.0,0.0,0.0,0.0,0.0
9094.0,"QUESO CHEDDAR ROJO RALLADO 1,5 KG.",DISTRIBUIDORES,RESTO DISTRIBUIDORES,"000868-CODILEX ALIMENTACIÓN TRADICIONAL, S.L.",12.0,0.0,12.0,0.0,12.0,12.0,24.0,0.0,24.0,48.0,0.0,0.0,0.0,0.0,0.0,0.0,0.0,0.0,0.0,97.08,0.0,97.08,0.0,99.48,99.48,198.96,0.0,198.96,397.92,0.0,0.0,0.0,0.0,0.0,0.0,0.0,0.0,0.0
9094.0,"QUESO CHEDDAR ROJO RALLADO 1,5 KG.",DISTRIBUIDORES,RESTO DISTRIBUIDORES,"000946-LLUIS CANADELL, S.L.U.",0.0,0.0,0.0,0.0,0.0,0.0,0.0,0.0,0.0,0.0,0.0,0.0,0.0,0.0,72.0,0.0,0.0,0.0,0.0,0.0,0.0,0.0,0.0,0.0,0.0,0.0,0.0,0.0,0.0,0.0,0.0,0.0,0.0,554.4,0.0,0.0,0.0,0.0
9094.0,"QUESO CHEDDAR ROJO RALLADO 1,5 KG.",DISTRIBUIDORES,RESTO DISTRIBUIDORES,000950-GRUP ALIMENTARI DISTECO S.A,0.0,0.0,0.0,0.0,0.0,0.0,0.0,0.0,0.0,0.0,24.0,36.0,60.0,12.0,36.0,0.0,0.0,144.0,0.0,0.0,0.0,0.0,0.0,0.0,0.0,0.0,0.0,0.0,0.0,192.0,288.0,472.8,92.4,277.2,0.0,0.0,1108.8,0.0
9094.0,"QUESO CHEDDAR ROJO RALLADO 1,5 KG.",INDUSTRIALES & FOOD SERVICE,INTERPROVEEDORES,000443-FRESCOS Y  ELABORADOS DELISANO  S.A.U.,12.0,0.0,0.0,0.0,0.0,0.0,0.0,0.0,0.0,0.0,0.0,0.0,0.0,0.0,0.0,0.0,0.0,0.0,0.0,46.44,0.0,0.0,0.0,0.0,0.0,0.0,0.0,0.0,0.0,0.0,0.0,0.0,0.0,0.0,0.0,0.0,0.0,0.0
9094.0,"QUESO CHEDDAR ROJO RALLADO 1,5 KG.",INDUSTRIALES & FOOD SERVICE,RESTO INDUSTRIALES & FOODSERVICE,000629-MALVON FACTORY S.L.,636.0,0.0,0.0,0.0,0.0,0.0,0.0,0.0,0.0,0.0,0.0,0.0,0.0,0.0,0.0,0.0,0.0,0.0,0.0,4496.52,0.0,0.0,0.0,0.0,0.0,0.0,0.0,0.0,0.0,0.0,0.0,0.0,0.0,0.0,0.0,0.0,0.0,0.0
9094.0,"QUESO CHEDDAR ROJO RALLADO 1,5 KG.",RETAIL,EUROMADI,"000931-TRANSGOURMET IBÉRICA, SAU",0.0,0.0,0.0,0.0,0.0,0.0,0.0,0.0,0.0,0.0,0.0,0.0,0.0,0.0,0.0,0.0,1008.0,108.0,288.0,0.0,0.0,0.0,0.0,0.0,0.0,0.0,0.0,0.0,0.0,0.0,0.0,0.0,0.0,0.0,0.0,7660.8,820.8,2188.8
9097.0,LONCHAS CHEDDAR ROJO NATURAL ESCALONADAS 1 KG.,CASH & CARRY,MAKRO,000621-MAKRO DISTRIBUCIÓN MAYORISTA SA,2032.0,5610.0,2028.0,5196.0,4578.0,5136.0,5646.0,6018.0,5016.0,3546.0,3810.0,3864.0,4410.0,5202.0,6456.0,5052.0,4752.0,6516.0,6498.0,9787.05,46619.1,16852.67,43178.76,38043.18,42680.16,46918.26,50009.58,41682.96,28988.67,31661.1,32109.84,36647.1,43228.62,53649.36,41982.12,39489.12,54147.96,53998.38
9097.0,LONCHAS CHEDDAR ROJO NATURAL ESCALONADAS 1 KG.,DISTRIBUIDORES,PROVISIONES SUROESTE,"000879-PROVISIONES SUROESTE, S.L.",36.0,0.0,66.0,0.0,36.0,132.0,0.0,144.0,0.0,216.0,144.0,144.0,0.0,0.0,0.0,0.0,0.0,0.0,0.0,295.2,0.0,541.2,0.0,302.4,1108.8,0.0,1209.6,0.0,1814.4,1209.6,1209.6,0.0,0.0,0.0,0.0,0.0,0.0,0.0
9097.0,LONCHAS CHEDDAR ROJO NATURAL ESCALONADAS 1 KG.,DISTRIBUIDORES,RESTO DISTRIBUIDORES,"000247-FADIS ALIMENTACION, S.L.",0.0,0.0,0.0,0.0,0.0,0.0,0.0,0.0,0.0,0.0,0.0,0.0,0.0,0.0,0.0,0.0,0.0,0.0,0.0,0.0,0.0,0.0,0.0,0.0,0.0,0.0,0.0,0.0,0.0,0.0,0.0,0.0,0.0,0.0,0.0,0.0,0.0,0.0
9097.0,LONCHAS CHEDDAR ROJO NATURAL ESCALONADAS 1 KG.,DISTRIBUIDORES,RESTO DISTRIBUIDORES,"000643-ORTHIDAL, S.L.",108.0,210.0,342.0,162.0,390.0,54.0,650.0,60.0,396.0,228.0,90.0,216.0,192.0,342.0,312.0,300.0,114.0,372.0,288.0,885.6,1722.0,2804.4,1360.8,3275.31,448.32,5460.0,504.0,3326.4,1914.71,756.0,1814.4,1589.4,2851.67,2601.6,2502.0,950.76,3102.48,2401.72
9097.0,LONCHAS CHEDDAR ROJO NATURAL ESCALONADAS 1 KG.,DISTRIBUIDORES,RESTO DISTRIBUIDORES,000651-COMERGRAN S.L.,180.0,60.0,150.0,210.0,90.0,120.0,150.0,120.0,192.0,90.0,180.0,180.0,120.0,60.0,180.0,60.0,96.0,108.0,108.0,1530.0,492.0,1230.0,1764.0,756.0,1008.0,1260.0,1008.0,1612.8,756.0,1512.0,1512.0,948.0,474.0,1422.0,474.0,758.4,853.2,853.2
9097.0,LONCHAS CHEDDAR ROJO NATURAL ESCALONADAS 1 KG.,DISTRIBUIDORES,RESTO DISTRIBUIDORES,000654-COMERCIAL PINAMAS S.L.,192.0,90.0,90.0,144.0,60.0,162.0,216.0,282.0,228.0,48.0,24.0,240.0,210.0,102.0,78.0,108.0,0.0,180.0,144.0,1630.08,764.1,755.61,1251.36,521.4,1407.78,1877.04,2450.58,1981.32,417.12,208.56,2085.6,1761.9,855.78,654.42,906.12,0.0,1510.2,1208.16
9097.0,LONCHAS CHEDDAR ROJO NATURAL ESCALONADAS 1 KG.,DISTRIBUIDORES,RESTO DISTRIBUIDORES,000664-CARLOS ALBERTO LUIS CEJUDO,0.0,1.0,0.0,0.0,0.0,0.0,0.0,0.0,0.0,0.0,0.0,0.0,0.0,0.0,0.0,0.0,0.0,0.0,0.0,0.0,0.0,0.0,0.0,0.0,0.0,0.0,0.0,0.0,0.0,0.0,0.0,0.0,0.0,0.0,0.0,0.0,0.0,0.0
9097.0,LONCHAS CHEDDAR ROJO NATURAL ESCALONADAS 1 KG.,DISTRIBUIDORES,RESTO DISTRIBUIDORES,"000675-CORPORACIÓN LÁCTEA DEL NORTE, S.L.",0.0,0.0,0.0,0.0,0.0,0.0,0.0,0.0,0.0,0.0,0.0,0.0,0.0,0.0,12.0,0.0,0.0,0.0,0.0,0.0,0.0,0.0,0.0,0.0,0.0,0.0,0.0,0.0,0.0,0.0,0.0,0.0,0.0,90.48,0.0,0.0,0.0,0.0
9097.0,LONCHAS CHEDDAR ROJO NATURAL ESCALONADAS 1 KG.,DISTRIBUIDORES,RESTO DISTRIBUIDORES,000676-EXCLUSIVAS ALIMENTARIAS 1998 S.L. (BLOQ.),36.0,30.0,42.0,18.0,30.0,18.0,120.0,0.0,0.0,30.0,42.0,30.0,18.0,0.0,0.0,0.0,0.0,0.0,0.0,327.6,273.0,356.58,156.42,260.7,156.42,1042.8,0.0,0.0,274.5,384.3,274.5,161.1,0.0,0.0,0.0,0.0,0.0,0.0
9097.0,LONCHAS CHEDDAR ROJO NATURAL ESCALONADAS 1 KG.,DISTRIBUIDORES,RESTO DISTRIBUIDORES,"000709-DISTRIBUCIONES MONTEVERDE, S.L.U. ( BLOQ)",6.0,0.0,24.0,6.0,0.0,54.0,18.0,6.0,0.0,0.0,0.0,0.0,0.0,0.0,0.0,0.0,0.0,0.0,0.0,53.1,0.0,212.4,54.3,0.0,488.7,162.9,54.3,0.0,0.0,0.0,0.0,0.0,0.0,0.0,0.0,0.0,0.0,0.0
9097.0,LONCHAS CHEDDAR ROJO NATURAL ESCALONADAS 1 KG.,DISTRIBUIDORES,RESTO DISTRIBUIDORES,"000710-SELECCIO REGISA, S.L.",6.0,6.0,6.0,6.0,12.0,24.0,0.0,24.0,0.0,0.0,0.0,18.0,6.0,6.0,12.0,12.0,36.0,0.0,0.0,51.0,51.0,51.0,52.2,104.4,208.8,0.0,208.8,0.0,0.0,0.0,154.8,50.4,48.6,97.2,97.2,291.6,0.0,0.0
9097.0,LONCHAS CHEDDAR ROJO NATURAL ESCALONADAS 1 KG.,DISTRIBUIDORES,RESTO DISTRIBUIDORES,000728-SAN LAMBERTO 2000 SL,0.0,0.0,0.0,0.0,0.0,0.0,0.0,0.0,0.0,0.0,0.0,0.0,0.0,0.0,0.0,0.0,24.0,0.0,0.0,0.0,0.0,0.0,0.0,0.0,0.0,0.0,0.0,0.0,0.0,0.0,0.0,0.0,0.0,0.0,0.0,194.4,0.0,0.0
9097.0,LONCHAS CHEDDAR ROJO NATURAL ESCALONADAS 1 KG.,DISTRIBUIDORES,RESTO DISTRIBUIDORES,000745-MARIANO HERNANDEZ MARTIN (BLOQ.),0.0,0.0,0.0,0.0,0.0,0.0,0.0,0.0,0.0,0.0,0.0,0.0,0.0,0.0,0.0,0.0,0.0,0.0,0.0,0.0,0.0,0.0,0.0,0.0,0.0,0.0,0.0,0.0,0.0,0.0,0.0,0.0,0.0,0.0,0.0,0.0,0.0,0.0
9097.0,LONCHAS CHEDDAR ROJO NATURAL ESCALONADAS 1 KG.,DISTRIBUIDORES,RESTO DISTRIBUIDORES,"000763-BENIBALDO, S.A.U. (BLOQ.)",0.0,0.0,0.0,12.0,0.0,18.0,12.0,12.0,6.0,0.0,12.0,0.0,0.0,0.0,0.0,0.0,0.0,0.0,0.0,0.0,0.0,0.0,104.28,0.0,156.42,104.28,104.28,52.14,0.0,104.28,0.0,0.0,0.0,0.0,0.0,0.0,0.0,0.0
9097.0,LONCHAS CHEDDAR ROJO NATURAL ESCALONADAS 1 KG.,DISTRIBUIDORES,RESTO DISTRIBUIDORES,000776-COMERCIAL DIALVA S.A.,360.0,120.0,336.0,144.0,504.0,1008.0,720.0,468.0,684.0,612.0,324.0,648.0,504.0,396.0,612.0,432.0,540.0,648.0,252.0,2952.0,984.0,2755.2,1209.6,4233.6,8467.2,6048.0,3931.2,5737.2,5140.8,2721.6,5443.2,4136.4,3207.6,4957.2,3499.2,4374.0,5248.8,2041.2
9097.0,LONCHAS CHEDDAR ROJO NATURAL ESCALONADAS 1 KG.,DISTRIBUIDORES,RESTO DISTRIBUIDORES,000789-PALENZUELA DISTRIBUCION 1970 S.L.,18.0,24.0,24.0,6.0,24.0,42.0,0.0,0.0,6.0,12.0,6.0,0.0,0.0,0.0,0.0,0.0,0.0,0.0,0.0,152.82,203.76,207.36,52.14,208.56,364.98,0.0,0.0,52.14,104.28,52.14,0.0,0.0,0.0,0.0,0.0,0.0,0.0,0.0
9097.0,LONCHAS CHEDDAR ROJO NATURAL ESCALONADAS 1 KG.,DISTRIBUIDORES,RESTO DISTRIBUIDORES,000790-PALENZUELA LOGISTICA S.L.,0.0,0.0,0.0,0.0,0.0,0.0,0.0,0.0,0.0,0.0,0.0,0.0,0.0,0.0,0.0,0.0,0.0,0.0,0.0,0.0,0.0,0.0,0.0,0.0,0.0,0.0,0.0,0.0,0.0,0.0,0.0,0.0,0.0,0.0,0.0,0.0,0.0,0.0
9097.0,LONCHAS CHEDDAR ROJO NATURAL ESCALONADAS 1 KG.,DISTRIBUIDORES,RESTO DISTRIBUIDORES,000821-A.BASARRATE S.A.,0.0,0.0,18.0,0.0,0.0,0.0,0.0,0.0,0.0,0.0,0.0,0.0,0.0,0.0,0.0,0.0,0.0,0.0,0.0,0.0,0.0,152.82,0.0,0.0,0.0,0.0,0.0,0.0,0.0,0.0,0.0,0.0,0.0,0.0,0.0,0.0,0.0,0.0
9097.0,LONCHAS CHEDDAR ROJO NATURAL ESCALONADAS 1 KG.,DISTRIBUIDORES,RESTO DISTRIBUIDORES,"000854-EL CONCHEL D´GUSTO, S.L.U. (BLOQ.)",0.0,6.0,0.0,0.0,0.0,0.0,0.0,0.0,0.0,0.0,0.0,0.0,0.0,0.0,0.0,0.0,0.0,0.0,0.0,0.0,50.94,0.0,0.0,0.0,0.0,0.0,0.0,0.0,0.0,0.0,0.0,0.0,0.0,0.0,0.0,0.0,0.0,0.0
9097.0,LONCHAS CHEDDAR ROJO NATURAL ESCALONADAS 1 KG.,DISTRIBUIDORES,RESTO DISTRIBUIDORES,"000858-COVADUL FAST FOOD, S.L.",0.0,0.0,0.0,48.0,0.0,0.0,0.0,48.0,18.0,0.0,0.0,0.0,0.0,36.0,0.0,0.0,0.0,0.0,0.0,0.0,0.0,0.0,403.2,0.0,0.0,0.0,403.2,151.2,0.0,0.0,0.0,0.0,291.6,0.0,0.0,0.0,0.0,0.0
9097.0,LONCHAS CHEDDAR ROJO NATURAL ESCALONADAS 1 KG.,DISTRIBUIDORES,RESTO DISTRIBUIDORES,"000890-OCEANÍA FOOD SELECTION, S.L. ( bloq)",-1.0,120.0,108.0,120.0,0.0,0.0,0.0,0.0,0.0,0.0,0.0,0.0,0.0,0.0,0.0,0.0,0.0,0.0,0.0,-8.49,967.02,885.6,1008.0,0.0,0.0,0.0,0.0,0.0,0.0,0.0,0.0,0.0,0.0,0.0,0.0,0.0,0.0,0.0
9097.0,LONCHAS CHEDDAR ROJO NATURAL ESCALONADAS 1 KG.,DISTRIBUIDORES,RESTO DISTRIBUIDORES,000916-SERVICHEF GASTRONOMÍA S.L.,0.0,90.0,90.0,108.0,0.0,180.0,222.0,240.0,120.0,0.0,90.0,240.0,0.0,0.0,360.0,180.0,324.0,72.0,324.0,0.0,764.1,764.1,938.52,0.0,1564.2,1929.18,2085.6,1042.8,0.0,782.1,2085.6,0.0,0.0,3020.4,1510.2,2718.36,604.08,2718.36
9097.0,LONCHAS CHEDDAR ROJO NATURAL ESCALONADAS 1 KG.,DISTRIBUIDORES,RESTO DISTRIBUIDORES,000950-GRUP ALIMENTARI DISTECO S.A,0.0,0.0,0.0,0.0,0.0,0.0,0.0,0.0,0.0,0.0,360.0,600.0,1050.0,540.0,1008.0,1188.0,756.0,1152.0,1116.0,0.0,0.0,0.0,0.0,0.0,0.0,0.0,0.0,0.0,0.0,3024.0,5040.0,8604.0,4374.0,8164.8,9622.8,6123.6,9331.2,9039.6
9097.0,LONCHAS CHEDDAR ROJO NATURAL ESCALONADAS 1 KG.,INDUSTRIALES & FOOD SERVICE,INTERPROVEEDORES,000614-CATER-LINE S.L. (BLOQ.),0.0,0.0,0.0,0.0,0.0,0.0,324.0,0.0,144.0,0.0,0.0,0.0,0.0,0.0,0.0,0.0,0.0,0.0,0.0,0.0,0.0,0.0,0.0,0.0,0.0,2543.4,0.0,1130.4,0.0,0.0,0.0,0.0,0.0,0.0,0.0,0.0,0.0,0.0
9097.0,LONCHAS CHEDDAR ROJO NATURAL ESCALONADAS 1 KG.,INDUSTRIALES & FOOD SERVICE,RESTO INDUSTRIALES & FOODSERVICE,000782-MANOLO GARCÍA EMBUTIDO CALIDAD S.L.,0.0,0.0,0.0,0.0,0.0,0.0,0.0,0.0,0.0,0.0,0.0,0.0,0.0,0.0,0.0,0.0,0.0,108.0,0.0,0.0,0.0,0.0,0.0,0.0,0.0,0.0,0.0,0.0,0.0,0.0,0.0,0.0,0.0,0.0,0.0,0.0,955.8,0.0
9097.0,LONCHAS CHEDDAR ROJO NATURAL ESCALONADAS 1 KG.,INDUSTRIALES & FOOD SERVICE,RESTO INDUSTRIALES & FOODSERVICE,000988-LA BOCA TE LIA S.L.,0.0,0.0,0.0,0.0,0.0,0.0,0.0,0.0,0.0,0.0,0.0,0.0,0.0,0.0,0.0,0.0,0.0,324.0,324.0,0.0,0.0,0.0,0.0,0.0,0.0,0.0,0.0,0.0,0.0,0.0,0.0,0.0,0.0,0.0,0.0,0.0,2494.8,2494.8
9099.0,"QUESO GOUDA RALLADO 1,5 KG",DISTRIBUIDORES,PROVISIONES SUROESTE,"000879-PROVISIONES SUROESTE, S.L.",72.0,648.0,864.0,1440.0,432.0,144.0,1368.0,1368.0,144.0,576.0,792.0,792.0,1152.0,672.0,1008.0,1008.0,288.0,1152.0,936.0,421.2,3920.4,5227.2,8928.0,2678.4,892.8,8481.6,8481.6,892.8,3571.2,4910.4,4910.4,6796.8,3763.2,5644.8,5644.8,1612.8,6451.2,5241.6
9099.0,"QUESO GOUDA RALLADO 1,5 KG",DISTRIBUIDORES,RESTO DISTRIBUIDORES,000644-COMERCIAL LUIS ROSQUELLAS S.L.,120.0,72.0,192.0,156.0,48.0,168.0,192.0,120.0,0.0,180.0,120.0,264.0,0.0,156.0,96.0,156.0,72.0,144.0,72.0,-3012.89,456.52,1217.39,1012.06,311.4,1089.92,1245.61,778.51,0.0,1167.76,778.52,1712.72,0.0,935.63,575.77,935.63,431.83,863.66,431.83
9099.0,"QUESO GOUDA RALLADO 1,5 KG",DISTRIBUIDORES,RESTO DISTRIBUIDORES,"000646-EL ESPEJO HOSTELERO, S.A.",180.0,144.0,144.0,312.0,216.0,144.0,288.0,0.0,228.0,360.0,216.0,360.0,144.0,324.0,360.0,216.0,288.0,216.0,216.0,1152.0,950.4,950.4,2106.0,1458.0,972.0,1944.0,0.0,1539.0,2430.0,1458.0,2430.0,900.0,2025.0,2250.0,1350.0,1800.0,1350.0,1350.0
9099.0,"QUESO GOUDA RALLADO 1,5 KG",DISTRIBUIDORES,RESTO DISTRIBUIDORES,000651-COMERGRAN S.L.,144.0,180.0,180.0,240.0,60.0,240.0,240.0,120.0,180.0,120.0,120.0,180.0,120.0,180.0,180.0,180.0,72.0,216.0,216.0,856.8,1089.0,1089.0,1488.0,372.0,1488.0,1488.0,744.0,1116.0,744.0,744.0,1116.0,708.0,1008.0,1008.0,1008.0,403.2,1209.6,1209.6
9099.0,"QUESO GOUDA RALLADO 1,5 KG",DISTRIBUIDORES,RESTO DISTRIBUIDORES,"000675-CORPORACIÓN LÁCTEA DEL NORTE, S.L.",0.0,0.0,12.0,0.0,0.0,12.0,24.0,48.0,0.0,0.0,24.0,0.0,0.0,0.0,0.0,0.0,0.0,0.0,12.0,0.0,0.0,68.28,0.0,0.0,68.28,136.56,273.12,0.0,0.0,136.56,0.0,0.0,0.0,0.0,0.0,0.0,0.0,62.28
9099.0,"QUESO GOUDA RALLADO 1,5 KG",DISTRIBUIDORES,RESTO DISTRIBUIDORES,000679-SPANISH CHEESE S.L.U.,0.0,0.0,0.0,0.0,0.0,0.0,0.0,0.0,0.0,0.0,0.0,0.0,0.0,0.0,0.0,0.0,0.0,240.0,0.0,0.0,0.0,0.0,0.0,0.0,0.0,0.0,0.0,0.0,0.0,0.0,0.0,0.0,0.0,0.0,0.0,0.0,1261.2,0.0
9099.0,"QUESO GOUDA RALLADO 1,5 KG",DISTRIBUIDORES,RESTO DISTRIBUIDORES,000711-DISTRIBUCIONES J.M. S.A.,300.0,120.0,204.0,360.0,180.0,240.0,276.0,360.0,240.0,240.0,240.0,420.0,180.0,360.0,300.0,360.0,216.0,288.0,360.0,1755.0,726.0,1234.2,2232.0,1116.0,1488.0,1711.2,2232.0,1488.0,1488.0,1488.0,2604.0,1026.0,2052.0,1710.0,2052.0,1231.2,1641.6,2052.0
9099.0,"QUESO GOUDA RALLADO 1,5 KG",DISTRIBUIDORES,RESTO DISTRIBUIDORES,000789-PALENZUELA DISTRIBUCION 1970 S.L.,252.0,264.0,300.0,300.0,408.0,240.0,420.0,216.0,204.0,120.0,240.0,408.0,240.0,192.0,288.0,144.0,360.0,72.0,216.0,1571.28,1673.76,1938.0,1947.0,2647.92,1557.6,2725.8,1401.84,1323.96,778.8,1557.6,2647.92,1449.6,1150.08,1725.12,862.56,2156.4,431.28,1293.84
9099.0,"QUESO GOUDA RALLADO 1,5 KG",DISTRIBUIDORES,RESTO DISTRIBUIDORES,000790-PALENZUELA LOGISTICA S.L.,72.0,120.0,108.0,132.0,72.0,300.0,0.0,24.0,120.0,96.0,108.0,72.0,144.0,0.0,144.0,0.0,72.0,72.0,144.0,442.08,760.8,684.72,856.68,467.28,1947.0,0.0,155.76,778.8,623.04,700.92,467.28,910.56,0.0,862.56,0.0,431.28,431.28,862.56
9099.0,"QUESO GOUDA RALLADO 1,5 KG",DISTRIBUIDORES,RESTO DISTRIBUIDORES,"000858-COVADUL FAST FOOD, S.L.",36.0,0.0,0.0,0.0,0.0,0.0,0.0,0.0,0.0,0.0,0.0,0.0,0.0,0.0,0.0,0.0,0.0,0.0,0.0,217.8,0.0,0.0,0.0,0.0,0.0,0.0,0.0,0.0,0.0,0.0,0.0,0.0,0.0,0.0,0.0,0.0,0.0,0.0
9099.0,"QUESO GOUDA RALLADO 1,5 KG",DISTRIBUIDORES,RESTO DISTRIBUIDORES,"000868-CODILEX ALIMENTACIÓN TRADICIONAL, S.L.",36.0,0.0,36.0,108.0,24.0,72.0,96.0,36.0,48.0,24.0,72.0,48.0,48.0,12.0,0.0,0.0,0.0,72.0,0.0,222.84,0.0,230.04,706.32,156.96,470.88,627.84,235.44,313.92,156.96,470.88,313.92,289.92,72.48,0.0,0.0,0.0,434.88,0.0
9099.0,"QUESO GOUDA RALLADO 1,5 KG",INDUSTRIALES & FOOD SERVICE,RESTO INDUSTRIALES & FOODSERVICE,"000089-EL CORTE INGLES, S.A.",0.0,0.0,0.0,0.0,0.0,0.0,0.0,0.0,0.0,0.0,0.0,0.0,0.0,0.0,0.0,0.0,0.0,0.0,0.0,0.0,0.0,0.0,0.0,0.0,0.0,0.0,0.0,0.0,0.0,0.0,0.0,0.0,0.0,0.0,0.0,0.0,0.0,0.0
9099.0,"QUESO GOUDA RALLADO 1,5 KG",INDUSTRIALES & FOOD SERVICE,RESTO INDUSTRIALES & FOODSERVICE,000720-MENDOZA´S COOK S.L. (BLOQ.),292.5,228.0,0.0,204.0,300.0,300.0,0.0,0.0,0.0,0.0,0.0,0.0,0.0,0.0,0.0,0.0,0.0,0.0,0.0,1966.12,1527.6,0.0,1264.8,1860.0,1860.0,0.0,0.0,0.0,0.0,0.0,0.0,0.0,0.0,0.0,0.0,0.0,0.0,0.0
9099.0,"QUESO GOUDA RALLADO 1,5 KG",INDUSTRIALES & FOOD SERVICE,RESTO INDUSTRIALES & FOODSERVICE,"000828-QUE S LIDER, S.L.",0.0,0.0,0.0,0.0,0.0,0.0,0.0,0.0,0.0,0.0,0.0,0.0,0.0,0.0,0.0,0.0,0.0,0.0,0.0,0.0,0.0,0.0,0.0,0.0,0.0,0.0,0.0,0.0,0.0,0.0,0.0,0.0,0.0,0.0,0.0,0.0,0.0,0.0
9099.0,"QUESO GOUDA RALLADO 1,5 KG",RETAIL,EUROMADI,"000512-TRANSGOURMET IBÉRICA, SAU",0.0,0.0,0.0,0.0,0.0,0.0,0.0,0.0,0.0,0.0,0.0,0.0,0.0,0.0,0.0,0.0,0.0,0.0,0.0,0.0,0.0,0.0,0.0,0.0,0.0,0.0,0.0,0.0,0.0,0.0,0.0,0.0,0.0,0.0,0.0,0.0,0.0,0.0
9099.0,"QUESO GOUDA RALLADO 1,5 KG",RETAIL,OTROS RETAILERS,000935-CORPORACION ALIMENTARIA DE GUISSONA,0.0,0.0,0.0,0.0,0.0,0.0,0.0,0.0,0.0,0.0,0.0,0.0,0.0,0.0,0.0,0.0,0.0,0.0,0.0,0.0,0.0,0.0,0.0,0.0,0.0,0.0,0.0,0.0,0.0,0.0,0.0,0.0,0.0,0.0,0.0,0.0,0.0,0.0
9115.0,QUESO EMMENTAL  RALLADO 1 KG.,DISTRIBUIDORES,PROVISIONES SUROESTE,"000879-PROVISIONES SUROESTE, S.L.",528.0,0.0,416.0,352.0,288.0,288.0,528.0,384.0,288.0,336.0,384.0,552.0,768.0,144.0,720.0,384.0,432.0,864.0,384.0,3584.16,0.0,2899.52,2594.24,2122.56,2122.56,3891.36,2830.08,2122.56,2476.32,2830.08,4068.24,5199.36,974.88,4874.4,2599.68,2924.64,5849.28,2599.68
9115.0,QUESO EMMENTAL  RALLADO 1 KG.,DISTRIBUIDORES,RESTO DISTRIBUIDORES,000589-CONVENIENCE FOOD S.L.U.,136.0,240.0,80.0,144.0,160.0,80.0,160.0,0.0,40.0,112.0,120.0,120.0,200.0,24.0,264.0,40.0,40.0,0.0,80.0,897.12,1684.8,561.6,1010.88,1123.2,561.6,1123.2,0.0,280.8,786.24,842.4,842.4,1304.0,156.48,1721.28,260.8,260.8,0.0,521.6
9115.0,QUESO EMMENTAL  RALLADO 1 KG.,DISTRIBUIDORES,RESTO DISTRIBUIDORES,000636-DISTRILOR S.C.L. (BLOQ),32.0,24.0,48.0,32.0,16.0,32.0,16.0,24.0,0.0,0.0,0.0,0.0,0.0,0.0,0.0,0.0,0.0,0.0,0.0,224.0,177.6,355.2,249.6,124.8,249.6,128.8,193.2,0.0,0.0,0.0,0.0,0.0,0.0,0.0,0.0,0.0,0.0,0.0
9115.0,QUESO EMMENTAL  RALLADO 1 KG.,DISTRIBUIDORES,RESTO DISTRIBUIDORES,000651-COMERGRAN S.L.,0.0,0.0,8.0,0.0,8.0,56.0,16.0,16.0,0.0,16.0,0.0,16.0,0.0,0.0,0.0,0.0,0.0,72.0,0.0,0.0,0.0,55.76,0.0,58.96,412.72,117.92,117.92,0.0,117.92,0.0,117.92,0.0,0.0,0.0,0.0,0.0,487.44,0.0
9115.0,QUESO EMMENTAL  RALLADO 1 KG.,DISTRIBUIDORES,RESTO DISTRIBUIDORES,000654-COMERCIAL PINAMAS S.L.,32.0,24.0,80.0,8.0,32.0,48.0,48.0,72.0,24.0,40.0,32.0,64.0,40.0,0.0,48.0,0.0,0.0,0.0,0.0,219.52,174.24,580.8,61.28,245.12,367.68,367.68,551.52,183.84,306.4,245.12,490.24,306.4,0.0,343.68,0.0,0.0,0.0,0.0
9115.0,QUESO EMMENTAL  RALLADO 1 KG.,DISTRIBUIDORES,RESTO DISTRIBUIDORES,000667-MENA ALIMENTARIA S.L.,176.0,128.0,80.0,160.0,160.0,104.0,120.0,168.0,96.0,120.0,112.0,168.0,80.0,120.0,80.0,192.0,128.0,96.0,48.0,1241.12,930.56,581.6,1227.2,1219.93,797.68,920.4,1288.56,736.32,920.4,859.04,1288.56,573.6,860.4,573.6,1376.64,917.76,688.32,336.99
9115.0,QUESO EMMENTAL  RALLADO 1 KG.,DISTRIBUIDORES,RESTO DISTRIBUIDORES,"000675-CORPORACIÓN LÁCTEA DEL NORTE, S.L.",56.0,48.0,72.0,48.0,192.0,48.0,224.0,96.0,0.0,96.0,96.0,144.0,0.0,144.0,272.0,48.0,144.0,288.0,96.0,361.76,329.28,493.92,329.28,1297.92,329.28,1536.64,658.56,0.0,658.56,658.56,987.84,0.0,939.84,1729.92,305.28,915.84,1831.68,610.56
9115.0,QUESO EMMENTAL  RALLADO 1 KG.,DISTRIBUIDORES,RESTO DISTRIBUIDORES,000676-EXCLUSIVAS ALIMENTARIAS 1998 S.L. (BLOQ.),24.0,24.0,0.0,0.0,16.0,32.0,40.0,0.0,16.0,16.0,40.0,24.0,0.0,0.0,0.0,0.0,0.0,0.0,0.0,175.2,184.8,0.0,0.0,122.56,245.12,306.4,0.0,122.56,128.8,322.0,193.2,0.0,0.0,0.0,0.0,0.0,0.0,0.0
9115.0,QUESO EMMENTAL  RALLADO 1 KG.,DISTRIBUIDORES,RESTO DISTRIBUIDORES,000679-SPANISH CHEESE S.L.U.,0.0,0.0,0.0,0.0,0.0,0.0,0.0,0.0,0.0,0.0,0.0,0.0,0.0,0.0,0.0,0.0,0.0,160.0,0.0,0.0,0.0,0.0,0.0,0.0,0.0,0.0,0.0,0.0,0.0,0.0,0.0,0.0,0.0,0.0,0.0,0.0,1025.44,0.0
9115.0,QUESO EMMENTAL  RALLADO 1 KG.,DISTRIBUIDORES,RESTO DISTRIBUIDORES,000681-DISTRIBUCIONES DEL VALLES S.L. (BLOQ.),0.0,0.0,0.0,0.0,0.0,0.0,0.0,0.0,0.0,0.0,0.0,0.0,0.0,0.0,0.0,0.0,0.0,0.0,0.0,0.0,0.0,0.0,0.0,0.0,0.0,0.0,0.0,0.0,0.0,0.0,0.0,0.0,0.0,0.0,0.0,0.0,0.0,0.0
9115.0,QUESO EMMENTAL  RALLADO 1 KG.,DISTRIBUIDORES,RESTO DISTRIBUIDORES,"000710-SELECCIO REGISA, S.L.",80.0,24.0,88.0,56.0,112.0,56.0,136.0,120.0,88.0,80.0,48.0,136.0,112.0,0.0,136.0,48.0,48.0,144.0,96.0,572.8,177.6,651.2,436.8,873.6,436.8,1060.8,936.0,686.4,624.0,374.4,1026.4,793.44,0.0,934.32,329.76,329.76,989.28,659.52
9115.0,QUESO EMMENTAL  RALLADO 1 KG.,DISTRIBUIDORES,RESTO DISTRIBUIDORES,000711-DISTRIBUCIONES J.M. S.A.,0.0,0.0,0.0,0.0,0.0,0.0,0.0,0.0,0.0,0.0,0.0,0.0,0.0,0.0,0.0,0.0,0.0,0.0,0.0,0.0,0.0,0.0,0.0,0.0,0.0,0.0,0.0,0.0,0.0,0.0,0.0,0.0,0.0,0.0,0.0,0.0,0.0,0.0
9115.0,QUESO EMMENTAL  RALLADO 1 KG.,DISTRIBUIDORES,RESTO DISTRIBUIDORES,"000734-UDIAL, S.A. (BLOQ.)",0.0,0.0,0.0,0.0,0.0,0.0,0.0,0.0,0.0,0.0,0.0,0.0,0.0,0.0,0.0,0.0,0.0,0.0,0.0,0.0,0.0,0.0,0.0,0.0,0.0,0.0,0.0,0.0,0.0,0.0,0.0,0.0,0.0,0.0,0.0,0.0,0.0,0.0
9115.0,QUESO EMMENTAL  RALLADO 1 KG.,DISTRIBUIDORES,RESTO DISTRIBUIDORES,000751-PLACOR 2006 S.L.,0.0,0.0,0.0,0.0,0.0,0.0,0.0,0.0,0.0,0.0,0.0,0.0,0.0,0.0,0.0,0.0,0.0,0.0,0.0,0.0,0.0,0.0,0.0,0.0,0.0,0.0,0.0,0.0,0.0,0.0,0.0,0.0,0.0,0.0,0.0,0.0,0.0,0.0
9115.0,QUESO EMMENTAL  RALLADO 1 KG.,DISTRIBUIDORES,RESTO DISTRIBUIDORES,000761-D.C. OLEGARIO ALONSO S.L. ( BLOQ ),0.0,0.0,0.0,0.0,0.0,16.0,0.0,0.0,0.0,0.0,0.0,0.0,0.0,0.0,0.0,0.0,0.0,0.0,0.0,0.0,0.0,0.0,0.0,0.0,128.8,0.0,0.0,0.0,0.0,0.0,0.0,0.0,0.0,0.0,0.0,0.0,0.0,0.0
9115.0,QUESO EMMENTAL  RALLADO 1 KG.,DISTRIBUIDORES,RESTO DISTRIBUIDORES,000766-DISTRIBUCIONES FASGARÓN S.L.,0.0,0.0,0.0,0.0,0.0,0.0,0.0,0.0,0.0,0.0,0.0,0.0,0.0,0.0,0.0,0.0,0.0,0.0,0.0,0.0,0.0,0.0,0.0,0.0,0.0,0.0,0.0,0.0,0.0,0.0,0.0,0.0,0.0,0.0,0.0,0.0,0.0,0.0
9115.0,QUESO EMMENTAL  RALLADO 1 KG.,DISTRIBUIDORES,RESTO DISTRIBUIDORES,000776-COMERCIAL DIALVA S.A.,0.0,0.0,0.0,0.0,0.0,0.0,0.0,0.0,0.0,0.0,0.0,0.0,0.0,0.0,0.0,0.0,0.0,0.0,0.0,0.0,0.0,0.0,0.0,0.0,0.0,0.0,0.0,0.0,0.0,0.0,0.0,0.0,0.0,0.0,0.0,0.0,0.0,0.0
9115.0,QUESO EMMENTAL  RALLADO 1 KG.,DISTRIBUIDORES,RESTO DISTRIBUIDORES,000789-PALENZUELA DISTRIBUCION 1970 S.L.,24.0,40.0,40.0,32.0,48.0,40.0,32.0,32.0,64.0,16.0,16.0,40.0,24.0,48.0,48.0,48.0,48.0,48.0,0.0,167.04,294.4,304.0,248.32,372.48,310.4,248.32,248.32,496.64,124.16,124.16,310.4,178.24,348.48,348.48,348.48,348.48,348.48,0.0
9115.0,QUESO EMMENTAL  RALLADO 1 KG.,DISTRIBUIDORES,RESTO DISTRIBUIDORES,"000840-JULIÁN MAIRAL, S.L.U. ( BLOQ)",0.0,0.0,0.0,0.0,0.0,0.0,0.0,0.0,0.0,0.0,0.0,0.0,0.0,0.0,0.0,0.0,0.0,0.0,0.0,0.0,0.0,0.0,0.0,0.0,0.0,0.0,0.0,0.0,0.0,0.0,0.0,0.0,0.0,0.0,0.0,0.0,0.0,0.0
9115.0,QUESO EMMENTAL  RALLADO 1 KG.,DISTRIBUIDORES,RESTO DISTRIBUIDORES,"000858-COVADUL FAST FOOD, S.L.",0.0,8.0,16.0,16.0,16.0,8.0,8.0,16.0,16.0,0.0,0.0,0.0,0.0,0.0,0.0,0.0,0.0,0.0,0.0,0.0,55.76,111.52,117.92,117.92,58.96,58.96,117.92,117.92,0.0,0.0,0.0,0.0,0.0,0.0,0.0,0.0,0.0,0.0
9115.0,QUESO EMMENTAL  RALLADO 1 KG.,DISTRIBUIDORES,RESTO DISTRIBUIDORES,000870-COMERCIAL LEÓN ZARAGOZA S.L.,0.0,16.0,0.0,0.0,0.0,32.0,0.0,0.0,8.0,24.0,16.0,16.0,16.0,24.0,64.0,0.0,0.0,0.0,0.0,0.0,116.16,0.0,0.0,0.0,245.12,0.0,0.0,61.28,183.84,122.56,122.56,114.56,171.84,458.24,0.0,0.0,0.0,0.0
9115.0,QUESO EMMENTAL  RALLADO 1 KG.,DISTRIBUIDORES,RESTO DISTRIBUIDORES,"000914-HIJOS DE EUSEBIO CARRERAS, S.L. (BLOQ.)",0.0,16.0,0.0,0.0,0.0,0.0,0.0,0.0,0.0,0.0,0.0,0.0,0.0,0.0,0.0,0.0,0.0,0.0,0.0,0.0,116.16,0.0,0.0,0.0,0.0,0.0,0.0,0.0,0.0,0.0,0.0,0.0,0.0,0.0,0.0,0.0,0.0,0.0
9115.0,QUESO EMMENTAL  RALLADO 1 KG.,DISTRIBUIDORES,RESTO DISTRIBUIDORES,000916-SERVICHEF GASTRONOMÍA S.L.,0.0,16.0,16.0,8.0,0.0,8.0,24.0,0.0,24.0,0.0,0.0,24.0,0.0,0.0,0.0,0.0,0.0,0.0,0.0,0.0,116.16,116.16,61.28,0.0,61.28,183.84,0.0,183.84,0.0,0.0,183.84,0.0,0.0,0.0,0.0,0.0,0.0,0.0
9115.0,QUESO EMMENTAL  RALLADO 1 KG.,DISTRIBUIDORES,RESTO DISTRIBUIDORES,"000937-SEÑORIO DE ARCE, S.L.",0.0,0.0,0.0,0.0,0.0,0.0,0.0,0.0,80.0,64.0,64.0,32.0,0.0,0.0,0.0,0.0,0.0,0.0,0.0,0.0,0.0,0.0,0.0,0.0,0.0,0.0,0.0,589.6,471.68,471.68,235.84,0.0,0.0,0.0,0.0,0.0,0.0,0.0
9115.0,QUESO EMMENTAL  RALLADO 1 KG.,DISTRIBUIDORES,RESTO DISTRIBUIDORES,"000946-LLUIS CANADELL, S.L.U.",0.0,0.0,0.0,0.0,0.0,0.0,0.0,0.0,0.0,0.0,0.0,0.0,0.0,0.0,48.0,32.0,0.0,0.0,0.0,0.0,0.0,0.0,0.0,0.0,0.0,0.0,0.0,0.0,0.0,0.0,0.0,0.0,0.0,329.76,219.84,0.0,0.0,0.0
9115.0,QUESO EMMENTAL  RALLADO 1 KG.,DISTRIBUIDORES,RESTO DISTRIBUIDORES,000950-GRUP ALIMENTARI DISTECO S.A,0.0,0.0,0.0,0.0,0.0,0.0,0.0,0.0,0.0,0.0,96.0,80.0,160.0,96.0,240.0,72.0,136.0,240.0,192.0,0.0,0.0,0.0,0.0,0.0,0.0,0.0,0.0,0.0,0.0,707.52,589.6,1179.2,659.52,1648.8,494.64,934.32,1648.8,1319.04
9115.0,QUESO EMMENTAL  RALLADO 1 KG.,INDUSTRIALES & FOOD SERVICE,RESTO INDUSTRIALES & FOODSERVICE,"000894-NEWREST GROUP HOLDING, S.A. (BLOQ.)",80.0,88.0,208.0,32.0,48.0,80.0,424.0,0.0,0.0,112.0,96.0,40.0,88.0,48.0,40.0,64.0,0.0,0.0,0.0,525.62,613.41,1449.86,235.84,353.77,589.63,3125.05,0.0,0.0,825.46,707.54,294.8,624.55,329.74,274.79,439.66,0.0,0.0,0.0
9115.0,QUESO EMMENTAL  RALLADO 1 KG.,RETAIL,IFA,000823-HIPER USERA S.L.,136.0,56.0,96.0,80.0,152.0,24.0,80.0,64.0,80.0,136.0,64.0,104.0,64.0,32.0,96.0,56.0,64.0,48.0,72.0,992.8,408.8,700.8,584.0,1109.6,175.2,584.0,467.2,584.0,992.8,467.2,759.2,467.2,233.6,700.8,408.8,467.2,350.4,525.6
9115.0,QUESO EMMENTAL  RALLADO 1 KG.,RETAIL,OTROS RETAILERS,"000569-COSTCO WHOLESALE SPAIN,  S.L.U (1200003713)",240.0,920.0,512.0,280.0,400.0,72.0,0.0,0.0,0.0,0.0,0.0,0.0,0.0,0.0,0.0,0.0,0.0,0.0,0.0,1716.0,6578.0,3660.8,2002.0,2860.0,514.8,0.0,0.0,0.0,0.0,0.0,0.0,0.0,0.0,0.0,0.0,0.0,0.0,0.0
9122.0,TACOS ENSALADA 2 KG.,INDUSTRIALES & FOOD SERVICE,INTERPROVEEDORES,"000566-RESTO VITE, S.L.",0.0,480.0,0.0,0.0,0.0,480.0,0.0,480.0,0.0,480.0,0.0,0.0,480.0,0.0,480.0,480.0,480.0,480.0,480.0,0.0,3153.6,0.0,0.0,0.0,3153.6,0.0,3153.6,0.0,3153.6,0.0,0.0,3024.0,0.0,3024.0,3024.0,3024.0,3024.0,3024.0
9123.0,MIX FOSTER TIRAS 1 KG,DISTRIBUIDORES,RESTO DISTRIBUIDORES,000776-COMERCIAL DIALVA S.A.,560.0,400.0,600.0,0.0,540.0,300.0,840.0,340.0,690.0,240.0,600.0,420.0,420.0,480.0,780.0,480.0,480.0,300.0,420.0,3005.2,2168.0,3252.0,0.0,2926.8,1626.0,4552.8,1842.8,3739.8,1300.8,3252.0,2276.4,2276.4,2601.6,4227.6,2601.6,2601.6,1626.0,2276.4
9152.0,QUESO EMMENTAL BLOQUE,INDUSTRIALES & FOOD SERVICE,RESTO INDUSTRIALES & FOODSERVICE,"000532-UNUSUAL FOODS, S.L.U.",42.41,79.02,0.0,30.54,30.88,15.17,15.17,30.77,30.76,15.35,28.4,29.41,14.08,45.84,14.2,15.07,42.6,0.0,14.2,303.66,565.78,0.0,218.67,221.1,108.62,108.62,220.31,220.24,109.91,203.34,210.58,100.81,305.3,94.57,100.37,283.71,0.0,94.57
9156.0,QUESO GOUDA BLOQUE,DISTRIBUIDORES,PROVISIONES SUROESTE,"000879-PROVISIONES SUROESTE, S.L.",632.0,1295.6,1902.13,777.58,797.66,2279.73,1514.28,2944.4,474.0,1360.45,714.95,0.0,723.77,0.0,1431.04,715.18,666.44,712.91,1431.57,3096.8,6348.44,9320.44,3926.78,4028.18,11512.63,7647.11,14869.21,2393.7,6870.27,10.51,0.0,2931.27,0.0,5795.71,2896.48,2699.08,2887.29,5797.86
9156.0,QUESO GOUDA BLOQUE,INDUSTRIALES & FOOD SERVICE,INTERPROVEEDORES,000281-JOVI SERRANO S.L.U. (BLOQ.),0.0,0.0,0.0,0.0,0.0,0.0,0.0,0.0,0.0,0.0,0.0,0.0,0.0,0.0,0.0,0.0,0.0,0.0,0.0,0.0,0.0,0.0,0.0,0.0,0.0,0.0,0.0,0.0,0.0,0.0,0.0,0.0,0.0,0.0,0.0,0.0,0.0,0.0
9156.0,QUESO GOUDA BLOQUE,INDUSTRIALES & FOOD SERVICE,RESTO INDUSTRIALES & FOODSERVICE,000756-QUESOS EL PASTOR-HIJOS DE SALVADOR S.A.,6596.82,7077.53,5035.7,5790.89,3956.48,10030.68,2926.62,6380.48,9488.02,5424.54,8514.87,1416.56,8512.37,8248.56,4969.09,8550.04,4324.49,0.0,3534.1,35002.73,37553.37,26719.43,30726.47,18991.1,48147.27,14047.77,30626.31,45542.51,26037.79,40871.38,6799.49,40859.38,39593.09,23851.63,33292.03,17816.9,0.0,14136.4
9159.0,QUESO EDAM BLOQUE,INDUSTRIALES & FOOD SERVICE,RESTO INDUSTRIALES & FOODSERVICE,000756-QUESOS EL PASTOR-HIJOS DE SALVADOR S.A.,1015.21,5049.85,0.0,0.0,2850.66,1424.96,681.54,2174.61,1427.73,2236.15,3597.18,0.0,871.17,1429.16,1437.94,2884.14,783.14,1427.66,1431.56,5382.64,26774.3,0.0,0.0,13683.17,6839.81,3271.39,10438.13,6853.1,10733.52,17266.46,0.0,4181.62,6859.97,6902.11,11882.66,3226.54,5710.64,5726.24
9176.0,MIX 3 RALLADOS TIRAS 1KG,DISTRIBUIDORES,TGT,000580-LOGÍSTICA Y TRANSFORMACIÓN LÁCTEA S.L. ( bloq),0.0,0.0,0.0,0.0,0.0,0.0,0.0,0.0,0.0,0.0,0.0,0.0,0.0,0.0,0.0,0.0,0.0,0.0,0.0,0.0,0.0,0.0,0.0,0.0,0.0,0.0,0.0,0.0,0.0,0.0,0.0,0.0,0.0,0.0,0.0,0.0,0.0,0.0
9191.0,MOZZARELLA EXTERIOR BLOQUE,DISTRIBUIDORES,PROVISIONES SUROESTE,"000879-PROVISIONES SUROESTE, S.L.",1383.54,2960.4,561.0,801.74,500.0,2421.38,0.0,813.64,0.0,405.0,801.82,326.4,1933.62,808.85,1622.79,811.0,808.47,1582.35,1556.11,6710.17,14357.94,2720.85,3888.44,2425.0,11743.69,0.0,3946.15,0.0,1964.25,3888.83,1583.04,8092.29,3275.84,6572.3,3284.55,3274.3,6408.51,6068.83
9191.0,MOZZARELLA EXTERIOR BLOQUE,DISTRIBUIDORES,RESTO DISTRIBUIDORES,"000887-QUESERA VESUBIO, S.A. (BLOQ.)",0.0,0.0,0.0,0.0,0.0,0.0,0.0,0.0,0.0,0.0,0.0,0.0,0.0,0.0,0.0,0.0,0.0,0.0,0.0,0.0,0.0,0.0,0.0,0.0,0.0,0.0,0.0,0.0,0.0,0.0,0.0,0.0,0.0,0.0,0.0,0.0,0.0,0.0
9191.0,MOZZARELLA EXTERIOR BLOQUE,INDUSTRIALES & FOOD SERVICE,RESTO INDUSTRIALES & FOODSERVICE,"000532-UNUSUAL FOODS, S.L.U.",3150.68,2406.7,3951.45,2423.04,4032.99,4723.75,2418.73,2436.67,4783.12,3974.645,3225.31,4025.08,1612.37,0.0,0.0,0.0,809.51,2939.65,3271.41,14650.66,11191.16,18374.24,11267.13,18753.39,21965.44,11247.09,11237.52,22241.52,18482.1,11500.89,18716.62,7497.52,0.0,0.0,0.0,3359.47,11023.69,12267.79
9192.0,LONCHAS MOZZARELLA ESCALONADO 1 KG,CASH & CARRY,MAKRO,000621-MAKRO DISTRIBUCIÓN MAYORISTA SA,552.0,618.0,798.0,888.0,678.0,840.0,1002.0,858.0,1020.0,888.0,960.0,924.0,588.0,696.0,864.0,864.0,786.0,1056.0,822.0,4839.39,5418.01,6996.06,7785.09,5944.02,7364.28,8784.54,7522.08,8942.35,7785.08,8416.31,8100.72,5155.0,6101.83,7574.7,7574.68,6890.88,9257.96,7206.47
9192.0,LONCHAS MOZZARELLA ESCALONADO 1 KG,DISTRIBUIDORES,PROVISIONES SUROESTE,"000879-PROVISIONES SUROESTE, S.L.",0.0,12.0,24.0,0.0,12.0,0.0,36.0,54.0,0.0,36.0,0.0,0.0,0.0,0.0,0.0,0.0,36.0,0.0,0.0,0.0,86.4,172.8,0.0,86.4,0.0,259.2,388.8,0.0,259.2,0.0,0.0,0.0,0.0,0.0,0.0,259.2,0.0,0.0
9192.0,LONCHAS MOZZARELLA ESCALONADO 1 KG,DISTRIBUIDORES,RESTO DISTRIBUIDORES,"000038-LÁCTEOS MENDI, S.L.",18.0,0.0,12.0,12.0,72.0,0.0,0.0,12.0,24.0,0.0,12.0,0.0,12.0,0.0,24.0,0.0,24.0,0.0,0.0,133.02,0.0,88.68,88.68,532.08,0.0,0.0,86.4,172.8,0.0,86.4,0.0,86.4,0.0,172.8,0.0,172.8,0.0,0.0
9192.0,LONCHAS MOZZARELLA ESCALONADO 1 KG,DISTRIBUIDORES,RESTO DISTRIBUIDORES,000589-CONVENIENCE FOOD S.L.U.,0.0,0.0,0.0,0.0,0.0,0.0,0.0,0.0,0.0,0.0,0.0,0.0,0.0,0.0,0.0,0.0,0.0,0.0,0.0,0.0,0.0,0.0,0.0,0.0,0.0,0.0,0.0,0.0,0.0,0.0,0.0,0.0,0.0,0.0,0.0,0.0,0.0,0.0
9192.0,LONCHAS MOZZARELLA ESCALONADO 1 KG,DISTRIBUIDORES,RESTO DISTRIBUIDORES,000681-DISTRIBUCIONES DEL VALLES S.L. (BLOQ.),0.0,480.0,720.0,0.0,0.0,0.0,0.0,0.0,0.0,0.0,0.0,0.0,0.0,0.0,0.0,0.0,0.0,0.0,0.0,0.0,3504.0,3504.0,0.0,0.0,0.0,0.0,0.0,0.0,0.0,0.0,0.0,0.0,0.0,0.0,0.0,0.0,0.0,0.0
9192.0,LONCHAS MOZZARELLA ESCALONADO 1 KG,DISTRIBUIDORES,RESTO DISTRIBUIDORES,000711-DISTRIBUCIONES J.M. S.A.,0.0,0.0,0.0,0.0,0.0,0.0,0.0,0.0,0.0,0.0,6.0,0.0,0.0,0.0,0.0,0.0,0.0,0.0,0.0,0.0,0.0,0.0,0.0,0.0,0.0,0.0,0.0,0.0,0.0,43.2,0.0,0.0,0.0,0.0,0.0,0.0,0.0,0.0
9192.0,LONCHAS MOZZARELLA ESCALONADO 1 KG,DISTRIBUIDORES,RESTO DISTRIBUIDORES,000776-COMERCIAL DIALVA S.A.,0.0,0.0,0.0,0.0,0.0,0.0,36.0,0.0,1.0,0.0,0.0,0.0,0.0,0.0,0.0,0.0,30.0,0.0,0.0,0.0,0.0,0.0,0.0,0.0,0.0,259.2,0.0,0.0,0.0,0.0,0.0,0.0,0.0,0.0,0.0,216.0,0.0,0.0
9192.0,LONCHAS MOZZARELLA ESCALONADO 1 KG,DISTRIBUIDORES,RESTO DISTRIBUIDORES,000789-PALENZUELA DISTRIBUCION 1970 S.L.,0.0,0.0,0.0,0.0,0.0,0.0,0.0,0.0,0.0,0.0,0.0,0.0,0.0,0.0,0.0,0.0,0.0,0.0,0.0,0.0,0.0,0.0,0.0,0.0,0.0,0.0,0.0,0.0,0.0,0.0,0.0,0.0,0.0,0.0,0.0,0.0,0.0,0.0
9192.0,LONCHAS MOZZARELLA ESCALONADO 1 KG,DISTRIBUIDORES,RESTO DISTRIBUIDORES,000832-FRIPASTUR S.L.,0.0,0.0,0.0,0.0,120.0,0.0,0.0,0.0,0.0,0.0,0.0,0.0,0.0,0.0,0.0,0.0,0.0,0.0,0.0,0.0,0.0,0.0,0.0,978.0,0.0,0.0,0.0,0.0,0.0,0.0,0.0,0.0,0.0,0.0,0.0,0.0,0.0,0.0
9192.0,LONCHAS MOZZARELLA ESCALONADO 1 KG,DISTRIBUIDORES,RESTO DISTRIBUIDORES,"000854-EL CONCHEL D´GUSTO, S.L.U. (BLOQ.)",6.0,12.0,0.0,0.0,0.0,0.0,0.0,0.0,0.0,0.0,0.0,0.0,0.0,0.0,0.0,0.0,0.0,0.0,0.0,44.94,89.88,0.0,0.0,0.0,0.0,0.0,0.0,0.0,0.0,0.0,0.0,0.0,0.0,0.0,0.0,0.0,0.0,0.0
9192.0,LONCHAS MOZZARELLA ESCALONADO 1 KG,DISTRIBUIDORES,RESTO DISTRIBUIDORES,000950-GRUP ALIMENTARI DISTECO S.A,0.0,0.0,0.0,0.0,0.0,0.0,0.0,0.0,0.0,0.0,0.0,0.0,0.0,0.0,0.0,0.0,0.0,0.0,174.0,0.0,0.0,0.0,0.0,0.0,0.0,0.0,0.0,0.0,0.0,0.0,0.0,0.0,0.0,0.0,0.0,0.0,0.0,870.0
9192.0,LONCHAS MOZZARELLA ESCALONADO 1 KG,DISTRIBUIDORES,RESTO INDUSTRIALES & FOODSERVICE,"000828-QUE S LIDER, S.L.",0.0,0.0,0.0,0.0,0.0,0.0,0.0,0.0,0.0,0.0,1.0,0.0,0.0,0.0,0.0,0.0,0.0,0.0,0.0,0.0,0.0,0.0,0.0,0.0,0.0,0.0,0.0,0.0,0.0,0.0,0.0,0.0,0.0,0.0,0.0,0.0,0.0,0.0
9192.0,LONCHAS MOZZARELLA ESCALONADO 1 KG,INDUSTRIALES & FOOD SERVICE,RESTO INDUSTRIALES & FOODSERVICE,"000828-QUE S LIDER, S.L.",12.0,30.0,132.0,24.0,60.0,70.0,84.0,24.0,162.0,96.0,0.0,132.0,36.0,36.0,0.0,36.0,36.0,36.0,0.0,86.4,216.0,950.4,172.8,432.0,504.0,568.8,172.8,1166.4,691.2,0.0,928.8,259.2,259.2,0.0,252.0,259.2,259.2,0.0
9192.0,LONCHAS MOZZARELLA ESCALONADO 1 KG,INDUSTRIALES & FOOD SERVICE,RESTO INDUSTRIALES & FOODSERVICE,"000885-OBRADOR LEVADURAMADRE, S.L. (BLOQ.)",0.0,0.0,0.0,0.0,0.0,0.0,0.0,0.0,0.0,0.0,0.0,0.0,0.0,0.0,0.0,0.0,0.0,0.0,0.0,0.0,0.0,0.0,0.0,0.0,0.0,0.0,0.0,0.0,0.0,0.0,0.0,0.0,0.0,0.0,0.0,0.0,0.0,0.0
9207.0,"QUESO EMMENTAL ""A"" RALLADO CORTO 1,5 KG.",INDUSTRIALES & FOOD SERVICE,INTERPROVEEDORES,000453-ANITIN PANES ESPECIALES S.L.U.,15120.0,17136.0,17136.0,19656.0,15120.0,15624.0,20160.0,9072.0,19152.0,16128.0,18144.0,9576.0,17136.0,10584.0,22680.0,7056.0,15084.0,18144.0,18144.0,91476.0,103672.8,103672.8,121867.2,93744.0,96868.8,124992.0,56246.4,118742.4,99993.6,112492.8,59371.2,90306.72,55777.68,119523.6,37185.12,79492.68,95618.88,97433.28
9221.0,"SALSA CHEDDAR CUBO 21,5 Kg.",DISTRIBUIDORES,TGT,000580-LOGÍSTICA Y TRANSFORMACIÓN LÁCTEA S.L. ( bloq),0.0,0.0,2021.0,2386.5,1505.0,2580.0,2365.0,4042.0,0.0,0.0,0.0,0.0,0.0,0.0,0.0,0.0,0.0,0.0,0.0,0.0,0.0,7073.5,8352.75,5267.5,9030.0,9326.7,15867.0,0.0,0.0,0.0,0.0,0.0,0.0,0.0,0.0,0.0,0.0,0.0
9221.0,"SALSA CHEDDAR CUBO 21,5 Kg.",INDUSTRIALES & FOOD SERVICE,RESTO INDUSTRIALES & FOODSERVICE,000948-GONAMA ALIMENTACION SL,0.0,0.0,0.0,0.0,0.0,0.0,0.0,0.0,0.0,0.0,1505.0,645.0,1247.0,2859.5,1053.5,2021.0,860.0,2107.0,301.0,0.0,0.0,0.0,0.0,0.0,0.0,0.0,0.0,0.0,0.0,5989.9,2567.1,4963.06,9579.32,3529.22,6770.35,2881.01,7058.45,1008.35
9240.0,MOZZAPURA PIZZERIA CARLOS TACOS 2 KG.,INDUSTRIALES & FOOD SERVICE,RESTO INDUSTRIALES & FOODSERVICE,"000497-CONWAY-THE CONVENIENCE COMPANY, S.A.",67200.0,40320.0,53760.0,53760.0,53760.0,53760.0,39816.0,53760.0,53760.0,41184.0,53760.0,0.0,0.0,1.0,1.0,0.0,0.0,0.0,0.0,252000.0,151200.0,201600.0,201600.0,201600.0,201600.0,149197.5,201600.0,201600.0,154440.0,201600.0,0.0,0.0,0.0,0.0,0.0,0.0,0.0,0.0
9240.0,MOZZAPURA PIZZERIA CARLOS TACOS 2 KG.,INDUSTRIALES & FOOD SERVICE,RESTO INDUSTRIALES & FOODSERVICE,000619-SUMINISTROS DIETETICOS CONTROLADOS S.L.,300.0,300.0,702.0,402.0,0.0,600.0,708.0,0.0,0.0,180.0,504.0,300.0,564.0,0.0,150.0,300.0,0.0,600.0,300.0,1125.0,1125.0,2632.5,1507.5,0.0,2250.0,2655.0,0.0,0.0,675.0,1890.0,1125.0,2115.0,0.0,562.5,1125.0,0.0,2250.0,1125.0
9240.0,MOZZAPURA PIZZERIA CARLOS TACOS 2 KG.,INDUSTRIALES & FOOD SERVICE,RESTO INDUSTRIALES & FOODSERVICE,"000954-CONWAY-THE CONVENIENCE COMPANY, S.A.",0.0,0.0,0.0,0.0,0.0,0.0,0.0,0.0,0.0,0.0,0.0,67200.0,67200.0,26880.0,53760.0,53760.0,53760.0,53760.0,53760.0,0.0,0.0,0.0,0.0,0.0,0.0,0.0,0.0,0.0,0.0,0.0,252000.0,252000.0,100800.0,201600.0,201600.0,201600.0,201600.0,201600.0
9242.0,QUESO RALLADO MOZZARELLA,INDUSTRIALES & FOOD SERVICE,RESTO INDUSTRIALES & FOODSERVICE,"000497-CONWAY-THE CONVENIENCE COMPANY, S.A.",0.0,0.0,0.0,0.0,0.0,0.0,0.0,0.0,0.0,0.0,0.0,0.0,0.0,0.0,0.0,0.0,0.0,0.0,0.0,0.0,0.0,0.0,0.0,0.0,0.0,0.0,0.0,0.0,0.0,0.0,0.0,0.0,0.0,0.0,0.0,0.0,0.0,0.0
9307.0,MOZZAPURA TACOS 2 KG.,DISTRIBUIDORES,PROVISIONES SUROESTE,"000879-PROVISIONES SUROESTE, S.L.",9600.0,17760.0,8640.0,16800.0,9600.0,11040.0,18960.0,17760.0,13440.0,10080.0,11520.0,11520.0,16800.0,10080.0,13440.0,15840.0,8640.0,12000.0,20160.0,34080.0,63936.0,31104.0,60480.0,34560.0,39744.0,68256.0,63936.0,48384.0,36288.0,41472.0,40089.6,60480.0,36288.0,48384.0,56332.8,29894.4,43200.0,72576.0
9307.0,MOZZAPURA TACOS 2 KG.,DISTRIBUIDORES,RESTO DISTRIBUIDORES,"000038-LÁCTEOS MENDI, S.L.",120.0,240.0,240.0,150.0,240.0,0.0,210.0,90.0,120.0,120.0,180.0,120.0,60.0,0.0,150.0,120.0,120.0,60.0,120.0,499.2,998.4,998.4,624.0,998.4,0.0,756.0,324.0,432.0,432.0,648.0,432.0,216.0,0.0,540.0,432.0,432.0,216.0,432.0
9307.0,MOZZAPURA TACOS 2 KG.,DISTRIBUIDORES,RESTO DISTRIBUIDORES,000636-DISTRILOR S.C.L. (BLOQ),24.0,0.0,0.0,0.0,0.0,0.0,0.0,0.0,0.0,0.0,0.0,0.0,0.0,0.0,0.0,0.0,0.0,0.0,0.0,100.8,0.0,0.0,0.0,0.0,0.0,0.0,0.0,0.0,0.0,0.0,0.0,0.0,0.0,0.0,0.0,0.0,0.0,0.0
9307.0,MOZZAPURA TACOS 2 KG.,DISTRIBUIDORES,RESTO DISTRIBUIDORES,"000643-ORTHIDAL, S.L.",60.0,90.0,60.0,120.0,60.0,0.0,0.0,0.0,24.0,0.0,12.0,12.0,0.0,12.0,12.0,6.0,0.0,240.0,0.0,226.2,348.3,232.2,464.4,232.2,0.0,0.0,0.0,92.88,0.0,46.44,46.44,0.0,47.88,47.73,23.94,0.0,957.6,0.0
9307.0,MOZZAPURA TACOS 2 KG.,DISTRIBUIDORES,RESTO DISTRIBUIDORES,000644-COMERCIAL LUIS ROSQUELLAS S.L.,12.0,6.0,6.0,12.0,0.0,12.0,30.0,12.0,18.0,24.0,12.0,36.0,0.0,24.0,66.0,36.0,36.0,0.0,60.0,52.21,26.4,26.4,52.8,0.0,52.8,132.01,52.8,79.2,105.6,52.8,158.41,0.0,105.6,290.4,158.41,158.41,0.0,264.01
9307.0,MOZZAPURA TACOS 2 KG.,DISTRIBUIDORES,RESTO DISTRIBUIDORES,000651-COMERGRAN S.L.,90.0,0.0,60.0,60.0,60.0,120.0,120.0,420.0,480.0,930.0,1350.0,930.0,720.0,900.0,960.0,780.0,450.0,720.0,480.0,355.5,0.0,216.0,216.0,216.0,432.0,432.0,1512.0,1728.0,3348.0,4860.0,3348.0,2592.0,3240.0,3456.0,2808.0,1620.0,2592.0,1728.0
9307.0,MOZZAPURA TACOS 2 KG.,DISTRIBUIDORES,RESTO DISTRIBUIDORES,000654-COMERCIAL PINAMAS S.L.,780.0,240.0,300.0,720.0,180.0,1080.0,660.0,600.0,540.0,330.0,540.0,660.0,360.0,480.0,600.0,720.0,600.0,720.0,660.0,3268.2,1029.6,1287.0,3088.8,772.2,4633.2,2831.4,2574.0,2316.6,1415.7,2316.6,2831.4,1544.4,2059.2,2574.0,3088.8,2574.0,3088.8,2831.4
9307.0,MOZZAPURA TACOS 2 KG.,DISTRIBUIDORES,RESTO DISTRIBUIDORES,000667-MENA ALIMENTARIA S.L.,0.0,0.0,0.0,0.0,0.0,0.0,0.0,0.0,0.0,0.0,0.0,0.0,0.0,0.0,0.0,0.0,0.0,0.0,0.0,0.0,0.0,0.0,0.0,0.0,0.0,0.0,0.0,0.0,0.0,0.0,0.0,0.0,0.0,0.0,0.0,0.0,0.0,0.0
9307.0,MOZZAPURA TACOS 2 KG.,DISTRIBUIDORES,RESTO DISTRIBUIDORES,"000675-CORPORACIÓN LÁCTEA DEL NORTE, S.L.",0.0,0.0,0.0,0.0,0.0,0.0,0.0,0.0,0.0,0.0,0.0,0.0,0.0,72.0,0.0,0.0,0.0,0.0,0.0,0.0,0.0,0.0,0.0,0.0,0.0,0.0,0.0,0.0,0.0,0.0,0.0,0.0,0.0,0.0,0.0,0.0,0.0,0.0
9307.0,MOZZAPURA TACOS 2 KG.,DISTRIBUIDORES,RESTO DISTRIBUIDORES,"000710-SELECCIO REGISA, S.L.",42.0,54.0,72.0,180.0,30.0,120.0,60.0,84.0,60.0,30.0,48.0,192.0,0.0,0.0,120.0,120.0,60.0,120.0,60.0,171.3,224.1,298.8,747.0,124.5,498.0,249.0,348.6,249.0,124.5,199.2,730.8,0.0,0.0,432.0,432.0,216.0,432.0,216.0
9307.0,MOZZAPURA TACOS 2 KG.,DISTRIBUIDORES,RESTO DISTRIBUIDORES,000711-DISTRIBUCIONES J.M. S.A.,450.0,570.0,750.0,840.0,720.0,1320.0,1080.0,1920.0,2640.0,1200.0,1620.0,2880.0,1434.0,1920.0,2400.0,600.0,1200.0,1500.0,1320.0,1590.0,2052.0,2700.0,3024.0,2592.0,4752.0,3888.0,6912.0,9504.0,4320.0,5832.0,10368.0,5162.4,6528.0,8160.0,2040.0,4080.0,5100.0,4488.0
9307.0,MOZZAPURA TACOS 2 KG.,DISTRIBUIDORES,RESTO DISTRIBUIDORES,000728-SAN LAMBERTO 2000 SL,240.0,36.0,72.0,180.0,96.0,162.0,132.0,156.0,168.0,48.0,24.0,48.0,132.0,228.0,144.0,120.0,0.0,120.0,0.0,1002.0,151.2,302.4,756.0,403.2,680.4,554.4,655.2,705.6,201.6,100.8,201.6,554.4,957.6,604.8,504.0,0.0,504.0,0.0
9307.0,MOZZAPURA TACOS 2 KG.,DISTRIBUIDORES,RESTO DISTRIBUIDORES,000741-DISTRIBUCIÓN DE LECHE EXTREMEÑA S.L. (BLOQ.),0.0,0.0,0.0,0.0,0.0,0.0,0.0,0.0,0.0,0.0,0.0,0.0,0.0,0.0,0.0,0.0,0.0,0.0,0.0,0.0,0.0,0.0,0.0,0.0,0.0,0.0,0.0,0.0,0.0,0.0,0.0,0.0,0.0,0.0,0.0,0.0,0.0,0.0
9307.0,MOZZAPURA TACOS 2 KG.,DISTRIBUIDORES,RESTO DISTRIBUIDORES,000776-COMERCIAL DIALVA S.A.,1680.0,720.0,1440.0,960.0,1440.0,2220.0,1920.0,2400.0,1440.0,1920.0,960.0,1920.0,960.0,1200.0,1920.0,1440.0,1320.0,1920.0,2400.0,6024.0,2592.0,5184.0,3456.0,5184.0,7992.0,6912.0,8640.0,5184.0,6912.0,3456.0,6912.0,3456.0,4320.0,6912.0,5184.0,4752.0,6912.0,8640.0
9307.0,MOZZAPURA TACOS 2 KG.,DISTRIBUIDORES,RESTO DISTRIBUIDORES,000791-CAZALEN S.L. (BLOQ.),78.0,54.0,36.0,54.0,24.0,0.0,0.0,0.0,0.0,0.0,0.0,0.0,0.0,0.0,0.0,0.0,0.0,0.0,0.0,323.4,226.8,151.2,226.8,100.8,0.0,0.0,0.0,0.0,0.0,0.0,0.0,0.0,0.0,0.0,0.0,0.0,0.0,0.0
9307.0,MOZZAPURA TACOS 2 KG.,DISTRIBUIDORES,RESTO DISTRIBUIDORES,"000836-DISTRIBUCIONES SERVERA, S.A.",0.0,0.0,0.0,0.0,0.0,0.0,0.0,0.0,0.0,0.0,0.0,0.0,0.0,0.0,0.0,0.0,0.0,0.0,0.0,0.0,0.0,0.0,0.0,0.0,0.0,0.0,0.0,0.0,0.0,0.0,0.0,0.0,0.0,0.0,0.0,0.0,0.0,0.0
9307.0,MOZZAPURA TACOS 2 KG.,DISTRIBUIDORES,RESTO DISTRIBUIDORES,"000855-CASA BASTIDA, S.L. ( BLOQ )",0.0,0.0,6.0,108.0,24.0,0.0,0.0,0.0,0.0,0.0,0.0,0.0,0.0,0.0,0.0,0.0,0.0,0.0,0.0,0.0,0.0,21.6,388.8,86.4,0.0,0.0,0.0,0.0,0.0,0.0,0.0,0.0,0.0,0.0,0.0,0.0,0.0,0.0
9307.0,MOZZAPURA TACOS 2 KG.,DISTRIBUIDORES,RESTO DISTRIBUIDORES,"000864-RISCALES ALIMENTACIÓN, S.L.",642.0,414.0,540.0,840.0,630.0,450.0,858.0,780.0,570.0,462.0,570.0,690.0,570.0,510.0,600.0,630.0,480.0,840.0,480.0,2624.52,1722.24,2246.4,3494.4,2620.8,1872.0,3569.28,3244.8,2371.2,1921.92,2371.2,2551.2,2052.0,1836.0,2160.0,2268.0,1728.0,3024.0,1728.0
9307.0,MOZZAPURA TACOS 2 KG.,DISTRIBUIDORES,RESTO DISTRIBUIDORES,000870-COMERCIAL LEÓN ZARAGOZA S.L.,0.0,0.0,0.0,0.0,0.0,0.0,0.0,0.0,0.0,0.0,0.0,0.0,0.0,0.0,0.0,0.0,0.0,0.0,0.0,0.0,0.0,0.0,0.0,0.0,0.0,0.0,0.0,0.0,0.0,0.0,0.0,0.0,0.0,0.0,0.0,0.0,0.0,0.0
9307.0,MOZZAPURA TACOS 2 KG.,DISTRIBUIDORES,RESTO DISTRIBUIDORES,"000890-OCEANÍA FOOD SELECTION, S.L. ( bloq)",0.0,120.0,0.0,60.0,0.0,0.0,0.0,0.0,0.0,0.0,0.0,0.0,0.0,0.0,0.0,0.0,0.0,0.0,0.0,0.0,499.2,0.0,249.6,0.0,0.0,0.0,0.0,0.0,0.0,0.0,0.0,0.0,0.0,0.0,0.0,0.0,0.0,0.0
9307.0,MOZZAPURA TACOS 2 KG.,DISTRIBUIDORES,RESTO DISTRIBUIDORES,"000914-HIJOS DE EUSEBIO CARRERAS, S.L. (BLOQ.)",0.0,36.0,0.0,84.0,96.0,48.0,96.0,120.0,210.0,0.0,0.0,0.0,0.0,0.0,0.0,0.0,0.0,0.0,0.0,0.0,129.6,0.0,331.8,379.2,189.6,379.2,474.0,829.5,0.0,0.0,0.0,0.0,0.0,0.0,0.0,0.0,0.0,0.0
9307.0,MOZZAPURA TACOS 2 KG.,DISTRIBUIDORES,RESTO DISTRIBUIDORES,"000937-SEÑORIO DE ARCE, S.L.",0.0,0.0,0.0,0.0,0.0,0.0,0.0,0.0,0.0,18.0,0.0,18.0,0.0,0.0,0.0,0.0,0.0,0.0,0.0,0.0,0.0,0.0,0.0,0.0,0.0,0.0,0.0,0.0,64.8,0.0,64.8,0.0,0.0,0.0,0.0,0.0,0.0,0.0
9307.0,MOZZAPURA TACOS 2 KG.,DISTRIBUIDORES,RESTO DISTRIBUIDORES,"000943-QUESOS JOMI, S.L. ( BLOQ )",0.0,0.0,0.0,0.0,0.0,0.0,0.0,0.0,0.0,120.0,0.0,0.0,0.0,0.0,0.0,0.0,0.0,0.0,0.0,0.0,0.0,0.0,0.0,0.0,0.0,0.0,0.0,0.0,499.2,0.0,0.0,0.0,0.0,0.0,0.0,0.0,0.0,0.0
9307.0,MOZZAPURA TACOS 2 KG.,DISTRIBUIDORES,RESTO DISTRIBUIDORES,000950-GRUP ALIMENTARI DISTECO S.A,0.0,0.0,0.0,0.0,0.0,0.0,0.0,0.0,0.0,0.0,0.0,42.0,150.0,0.0,0.0,30.0,30.0,0.0,60.0,0.0,0.0,0.0,0.0,0.0,0.0,0.0,0.0,0.0,0.0,0.0,151.2,540.0,0.0,0.0,108.0,108.0,0.0,216.0
9307.0,MOZZAPURA TACOS 2 KG.,DISTRIBUIDORES,RESTO DISTRIBUIDORES,000957-VASCOFRIGO S.L.,0.0,0.0,0.0,0.0,0.0,0.0,0.0,0.0,0.0,0.0,0.0,0.0,60.0,78.0,60.0,0.0,120.0,120.0,120.0,0.0,0.0,0.0,0.0,0.0,0.0,0.0,0.0,0.0,0.0,0.0,0.0,252.0,327.6,252.0,0.0,504.0,504.0,504.0
9307.0,MOZZAPURA TACOS 2 KG.,DISTRIBUIDORES,RESTO DISTRIBUIDORES,"000962-JAUME FERRER I FILLS, S.L.",0.0,0.0,0.0,0.0,0.0,0.0,0.0,0.0,0.0,0.0,0.0,0.0,0.0,6.0,0.0,0.0,0.0,0.0,0.0,0.0,0.0,0.0,0.0,0.0,0.0,0.0,0.0,0.0,0.0,0.0,0.0,0.0,24.96,0.0,0.0,0.0,0.0,0.0
9307.0,MOZZAPURA TACOS 2 KG.,DISTRIBUIDORES,RESTO DISTRIBUIDORES,000983-DISHORE S.L.,0.0,0.0,0.0,0.0,0.0,0.0,0.0,0.0,0.0,0.0,0.0,0.0,0.0,0.0,0.0,0.0,0.0,120.0,120.0,0.0,0.0,0.0,0.0,0.0,0.0,0.0,0.0,0.0,0.0,0.0,0.0,0.0,0.0,0.0,0.0,0.0,499.2,499.2
9307.0,MOZZAPURA TACOS 2 KG.,DISTRIBUIDORES,RESTO DISTRIBUIDORES,000987-LPA ALIMENTACION S.L.,0.0,0.0,0.0,0.0,0.0,0.0,0.0,0.0,0.0,0.0,0.0,0.0,0.0,0.0,0.0,0.0,0.0,36.0,0.0,0.0,0.0,0.0,0.0,0.0,0.0,0.0,0.0,0.0,0.0,0.0,0.0,0.0,0.0,0.0,0.0,0.0,129.6,0.0
9307.0,MOZZAPURA TACOS 2 KG.,EXPORT,RESTO EXPORT,000800-SEGREDOS IBÉRICOS COMERCIALIZACAO E,0.0,0.0,0.0,0.0,0.0,0.0,0.0,0.0,0.0,0.0,0.0,0.0,0.0,0.0,0.0,0.0,480.0,480.0,0.0,0.0,0.0,0.0,0.0,0.0,0.0,0.0,0.0,0.0,0.0,0.0,0.0,0.0,0.0,0.0,0.0,2376.0,2472.0,0.0
9307.0,MOZZAPURA TACOS 2 KG.,EXPORT,RESTO EXPORT,000847-L.H.R. LDA. ( BLOQ),0.0,0.0,0.0,0.0,0.0,0.0,0.0,0.0,0.0,0.0,0.0,0.0,0.0,0.0,0.0,0.0,0.0,0.0,0.0,0.0,0.0,0.0,0.0,0.0,0.0,0.0,0.0,0.0,0.0,0.0,0.0,0.0,0.0,0.0,0.0,0.0,0.0,0.0
9307.0,MOZZAPURA TACOS 2 KG.,INDUSTRIALES & FOOD SERVICE,RESTO INDUSTRIALES & FOODSERVICE,"000828-QUE S LIDER, S.L.",36.0,108.0,168.0,162.0,36.0,828.0,46.0,120.0,36.0,84.0,72.0,144.0,90.0,120.0,210.0,240.0,300.0,600.0,120.0,129.6,388.8,604.8,583.2,129.6,2980.8,165.6,432.0,129.6,302.4,259.2,518.4,324.0,432.0,756.0,864.0,1080.0,2160.0,432.0
9307.0,MOZZAPURA TACOS 2 KG.,INDUSTRIALES & FOOD SERVICE,RESTO INDUSTRIALES & FOODSERVICE,000918-2013 DON PIZZA S.L.,0.0,1440.0,2400.0,2400.0,2400.0,3360.0,2400.0,4320.0,480.0,3360.0,2400.0,2880.0,1920.0,0.0,0.0,0.0,0.0,0.0,0.0,0.0,5184.0,8640.0,8640.0,8640.0,12096.0,8640.0,15552.0,1728.0,12096.0,8640.0,10368.0,6912.0,0.0,0.0,0.0,0.0,0.0,0.0
9326.0,QUESO MASCARPONE 500 G.,DISTRIBUIDORES,PROVISIONES SUROESTE,"000879-PROVISIONES SUROESTE, S.L.",0.0,24.0,0.0,0.0,24.0,0.0,24.0,8.0,40.0,0.0,0.0,8.0,0.0,12.0,8.0,4.0,8.0,0.0,8.0,0.0,206.88,0.0,0.0,206.88,0.0,206.88,68.96,344.8,0.0,0.0,68.96,0.0,101.64,67.76,33.88,67.76,0.0,67.76
9326.0,QUESO MASCARPONE 500 G.,DISTRIBUIDORES,RESTO DISTRIBUIDORES,"000646-EL ESPEJO HOSTELERO, S.A.",32.0,40.0,60.0,60.0,20.0,48.0,52.0,24.0,72.0,64.0,56.0,112.0,24.0,112.0,48.0,0.0,48.0,48.0,0.0,310.72,388.4,582.6,582.6,194.2,466.08,504.92,233.04,699.12,621.44,543.76,1087.52,241.44,1126.72,482.88,0.0,482.88,482.88,0.0
9326.0,QUESO MASCARPONE 500 G.,DISTRIBUIDORES,RESTO DISTRIBUIDORES,"000675-CORPORACIÓN LÁCTEA DEL NORTE, S.L.",0.0,0.0,0.0,0.0,0.0,12.0,32.0,0.0,8.0,0.0,16.0,16.0,24.0,0.0,16.0,0.0,0.0,0.0,0.0,0.0,0.0,0.0,0.0,0.0,115.2,307.2,0.0,76.8,0.0,153.6,153.6,230.4,0.0,159.2,0.0,0.0,0.0,0.0
9326.0,QUESO MASCARPONE 500 G.,DISTRIBUIDORES,RESTO DISTRIBUIDORES,000676-EXCLUSIVAS ALIMENTARIAS 1998 S.L. (BLOQ.),20.0,0.0,16.0,0.0,24.0,8.0,28.0,8.0,8.0,8.0,16.0,16.0,16.0,0.0,0.0,0.0,0.0,0.0,0.0,199.0,0.0,159.2,0.0,238.8,79.6,278.6,79.6,79.6,84.0,168.0,168.0,173.6,0.0,0.0,0.0,0.0,0.0,0.0
9326.0,QUESO MASCARPONE 500 G.,DISTRIBUIDORES,RESTO DISTRIBUIDORES,"000709-DISTRIBUCIONES MONTEVERDE, S.L.U. ( BLOQ)",0.0,0.0,0.0,0.0,8.0,12.0,0.0,0.0,0.0,0.0,0.0,0.0,0.0,0.0,0.0,0.0,0.0,0.0,0.0,0.0,0.0,0.0,0.0,36.48,109.44,0.0,0.0,0.0,0.0,0.0,0.0,0.0,0.0,0.0,0.0,0.0,0.0,0.0
9326.0,QUESO MASCARPONE 500 G.,DISTRIBUIDORES,RESTO DISTRIBUIDORES,"000710-SELECCIO REGISA, S.L.",56.0,24.0,68.0,88.0,92.0,100.0,180.0,100.0,152.0,60.0,16.0,40.0,0.0,40.0,176.0,48.0,144.0,160.0,144.0,543.76,233.04,660.28,854.48,893.32,971.0,1747.8,971.0,1475.92,582.6,155.36,388.4,0.0,402.4,1770.56,482.88,1448.64,1609.6,1448.64
9326.0,QUESO MASCARPONE 500 G.,DISTRIBUIDORES,RESTO DISTRIBUIDORES,"000734-UDIAL, S.A. (BLOQ.)",0.0,4.0,4.0,12.0,8.0,12.0,0.0,0.0,0.0,0.0,0.0,0.0,0.0,0.0,0.0,0.0,0.0,0.0,0.0,0.0,44.2,44.2,132.6,88.4,132.6,0.0,0.0,0.0,0.0,0.0,0.0,0.0,0.0,0.0,0.0,0.0,0.0,0.0
9326.0,QUESO MASCARPONE 500 G.,DISTRIBUIDORES,RESTO DISTRIBUIDORES,"000763-BENIBALDO, S.A.U. (BLOQ.)",0.0,0.0,0.0,16.0,0.0,0.0,0.0,0.0,0.0,0.0,0.0,0.0,0.0,0.0,0.0,0.0,0.0,0.0,0.0,0.0,0.0,0.0,159.2,0.0,0.0,0.0,0.0,0.0,0.0,0.0,0.0,0.0,0.0,0.0,0.0,0.0,0.0,0.0
9326.0,QUESO MASCARPONE 500 G.,DISTRIBUIDORES,RESTO DISTRIBUIDORES,"000822-JASLA HOSTELERIA, S.L. (BLOQ.)",0.0,0.0,0.0,0.0,0.0,0.0,0.0,0.0,0.0,0.0,0.0,0.0,0.0,0.0,0.0,0.0,0.0,0.0,0.0,0.0,0.0,0.0,0.0,0.0,0.0,0.0,0.0,0.0,0.0,0.0,0.0,0.0,0.0,0.0,0.0,0.0,0.0,0.0
9326.0,QUESO MASCARPONE 500 G.,DISTRIBUIDORES,RESTO DISTRIBUIDORES,"000854-EL CONCHEL D´GUSTO, S.L.U. (BLOQ.)",12.0,4.0,4.0,0.0,0.0,0.0,0.0,0.0,0.0,0.0,0.0,0.0,0.0,0.0,0.0,0.0,0.0,0.0,0.0,119.4,39.8,39.8,0.0,0.0,0.0,0.0,0.0,0.0,0.0,0.0,0.0,0.0,0.0,0.0,0.0,0.0,0.0,0.0
9326.0,QUESO MASCARPONE 500 G.,DISTRIBUIDORES,RESTO DISTRIBUIDORES,"000864-RISCALES ALIMENTACIÓN, S.L.",0.0,0.0,0.0,8.0,4.0,0.0,0.0,0.0,4.0,4.0,4.0,8.0,0.0,4.0,4.0,0.0,40.0,0.0,4.0,0.0,0.0,0.0,79.6,39.8,0.0,0.0,0.0,39.8,39.8,39.8,78.64,0.0,40.24,40.24,0.0,402.4,0.0,40.24
9326.0,QUESO MASCARPONE 500 G.,DISTRIBUIDORES,RESTO DISTRIBUIDORES,"000890-OCEANÍA FOOD SELECTION, S.L. ( bloq)",0.0,16.0,32.0,0.0,0.0,0.0,0.0,0.0,0.0,0.0,0.0,0.0,0.0,0.0,0.0,0.0,0.0,0.0,0.0,0.0,156.96,313.92,0.0,0.0,0.0,0.0,0.0,0.0,0.0,0.0,0.0,0.0,0.0,0.0,0.0,0.0,0.0,0.0
9326.0,QUESO MASCARPONE 500 G.,INDUSTRIALES & FOOD SERVICE,RESTO INDUSTRIALES & FOODSERVICE,"000753-PIZZERÍA TOTÓ VITORIA, S.C. (BLOQ.)",4.0,0.0,4.0,4.0,4.0,4.0,0.0,0.0,0.0,0.0,0.0,0.0,0.0,0.0,0.0,0.0,0.0,0.0,0.0,44.4,0.0,44.4,44.4,44.4,44.4,0.0,0.0,0.0,0.0,0.0,0.0,0.0,0.0,0.0,0.0,0.0,0.0,0.0
9334.0,BLOCK GRATING FOOD PREPARATION,EXPORT,RESTO EXPORT,000508-QUALITY FOODS MARKETING,0.0,0.0,2849.78,0.0,0.0,2853.78,0.0,2855.78,0.0,2877.78,0.0,2929.78,0.0,0.0,0.0,2895.28,0.0,0.0,2924.78,0.0,0.0,11798.09,0.0,0.0,11814.65,0.0,11822.93,0.0,11914.01,0.0,12129.29,0.0,0.0,0.0,11494.26,0.0,0.0,11611.38
9342.0,CHEDDAR ROJO RALLADO 1 KG.,RETAIL,EUROMADI,"000512-TRANSGOURMET IBÉRICA, SAU",0.0,0.0,0.0,0.0,0.0,0.0,0.0,0.0,0.0,0.0,0.0,0.0,0.0,0.0,0.0,0.0,0.0,0.0,0.0,0.0,0.0,0.0,0.0,0.0,0.0,0.0,0.0,0.0,0.0,0.0,0.0,0.0,0.0,0.0,0.0,0.0,0.0,0.0
9342.0,CHEDDAR ROJO RALLADO 1 KG.,RETAIL,OTROS RETAILERS,"000569-COSTCO WHOLESALE SPAIN,  S.L.U (1200003713)",1350.0,930.0,1430.0,2050.0,1370.0,670.0,1180.0,1430.0,1910.0,400.0,2040.0,900.0,1840.0,590.0,1230.0,1560.0,1890.0,960.0,600.0,11151.0,7681.8,11811.8,16933.0,11316.2,5534.2,9746.8,11811.8,15776.6,3304.0,16850.4,7434.0,15198.4,4873.4,10159.8,12885.6,15611.4,7929.6,4956.0
9345.0,MOZZARELLA FRESCA 6 UNIDADES,DISTRIBUIDORES,PROVISIONES SUROESTE,"000879-PROVISIONES SUROESTE, S.L.",150.0,229.5,330.75,468.75,313.5,472.5,48.75,0.0,0.0,0.0,0.0,0.0,0.0,0.0,0.0,0.0,0.0,0.0,0.0,952.51,1457.33,2100.27,2976.58,1990.74,3000.37,309.56,0.0,0.0,0.0,0.0,0.0,0.0,0.0,0.0,0.0,0.0,0.0,0.0
9345.0,MOZZARELLA FRESCA 6 UNIDADES,DISTRIBUIDORES,RESTO DISTRIBUIDORES,"000006-LISARDO ISMAEL FERNANDEZ RAMIREZ, S.A. (BLOQ.)",0.0,0.0,0.0,2.25,0.75,0.0,0.0,0.0,0.0,0.0,0.0,0.0,0.0,0.0,0.0,0.0,0.0,0.0,0.0,0.0,0.0,0.0,16.25,5.42,0.0,0.0,0.0,0.0,0.0,0.0,0.0,0.0,0.0,0.0,0.0,0.0,0.0,0.0
9345.0,MOZZARELLA FRESCA 6 UNIDADES,DISTRIBUIDORES,RESTO DISTRIBUIDORES,"000038-LÁCTEOS MENDI, S.L.",41.25,75.0,105.0,101.25,101.25,0.0,0.0,0.0,0.0,0.0,0.0,0.0,0.0,0.0,0.0,0.0,0.0,0.0,0.0,274.31,498.76,698.25,673.32,673.32,0.0,0.0,0.0,0.0,0.0,0.0,0.0,0.0,0.0,0.0,0.0,0.0,0.0,0.0
9345.0,MOZZARELLA FRESCA 6 UNIDADES,DISTRIBUIDORES,RESTO DISTRIBUIDORES,"000643-ORTHIDAL, S.L.",90.0,41.25,30.0,113.25,30.0,0.0,0.0,0.0,0.0,0.0,0.0,0.0,0.0,0.0,0.0,0.0,0.0,0.0,0.0,598.51,274.32,199.5,753.13,199.5,0.0,0.0,0.0,0.0,0.0,0.0,0.0,0.0,0.0,0.0,0.0,0.0,0.0,0.0
9345.0,MOZZARELLA FRESCA 6 UNIDADES,DISTRIBUIDORES,RESTO DISTRIBUIDORES,000651-COMERGRAN S.L.,0.0,3.75,4.5,14.25,8.25,6.75,0.0,0.0,0.0,0.0,0.0,0.0,0.0,0.0,0.0,0.0,0.0,0.0,0.0,0.0,24.7,28.56,90.47,52.38,42.86,0.0,0.0,0.0,0.0,0.0,0.0,0.0,0.0,0.0,0.0,0.0,0.0,0.0
9345.0,MOZZARELLA FRESCA 6 UNIDADES,DISTRIBUIDORES,RESTO DISTRIBUIDORES,000654-COMERCIAL PINAMAS S.L.,15.0,46.5,39.75,27.0,36.0,0.0,0.0,0.0,0.0,0.0,0.0,0.0,0.0,0.0,0.0,0.0,0.0,0.0,0.0,99.76,309.23,264.34,179.56,239.41,0.0,0.0,0.0,0.0,0.0,0.0,0.0,0.0,0.0,0.0,0.0,0.0,0.0,0.0
9345.0,MOZZARELLA FRESCA 6 UNIDADES,DISTRIBUIDORES,RESTO DISTRIBUIDORES,"000709-DISTRIBUCIONES MONTEVERDE, S.L.U. ( BLOQ)",0.0,0.0,0.0,0.0,0.0,37.5,0.0,0.0,0.0,0.0,0.0,0.0,0.0,0.0,0.0,0.0,0.0,0.0,0.0,0.0,0.0,0.0,0.0,0.0,288.75,0.0,0.0,0.0,0.0,0.0,0.0,0.0,0.0,0.0,0.0,0.0,0.0,0.0
9345.0,MOZZARELLA FRESCA 6 UNIDADES,DISTRIBUIDORES,RESTO DISTRIBUIDORES,"000710-SELECCIO REGISA, S.L.",0.0,2.25,0.0,15.75,0.0,0.0,0.0,0.0,0.0,0.0,0.0,0.0,0.0,0.0,0.0,0.0,0.0,0.0,0.0,0.0,16.99,0.0,118.92,0.0,0.0,0.0,0.0,0.0,0.0,0.0,0.0,0.0,0.0,0.0,0.0,0.0,0.0,0.0
9345.0,MOZZARELLA FRESCA 6 UNIDADES,DISTRIBUIDORES,RESTO DISTRIBUIDORES,000711-DISTRIBUCIONES J.M. S.A.,15.0,15.0,15.0,11.25,15.0,0.0,0.0,0.0,0.0,0.0,0.0,0.0,0.0,0.0,0.0,0.0,0.0,0.0,0.0,99.76,99.76,99.76,74.82,99.76,0.0,0.0,0.0,0.0,0.0,0.0,0.0,0.0,0.0,0.0,0.0,0.0,0.0,0.0
9345.0,MOZZARELLA FRESCA 6 UNIDADES,DISTRIBUIDORES,RESTO DISTRIBUIDORES,000776-COMERCIAL DIALVA S.A.,18.75,27.0,50.25,34.5,49.5,21.0,0.0,0.0,0.0,0.0,0.0,0.0,0.0,0.0,0.0,0.0,0.0,0.0,0.0,124.69,179.55,324.19,229.44,329.19,139.66,0.0,0.0,0.0,0.0,0.0,0.0,0.0,0.0,0.0,0.0,0.0,0.0,0.0
9345.0,MOZZARELLA FRESCA 6 UNIDADES,DISTRIBUIDORES,RESTO DISTRIBUIDORES,000790-PALENZUELA LOGISTICA S.L.,21.0,2.5,0.0,0.0,-1.0,0.0,0.0,0.0,0.0,0.0,0.0,0.0,0.0,0.0,0.0,0.0,0.0,0.0,0.0,161.7,13.36,0.0,0.0,-6.27,0.0,0.0,0.0,0.0,0.0,0.0,0.0,0.0,0.0,0.0,0.0,0.0,0.0,0.0
9345.0,MOZZARELLA FRESCA 6 UNIDADES,DISTRIBUIDORES,RESTO DISTRIBUIDORES,000816-CARLAFEX S.L.,127.5,120.0,97.5,96.75,127.5,172.5,0.0,0.0,0.0,0.0,0.0,0.0,0.0,0.0,0.0,0.0,0.0,0.0,0.0,809.78,762.01,619.13,614.37,809.64,1095.38,0.0,0.0,0.0,0.0,0.0,0.0,0.0,0.0,0.0,0.0,0.0,0.0,0.0
9345.0,MOZZARELLA FRESCA 6 UNIDADES,DISTRIBUIDORES,RESTO DISTRIBUIDORES,"000854-EL CONCHEL D´GUSTO, S.L.U. (BLOQ.)",0.0,0.0,0.0,0.0,0.0,0.0,0.0,0.0,0.0,0.0,0.0,0.0,0.0,0.0,0.0,0.0,0.0,0.0,0.0,0.0,0.0,0.0,0.0,0.0,0.0,0.0,0.0,0.0,0.0,0.0,0.0,0.0,0.0,0.0,0.0,0.0,0.0,0.0
9345.0,MOZZARELLA FRESCA 6 UNIDADES,DISTRIBUIDORES,RESTO DISTRIBUIDORES,"000858-COVADUL FAST FOOD, S.L.",7.5,5.25,12.0,10.5,9.0,0.0,0.0,0.0,0.0,0.0,0.0,0.0,0.0,0.0,0.0,0.0,0.0,0.0,0.0,49.88,34.91,79.8,69.83,59.86,0.0,0.0,0.0,0.0,0.0,0.0,0.0,0.0,0.0,0.0,0.0,0.0,0.0,0.0
9345.0,MOZZARELLA FRESCA 6 UNIDADES,DISTRIBUIDORES,RESTO DISTRIBUIDORES,"000864-RISCALES ALIMENTACIÓN, S.L.",0.0,0.0,0.0,6.0,3.0,0.0,0.0,0.0,0.0,0.0,0.0,0.0,0.0,0.0,0.0,0.0,0.0,0.0,0.0,0.0,0.0,0.0,41.7,20.85,0.0,0.0,0.0,0.0,0.0,0.0,0.0,0.0,0.0,0.0,0.0,0.0,0.0,0.0
9345.0,MOZZARELLA FRESCA 6 UNIDADES,DISTRIBUIDORES,RESTO DISTRIBUIDORES,"000865-DISALCON95, S.L.",0.0,0.0,0.0,0.0,0.0,0.0,0.0,0.0,0.0,0.0,0.0,0.0,0.0,0.0,0.0,0.0,0.0,0.0,0.0,0.0,0.0,0.0,0.0,0.0,0.0,0.0,0.0,0.0,0.0,0.0,0.0,0.0,0.0,0.0,0.0,0.0,0.0,0.0
9345.0,MOZZARELLA FRESCA 6 UNIDADES,DISTRIBUIDORES,RESTO DISTRIBUIDORES,"000890-OCEANÍA FOOD SELECTION, S.L. ( bloq)",0.0,0.0,6.0,4.5,0.0,0.0,0.0,0.0,0.0,0.0,0.0,0.0,0.0,0.0,0.0,0.0,0.0,0.0,0.0,0.0,0.0,44.16,33.12,0.0,0.0,0.0,0.0,0.0,0.0,0.0,0.0,0.0,0.0,0.0,0.0,0.0,0.0,0.0
9345.0,MOZZARELLA FRESCA 6 UNIDADES,INDUSTRIALES & FOOD SERVICE,RESTO INDUSTRIALES & FOODSERVICE,000727-ORTEGA 1939 S.L.,6.0,6.0,0.0,3.0,3.0,-0.75,0.0,0.0,0.0,0.0,0.0,0.0,0.0,0.0,0.0,0.0,0.0,0.0,0.0,43.88,43.88,0.0,21.94,21.94,-5.51,0.0,0.0,0.0,0.0,0.0,0.0,0.0,0.0,0.0,0.0,0.0,0.0,0.0
9345.0,MOZZARELLA FRESCA 6 UNIDADES,RETAIL,IFA,000597-AHORRAMAS S.A.,9072.0,9261.0,10205.625,8505.0,6804.0,0.0,0.0,0.0,0.0,0.0,0.0,0.0,0.0,0.0,0.0,0.0,0.0,0.0,0.0,53887.68,54999.2,60619.18,50516.73,40412.79,0.0,0.0,0.0,0.0,0.0,0.0,0.0,0.0,0.0,0.0,0.0,0.0,0.0,0.0
9345.0,MOZZARELLA FRESCA 6 UNIDADES,RETAIL,IFA,000823-HIPER USERA S.L.,320.25,250.5,348.75,159.0,376.5,150.0,108.0,0.0,0.0,0.0,0.0,0.0,0.0,0.0,0.0,0.0,0.0,0.0,0.0,2100.84,1643.28,2287.8,1043.04,2469.84,984.0,708.48,0.0,0.0,0.0,0.0,0.0,0.0,0.0,0.0,0.0,0.0,0.0,0.0
9345.0,MOZZARELLA FRESCA 6 UNIDADES,RETAIL,OTROS RETAILERS,000824-GRUPO HERMANOS MARTÍN S.A. ( BLOQ),0.0,0.0,0.0,0.0,0.0,0.0,0.0,0.0,0.0,0.0,0.0,0.0,0.0,0.0,0.0,0.0,0.0,0.0,0.0,0.0,0.0,0.0,0.0,0.0,0.0,0.0,0.0,0.0,0.0,0.0,0.0,0.0,0.0,0.0,0.0,0.0,0.0,0.0
9361.0,FRESH MOZZARELLA FIOR DI VITA 125 g,EXPORT,RESTO EXPORT,000508-QUALITY FOODS MARKETING,283.5,283.5,283.5,472.5,472.5,283.5,283.5,472.5,472.5,378.0,378.0,0.0,378.0,378.0,378.0,378.0,189.0,567.0,378.0,1831.41,1831.41,1831.41,3052.35,3052.35,1831.41,1831.41,3052.35,3052.35,2441.88,2441.88,0.0,2441.88,2441.88,2441.88,2441.88,1220.94,3662.82,2441.88
9362.0,FRESH MOZZARELLA PEARLS FIOR DI VITA 150 g,EXPORT,RESTO EXPORT,000508-QUALITY FOODS MARKETING,691.2,460.8,460.8,921.6,691.2,921.6,691.2,691.2,921.6,460.8,691.2,460.8,691.2,460.8,691.2,691.2,691.2,921.6,460.8,5778.42,3852.28,3852.28,7704.56,5778.42,7704.56,5778.43,5778.43,7704.57,3852.28,5778.42,3852.28,5778.42,3852.28,5778.42,5778.42,5778.42,7704.56,3852.28
9363.0,GRATED CHEDDAR MILD FIOR DI VITA 180 g,EXPORT,RESTO EXPORT,000508-QUALITY FOODS MARKETING,1382.4,691.2,691.2,1728.0,691.2,691.2,1036.8,345.6,1036.8,0.0,0.0,0.0,0.0,0.0,0.0,0.0,0.0,0.0,0.0,10630.66,5315.32,5315.32,13288.31,5315.33,5315.33,7972.99,2657.66,7972.99,0.0,0.0,0.0,0.0,0.0,0.0,0.0,0.0,0.0,0.0
9364.0,GRATED MOZZARELLA FIOR DI VITA 180 g,EXPORT,RESTO EXPORT,000508-QUALITY FOODS MARKETING,2764.8,1382.4,1728.0,2419.2,2073.6,1382.4,2419.2,691.2,2073.6,0.0,0.0,2073.6,0.0,0.0,0.0,0.0,0.0,0.0,0.0,19160.06,9580.03,11975.04,16765.06,14370.04,9580.03,16765.05,4790.02,14370.05,0.0,0.0,14370.05,0.0,0.0,0.0,0.0,0.0,0.0,0.0
9365.0,MIX 4 CHEESES GRATED FIOR DI VITA 180 g,EXPORT,RESTO EXPORT,000508-QUALITY FOODS MARKETING,1382.4,0.0,1036.8,1036.8,1382.4,691.2,691.2,691.2,1382.4,691.2,2419.2,1036.8,691.2,976.32,0.0,0.0,0.0,0.0,0.0,10630.66,0.0,7972.99,7972.99,10630.66,5315.33,5315.32,5315.33,10630.65,5315.33,18603.65,7972.99,5315.33,7507.9,0.0,0.0,0.0,0.0,0.0
9376.0,"RALLADO GRATINAR HORECA HILO 1,5 KG",CASH & CARRY,MAKRO,000615-MAKRO DISTRIBUCIÓN MAYORISTA SA (BLOQ.),3780.0,0.0,0.0,0.0,0.0,0.0,0.0,0.0,0.0,0.0,0.0,0.0,0.0,0.0,0.0,0.0,0.0,0.0,0.0,13202.41,0.0,0.0,0.0,0.0,0.0,0.0,0.0,0.0,0.0,0.0,0.0,0.0,0.0,0.0,0.0,0.0,0.0,0.0
9376.0,"RALLADO GRATINAR HORECA HILO 1,5 KG",CASH & CARRY,MAKRO,000721-MAKRO CASH & CARRY PORTUGAL S.A.,0.0,0.0,0.0,0.0,0.0,0.0,0.0,0.0,0.0,0.0,0.0,300.0,432.0,396.0,348.0,432.0,504.0,552.0,540.0,0.0,0.0,0.0,0.0,0.0,0.0,0.0,0.0,0.0,0.0,0.0,939.0,1352.16,1239.48,1089.24,1352.16,1577.52,1727.76,1690.2
9376.0,"RALLADO GRATINAR HORECA HILO 1,5 KG",CASH & CARRY,MAKRO,000912-MAKRO DISTRIBUCIÓN MAYORISTA SA,1056.0,5784.0,6492.0,8460.0,8976.0,6684.0,8748.0,9084.0,12336.0,6312.0,6444.0,8868.0,6660.0,6816.0,7608.0,8088.0,7620.0,9396.0,7896.0,3131.04,17149.56,19248.78,25083.9,26613.84,19818.06,25937.82,26934.06,36576.25,18715.08,19106.46,26293.62,19746.9,20209.44,22557.72,23980.92,22593.3,27859.14,23411.64
9377.0,"RALLADO PARA PIZZA HORECA TIRAS 1,5 KG.",CASH & CARRY,MAKRO,000615-MAKRO DISTRIBUCIÓN MAYORISTA SA (BLOQ.),3564.0,0.0,0.0,0.0,0.0,12.0,0.0,0.0,0.0,0.0,0.0,0.0,0.0,0.0,0.0,0.0,0.0,0.0,0.0,11673.17,0.0,0.0,0.0,0.0,37.05,0.0,0.0,0.0,0.0,0.0,0.0,0.0,0.0,0.0,0.0,0.0,0.0,0.0
9377.0,"RALLADO PARA PIZZA HORECA TIRAS 1,5 KG.",CASH & CARRY,MAKRO,000912-MAKRO DISTRIBUCIÓN MAYORISTA SA,1428.0,5688.0,5292.0,6684.0,6420.0,5988.0,8712.0,10188.0,10426.5,6816.0,6312.0,8412.0,6912.0,7452.0,10284.0,10548.0,7728.0,11340.0,9636.0,3953.26,15746.64,14650.33,18503.98,17773.09,16577.17,24118.28,28204.43,28864.7,18869.4,17474.14,23287.77,19135.17,20630.1,28470.21,29201.09,21394.18,31393.67,26676.29
9378.0,RALLADO MOZZARELLA 50 PIZZA TACOS 2 KG.,CASH & CARRY,MAKRO,000615-MAKRO DISTRIBUCIÓN MAYORISTA SA (BLOQ.),1890.0,0.0,0.0,0.0,0.0,0.0,-120.0,0.0,0.0,0.0,0.0,0.0,0.0,0.0,0.0,0.0,0.0,0.0,0.0,8062.74,0.0,0.0,0.0,0.0,0.0,-511.92,0.0,0.0,0.0,0.0,0.0,0.0,0.0,0.0,0.0,0.0,0.0,0.0
9378.0,RALLADO MOZZARELLA 50 PIZZA TACOS 2 KG.,CASH & CARRY,MAKRO,000912-MAKRO DISTRIBUCIÓN MAYORISTA SA,1296.0,3054.0,3918.0,4590.0,4548.0,3438.0,5310.0,5616.0,5460.0,3930.0,3930.0,3252.0,3504.0,2670.0,4308.0,4308.0,3864.0,4086.0,4422.0,4748.79,11190.47,14356.31,16818.67,16664.81,12597.51,19456.91,20578.14,20006.56,14400.31,14400.3,11915.98,12839.35,9783.41,15785.38,15785.4,14158.47,14971.92,16203.08
9381.0,MIX ESPECIAL NACHOS,DISTRIBUIDORES,RESTO DISTRIBUIDORES,000589-CONVENIENCE FOOD S.L.U.,1500.0,600.0,1746.0,600.0,1200.0,2100.0,600.0,1500.0,300.0,1200.0,900.0,1200.0,600.0,600.0,1500.0,900.0,900.0,1200.0,1200.0,6105.0,2442.0,7106.22,2442.0,4884.0,8547.0,2442.0,6105.0,1221.0,4884.0,3663.0,4884.0,2442.0,2442.0,6105.0,3663.0,3663.0,4884.0,4884.0
9415.0,SUERO LIQUIDO,LECHE Y SUERO,LECHE Y SUERO,000384-SUROLAIT S.A.,0.0,0.0,0.0,0.0,0.0,282550.0,214020.0,898208.0,313515.0,826444.0,272697.0,560078.0,371042.0,496786.0,843369.0,0.0,0.0,262123.0,382376.0,0.0,0.0,0.0,0.0,0.0,2260.4,1712.16,7185.66,2508.11,6611.57,2181.59,4480.6,2968.35,3974.28,6746.96,0.0,0.0,2096.99,3059.01
9415.0,SUERO LIQUIDO,LECHE Y SUERO,LECHE Y SUERO,"000537-FOMENTO LÁCTEO, S.L.",0.0,0.0,254040.0,0.0,0.0,0.0,0.0,0.0,0.0,0.0,0.0,0.0,0.0,0.0,0.0,0.0,0.0,0.0,0.0,0.0,0.0,2032.34,0.0,0.0,0.0,0.0,0.0,0.0,0.0,0.0,0.0,0.0,0.0,0.0,0.0,0.0,0.0,0.0
9415.0,SUERO LIQUIDO,TORRE,TORRE,"000389-LECHES MATERNIZADAS, S.A.",0.0,0.0,0.0,0.0,0.0,0.0,0.0,0.0,0.0,0.0,0.0,0.0,0.0,0.0,0.0,0.0,0.0,0.0,0.0,0.0,0.0,0.0,0.0,0.0,0.0,0.0,0.0,0.0,0.0,0.0,0.0,0.0,0.0,0.0,0.0,0.0,0.0,0.0
9418.0,QUESO CHEDDAR ROJO FUNDIDO TACOS 2 KG.,INDUSTRIALES & FOOD SERVICE,RESTO INDUSTRIALES & FOODSERVICE,000003-CAMPOFRIO FOOD GROUP S.A.,0.0,0.0,0.0,0.0,0.0,0.0,0.0,0.0,0.0,0.0,0.0,0.0,0.0,0.0,0.0,0.0,0.0,0.0,0.0,0.0,0.0,0.0,0.0,0.0,0.0,0.0,0.0,0.0,0.0,0.0,0.0,0.0,0.0,0.0,0.0,0.0,0.0,0.0
9435.0,MANTEQUILLA EXTERIOR BLOQUE 25 KG.,DISTRIBUIDORES,PROVISIONES SUROESTE,"000879-PROVISIONES SUROESTE, S.L.",0.0,0.0,0.0,0.0,0.0,0.0,3050.0,6000.0,1000.0,1000.0,0.0,975.0,1000.0,1000.0,3000.0,800.0,1600.0,0.0,0.0,0.0,0.0,0.0,0.0,0.0,0.0,23790.0,46800.0,7800.0,7800.0,0.0,7605.0,6800.0,6800.0,20400.0,5440.0,10400.0,0.0,0.0
9435.0,MANTEQUILLA EXTERIOR BLOQUE 25 KG.,DISTRIBUIDORES,PROVISIONES SUROESTE,"000917-PROVISIONES SUROESTE, S.L.",0.0,0.0,0.0,0.0,1000.0,0.0,0.0,0.0,0.0,0.0,0.0,0.0,0.0,0.0,0.0,0.0,0.0,0.0,0.0,0.0,0.0,0.0,0.0,7800.0,0.0,0.0,0.0,0.0,0.0,0.0,0.0,0.0,0.0,0.0,0.0,0.0,0.0,0.0
9458.0,LONCHAS DE MOZZARELLA FRESCA 500 G.,CASH & CARRY,MAKRO,000621-MAKRO DISTRIBUCIÓN MAYORISTA SA,252.0,370.0,338.0,508.0,398.0,476.0,556.0,476.0,496.0,648.0,222.0,422.0,314.0,404.0,484.0,540.0,482.0,596.0,562.0,2275.54,3336.65,3048.08,4581.15,3589.17,4292.58,5010.97,4292.58,4472.93,5843.68,1911.83,3805.59,2831.66,3643.28,4364.72,4869.74,4346.67,5374.73,5068.12
9458.0,LONCHAS DE MOZZARELLA FRESCA 500 G.,DISTRIBUIDORES,RESTO DISTRIBUIDORES,"000643-ORTHIDAL, S.L.",0.0,30.0,36.0,46.0,30.0,0.0,70.0,0.0,0.0,20.0,0.0,0.0,0.0,0.0,0.0,0.0,0.0,0.0,10.0,0.0,234.0,280.8,358.8,234.0,0.0,546.0,0.0,0.0,156.0,0.0,0.0,0.0,0.0,0.0,0.0,0.0,0.0,82.9
9458.0,LONCHAS DE MOZZARELLA FRESCA 500 G.,DISTRIBUIDORES,RESTO DISTRIBUIDORES,000679-SPANISH CHEESE S.L.U.,0.0,0.0,0.0,0.0,0.0,0.0,66.0,100.0,100.0,120.0,120.0,80.0,0.0,100.0,100.0,100.0,120.0,100.0,0.0,0.0,0.0,0.0,0.0,0.0,0.0,459.95,696.9,696.9,920.28,920.28,613.52,0.0,766.16,766.16,766.16,919.39,766.16,0.0
9458.0,LONCHAS DE MOZZARELLA FRESCA 500 G.,DISTRIBUIDORES,RESTO DISTRIBUIDORES,000789-PALENZUELA DISTRIBUCION 1970 S.L.,0.0,0.0,0.0,0.0,0.0,0.0,0.0,0.0,0.0,0.0,0.0,0.0,0.0,0.0,0.0,0.0,0.0,0.0,0.0,0.0,0.0,0.0,0.0,0.0,0.0,0.0,0.0,0.0,0.0,0.0,0.0,0.0,0.0,0.0,0.0,0.0,0.0,0.0
9458.0,LONCHAS DE MOZZARELLA FRESCA 500 G.,DISTRIBUIDORES,RESTO DISTRIBUIDORES,"000858-COVADUL FAST FOOD, S.L.",0.0,0.0,0.0,0.0,0.0,0.0,0.0,0.0,0.0,0.0,0.0,0.0,0.0,0.0,0.0,0.0,0.0,0.0,0.0,0.0,0.0,0.0,0.0,0.0,0.0,0.0,0.0,0.0,0.0,0.0,0.0,0.0,0.0,0.0,0.0,0.0,0.0,0.0
9458.0,LONCHAS DE MOZZARELLA FRESCA 500 G.,DISTRIBUIDORES,RESTO DISTRIBUIDORES,000916-SERVICHEF GASTRONOMÍA S.L.,0.0,0.0,0.0,0.0,0.0,0.0,0.0,0.0,4.0,0.0,0.0,0.0,0.0,0.0,0.0,0.0,0.0,0.0,0.0,0.0,0.0,0.0,0.0,0.0,0.0,0.0,0.0,32.36,0.0,0.0,0.0,0.0,0.0,0.0,0.0,0.0,0.0,0.0
9460.0,VONK EDAM SLICES 1 KG.,EXPORT,RESTO EXPORT,000527-JOSEPH BORG LTD (BLOQ.),0.0,0.0,480.0,0.0,0.0,0.0,480.0,0.0,0.0,0.0,0.0,-1.0,0.0,0.0,0.0,0.0,0.0,0.0,0.0,0.0,0.0,3096.0,0.0,0.0,0.0,3124.8,0.0,0.0,0.0,0.0,-963.48,0.0,0.0,0.0,0.0,0.0,0.0,0.0
9462.0,"SPREADABLE CREAM CHEESE 1,5 KG.",EXPORT,RESTO EXPORT,000527-JOSEPH BORG LTD (BLOQ.),0.0,0.0,0.0,0.0,0.0,0.0,0.0,0.0,0.0,0.0,0.0,0.0,0.0,0.0,0.0,0.0,0.0,0.0,0.0,0.0,0.0,0.0,0.0,0.0,0.0,0.0,0.0,0.0,0.0,0.0,0.0,0.0,0.0,0.0,0.0,0.0,0.0,0.0
9467.0,MOZZARELLA FRESCA LIGHT HACENDADO 125 G.,MERCADONA,MERCADONA,"000128-MERCADONA, S.A.",69480.0,59382.0,62637.0,70554.0,77835.0,76311.0,80997.0,73293.0,82488.0,84891.0,67320.0,58626.0,73419.0,74508.0,75234.0,79362.0,84213.0,99705.0,107274.0,331280.64,283133.38,298653.22,341895.65,382325.52,374780.69,397857.26,360015.22,405181.06,422417.62,334760.4,291693.12,371350.56,376646.12,374966.26,387831.53,405526.45,455849.89,474580.18
9469.0,QUESO RALLADO EN POLVO METRO CHEF 1 KG.,CASH & CARRY,MAKRO,000615-MAKRO DISTRIBUCIÓN MAYORISTA SA (BLOQ.),3950.0,0.0,0.0,0.0,0.0,0.0,-120.0,0.0,0.0,0.0,0.0,0.0,0.0,0.0,0.0,0.0,0.0,0.0,0.0,21776.35,0.0,0.0,0.0,0.0,0.0,-650.52,0.0,0.0,0.0,0.0,0.0,0.0,0.0,0.0,0.0,0.0,0.0,0.0
9469.0,QUESO RALLADO EN POLVO METRO CHEF 1 KG.,CASH & CARRY,MAKRO,000645-MAKRO CASH & CARRY PORTUGAL S.A.,0.0,0.0,0.0,0.0,300.0,330.0,260.0,260.0,-300.0,0.0,0.0,0.0,0.0,0.0,0.0,0.0,0.0,0.0,0.0,0.0,0.0,0.0,0.0,1515.0,1666.5,1313.0,1313.0,-1514.99,0.0,0.0,0.0,0.0,0.0,0.0,0.0,0.0,0.0,0.0
9469.0,QUESO RALLADO EN POLVO METRO CHEF 1 KG.,CASH & CARRY,MAKRO,000721-MAKRO CASH & CARRY PORTUGAL S.A.,0.0,0.0,0.0,0.0,0.0,0.0,0.0,320.0,720.0,630.0,410.0,500.0,470.0,540.0,440.0,669.0,740.0,740.0,890.0,0.0,0.0,0.0,0.0,0.0,0.0,0.0,1756.0,3851.0,3496.5,2275.5,2775.0,2608.5,2997.0,2442.0,3568.65,4057.05,4107.0,4939.5
9469.0,QUESO RALLADO EN POLVO METRO CHEF 1 KG.,CASH & CARRY,MAKRO,000912-MAKRO DISTRIBUCIÓN MAYORISTA SA,3560.0,6410.0,7500.0,8280.0,8030.0,8080.0,9980.0,8530.0,9790.0,9420.0,8200.0,8300.0,7400.0,7210.0,11630.0,9730.0,8390.0,11710.0,8280.0,17141.77,30864.79,36113.26,39820.89,38665.24,38905.97,48054.69,41072.8,47139.78,45358.22,39483.81,39965.29,35631.73,34716.86,55999.58,46850.94,40398.69,56384.78,39869.01
9476.0,"MEZCLA MOZZARELLA CON CHEDDAR TIRA PLANA 1,5 KG.",INDUSTRIALES & FOOD SERVICE,INTERPROVEEDORES,000152-AUDENS FOOD S.A.,3672.0,2520.0,5532.0,1512.0,5040.0,0.0,9072.0,0.0,7560.0,2016.0,4032.0,7560.0,2016.0,4032.0,2016.0,4536.0,4032.0,1008.0,0.0,21481.2,14742.0,32362.2,8845.2,29484.0,0.0,53071.2,0.0,44226.0,10080.0,20160.0,37800.0,10080.0,20160.0,10080.0,22680.0,20160.0,5040.0,0.0
9482.0,"MOZZARELLA CON EMMENTAL TIRAS 1,5 KG.",INDUSTRIALES & FOOD SERVICE,INTERPROVEEDORES,"000288-GOURMET, S.A.",3024.0,3024.0,3024.0,6048.0,3024.0,3024.0,6048.0,6048.0,3024.0,6048.0,3024.0,0.0,0.0,0.0,0.0,0.0,0.0,0.0,0.0,14968.8,14968.8,14968.8,29937.6,14968.8,14968.8,29937.6,29937.6,14968.8,29937.6,14968.8,0.0,0.0,0.0,0.0,0.0,0.0,0.0,0.0
9483.0,PREPARADO DE MOZZARELLA PIEZA 3 KG.,DISTRIBUIDORES,RESTO DISTRIBUIDORES,"000643-ORTHIDAL, S.L.",4260.06,5141.6,6904.99,5935.33,4404.47,330.94,3185.55,5833.116,1697.71,3016.71,3085.7,2494.36,4147.78,3514.81,4261.92,400.05,1446.53,2049.44,3843.92,17764.45,22468.79,30170.34,25937.39,19247.53,1446.21,13920.86,25490.72,7418.98,13183.02,13484.49,10900.35,18125.8,15813.57,19158.99,1800.23,6509.38,9222.48,17297.65
9483.0,PREPARADO DE MOZZARELLA PIEZA 3 KG.,DISTRIBUIDORES,RESTO DISTRIBUIDORES,"000836-DISTRIBUCIONES SERVERA, S.A.",0.0,0.0,24.29,26.0,168.23,0.0,0.0,0.0,0.0,0.0,0.0,0.0,0.0,0.0,0.0,0.0,0.0,0.0,0.0,0.0,0.0,106.15,113.62,735.17,0.0,0.0,0.0,0.0,0.0,0.0,0.0,0.0,0.0,0.0,0.0,0.0,0.0,0.0
9483.0,PREPARADO DE MOZZARELLA PIEZA 3 KG.,EXPORT,RESTO EXPORT,111112-CLIENTES EXPORTACION (PRESUPESTO),0.0,0.0,0.0,0.0,0.0,0.0,0.0,0.0,0.0,0.0,0.0,0.0,0.0,0.0,0.0,0.0,0.0,0.0,0.0,0.0,0.0,0.0,0.0,0.0,0.0,0.0,0.0,0.0,0.0,0.0,0.0,0.0,0.0,0.0,0.0,0.0,0.0,0.0
9484.0,PREPARADO DE MOZZARELLA TACOS 2 KG.,DISTRIBUIDORES,RESTO DISTRIBUIDORES,"000643-ORTHIDAL, S.L.",2460.0,1920.0,3114.0,3240.0,3180.0,120.0,5532.0,1200.0,3900.0,660.0,1260.0,948.0,1200.0,2880.0,1674.0,1920.0,480.0,3240.0,2640.0,9348.0,7680.0,12454.91,12960.0,12720.0,454.84,22128.0,4800.0,15600.0,2640.0,5040.0,3792.0,4795.96,11863.59,6884.19,7910.4,1977.6,13327.44,10872.94
9485.0,QUESO CURADO TACOS,DISTRIBUIDORES,RESTO DISTRIBUIDORES,000589-CONVENIENCE FOOD S.L.U.,3840.0,3840.0,3840.0,3840.0,3840.0,3840.0,3840.0,3840.0,3840.0,3840.0,3840.0,3840.0,0.0,0.0,0.0,0.0,0.0,0.0,0.0,25190.4,25190.4,25190.4,25190.4,25190.4,25190.4,25190.4,25190.4,25190.4,25190.4,25190.4,25190.4,0.0,0.0,0.0,0.0,0.0,0.0,0.0
9493.0,CREMA TEX MEX CON QUESO CHEDDAR 1 KG,DISTRIBUIDORES,PROVISIONES SUROESTE,"000879-PROVISIONES SUROESTE, S.L.",0.0,28.0,16.0,8.0,20.0,16.0,16.0,64.0,60.0,0.0,12.0,8.0,0.0,12.0,24.0,20.0,24.0,28.0,24.0,0.0,188.44,107.68,53.84,134.6,107.68,107.68,430.72,403.8,0.0,80.76,53.84,0.0,80.76,161.52,134.6,161.52,188.44,161.52
9493.0,CREMA TEX MEX CON QUESO CHEDDAR 1 KG,DISTRIBUIDORES,RESTO DISTRIBUIDORES,"000038-LÁCTEOS MENDI, S.L.",0.0,0.0,16.0,12.0,0.0,16.0,16.0,12.0,0.0,8.0,8.0,0.0,16.0,0.0,8.0,8.0,8.0,0.0,0.0,0.0,0.0,112.0,84.0,0.0,107.68,107.68,80.76,0.0,53.84,53.84,0.0,107.68,0.0,53.84,53.84,53.84,0.0,0.0
9493.0,CREMA TEX MEX CON QUESO CHEDDAR 1 KG,DISTRIBUIDORES,RESTO DISTRIBUIDORES,"000247-FADIS ALIMENTACION, S.L.",8.0,4.0,4.0,24.0,0.0,8.0,0.0,0.0,0.0,16.0,20.0,0.0,0.0,0.0,0.0,0.0,0.0,0.0,0.0,55.04,27.52,27.52,165.11,0.0,55.04,0.0,0.0,0.0,110.07,137.59,0.0,0.0,0.0,0.0,0.0,0.0,0.0,0.0
9493.0,CREMA TEX MEX CON QUESO CHEDDAR 1 KG,DISTRIBUIDORES,RESTO DISTRIBUIDORES,000651-COMERGRAN S.L.,44.0,12.0,32.0,12.0,0.0,32.0,12.0,0.0,36.0,8.0,24.0,16.0,32.0,8.0,24.0,8.0,16.0,40.0,0.0,316.8,80.76,215.36,80.76,0.0,215.36,80.76,0.0,242.28,53.84,161.52,107.68,215.36,53.84,161.52,53.84,107.68,269.2,0.0
9493.0,CREMA TEX MEX CON QUESO CHEDDAR 1 KG,DISTRIBUIDORES,RESTO DISTRIBUIDORES,000654-COMERCIAL PINAMAS S.L.,8.0,24.0,24.0,24.0,12.0,20.0,28.0,20.0,8.0,16.0,24.0,24.0,8.0,16.0,16.0,16.0,0.0,8.0,0.0,56.16,168.48,168.48,168.48,84.24,140.4,196.56,140.4,56.16,112.32,168.48,168.48,56.16,112.32,112.32,112.32,0.0,56.16,0.0
9493.0,CREMA TEX MEX CON QUESO CHEDDAR 1 KG,DISTRIBUIDORES,RESTO DISTRIBUIDORES,000655-EXCLUSIVAS OMEÑACA SL,0.0,0.0,0.0,0.0,4.0,0.0,4.0,4.0,4.0,0.0,0.0,4.0,0.0,0.0,0.0,0.0,0.0,0.0,0.0,0.0,0.0,0.0,0.0,28.4,0.0,28.4,28.4,28.4,0.0,0.0,28.4,0.0,0.0,0.0,0.0,0.0,0.0,0.0
9493.0,CREMA TEX MEX CON QUESO CHEDDAR 1 KG,DISTRIBUIDORES,RESTO DISTRIBUIDORES,"000709-DISTRIBUCIONES MONTEVERDE, S.L.U. ( BLOQ)",8.0,0.0,4.0,8.0,4.0,8.0,0.0,0.0,0.0,0.0,0.0,0.0,0.0,0.0,0.0,0.0,0.0,0.0,0.0,58.4,0.0,21.9,58.4,29.2,58.4,0.0,0.0,0.0,0.0,0.0,0.0,0.0,0.0,0.0,0.0,0.0,0.0,0.0
9493.0,CREMA TEX MEX CON QUESO CHEDDAR 1 KG,DISTRIBUIDORES,RESTO DISTRIBUIDORES,"000710-SELECCIO REGISA, S.L.",0.0,0.0,0.0,12.0,0.0,0.0,0.0,0.0,4.0,0.0,0.0,0.0,0.0,4.0,4.0,0.0,0.0,0.0,0.0,0.0,0.0,0.0,86.4,0.0,0.0,0.0,0.0,28.8,0.0,0.0,0.0,0.0,26.92,26.92,0.0,0.0,0.0,0.0
9493.0,CREMA TEX MEX CON QUESO CHEDDAR 1 KG,DISTRIBUIDORES,RESTO DISTRIBUIDORES,000728-SAN LAMBERTO 2000 SL,0.0,0.0,0.0,0.0,0.0,0.0,0.0,0.0,0.0,0.0,0.0,0.0,0.0,0.0,0.0,0.0,0.0,40.0,0.0,0.0,0.0,0.0,0.0,0.0,0.0,0.0,0.0,0.0,0.0,0.0,0.0,0.0,0.0,0.0,0.0,0.0,269.2,0.0
9493.0,CREMA TEX MEX CON QUESO CHEDDAR 1 KG,DISTRIBUIDORES,RESTO DISTRIBUIDORES,"000763-BENIBALDO, S.A.U. (BLOQ.)",0.0,0.0,0.0,0.0,0.0,0.0,8.0,12.0,4.0,0.0,4.0,0.0,0.0,0.0,80.0,0.0,0.0,0.0,0.0,0.0,0.0,0.0,0.0,0.0,0.0,56.16,84.24,28.08,0.0,28.08,0.0,0.0,0.0,561.6,0.0,0.0,0.0,0.0
9493.0,CREMA TEX MEX CON QUESO CHEDDAR 1 KG,DISTRIBUIDORES,RESTO DISTRIBUIDORES,000776-COMERCIAL DIALVA S.A.,0.0,0.0,0.0,8.0,24.0,8.0,0.0,12.0,0.0,16.0,0.0,0.0,16.0,0.0,0.0,16.0,0.0,0.0,0.0,0.0,0.0,0.0,53.84,161.52,53.84,0.0,80.76,0.0,107.68,0.0,0.0,107.68,0.0,0.0,107.68,0.0,0.0,0.0
9493.0,CREMA TEX MEX CON QUESO CHEDDAR 1 KG,DISTRIBUIDORES,TGT,"000010-TEODORO GARCIA, S.A. ( BLOQ )",0.0,0.0,0.0,0.0,0.0,0.0,0.0,0.0,0.0,0.0,0.0,0.0,0.0,0.0,0.0,0.0,0.0,0.0,0.0,0.0,0.0,0.0,0.0,0.0,0.0,0.0,0.0,0.0,0.0,0.0,0.0,0.0,0.0,0.0,0.0,0.0,0.0,0.0
9512.0,SOFT GOAT CHEESE FOREVER FLOW PACK VERTICAL 2 KG.,INTERNO,INTERNO,"000086-CENTRAL QUESERA MONTESINOS, S.L.U.",1254.0,1878.0,1566.0,2184.0,0.0,0.0,0.0,0.0,1122.0,1596.0,882.0,960.0,960.0,1248.0,624.0,1050.0,1380.0,720.0,888.0,1477.21,2529.67,2109.4,2941.84,0.0,0.0,0.0,0.0,1484.41,2111.51,1166.89,1270.08,1270.08,1651.11,825.55,1389.15,1825.74,952.56,1174.82
9517.0,MOZZARELLA FRESCA LIGHT HACENDADO 125 G. PT,MERCADONA,IRMADONA,"000525-IRMÃDONA SUPERMERCADOS, UNIPESSOAL, LDA",4056.0,3960.0,4320.0,4320.0,6480.0,6840.0,7200.0,6480.0,5760.0,6120.0,3960.0,3960.0,4680.0,4320.0,4674.0,6480.0,7200.0,7200.0,9720.0,19760.82,19293.12,21047.04,21119.04,31829.76,33598.08,35366.4,31829.76,28293.12,30208.32,19546.56,19546.56,23448.96,21703.68,23482.18,31950.72,34963.2,34963.2,46500.48
9528.0,"MEZCLA 4 QUESOS RALLADOS 1,5 KG",DISTRIBUIDORES,RESTO DISTRIBUIDORES,"000643-ORTHIDAL, S.L.",0.0,0.0,1009.5,0.0,0.0,0.0,0.0,0.0,0.0,0.0,0.0,0.0,0.0,0.0,0.0,0.0,1512.0,600.0,0.0,0.0,0.0,5047.49,0.0,0.0,1965.6,0.0,0.0,0.0,0.0,0.0,0.0,0.0,0.0,0.0,0.0,10054.8,3990.0,0.0
9531.0,CREMA QUESO CABRA FLOW PACK VERTICAL BK 500 G.,INDUSTRIALES & FOOD SERVICE,RESTO INDUSTRIALES & FOODSERVICE,"000497-CONWAY-THE CONVENIENCE COMPANY, S.A.",0.0,0.0,0.0,0.0,0.0,0.0,0.0,0.0,0.0,0.0,0.0,0.0,0.0,0.0,0.0,0.0,0.0,0.0,0.0,0.0,0.0,0.0,0.0,0.0,0.0,0.0,0.0,0.0,0.0,0.0,0.0,0.0,0.0,0.0,0.0,0.0,0.0,0.0
9531.0,CREMA QUESO CABRA FLOW PACK VERTICAL BK 500 G.,INDUSTRIALES & FOOD SERVICE,RESTO INDUSTRIALES & FOODSERVICE,000825-QSL - STEF PORTUGAL LDA,0.0,0.0,0.0,0.0,0.0,0.0,0.0,0.0,0.0,0.0,0.0,0.0,0.0,0.0,0.0,0.0,0.0,0.0,0.0,0.0,0.0,0.0,0.0,0.0,0.0,0.0,0.0,0.0,0.0,0.0,0.0,0.0,0.0,0.0,0.0,0.0,0.0,0.0
9532.0,MEZCLA 4 QUESOS RALLADOS HACENDADO 180 g.,MERCADONA,IRMADONA,"000525-IRMÃDONA SUPERMERCADOS, UNIPESSOAL, LDA",4492.8,5184.0,6912.0,5529.6,5184.0,5529.6,2073.6,0.0,0.0,0.0,0.0,0.0,0.0,0.0,0.0,0.0,0.0,0.0,0.0,29078.28,33551.85,44442.07,36986.95,34675.26,36986.94,13870.1,0.0,0.0,0.0,0.0,0.0,0.0,0.0,0.0,0.0,0.0,0.0,0.0
9532.0,MEZCLA 4 QUESOS RALLADOS HACENDADO 180 g.,MERCADONA,MERCADONA,"000128-MERCADONA, S.A.",308966.4,284083.2,307238.4,293760.0,277516.8,243648.0,140961.6,0.0,0.0,0.0,0.0,0.0,0.0,0.0,0.0,0.0,0.0,0.0,0.0,1999692.22,1838643.16,1988508.26,1979619.38,1870157.98,1641919.59,949926.2,0.0,0.0,0.0,0.0,0.0,0.0,0.0,0.0,0.0,0.0,0.0,0.0
9547.0,"MEZCLA 4 RALLADOS TIRAS 1,5 KG.",DISTRIBUIDORES,PROVISIONES SUROESTE,"000879-PROVISIONES SUROESTE, S.L.",0.0,1008.0,0.0,0.0,984.0,0.0,0.0,0.0,900.0,0.0,0.0,0.0,1008.0,0.0,0.0,0.0,912.0,0.0,1008.0,0.0,3709.44,0.0,0.0,3768.72,0.0,0.0,0.0,3447.0,0.0,0.0,0.0,3860.64,0.0,0.0,0.0,3492.96,0.0,3860.64
9547.0,"MEZCLA 4 RALLADOS TIRAS 1,5 KG.",DISTRIBUIDORES,RESTO DISTRIBUIDORES,"000643-ORTHIDAL, S.L.",0.0,0.0,1.5,0.0,0.0,0.0,0.0,0.0,0.0,0.0,0.0,0.0,0.0,0.0,0.0,0.0,0.0,0.0,0.0,0.0,0.0,7.49,0.0,0.0,0.0,0.0,0.0,0.0,0.0,0.0,0.0,0.0,0.0,0.0,0.0,0.0,0.0,0.0
9547.0,"MEZCLA 4 RALLADOS TIRAS 1,5 KG.",DISTRIBUIDORES,RESTO DISTRIBUIDORES,000651-COMERGRAN S.L.,0.0,0.0,0.0,0.0,0.0,0.0,0.0,24.0,0.0,0.0,0.0,0.0,0.0,0.0,0.0,0.0,0.0,0.0,0.0,0.0,0.0,0.0,0.0,0.0,0.0,0.0,91.92,0.0,0.0,0.0,0.0,0.0,0.0,0.0,0.0,0.0,0.0,0.0
9559.0,BURRATA 3 X 200 G,DISTRIBUIDORES,PROVISIONES SUROESTE,"000879-PROVISIONES SUROESTE, S.L.",0.0,0.0,0.0,0.0,0.0,0.0,0.0,0.0,0.0,0.0,0.0,0.0,0.0,0.0,0.0,0.0,0.0,0.0,0.0,0.0,0.0,0.0,0.0,0.0,0.0,0.0,0.0,0.0,0.0,0.0,0.0,0.0,0.0,0.0,0.0,0.0,0.0,0.0
9559.0,BURRATA 3 X 200 G,DISTRIBUIDORES,RESTO DISTRIBUIDORES,"000890-OCEANÍA FOOD SELECTION, S.L. ( bloq)",24.0,4.2,0.0,0.0,0.0,0.0,0.0,0.0,0.0,0.0,0.0,0.0,0.0,0.0,0.0,0.0,0.0,0.0,0.0,258.0,38.7,0.0,0.0,0.0,0.0,0.0,0.0,0.0,0.0,0.0,0.0,0.0,0.0,0.0,0.0,0.0,0.0,0.0
9559.0,BURRATA 3 X 200 G,DISTRIBUIDORES,RESTO DISTRIBUIDORES,000950-GRUP ALIMENTARI DISTECO S.A,0.0,0.0,0.0,0.0,0.0,0.0,0.0,0.0,0.0,0.0,0.0,2.4,0.0,0.0,0.0,0.0,0.0,0.0,0.0,0.0,0.0,0.0,0.0,0.0,0.0,0.0,0.0,0.0,0.0,0.0,25.2,0.0,0.0,0.0,0.0,0.0,0.0,0.0
9560.0,BURRATA 5x125 g,CASH & CARRY,MAKRO,000621-MAKRO DISTRIBUCIÓN MAYORISTA SA,950.0,917.5,1005.0,1640.0,1405.0,1567.5,1990.0,2310.0,2035.0,1880.0,2005.0,975.0,1622.5,1272.5,2207.5,2382.5,2365.0,3105.0,3070.0,10605.7,10202.6,11175.6,18236.8,15623.6,17430.6,22128.8,25687.2,22629.2,20905.6,22295.6,10842.0,18042.2,14150.2,24547.4,26493.4,26298.8,34527.6,34138.4
9560.0,BURRATA 5x125 g,DISTRIBUIDORES,PROVISIONES SUROESTE,"000879-PROVISIONES SUROESTE, S.L.",0.0,0.0,0.0,0.0,0.0,0.0,2.5,0.0,0.0,0.0,0.0,0.0,0.0,0.0,0.0,0.0,0.0,0.0,0.0,0.0,0.0,0.0,0.0,0.0,0.0,25.75,0.0,0.0,0.0,0.0,0.0,0.0,0.0,0.0,0.0,0.0,0.0,0.0
9560.0,BURRATA 5x125 g,DISTRIBUIDORES,RESTO DISTRIBUIDORES,000679-SPANISH CHEESE S.L.U.,0.0,0.0,0.0,0.0,0.0,0.0,62.5,0.0,0.0,0.0,0.0,0.0,0.0,0.0,0.0,0.0,0.0,0.0,0.0,0.0,0.0,0.0,0.0,0.0,0.0,793.63,0.0,0.0,0.0,0.0,0.0,0.0,0.0,0.0,0.0,0.0,0.0,0.0
9560.0,BURRATA 5x125 g,DISTRIBUIDORES,RESTO DISTRIBUIDORES,"000763-BENIBALDO, S.A.U. (BLOQ.)",0.0,0.0,0.0,7.5,0.0,0.0,2.5,2.5,0.0,0.0,0.0,0.0,0.0,0.0,0.0,0.0,0.0,0.0,0.0,0.0,0.0,0.0,80.91,0.0,0.0,26.97,26.97,0.0,0.0,0.0,0.0,0.0,0.0,0.0,0.0,0.0,0.0,0.0
9560.0,BURRATA 5x125 g,DISTRIBUIDORES,RESTO DISTRIBUIDORES,000790-PALENZUELA LOGISTICA S.L.,15.0,37.5,50.0,57.5,52.5,307.5,55.0,120.0,115.0,80.0,40.0,12.5,35.0,0.0,0.0,0.0,0.0,0.0,0.0,157.5,393.75,525.0,603.75,551.25,3228.75,577.5,1260.0,892.5,840.0,420.0,131.25,375.38,0.0,0.0,0.0,0.0,0.0,0.0
9560.0,BURRATA 5x125 g,DISTRIBUIDORES,RESTO DISTRIBUIDORES,"000854-EL CONCHEL D´GUSTO, S.L.U. (BLOQ.)",12.5,10.0,10.0,0.0,0.0,0.0,0.0,0.0,0.0,0.0,0.0,0.0,0.0,0.0,0.0,0.0,0.0,0.0,0.0,134.87,107.9,107.9,0.0,0.0,0.0,0.0,0.0,0.0,0.0,0.0,0.0,0.0,0.0,0.0,0.0,0.0,0.0,0.0
9560.0,BURRATA 5x125 g,DISTRIBUIDORES,RESTO DISTRIBUIDORES,"000868-CODILEX ALIMENTACIÓN TRADICIONAL, S.L.",0.0,0.0,0.0,0.0,2.5,0.0,0.0,0.0,0.0,0.0,0.0,0.0,0.0,0.0,0.0,0.0,0.0,0.0,0.0,0.0,0.0,0.0,0.0,28.25,0.0,0.0,0.0,0.0,0.0,0.0,0.0,0.0,0.0,0.0,0.0,0.0,0.0,0.0
9560.0,BURRATA 5x125 g,DISTRIBUIDORES,RESTO DISTRIBUIDORES,000870-COMERCIAL LEÓN ZARAGOZA S.L.,22.5,22.5,60.0,72.5,40.0,92.5,62.5,42.5,35.0,25.0,12.5,20.0,12.5,37.5,27.5,35.0,0.0,25.0,7.5,242.77,242.77,647.4,782.27,431.59,998.07,674.38,458.58,377.65,269.75,134.88,215.8,139.25,417.75,306.35,389.9,0.0,278.5,83.55
9560.0,BURRATA 5x125 g,EXPORT,RESTO EXPORT,111112-CLIENTES EXPORTACION (PRESUPESTO),0.0,0.0,0.0,0.0,0.0,0.0,0.0,0.0,0.0,0.0,0.0,0.0,0.0,0.0,0.0,0.0,0.0,0.0,0.0,0.0,0.0,0.0,0.0,0.0,0.0,0.0,0.0,0.0,0.0,0.0,0.0,0.0,0.0,0.0,0.0,0.0,0.0,0.0
9560.0,BURRATA 5x125 g,INDUSTRIALES & FOOD SERVICE,RESTO INDUSTRIALES & FOODSERVICE,"000753-PIZZERÍA TOTÓ VITORIA, S.C. (BLOQ.)",20.0,20.0,22.5,20.0,22.5,5.0,0.0,0.0,0.0,0.0,0.0,0.0,0.0,0.0,0.0,0.0,0.0,0.0,0.0,223.01,223.01,250.88,223.01,250.88,55.76,0.0,0.0,0.0,0.0,0.0,0.0,0.0,0.0,0.0,0.0,0.0,0.0,0.0
9560.0,BURRATA 5x125 g,INDUSTRIALES & FOOD SERVICE,RESTO INDUSTRIALES & FOODSERVICE,000813-TERESA DERMIT BEASCOECHEA (BLOQ.),7.5,7.5,12.5,7.5,0.0,0.0,0.0,0.0,0.0,0.0,0.0,0.0,0.0,0.0,0.0,0.0,0.0,0.0,0.0,77.64,77.64,129.4,77.63,0.0,0.0,0.0,0.0,0.0,0.0,0.0,0.0,0.0,0.0,0.0,0.0,0.0,0.0,0.0
9560.0,BURRATA 5x125 g,INDUSTRIALES & FOOD SERVICE,RESTO INDUSTRIALES & FOODSERVICE,000960-PAN DIRECTO GIJON S.L. (BLOQ.),0.0,0.0,0.0,0.0,0.0,0.0,0.0,0.0,0.0,0.0,0.0,0.0,0.0,35.0,0.0,0.0,0.0,0.0,0.0,0.0,0.0,0.0,0.0,0.0,0.0,0.0,0.0,0.0,0.0,0.0,0.0,0.0,407.75,0.0,0.0,0.0,0.0,0.0
9561.0,MEZCLA 4 QUESOS RALLADOS LPC HACENDADO 180 G.,MERCADONA,IRMADONA,"000525-IRMÃDONA SUPERMERCADOS, UNIPESSOAL, LDA",1209.6,725.76,967.68,967.68,967.68,1209.6,967.68,1209.6,967.68,967.68,725.76,0.0,0.0,0.0,0.0,0.0,0.0,0.0,0.0,7828.75,4697.25,6263.0,6521.08,6521.08,8151.35,6521.08,8151.37,6521.08,6574.8,4931.1,0.0,0.0,0.0,0.0,0.0,0.0,0.0,0.0
9561.0,MEZCLA 4 QUESOS RALLADOS LPC HACENDADO 180 G.,MERCADONA,MERCADONA,"000128-MERCADONA, S.A.",3456.0,1969.92,1071.36,0.0,0.0,0.0,0.0,0.0,0.0,0.0,0.0,345.6,0.0,0.0,0.0,0.0,0.0,0.0,0.0,22367.9,12749.75,6934.08,0.0,0.0,0.0,0.0,0.0,0.0,0.0,0.0,2348.14,0.0,0.0,0.0,0.0,0.0,0.0,0.0
9563.0,MILD CHEDDAR SLICES BK 1 KG.,EXPORT,RESTO EXPORT,000550-BIDFOOD S.A.,5196.0,2592.0,0.0,7452.0,10362.0,5184.0,5184.0,2592.0,5184.0,5184.0,0.0,0.0,0.0,0.0,0.0,0.0,0.0,0.0,0.0,42087.6,20995.2,0.0,60361.2,83932.2,41990.4,41990.4,20995.2,41990.4,41990.4,0.0,0.0,0.0,0.0,0.0,0.0,0.0,0.0,0.0
9571.0,VONK MILD CHEDDAR 1 KG,EXPORT,RESTO EXPORT,000527-JOSEPH BORG LTD (BLOQ.),0.0,480.0,0.0,480.0,0.0,480.0,0.0,480.0,0.0,0.0,480.0,0.0,0.0,0.0,0.0,0.0,0.0,0.0,0.0,0.0,3504.0,0.0,3504.0,0.0,3537.6,0.0,3537.6,0.0,0.0,3537.6,0.0,0.0,0.0,0.0,0.0,0.0,0.0,0.0
9572.0,VONK MILD CHEDDAR 150 G,EXPORT,RESTO EXPORT,000527-JOSEPH BORG LTD (BLOQ.),327.6,0.0,327.6,0.0,327.6,0.0,0.0,327.6,327.6,0.0,327.6,0.0,0.0,0.0,0.0,0.0,0.0,0.0,0.0,2627.35,0.0,2627.35,0.0,2686.32,0.0,0.0,2686.32,2686.32,0.0,2686.32,0.0,0.0,0.0,0.0,0.0,0.0,0.0,0.0
9577.0,MOZZARELLA FRESCA PERLAS 2 g. BOTE 4 KG.,DISTRIBUIDORES,RESTO DISTRIBUIDORES,"000643-ORTHIDAL, S.L.",0.0,0.0,0.0,0.0,0.0,0.0,0.0,0.0,0.0,0.0,0.0,0.0,0.0,0.0,0.0,0.0,0.0,0.0,0.0,0.0,0.0,0.0,0.0,0.0,0.0,0.0,0.0,0.0,0.0,0.0,0.0,0.0,0.0,0.0,0.0,0.0,0.0,0.0
9577.0,MOZZARELLA FRESCA PERLAS 2 g. BOTE 4 KG.,EXPORT,RESTO EXPORT,000455-BOUTER CHEESE B.V.,14400.0,15480.0,15120.0,15480.0,19440.0,17280.0,17640.0,19800.0,16920.0,22320.0,19080.0,15480.0,23760.0,15840.0,16560.0,21240.0,18000.0,19440.0,21796.0,102096.0,109753.2,107200.8,113623.2,142689.6,126835.2,129477.6,145332.0,124192.8,163828.8,140047.2,113623.2,174398.4,116265.6,121550.4,155901.6,132120.0,142689.6,159982.64
9578.0,MOZZARELLA FRESCA LIGHT PERLAS 6 g. BOTE 4 KG.,EXPORT,RESTO EXPORT,000455-BOUTER CHEESE B.V.,3960.0,3960.0,4940.0,5400.0,6840.0,6120.0,8280.0,8640.0,5760.0,5040.0,4320.0,3600.0,4320.0,3960.0,4312.0,5040.0,6480.0,4320.0,9360.0,25700.4,25700.4,32060.6,36396.0,46101.6,41248.8,55807.2,58233.6,38822.4,33969.6,29116.8,24264.0,29116.8,26690.4,29062.88,33969.6,43675.2,29116.8,63086.4
9601.0,CASEINA ACIDA SACOS (AW),INTERNO,INTERNO,"000086-CENTRAL QUESERA MONTESINOS, S.L.U.",0.0,0.0,0.0,0.0,0.0,0.0,0.0,4000.0,0.0,0.0,0.0,0.0,0.0,0.0,0.0,0.0,0.0,0.0,0.0,0.0,0.0,0.0,0.0,0.0,0.0,0.0,27800.0,0.0,0.0,0.0,0.0,0.0,0.0,0.0,0.0,0.0,0.0,0.0
9605.0,QUESO RALLADO FUND. POLVO ALIPENDE 150 G.,RETAIL,IFA,000597-AHORRAMAS S.A.,5745.6,3024.0,6349.8,6955.2,4838.4,4233.6,5140.8,4838.4,7255.65,5443.5,5443.2,6955.2,6350.4,4536.0,6652.8,5140.8,4536.0,4233.6,5140.8,31019.35,16317.89,34275.63,39421.03,28256.71,24722.32,30024.8,28261.09,42378.51,31792.87,31787.6,40620.07,37091.81,25689.21,38507.59,28867.76,25473.38,23778.3,28871.13
9606.0,QUESO EMMENTAL RALLADO ALIPENDE 150 G,RETAIL,IFA,000597-AHORRAMAS S.A.,6306.3,2675.4,7261.5,6115.2,4777.5,4586.4,3630.9,3248.7,6877.8,5542.35,764.4,1.0,0.0,0.0,0.0,0.0,0.0,0.0,0.0,38666.46,16386.47,44517.64,37491.05,29273.45,28111.86,22256.99,19913.56,42167.77,33976.87,4681.32,0.0,0.0,0.0,0.0,0.0,0.0,0.0,0.0
9607.0,RALLADO 5 QUESOS CON AZUL ALIPENDE 200 G.,RETAIL,IFA,000597-AHORRAMAS S.A.,7644.0,2620.8,2402.4,2839.2,3494.4,3276.0,2184.0,3494.4,3271.2,3495.2,2620.8,5460.0,2620.8,5023.2,4368.0,3494.4,2402.4,1965.6,1747.2,55621.58,19042.61,17952.25,21218.6,26100.95,24481.98,16319.82,26108.43,24444.6,26118.89,19566.74,40784.1,19577.2,36780.21,33383.76,26081.51,17940.29,14691.87,13037.02
9613.0,MOZZARELLA RALLADA PIZZA-ROMA 400 G. HACENDADO,MERCADONA,IRMADONA,"000525-IRMÃDONA SUPERMERCADOS, UNIPESSOAL, LDA",0.0,0.0,0.0,0.0,0.0,4608.0,0.0,0.0,0.0,0.0,0.0,0.0,0.0,0.0,0.0,0.0,0.0,0.0,0.0,0.0,0.0,0.0,0.0,0.0,26795.52,0.0,0.0,0.0,0.0,0.0,0.0,0.0,0.0,0.0,0.0,0.0,0.0,0.0
9613.0,MOZZARELLA RALLADA PIZZA-ROMA 400 G. HACENDADO,MERCADONA,MERCADONA,"000128-MERCADONA, S.A.",0.0,0.0,0.0,0.0,0.0,146553.6,0.0,0.0,0.0,0.0,0.0,0.0,0.0,0.0,0.0,0.0,0.0,0.0,0.0,0.0,0.0,0.0,0.0,0.0,855140.25,0.0,0.0,0.0,0.0,0.0,0.0,0.0,0.0,0.0,0.0,0.0,0.0,0.0
9614.0,"MOZZARELLA 1,5 KG",INDUSTRIALES & FOOD SERVICE,INTERPROVEEDORES,"000558-PRECOCINADOS GENIL, S.L.",1728.0,0.0,864.0,864.0,864.0,864.0,1728.0,0.0,864.0,864.0,864.0,1728.0,864.0,864.0,864.0,864.0,0.0,1728.0,864.0,10419.84,0.0,5209.92,5209.92,5209.92,5209.92,10419.84,0.0,5209.92,5209.92,5209.92,10419.84,5209.92,5209.92,5209.92,5209.92,0.0,10419.84,5209.92
9614.0,"MOZZARELLA 1,5 KG",INDUSTRIALES & FOOD SERVICE,INTERPROVEEDORES,000614-CATER-LINE S.L. (BLOQ.),6240.0,3600.0,11304.0,18144.0,10368.0,9936.0,11664.0,9936.0,10368.0,6912.0,0.0,0.0,0.0,0.0,0.0,0.0,0.0,0.0,0.0,37627.2,21708.0,68163.12,109408.32,62519.04,59914.08,70333.92,59914.08,62519.04,41679.36,0.0,0.0,0.0,0.0,0.0,0.0,0.0,0.0,0.0
9615.0,BURRATA 125 g CONGELADA,DISTRIBUIDORES,RESTO DISTRIBUIDORES,"000646-EL ESPEJO HOSTELERO, S.A.",0.0,0.0,0.0,0.0,0.0,0.0,0.0,0.0,0.0,0.0,0.0,0.0,0.0,0.0,0.0,0.0,0.0,0.0,0.0,0.0,0.0,0.0,0.0,0.0,0.0,0.0,0.0,0.0,0.0,0.0,0.0,0.0,0.0,0.0,0.0,0.0,0.0,0.0
9615.0,BURRATA 125 g CONGELADA,DISTRIBUIDORES,RESTO DISTRIBUIDORES,000789-PALENZUELA DISTRIBUCION 1970 S.L.,0.0,0.0,0.0,0.0,0.0,0.0,0.0,0.0,0.0,0.0,0.0,0.0,0.0,0.0,0.0,0.0,0.0,0.0,0.0,0.0,0.0,0.0,0.0,0.0,0.0,0.0,0.0,0.0,0.0,0.0,0.0,0.0,0.0,0.0,0.0,0.0,0.0,0.0
9617.0,CHEDDAR MILD (DG),INTERNO,INTERNO,"000086-CENTRAL QUESERA MONTESINOS, S.L.U.",3999.66,5065.5,669.61,3996.77,0.0,-756.2,0.0,-4098.36,0.0,0.0,0.0,0.0,0.0,0.0,-2615.78,0.0,0.0,0.0,0.0,21618.16,27379.03,3619.24,21602.54,0.0,-4087.26,0.0,-22151.63,0.0,0.0,0.0,0.0,0.0,0.0,-14138.29,0.0,0.0,0.0,0.0
9618.0,QUESO PARA BURGER POLLO LONCHAS 1 KG,DISTRIBUIDORES,TGT,"000010-TEODORO GARCIA, S.A. ( BLOQ )",480.0,480.0,480.0,0.0,840.0,480.0,0.0,408.0,0.0,0.0,0.0,0.0,0.0,0.0,0.0,0.0,0.0,0.0,0.0,3406.56,3368.16,3368.16,0.0,5942.91,3368.16,0.0,3026.14,0.0,0.0,0.0,0.0,0.0,0.0,0.0,0.0,0.0,0.0,0.0
9618.0,QUESO PARA BURGER POLLO LONCHAS 1 KG,RETAIL,OTROS RETAILERS,000935-CORPORACION ALIMENTARIA DE GUISSONA,0.0,0.0,0.0,0.0,0.0,0.0,0.0,0.0,0.0,1440.0,0.0,960.0,0.0,480.0,464.0,960.0,0.0,480.0,480.0,0.0,0.0,0.0,0.0,0.0,0.0,0.0,0.0,0.0,10944.0,0.0,7296.0,0.0,3648.0,3526.4,7296.0,0.0,3648.0,3648.0
9622.0,"QUESO EMMENTAL RALLADO CORTO 2,5 KG.",DISTRIBUIDORES,TGT,"000010-TEODORO GARCIA, S.A. ( BLOQ )",2960.0,0.0,0.0,0.0,0.0,0.0,0.0,0.0,0.0,0.0,0.0,0.0,0.0,0.0,0.0,0.0,0.0,0.0,0.0,20424.0,0.0,0.0,0.0,0.0,0.0,0.0,0.0,0.0,0.0,0.0,0.0,0.0,0.0,0.0,0.0,0.0,0.0,0.0
9623.0,ESPECIALIDAD BARRA SANDWICH 3 KG. VARIABLE,CASH & CARRY,MAKRO,000621-MAKRO DISTRIBUCIÓN MAYORISTA SA,8392.74,8456.46,9014.22,12296.7,9271.53,9134.86,12606.484,7356.25,11471.48,9800.496,7991.56,9371.51,7661.396,9188.372,11066.096,8591.644,8182.93,9534.582,7373.37,30472.71,30688.49,32712.6,44624.72,33646.37,33150.4,45748.94,26695.83,41629.99,35566.0,29001.39,34009.21,27803.19,33344.62,40158.86,31179.07,29695.87,34601.01,26757.96
9625.0,FILABELLA F WITH VEGETABLE FAT. GRATED 400 g.,EXPORT,RESTO EXPORT,000559-SHAKER&MAHER COMPANY FOR CONSUMABLES AND INVESTMEN,0.0,0.0,0.0,0.0,320.0,0.0,0.0,0.0,640.0,0.0,0.0,0.0,0.0,0.0,0.0,0.0,0.0,0.0,0.0,0.0,0.0,0.0,0.0,1868.8,0.0,0.0,0.0,3737.6,0.0,0.0,0.0,0.0,0.0,0.0,0.0,0.0,0.0,0.0
9634.0,VONK GOAT CHEESE SLICES 150 g,EXPORT,RESTO EXPORT,000527-JOSEPH BORG LTD (BLOQ.),0.0,0.0,0.0,0.0,0.0,0.0,0.0,0.0,0.0,0.0,0.0,0.0,0.0,0.0,0.0,0.0,0.0,0.0,0.0,0.0,0.0,0.0,0.0,0.0,0.0,0.0,0.0,0.0,0.0,0.0,0.0,0.0,0.0,0.0,0.0,0.0,0.0,0.0
9637.0,QUESO CABRA FUNDIDO EMBUTIDO 40 MM,INDUSTRIALES & FOOD SERVICE,RESTO INDUSTRIALES & FOODSERVICE,000003-CAMPOFRIO FOOD GROUP S.A.,2731.67,0.0,0.0,2562.73,0.0,1740.01,0.0,1701.91,0.0,3418.81,0.0,1621.46,1678.48,1649.7,1477.85,0.0,0.0,0.0,0.0,20105.09,0.0,0.0,17810.97,0.0,12093.07,0.0,11828.27,0.0,23760.72,0.0,11269.15,11665.44,11465.42,10271.06,0.0,0.0,0.0,0.0
9639.0,MOZZARELLA FRESCA METRO CHEF 125 G,CASH & CARRY,MAKRO,000645-MAKRO CASH & CARRY PORTUGAL S.A.,0.0,0.0,0.0,0.0,0.0,0.0,0.0,0.0,0.0,0.0,0.0,0.0,0.0,0.0,0.0,0.0,0.0,0.0,0.0,0.0,0.0,0.0,0.0,0.0,0.0,0.0,0.0,0.0,0.0,0.0,0.0,0.0,0.0,0.0,0.0,0.0,0.0,0.0
9639.0,MOZZARELLA FRESCA METRO CHEF 125 G,CASH & CARRY,MAKRO,000721-MAKRO CASH & CARRY PORTUGAL S.A.,1356.0,1389.0,1159.5,1854.75,2046.0,2745.75,2964.0,2960.25,2440.5,2511.0,933.75,1773.75,969.75,1369.5,2317.5,3407.25,2699.25,2797.5,3612.0,10088.64,10334.16,8626.68,13799.34,15222.24,20428.38,22052.16,22024.26,17688.6,18681.84,6947.1,13196.7,7097.76,10189.08,17242.2,25349.94,19181.81,20146.59,26873.28
9640.0,RALLADO TEX MEX CON QUESO CHEDDAR TIRAS 1 KG.,CASH & CARRY,MAKRO,000621-MAKRO DISTRIBUCIÓN MAYORISTA SA,210.0,240.0,330.0,300.0,370.0,290.0,270.0,240.0,350.0,230.0,190.0,170.0,250.0,200.0,210.0,320.0,70.0,200.0,340.0,1507.17,1722.48,2368.41,2153.1,2655.49,2081.33,1937.79,1722.48,2511.95,1650.71,1363.63,1220.09,1794.25,1435.4,1507.17,2296.64,502.39,1435.4,2440.18
9640.0,RALLADO TEX MEX CON QUESO CHEDDAR TIRAS 1 KG.,DISTRIBUIDORES,PROVISIONES SUROESTE,"000879-PROVISIONES SUROESTE, S.L.",0.0,0.0,0.0,30.0,60.0,0.0,0.0,0.0,0.0,0.0,60.0,20.0,0.0,20.0,40.0,30.0,30.0,10.0,0.0,0.0,0.0,0.0,207.0,414.0,0.0,0.0,0.0,0.0,0.0,414.0,138.0,0.0,131.0,262.0,196.5,196.5,65.5,0.0
9640.0,RALLADO TEX MEX CON QUESO CHEDDAR TIRAS 1 KG.,DISTRIBUIDORES,RESTO DISTRIBUIDORES,"000854-EL CONCHEL D´GUSTO, S.L.U. (BLOQ.)",0.0,0.0,0.0,0.0,0.0,0.0,0.0,0.0,0.0,0.0,0.0,0.0,0.0,0.0,0.0,0.0,0.0,0.0,0.0,0.0,0.0,0.0,0.0,0.0,0.0,0.0,0.0,0.0,0.0,0.0,0.0,0.0,0.0,0.0,0.0,0.0,0.0,0.0
9640.0,RALLADO TEX MEX CON QUESO CHEDDAR TIRAS 1 KG.,DISTRIBUIDORES,RESTO DISTRIBUIDORES,000950-GRUP ALIMENTARI DISTECO S.A,0.0,0.0,0.0,0.0,0.0,0.0,0.0,0.0,0.0,0.0,20.0,10.0,0.0,80.0,0.0,0.0,0.0,0.0,0.0,0.0,0.0,0.0,0.0,0.0,0.0,0.0,0.0,0.0,0.0,138.0,69.0,0.0,317.0,0.0,0.0,0.0,0.0,0.0
9642.0,"QUESO GOUDA RALLADO 2,75 KG",DISTRIBUIDORES,TGT,"000010-TEODORO GARCIA, S.A. ( BLOQ )",7276.5,13356.75,0.0,5577.0,2772.0,0.0,0.0,0.0,0.0,0.0,0.0,0.0,0.0,0.0,0.0,0.0,0.0,0.0,0.0,41272.31,75759.48,0.0,31632.74,15722.78,0.0,0.0,0.0,0.0,0.0,0.0,0.0,0.0,0.0,0.0,0.0,0.0,0.0,0.0
9642.0,"QUESO GOUDA RALLADO 2,75 KG",DISTRIBUIDORES,TGT,000580-LOGÍSTICA Y TRANSFORMACIÓN LÁCTEA S.L. ( bloq),8.25,0.0,0.0,0.0,0.0,0.0,0.0,0.0,0.0,0.0,0.0,0.0,0.0,0.0,0.0,0.0,0.0,0.0,0.0,46.79,0.0,0.0,0.0,0.0,0.0,0.0,0.0,0.0,0.0,0.0,0.0,0.0,0.0,0.0,0.0,0.0,0.0,0.0
9650.0,"MEZCLA TACO MIX CON OAXACA TIRAS 1,5 KG",INDUSTRIALES & FOOD SERVICE,RESTO INDUSTRIALES & FOODSERVICE,000567-PEACHBANANA FOOD BROKERS S.L. ( BLOQ ),0.0,0.0,0.0,0.0,0.0,0.0,0.0,0.0,0.0,0.0,0.0,0.0,0.0,0.0,0.0,0.0,0.0,0.0,0.0,0.0,0.0,0.0,0.0,0.0,0.0,0.0,0.0,0.0,0.0,0.0,0.0,0.0,0.0,0.0,0.0,0.0,0.0,0.0
9650.0,"MEZCLA TACO MIX CON OAXACA TIRAS 1,5 KG",RETAIL,OTROS RETAILERS,"000569-COSTCO WHOLESALE SPAIN,  S.L.U (1200003713)",0.0,960.0,588.0,576.0,480.0,576.0,972.0,180.0,432.0,300.0,660.0,60.0,0.0,0.0,0.0,0.0,0.0,0.0,0.0,0.0,7248.0,4439.4,4348.8,3624.0,4348.8,7338.6,1359.0,3261.6,2265.0,4983.0,453.0,0.0,0.0,0.0,0.0,0.0,0.0,0.0
9651.0,FRESH MOZZARELLA LIGHT FIOR DI VITA 125 g,EXPORT,RESTO EXPORT,000508-QUALITY FOODS MARKETING,94.5,94.5,94.5,94.5,94.5,94.5,94.5,94.5,94.5,0.0,0.0,0.0,0.0,0.0,0.0,0.0,0.0,0.0,0.0,619.92,619.92,619.92,619.92,619.92,619.92,619.92,619.92,619.92,0.0,0.0,0.0,0.0,0.0,0.0,0.0,0.0,0.0,0.0
9652.0,RALLADO GRATINAR 300 g,DISTRIBUIDORES,PROVISIONES SUROESTE,"000879-PROVISIONES SUROESTE, S.L.",1461.0,2505.0,2262.0,2124.0,1011.0,1638.0,1716.0,819.0,1992.0,1170.0,2457.0,2730.0,546.0,2184.0,1911.0,1365.0,2457.0,2457.0,2730.0,6173.1,10771.5,9726.6,9133.2,4347.3,6902.53,7378.8,3521.7,8565.6,5031.0,10565.1,11739.0,2347.8,9391.2,8217.3,5869.5,10565.1,10565.1,11739.0
9652.0,RALLADO GRATINAR 300 g,DISTRIBUIDORES,RESTO DISTRIBUIDORES,"000643-ORTHIDAL, S.L.",0.0,0.0,0.0,0.0,0.0,0.0,0.0,0.0,0.0,0.0,0.0,0.0,0.0,0.0,1.2,0.0,0.0,0.0,0.0,0.0,0.0,0.0,0.0,0.0,0.0,0.0,0.0,0.0,0.0,0.0,0.0,0.0,0.0,5.28,0.0,0.0,0.0,0.0
9652.0,RALLADO GRATINAR 300 g,DISTRIBUIDORES,RESTO DISTRIBUIDORES,000651-COMERGRAN S.L.,135.0,30.0,90.0,60.0,75.0,105.0,45.0,75.0,102.0,120.0,120.0,180.0,105.0,150.0,180.0,90.0,114.0,156.0,78.0,567.0,129.0,387.0,258.0,322.5,451.5,193.5,322.5,438.6,516.0,516.0,774.0,451.5,645.0,774.0,387.0,490.2,670.8,335.4
9652.0,RALLADO GRATINAR 300 g,DISTRIBUIDORES,RESTO DISTRIBUIDORES,000679-SPANISH CHEESE S.L.U.,0.0,0.0,0.0,0.0,0.0,0.0,0.0,0.0,0.0,0.0,0.0,540.0,0.0,0.0,0.0,0.0,0.0,0.0,0.0,0.0,0.0,0.0,0.0,0.0,0.0,0.0,0.0,0.0,0.0,0.0,2133.0,0.0,0.0,0.0,0.0,0.0,0.0,0.0
9652.0,RALLADO GRATINAR 300 g,DISTRIBUIDORES,RESTO DISTRIBUIDORES,000816-CARLAFEX S.L.,360.0,330.0,240.0,135.0,195.0,120.0,45.0,180.0,285.0,240.0,150.0,195.0,120.0,156.0,234.0,117.0,78.0,78.0,39.0,1290.0,1221.0,888.0,499.5,721.5,444.0,166.5,666.0,1054.5,888.0,555.0,721.5,444.0,577.2,865.8,432.9,288.6,288.6,144.3
9652.0,RALLADO GRATINAR 300 g,RETAIL,IFA,000597-AHORRAMAS S.A.,7371.0,6279.0,5733.0,3003.0,4641.0,3549.0,3003.0,6273.0,4092.3,5734.8,4914.0,6279.0,7371.0,6825.0,6825.0,4914.0,5187.0,4368.0,5460.0,26635.11,22674.0,20714.03,11336.75,18142.76,13876.02,11737.37,24530.57,15995.9,22425.94,19213.86,24548.17,28820.79,25790.78,26654.21,18416.15,19144.39,15581.8,18909.76
9652.0,RALLADO GRATINAR 300 g,RETAIL,IFA,000823-HIPER USERA S.L.,609.0,366.0,654.0,363.0,657.0,168.0,327.0,378.0,432.0,555.0,498.0,459.0,516.0,624.0,546.0,546.0,273.0,546.0,546.0,2537.51,1525.0,2725.03,1512.51,2737.51,700.0,1362.5,1575.0,1800.0,2312.5,2075.0,1912.5,2150.0,2600.02,2275.02,2275.02,1137.51,2275.02,2275.02
9652.0,RALLADO GRATINAR 300 g,RETAIL,OTROS RETAILERS,000824-GRUPO HERMANOS MARTÍN S.A. ( BLOQ),0.0,0.0,0.0,0.0,0.0,0.0,0.0,0.0,0.0,0.0,0.0,0.0,0.0,0.0,0.0,0.0,0.0,0.0,0.0,0.0,0.0,0.0,0.0,0.0,0.0,0.0,0.0,0.0,0.0,0.0,0.0,0.0,0.0,0.0,0.0,0.0,0.0,0.0
9653.0,GRATED MOZZARELLA LIGHT FIOR DI VITA 180 g,EXPORT,RESTO EXPORT,000508-QUALITY FOODS MARKETING,345.6,345.6,345.6,345.6,345.6,345.6,691.2,0.0,345.6,345.6,1036.8,345.6,691.2,691.2,691.2,691.2,691.2,691.2,691.2,2626.56,2626.56,2626.56,2626.56,2626.56,2626.56,5253.12,0.0,2626.56,2626.56,7879.68,2626.56,5253.12,5253.12,4769.28,4769.28,4769.28,4769.28,4769.28
9656.0,QUESO GOUDA RALLADO 200 G. HACENDADO,MERCADONA,MERCADONA,"000128-MERCADONA, S.A.",66432.0,49032.0,0.0,0.0,0.0,0.0,0.0,0.0,0.0,0.0,0.0,0.0,0.0,0.0,0.0,0.0,0.0,0.0,0.0,366372.48,270411.48,0.0,0.0,0.0,0.0,0.0,0.0,0.0,0.0,0.0,0.0,0.0,0.0,0.0,0.0,0.0,0.0,0.0
9660.0,QUESO FUNDIDO EN BARRA METRO CHEF VARIABLE,CASH & CARRY,MAKRO,000615-MAKRO DISTRIBUCIÓN MAYORISTA SA (BLOQ.),2331.98,0.0,0.0,0.0,0.0,0.0,0.0,0.0,0.0,0.0,0.0,0.0,0.0,0.0,0.0,0.0,0.0,0.0,0.0,11536.31,0.0,0.0,0.0,0.0,0.0,0.0,0.0,0.0,0.0,0.0,0.0,0.0,0.0,0.0,0.0,0.0,0.0,0.0
9660.0,QUESO FUNDIDO EN BARRA METRO CHEF VARIABLE,CASH & CARRY,MAKRO,000912-MAKRO DISTRIBUCIÓN MAYORISTA SA,1205.59,3394.27,4254.55,4017.55,3722.74,3737.93,3955.626,4444.462,3885.45,4001.13,3523.664,3890.546,3566.508,3688.598,4273.48,5028.58,4075.578,3501.368,4223.75,5184.4,14596.39,18295.84,17276.65,16008.91,16074.25,17010.39,19112.51,16708.61,17206.04,15152.84,16730.51,15337.06,15862.05,18377.25,21624.39,17526.19,15056.93,18163.39
9662.0,EDAM 40% ARLA (GERIS),INTERNO,INTERNO,"000086-CENTRAL QUESERA MONTESINOS, S.L.U.",0.0,0.0,0.0,0.0,20901.09,21133.08,0.0,0.0,0.0,0.0,0.0,0.0,0.0,0.0,0.0,0.0,0.0,0.0,0.0,0.0,0.0,0.0,0.0,94472.93,95521.52,0.0,0.0,0.0,0.0,0.0,0.0,0.0,0.0,0.0,0.0,0.0,0.0,0.0
9665.0,QUESO RALLADO SIN LACTOSA 150 g,DISTRIBUIDORES,PROVISIONES SUROESTE,"000879-PROVISIONES SUROESTE, S.L.",239.4,0.0,0.0,0.0,0.0,0.0,0.0,0.0,0.0,0.0,0.0,0.0,0.0,0.0,0.0,0.0,0.0,0.0,0.0,1855.35,0.0,0.0,0.0,0.0,0.0,0.0,0.0,0.0,0.0,0.0,0.0,0.0,0.0,0.0,0.0,0.0,0.0,0.0
9665.0,QUESO RALLADO SIN LACTOSA 150 g,DISTRIBUIDORES,RESTO DISTRIBUIDORES,"000643-ORTHIDAL, S.L.",0.0,0.0,0.0,0.0,0.0,0.0,0.0,0.0,0.0,0.0,0.0,0.0,0.0,0.0,0.0,0.0,0.0,0.0,0.0,0.0,0.0,0.0,0.0,0.0,0.0,0.0,0.0,0.0,0.0,0.0,0.0,0.0,0.0,0.0,0.0,0.0,0.0,0.0
9665.0,QUESO RALLADO SIN LACTOSA 150 g,DISTRIBUIDORES,RESTO DISTRIBUIDORES,000789-PALENZUELA DISTRIBUCION 1970 S.L.,0.0,0.0,0.0,0.0,0.0,0.0,0.0,0.0,0.0,0.0,0.0,0.0,0.0,0.0,0.0,0.0,0.0,0.0,0.0,0.0,0.0,0.0,0.0,0.0,0.0,0.0,0.0,0.0,0.0,0.0,0.0,0.0,0.0,0.0,0.0,0.0,0.0,0.0
9665.0,QUESO RALLADO SIN LACTOSA 150 g,RETAIL,IFA,000597-AHORRAMAS S.A.,648.9,0.0,0.0,0.0,0.0,0.0,0.0,0.0,0.0,0.0,0.0,0.0,0.0,0.0,0.0,0.0,0.0,0.0,0.0,4908.02,0.0,0.0,0.0,0.0,0.0,0.0,0.0,0.0,0.0,0.0,0.0,0.0,0.0,0.0,0.0,0.0,0.0,0.0
9666.0,BARRA SANDWICH EL MONTÉS 3 KG.,DISTRIBUIDORES,RESTO DISTRIBUIDORES,"000247-FADIS ALIMENTACION, S.L.",648.0,288.0,720.0,576.0,504.0,936.0,360.0,0.0,0.0,0.0,0.0,0.0,0.0,0.0,0.0,0.0,0.0,0.0,0.0,2455.48,1128.96,2822.4,2257.92,1975.68,3669.12,1411.2,0.0,0.0,0.0,0.0,0.0,0.0,0.0,0.0,0.0,0.0,0.0,0.0
9667.0,PASTA HILADA NEGRINI TACOS,DISTRIBUIDORES,RESTO DISTRIBUIDORES,000573-NEGRINI S.L.,480.0,480.0,480.0,480.0,480.0,480.0,0.0,480.0,480.0,480.0,480.0,0.0,480.0,480.0,480.0,0.0,480.0,480.0,480.0,2052.0,2120.4,2120.4,2120.4,2120.4,2120.4,0.0,2120.4,2120.4,2120.4,2120.4,0.0,2120.4,2120.4,2120.4,0.0,2120.4,2120.4,2120.4
9668.0,PREP. MOZZARELLA 70 NEGRINI 2K,DISTRIBUIDORES,RESTO DISTRIBUIDORES,000573-NEGRINI S.L.,0.0,0.0,0.0,0.0,0.0,0.0,0.0,0.0,0.0,0.0,0.0,0.0,0.0,0.0,0.0,0.0,0.0,0.0,0.0,0.0,0.0,0.0,0.0,0.0,0.0,0.0,0.0,0.0,0.0,0.0,0.0,0.0,0.0,0.0,0.0,0.0,0.0,0.0
9670.0,MOZZARELLA NEGRINI TACOS,DISTRIBUIDORES,RESTO DISTRIBUIDORES,000573-NEGRINI S.L.,0.0,0.0,0.0,0.0,0.0,0.0,0.0,0.0,0.0,0.0,0.0,0.0,0.0,0.0,0.0,0.0,0.0,0.0,0.0,0.0,0.0,0.0,0.0,0.0,0.0,0.0,0.0,0.0,0.0,0.0,0.0,0.0,0.0,0.0,0.0,0.0,0.0,0.0
9671.0,VONK GOUDA SLICES 150 g,EXPORT,RESTO EXPORT,000527-JOSEPH BORG LTD (BLOQ.),0.0,0.0,327.6,327.6,0.0,327.6,0.0,327.6,327.6,327.6,327.6,0.0,0.0,0.0,0.0,0.0,0.0,0.0,0.0,0.0,0.0,2171.99,2171.99,0.0,2424.24,0.0,2424.24,2424.24,2424.24,2424.24,0.0,0.0,0.0,0.0,0.0,0.0,0.0,0.0
9672.0,VONK EDAM SLICES 150 g,EXPORT,RESTO EXPORT,000527-JOSEPH BORG LTD (BLOQ.),0.0,0.0,329.7,0.0,327.6,0.0,0.0,327.6,327.6,0.0,327.6,0.0,0.0,0.0,0.0,0.0,0.0,0.0,0.0,0.0,0.0,2317.79,0.0,2391.48,0.0,0.0,2391.48,2391.48,0.0,2391.48,0.0,0.0,0.0,0.0,0.0,0.0,0.0,0.0
9673.0,LONCHAS QUESO SIN LACTOSA 150 G.,DISTRIBUIDORES,PROVISIONES SUROESTE,"000879-PROVISIONES SUROESTE, S.L.",0.0,220.5,1062.6,172.2,0.0,0.0,0.0,0.0,0.0,0.0,0.0,0.0,0.0,0.0,0.0,0.0,0.0,0.0,0.0,0.0,1744.16,8405.17,1344.88,0.0,0.0,0.0,0.0,0.0,0.0,0.0,0.0,0.0,0.0,0.0,0.0,0.0,0.0,0.0
9673.0,LONCHAS QUESO SIN LACTOSA 150 G.,DISTRIBUIDORES,RESTO DISTRIBUIDORES,"000734-UDIAL, S.A. (BLOQ.)",4.2,6.3,8.4,0.0,0.0,0.0,0.0,0.0,0.0,0.0,0.0,0.0,0.0,0.0,0.0,0.0,0.0,0.0,0.0,40.4,60.61,80.8,0.0,0.0,0.0,0.0,0.0,0.0,0.0,0.0,0.0,0.0,0.0,0.0,0.0,0.0,0.0,0.0
9673.0,LONCHAS QUESO SIN LACTOSA 150 G.,DISTRIBUIDORES,RESTO DISTRIBUIDORES,000816-CARLAFEX S.L.,0.0,0.0,0.0,0.0,0.0,0.0,0.0,0.0,0.0,0.0,0.0,0.0,0.0,0.0,0.0,0.0,0.0,0.0,0.0,0.0,0.0,0.0,0.0,0.0,0.0,0.0,0.0,0.0,0.0,0.0,0.0,0.0,0.0,0.0,0.0,0.0,0.0,0.0
9673.0,LONCHAS QUESO SIN LACTOSA 150 G.,RETAIL,IFA,000597-AHORRAMAS S.A.,1965.6,1310.4,2184.0,0.0,0.0,0.0,0.0,0.0,0.0,0.0,0.0,0.0,0.0,0.0,0.0,0.0,0.0,0.0,0.0,14438.91,9611.63,16043.22,0.0,0.0,0.0,0.0,0.0,0.0,0.0,0.0,0.0,0.0,0.0,0.0,0.0,0.0,0.0,0.0
9674.0,LONCHAS CHEDDAR ROJO 200 G.,DISTRIBUIDORES,PROVISIONES SUROESTE,"000879-PROVISIONES SUROESTE, S.L.",0.0,0.0,228.0,374.4,115.2,499.2,499.2,499.2,98.4,0.0,0.0,0.0,0.0,0.0,0.0,0.0,0.0,0.0,0.0,0.0,0.0,1960.8,3294.72,1013.76,4392.96,4392.96,4392.96,865.92,0.0,0.0,0.0,0.0,0.0,0.0,0.0,0.0,0.0,0.0
9674.0,LONCHAS CHEDDAR ROJO 200 G.,DISTRIBUIDORES,RESTO DISTRIBUIDORES,"000643-ORTHIDAL, S.L.",0.0,0.0,0.0,0.0,0.0,0.0,0.0,0.0,0.0,0.0,0.0,0.0,0.0,0.0,1.0,0.0,0.0,0.0,0.0,0.0,0.0,0.0,0.0,0.0,0.0,0.0,0.0,0.0,0.0,0.0,0.0,0.0,0.0,8.7,0.0,0.0,0.0,0.0
9674.0,LONCHAS CHEDDAR ROJO 200 G.,RETAIL,IFA,000597-AHORRAMAS S.A.,5740.8,2745.6,6239.4,6739.2,3244.8,5241.6,3494.4,3993.6,4978.0,4743.2,4992.0,4492.8,5740.8,5990.4,6240.0,5740.8,4992.0,6739.2,5740.8,44529.38,21267.18,48372.03,52268.96,25131.55,40654.16,27097.09,30964.55,38606.39,36783.6,38718.1,34842.87,44529.38,46460.79,48401.5,41164.68,35798.21,48337.24,41167.57
9675.0,LONCHAS SANDWICH 300 G.,DISTRIBUIDORES,PROVISIONES SUROESTE,"000879-PROVISIONES SUROESTE, S.L.",583.2,2282.4,1831.2,2620.8,1591.2,1747.2,914.4,3057.6,1934.4,2832.0,1850.4,1622.4,2340.0,2620.8,2308.8,2683.2,1404.0,3244.8,2776.8,2594.54,10544.67,8460.14,12108.1,7351.33,8072.06,4224.53,14126.1,8936.92,13083.83,8548.84,7495.48,10810.8,12108.09,10666.66,12396.39,6486.47,14990.97,12828.81
9675.0,LONCHAS SANDWICH 300 G.,DISTRIBUIDORES,RESTO DISTRIBUIDORES,"000643-ORTHIDAL, S.L.",0.0,866.4,520.8,1233.6,175.2,62.4,788.4,501.6,453.6,331.2,211.2,950.4,518.4,292.8,639.6,374.4,175.2,96.0,384.0,0.0,3997.21,2406.09,5661.27,834.38,294.53,3721.23,2344.33,2033.93,1561.83,996.86,4261.6,2446.52,1419.27,3039.39,1819.58,851.46,466.55,1864.45
9675.0,LONCHAS SANDWICH 300 G.,DISTRIBUIDORES,RESTO DISTRIBUIDORES,"000734-UDIAL, S.A. (BLOQ.)",0.0,0.0,14.4,12.0,24.0,0.0,0.0,0.0,0.0,0.0,0.0,0.0,0.0,0.0,0.0,0.0,0.0,0.0,0.0,0.0,0.0,80.78,68.52,137.04,0.0,0.0,0.0,0.0,0.0,0.0,0.0,0.0,0.0,0.0,0.0,0.0,0.0,0.0
9675.0,LONCHAS SANDWICH 300 G.,DISTRIBUIDORES,RESTO DISTRIBUIDORES,000816-CARLAFEX S.L.,360.0,36.0,336.0,240.0,384.0,336.0,144.0,192.0,432.0,432.0,240.0,408.0,504.0,0.0,405.6,187.2,271.2,93.6,93.6,1476.0,154.8,1444.8,1056.0,1689.6,1478.4,633.6,844.8,1900.8,1900.8,1056.0,1795.2,2217.6,0.0,1784.64,823.68,1193.28,411.84,411.84
9675.0,LONCHAS SANDWICH 300 G.,DISTRIBUIDORES,RESTO DISTRIBUIDORES,000925-CAFES MORA S.L. ( BLOQ ),0.0,0.0,0.0,96.0,0.0,0.0,0.0,0.0,0.0,0.0,0.0,0.0,0.0,0.0,0.0,0.0,0.0,0.0,0.0,0.0,0.0,0.0,523.2,0.0,0.0,0.0,0.0,0.0,0.0,0.0,0.0,0.0,0.0,0.0,0.0,0.0,0.0,0.0
9675.0,LONCHAS SANDWICH 300 G.,RETAIL,IFA,000597-AHORRAMAS S.A.,2745.6,3744.0,6239.7,3744.0,4243.2,3744.0,2995.2,4742.4,4738.5,4742.7,4742.4,3993.6,6739.2,4992.0,6475.2,4742.4,4992.0,4243.2,5241.6,11932.66,14098.32,27999.23,17493.6,20148.02,17784.37,14228.92,21345.52,22515.93,22535.9,22533.04,18967.62,32024.68,22911.48,30562.75,21600.07,22472.6,18413.24,22172.59
9675.0,LONCHAS SANDWICH 300 G.,RETAIL,IFA,000823-HIPER USERA S.L.,480.0,357.6,494.4,261.6,700.8,163.2,367.2,379.2,410.4,528.0,372.0,348.0,400.8,499.2,280.8,374.4,405.6,374.4,436.8,2416.0,1799.92,2488.47,1316.71,3527.34,821.44,1848.24,1908.64,2065.68,2657.6,1872.4,1751.6,2017.36,2512.63,1413.36,1884.48,2041.52,1884.48,2198.56
9675.0,LONCHAS SANDWICH 300 G.,RETAIL,OTROS RETAILERS,000824-GRUPO HERMANOS MARTÍN S.A. ( BLOQ),0.0,0.0,0.0,0.0,0.0,0.0,0.0,0.0,0.0,0.0,0.0,0.0,0.0,0.0,0.0,0.0,0.0,0.0,0.0,0.0,0.0,0.0,0.0,0.0,0.0,0.0,0.0,0.0,0.0,0.0,0.0,0.0,0.0,0.0,0.0,0.0,0.0,0.0
9679.0,FILABELLA F WITH VEGETABLE FAT. GRATED 200 g.,EXPORT,RESTO EXPORT,000559-SHAKER&MAHER COMPANY FOR CONSUMABLES AND INVESTMEN,3840.0,0.0,0.0,0.0,3456.0,0.0,0.0,0.0,2978.4,0.0,0.0,3840.0,0.0,0.0,0.0,0.0,5376.0,0.0,0.0,21235.2,0.0,0.0,0.0,19111.68,0.0,0.0,0.0,16470.55,0.0,0.0,21235.2,0.0,0.0,0.0,0.0,31180.8,0.0,0.0
9688.0,QUESO RALLADO EMMENTAL ZIPPER 200 G. IFA ELIGES,RETAIL,IFA,"000647-MOYA SAUS E HIJOS, S.A. ( BLOQ)",307.2,345.6,307.2,230.4,115.2,192.0,76.8,0.0,0.0,0.0,0.0,0.0,0.0,0.0,0.0,0.0,0.0,0.0,0.0,2168.84,2439.94,2168.84,1626.62,811.59,1333.45,533.38,0.0,0.0,0.0,0.0,0.0,0.0,0.0,0.0,0.0,0.0,0.0,0.0
9688.0,QUESO RALLADO EMMENTAL ZIPPER 200 G. IFA ELIGES,RETAIL,IFA,000657-SCABER Scai,422.4,153.6,153.6,115.2,153.6,153.6,115.2,192.0,153.6,192.0,153.6,192.0,153.6,192.0,153.6,192.0,153.6,153.6,192.0,2982.15,1084.4,1094.2,813.3,1071.17,1066.76,800.07,1333.45,1066.76,1333.45,1066.76,1333.45,1066.76,1333.45,1066.76,1284.29,1017.6,1014.72,1267.2
9688.0,QUESO RALLADO EMMENTAL ZIPPER 200 G. IFA ELIGES,RETAIL,IFA,000662-ALIMENTACION PENINSULAR S.A.,422.4,537.6,652.8,652.8,422.4,345.6,537.6,537.6,345.6,844.8,422.4,614.4,614.4,460.8,729.6,499.2,422.4,115.2,576.0,2991.94,3795.45,4608.78,4608.77,2933.57,2400.19,3733.62,3733.63,2400.2,5867.14,2933.56,4267.01,4267.01,3200.26,5067.09,3307.2,2798.4,763.2,3801.6
9688.0,QUESO RALLADO EMMENTAL ZIPPER 200 G. IFA ELIGES,RETAIL,IFA,"000663-GADISA RETAIL, S.L.U.",3225.6,2688.0,4569.6,3225.6,3225.6,2150.4,2956.8,2688.0,4032.0,2688.0,3494.4,3494.4,3763.2,3494.4,4569.6,3225.6,3763.2,3763.2,2150.4,22546.93,18789.1,31941.49,22546.93,21822.52,14504.46,19943.62,18130.57,27195.83,18130.56,23569.72,23569.73,25382.78,23569.72,30821.94,20923.39,24216.21,24268.61,13870.08
9688.0,QUESO RALLADO EMMENTAL ZIPPER 200 G. IFA ELIGES,RETAIL,IFA,000665-SUPERMERCADOS DANI S.L.,0.0,115.2,403.2,0.0,268.8,0.0,268.8,0.0,268.8,268.8,268.8,268.8,268.8,268.8,268.8,0.0,268.8,0.0,268.8,0.0,813.31,2846.59,0.0,1866.82,0.0,1866.82,0.0,1866.82,1866.82,1866.82,1866.82,1866.82,1866.82,1866.82,0.0,1780.8,0.0,1774.08
9688.0,QUESO RALLADO EMMENTAL ZIPPER 200 G. IFA ELIGES,RETAIL,IFA,000668-HIPER USERA S.L.,369.6,235.2,436.8,67.2,403.2,168.0,201.6,336.0,369.6,336.0,302.4,266.4,369.6,336.0,268.8,302.4,302.4,302.4,369.6,2617.95,1660.51,3083.81,474.43,2819.54,1176.83,1400.1,2333.51,2566.88,2333.51,2100.16,1850.14,2587.02,2333.52,1866.81,2014.15,2003.4,1995.84,2439.36
9688.0,QUESO RALLADO EMMENTAL ZIPPER 200 G. IFA ELIGES,RETAIL,IFA,"000669-GRUPO EMPRESARIAL EL JAMÓN, S.L.",1881.6,1881.6,2419.2,1075.2,1344.0,1881.6,1612.8,2688.0,1612.8,1881.6,1075.2,2419.2,1728.0,2529.6,2596.8,1375.2,2150.4,2150.4,1881.6,13246.46,13246.46,17031.16,7569.4,9264.19,12785.47,10958.98,18264.96,10958.98,12785.47,7305.99,16438.46,11799.36,17245.51,17712.21,8925.8,13934.6,13886.21,12136.32
9688.0,QUESO RALLADO EMMENTAL ZIPPER 200 G. IFA ELIGES,RETAIL,IFA,"000673-COMERCIAL PIEDRA TRUJILLO, S.L.U. ( bloq)",268.8,307.2,460.8,192.0,307.2,384.0,230.4,307.2,230.4,307.2,192.0,230.4,0.0,0.0,0.0,0.0,0.0,0.0,0.0,1897.73,2168.83,3253.25,1365.31,2137.93,2666.88,1600.12,2133.51,1600.14,2133.52,1333.45,1600.13,0.0,0.0,0.0,0.0,0.0,0.0,0.0
9688.0,QUESO RALLADO EMMENTAL ZIPPER 200 G. IFA ELIGES,RETAIL,IFA,000674-GRUPO HERMANOS MARTÍN S.A.,1612.8,2419.2,2419.2,2419.2,1612.8,1881.6,2419.2,1881.6,1881.6,2688.0,2150.4,2419.2,2419.2,2956.8,2419.2,2956.8,1881.6,2150.4,2956.8,11359.48,17031.16,17031.16,17031.15,10958.98,12785.47,16398.15,12785.47,12785.47,18264.95,14611.96,16438.46,16438.46,20091.45,16438.46,19414.07,12192.77,13886.21,19071.36
9688.0,QUESO RALLADO EMMENTAL ZIPPER 200 G. IFA ELIGES,RETAIL,IFA,000678-CORBALÁN MATALLANA S.L.,153.6,115.2,115.2,153.6,153.6,153.6,192.0,153.6,192.0,115.2,192.0,153.6,76.8,115.2,115.2,192.0,76.8,72.0,134.4,1084.42,813.31,813.31,1084.42,1071.17,1066.75,1333.45,1066.76,1333.45,800.07,1333.45,1066.76,533.38,800.07,800.07,1272.0,508.8,476.16,887.04
9688.0,QUESO RALLADO EMMENTAL ZIPPER 200 G. IFA ELIGES,RETAIL,IFA,000680-COMPAÑIA NACIONAL DE COMERCIO S.A.,230.4,115.2,230.4,268.8,230.4,153.6,307.2,153.6,345.6,153.6,268.8,192.0,268.8,230.4,307.2,268.8,192.0,153.6,345.6,1626.62,813.31,1626.62,1897.73,1600.12,1066.76,2133.5,1066.75,2400.19,1066.76,1866.81,1333.44,1866.81,1600.13,2133.5,1805.38,1272.0,1013.76,2280.96
9688.0,QUESO RALLADO EMMENTAL ZIPPER 200 G. IFA ELIGES,RETAIL,IFA,"000714-UNIALCO, S.L.",0.0,0.0,0.0,0.0,0.0,0.0,0.0,0.0,0.0,0.0,0.0,0.0,0.0,0.0,0.0,0.0,0.0,0.0,0.0,-19.2,0.0,0.0,0.0,0.0,0.0,0.0,0.0,0.0,0.0,0.0,0.0,0.0,0.0,0.0,0.0,0.0,0.0,0.0
9688.0,QUESO RALLADO EMMENTAL ZIPPER 200 G. IFA ELIGES,RETAIL,IFA,"000871-SUPERMERCADOS BOLAÑOS, S.L.",0.0,38.4,76.8,0.0,0.0,0.0,0.0,76.8,0.0,0.0,38.4,0.0,0.0,0.0,38.4,0.0,0.0,38.4,0.0,0.0,271.1,542.21,0.0,0.0,0.0,0.0,533.38,0.0,0.0,266.69,0.0,0.0,0.0,266.69,0.0,0.0,253.44,0.0
9688.0,QUESO RALLADO EMMENTAL ZIPPER 200 G. IFA ELIGES,RETAIL,IFA,000876-ARTESANOS VIRGEN DE EXTREMADURA S.L. (BLOQ.),0.0,38.4,0.0,0.0,0.0,0.0,0.0,0.0,0.0,0.0,0.0,0.0,0.0,0.0,0.0,0.0,0.0,0.0,0.0,0.0,271.1,0.0,0.0,0.0,0.0,0.0,0.0,0.0,0.0,0.0,0.0,0.0,0.0,0.0,0.0,0.0,0.0,0.0
9688.0,QUESO RALLADO EMMENTAL ZIPPER 200 G. IFA ELIGES,RETAIL,IFA,000939-PUGA  AUTOSERVICIO MAYORISTA SL,0.0,0.0,0.0,0.0,0.0,0.0,0.0,0.0,38.4,0.0,0.0,0.0,0.0,0.0,0.0,0.0,0.0,0.0,0.0,0.0,0.0,0.0,0.0,0.0,0.0,0.0,0.0,266.69,0.0,0.0,0.0,0.0,0.0,0.0,0.0,0.0,0.0,0.0
9691.0,QUESO RALLADO SIN LACTOSA ZIPPER 150 G. IFA ELIGES,RETAIL,IFA,"000647-MOYA SAUS E HIJOS, S.A. ( BLOQ)",67.2,134.4,100.8,100.8,33.6,67.2,33.6,0.0,0.0,0.0,0.0,0.0,0.0,0.0,0.0,0.0,0.0,0.0,0.0,544.32,1088.64,816.48,816.48,267.01,534.02,267.01,0.0,0.0,0.0,0.0,0.0,0.0,0.0,0.0,0.0,0.0,0.0,0.0
9691.0,QUESO RALLADO SIN LACTOSA ZIPPER 150 G. IFA ELIGES,RETAIL,IFA,000657-SCABER Scai,134.4,100.8,33.6,134.4,134.4,33.6,67.2,134.4,100.8,100.8,100.8,168.0,134.4,67.2,0.0,168.0,134.4,0.0,134.4,1088.64,816.48,272.16,1097.15,1073.19,267.01,534.02,1068.04,801.03,801.03,801.03,1335.05,1068.04,534.02,0.0,1285.77,1018.76,0.0,922.0
9691.0,QUESO RALLADO SIN LACTOSA ZIPPER 150 G. IFA ELIGES,RETAIL,IFA,000662-ALIMENTACION PENINSULAR S.A.,0.0,0.0,0.0,0.0,67.2,134.4,67.2,134.4,33.6,100.8,100.8,100.8,100.8,134.4,134.4,134.4,100.8,33.6,134.4,0.0,0.0,0.0,0.0,534.02,-0.02,534.02,1068.04,267.01,801.03,811.11,801.03,801.03,801.03,1068.04,1018.76,764.07,254.69,921.98
9691.0,QUESO RALLADO SIN LACTOSA ZIPPER 150 G. IFA ELIGES,RETAIL,IFA,"000663-GADISA RETAIL, S.L.U.",940.8,940.8,1176.0,1176.0,940.8,705.6,940.8,940.8,940.8,940.8,1176.0,940.8,1176.0,940.8,1176.0,1176.0,705.6,705.6,940.8,7551.52,7551.52,9439.4,9439.4,7288.07,5466.06,7288.08,7288.08,7288.08,7288.08,9110.1,7288.08,9110.1,7288.08,9110.1,8771.42,5212.05,4895.29,6315.88
9691.0,QUESO RALLADO SIN LACTOSA ZIPPER 150 G. IFA ELIGES,RETAIL,IFA,000665-SUPERMERCADOS DANI S.L.,33.6,0.0,33.6,0.0,117.6,0.0,0.0,33.6,67.2,0.0,67.2,0.0,100.8,0.0,0.0,67.2,33.6,0.0,33.6,272.16,0.0,272.16,0.0,934.53,0.0,0.0,267.01,534.02,0.0,534.02,0.0,801.02,0.0,0.0,509.38,254.69,0.0,230.5
9691.0,QUESO RALLADO SIN LACTOSA ZIPPER 150 G. IFA ELIGES,RETAIL,IFA,000668-HIPER USERA S.L.,134.4,134.4,201.6,67.2,201.6,67.2,100.8,100.8,168.0,168.0,168.0,67.2,134.4,201.6,100.8,132.3,134.4,134.4,201.6,1097.15,1088.64,1632.96,544.32,1612.36,544.1,801.03,801.03,1335.05,1335.05,1335.05,534.02,1068.04,1602.06,801.03,1014.39,1018.76,921.99,1382.98
9691.0,QUESO RALLADO SIN LACTOSA ZIPPER 150 G. IFA ELIGES,RETAIL,IFA,"000669-GRUPO EMPRESARIAL EL JAMÓN, S.L.",940.8,940.8,1176.0,470.4,705.6,940.8,940.8,940.8,940.8,940.8,705.6,1176.0,907.2,1379.7,1575.0,705.6,940.8,1176.0,940.8,7601.67,7601.67,9502.09,3800.83,5569.52,7338.2,7338.2,7338.2,7338.2,7338.2,5503.65,9172.75,7105.71,10791.49,12308.96,5249.67,6999.56,8236.69,6315.9
9691.0,QUESO RALLADO SIN LACTOSA ZIPPER 150 G. IFA ELIGES,RETAIL,IFA,"000673-COMERCIAL PIEDRA TRUJILLO, S.L.U. ( bloq)",67.2,134.4,33.6,100.8,67.2,67.2,33.6,67.2,100.8,67.2,67.2,67.2,0.0,0.0,0.0,0.0,0.0,0.0,0.0,544.32,1088.64,272.16,824.99,534.02,534.02,267.01,534.02,801.03,534.02,534.02,534.02,0.0,0.0,0.0,0.0,0.0,0.0,0.0
9691.0,QUESO RALLADO SIN LACTOSA ZIPPER 150 G. IFA ELIGES,RETAIL,IFA,000674-GRUPO HERMANOS MARTÍN S.A.,940.8,1176.0,1176.0,1176.0,940.8,940.8,1176.0,940.8,1176.0,1411.2,1176.0,1176.0,1646.4,1411.2,1176.0,1646.4,940.8,1411.2,1411.2,7606.38,9502.09,9502.09,9506.79,7338.21,7338.22,9160.25,7338.21,9172.76,11007.31,9172.76,9172.79,12841.9,11007.31,9172.75,12333.89,6999.56,9644.75,9473.82
9691.0,QUESO RALLADO SIN LACTOSA ZIPPER 150 G. IFA ELIGES,RETAIL,IFA,000678-CORBALÁN MATALLANA S.L.,33.6,33.6,33.6,33.6,33.6,33.6,67.2,33.6,33.6,33.6,33.6,33.6,33.6,33.6,33.6,33.6,33.6,25.2,50.4,272.16,272.16,272.16,272.16,267.01,267.01,534.02,267.01,267.01,267.01,267.01,267.01,267.01,267.01,267.01,254.69,254.69,172.87,345.74
9691.0,QUESO RALLADO SIN LACTOSA ZIPPER 150 G. IFA ELIGES,RETAIL,IFA,000680-COMPAÑIA NACIONAL DE COMERCIO S.A.,0.0,0.0,0.0,0.0,0.0,0.0,0.0,0.0,0.0,0.0,0.0,0.0,0.0,0.0,100.8,0.0,33.6,33.6,33.6,0.0,0.0,0.0,0.0,0.0,0.0,0.0,0.0,0.0,0.0,0.0,0.0,0.0,0.0,801.03,0.0,254.69,230.5,230.5
9691.0,QUESO RALLADO SIN LACTOSA ZIPPER 150 G. IFA ELIGES,RETAIL,IFA,"000714-UNIALCO, S.L.",772.8,772.8,1008.0,739.2,604.8,772.8,470.4,604.8,0.0,0.0,0.0,0.0,0.0,0.0,0.0,0.0,0.0,0.0,0.0,6234.48,6259.68,8164.8,5987.52,4842.22,6141.19,3738.12,4786.43,0.0,0.0,0.0,0.0,0.0,0.0,0.0,0.0,0.0,0.0,0.0
9691.0,QUESO RALLADO SIN LACTOSA ZIPPER 150 G. IFA ELIGES,RETAIL,IFA,000795-DISPREU LOGISTICA S.L. (BLOQ.),33.6,33.6,33.6,33.6,33.6,33.6,67.2,33.6,33.6,33.6,33.6,67.2,67.2,33.6,67.2,33.6,0.0,0.0,0.0,280.67,280.67,280.67,280.67,280.67,277.09,554.18,277.09,277.09,277.09,277.09,544.1,544.1,267.01,534.02,267.01,0.0,0.0,0.0
9691.0,QUESO RALLADO SIN LACTOSA ZIPPER 150 G. IFA ELIGES,RETAIL,IFA,"000871-SUPERMERCADOS BOLAÑOS, S.L.",0.0,33.6,0.0,0.0,0.0,33.6,0.0,33.6,0.0,33.6,0.0,0.0,33.6,0.0,33.6,0.0,0.0,33.6,0.0,0.0,272.16,0.0,0.0,0.0,267.01,0.0,267.01,0.0,277.09,0.0,0.0,267.01,0.0,267.01,0.0,0.0,230.5,0.0
9691.0,QUESO RALLADO SIN LACTOSA ZIPPER 150 G. IFA ELIGES,RETAIL,IFA,000876-ARTESANOS VIRGEN DE EXTREMADURA S.L. (BLOQ.),0.0,33.6,0.0,0.0,0.0,0.0,0.0,0.0,0.0,0.0,0.0,0.0,0.0,0.0,0.0,0.0,0.0,0.0,0.0,0.0,272.16,0.0,0.0,0.0,0.0,0.0,0.0,0.0,0.0,0.0,0.0,0.0,0.0,0.0,0.0,0.0,0.0,0.0
9694.0,LONCHAS CREMOSO Y SUAVE 300 G IFA ELIGES,RETAIL,IFA,"000647-MOYA SAUS E HIJOS, S.A. ( BLOQ)",748.8,748.8,748.8,748.8,0.0,748.8,249.6,0.0,0.0,0.0,0.0,0.0,0.0,0.0,0.0,0.0,0.0,0.0,0.0,6225.03,6225.03,6225.03,6973.8,0.0,6826.56,2275.52,0.0,0.0,0.0,0.0,0.0,0.0,0.0,0.0,0.0,0.0,0.0,0.0
9694.0,LONCHAS CREMOSO Y SUAVE 300 G IFA ELIGES,RETAIL,IFA,000657-SCABER Scai,156.0,218.4,218.4,218.4,312.0,124.8,124.8,218.4,187.2,187.2,156.0,249.6,124.8,124.8,156.0,156.0,187.2,156.0,187.2,1296.88,1815.64,1815.64,1948.43,2868.93,1137.76,1137.76,1991.08,1706.64,1706.64,1422.2,2275.52,1137.76,1137.76,1422.2,1369.36,1627.38,1307.07,1553.76
9694.0,LONCHAS CREMOSO Y SUAVE 300 G IFA ELIGES,RETAIL,IFA,000662-ALIMENTACION PENINSULAR S.A.,465.6,436.8,592.8,530.4,592.8,312.0,468.0,436.8,436.8,499.2,343.2,374.4,374.4,374.4,499.2,499.2,405.6,312.0,561.6,3870.07,3631.26,4928.15,4846.16,5113.78,2844.4,4266.6,3982.16,3982.16,4551.04,3138.2,3413.28,3413.28,3128.84,4551.04,4339.72,3526.02,2626.42,4680.0
9694.0,LONCHAS CREMOSO Y SUAVE 300 G IFA ELIGES,RETAIL,IFA,"000663-GADISA RETAIL, S.L.U.",2496.0,2995.2,2995.2,2745.6,0.0,0.0,2745.6,499.2,1497.6,1471.2,1747.2,1747.2,1747.2,1747.2,1996.8,1747.2,2169.6,1497.6,2246.4,20567.04,24680.45,24680.44,25119.74,0.0,0.0,24481.6,4451.2,13353.6,13118.2,15579.2,15579.2,15579.2,15579.2,17804.8,14960.18,18448.82,12231.23,18195.84
9694.0,LONCHAS CREMOSO Y SUAVE 300 G IFA ELIGES,RETAIL,IFA,000665-SUPERMERCADOS DANI S.L.,0.0,93.6,312.0,0.0,249.6,0.0,249.6,249.6,0.0,499.2,249.6,249.6,0.0,249.6,312.0,249.6,0.0,249.6,249.6,0.0,778.13,2593.76,0.0,2275.52,0.0,2275.52,2275.52,0.0,2275.52,2275.52,2275.52,0.0,2275.52,2844.4,2169.86,0.0,2071.68,2071.68
9694.0,LONCHAS CREMOSO Y SUAVE 300 G IFA ELIGES,RETAIL,IFA,000668-HIPER USERA S.L.,748.8,499.2,1248.0,0.0,1248.0,249.6,499.2,499.2,748.8,499.2,499.2,499.2,499.2,499.2,499.2,499.2,499.2,748.8,499.2,6225.03,4150.02,10375.05,0.0,11426.68,2275.52,4551.04,4551.04,6826.56,4551.04,4551.04,4551.04,4551.04,4551.04,4551.04,4339.72,4339.72,6215.04,4143.36
9694.0,LONCHAS CREMOSO Y SUAVE 300 G IFA ELIGES,RETAIL,IFA,"000669-GRUPO EMPRESARIAL EL JAMÓN, S.L.",1248.0,1996.8,2246.4,748.8,1497.6,2246.4,1497.6,2496.0,1747.2,1248.0,1248.0,1996.8,1466.4,2215.2,2400.0,825.6,1747.2,1996.8,2496.0,10350.08,16560.13,18630.14,6958.83,13673.06,20142.72,13428.48,22380.8,15666.56,11190.4,8952.32,17904.64,13218.92,19895.72,21580.48,7102.43,14938.63,16473.62,20342.4
9694.0,LONCHAS CREMOSO Y SUAVE 300 G IFA ELIGES,RETAIL,IFA,000670-BON PREU SAU,57.6,38.4,57.6,57.6,38.4,57.6,57.6,45.6,57.6,38.4,57.6,57.6,38.4,38.4,57.6,38.4,38.4,57.6,76.8,478.86,319.24,478.86,536.46,350.08,522.24,525.12,415.72,525.12,350.08,525.12,516.48,350.08,344.32,516.48,328.32,328.32,477.12,625.92
9694.0,LONCHAS CREMOSO Y SUAVE 300 G IFA ELIGES,RETAIL,IFA,"000673-COMERCIAL PIEDRA TRUJILLO, S.L.U. ( bloq)",280.8,280.8,249.6,218.4,280.8,218.4,218.4,312.0,280.8,312.0,312.0,280.8,0.0,0.0,0.0,0.0,0.0,0.0,0.0,2334.38,2334.38,2075.0,1987.64,2578.36,1991.08,1991.08,2844.4,2559.96,2844.4,2844.4,2559.96,0.0,0.0,0.0,0.0,0.0,0.0,0.0
9694.0,LONCHAS CREMOSO Y SUAVE 300 G IFA ELIGES,RETAIL,IFA,000674-GRUPO HERMANOS MARTÍN S.A.,1747.2,2995.2,2496.0,2995.2,2246.4,1747.2,2496.0,2496.0,2496.0,3662.4,2241.6,2246.4,2745.6,2995.2,2745.6,2995.2,2745.6,2496.0,4492.8,14495.09,24840.19,20700.15,26088.16,20142.74,15666.57,22343.43,22380.8,22380.8,32899.29,15563.78,20142.75,24618.92,26857.06,24618.96,25817.02,23474.97,20504.66,36516.48
9694.0,LONCHAS CREMOSO Y SUAVE 300 G IFA ELIGES,RETAIL,IFA,000678-CORBALÁN MATALLANA S.L.,62.4,93.6,62.4,62.4,124.8,93.6,62.4,93.6,62.4,93.6,93.6,93.6,62.4,62.4,62.4,62.4,31.2,93.6,62.4,518.75,778.13,518.76,549.95,1150.03,853.32,568.88,853.32,568.88,853.32,853.32,853.32,568.88,568.88,568.88,542.46,271.23,789.15,517.92
9694.0,LONCHAS CREMOSO Y SUAVE 300 G IFA ELIGES,RETAIL,IFA,000680-COMPAÑIA NACIONAL DE COMERCIO S.A.,124.8,31.2,156.0,156.0,187.2,124.8,187.2,124.5,218.4,124.8,187.2,156.0,187.2,156.0,187.2,187.2,156.0,124.8,141.6,1037.5,259.38,1296.88,1452.87,1706.64,1137.76,1706.64,1135.02,1991.08,1137.76,1706.64,1422.2,1706.64,1422.2,1706.64,1653.81,1356.16,1035.84,1184.64
9694.0,LONCHAS CREMOSO Y SUAVE 300 G IFA ELIGES,RETAIL,IFA,000795-DISPREU LOGISTICA S.L. (BLOQ.),0.0,0.0,0.0,0.0,0.0,0.0,0.0,0.0,0.0,0.0,93.6,62.4,31.2,93.6,31.2,62.4,0.0,0.0,0.0,0.0,0.0,0.0,0.0,0.0,0.0,0.0,0.0,0.0,0.0,853.32,568.88,284.44,853.32,284.44,564.62,0.0,0.0,0.0
9694.0,LONCHAS CREMOSO Y SUAVE 300 G IFA ELIGES,RETAIL,IFA,"000871-SUPERMERCADOS BOLAÑOS, S.L.",0.0,31.2,31.2,0.0,0.0,31.2,0.0,0.0,0.0,31.2,0.0,0.0,31.2,0.0,0.0,0.0,0.0,31.2,0.0,0.0,259.38,259.38,0.0,0.0,284.44,0.0,0.0,0.0,293.8,0.0,0.0,284.44,0.0,0.0,0.0,0.0,258.96,0.0
9694.0,LONCHAS CREMOSO Y SUAVE 300 G IFA ELIGES,RETAIL,IFA,000876-ARTESANOS VIRGEN DE EXTREMADURA S.L. (BLOQ.),0.0,31.2,0.0,0.0,0.0,0.0,0.0,0.0,0.0,0.0,0.0,0.0,0.0,0.0,0.0,0.0,0.0,0.0,0.0,0.0,259.38,0.0,0.0,0.0,0.0,0.0,0.0,0.0,0.0,0.0,0.0,0.0,0.0,0.0,0.0,0.0,0.0,0.0
9694.0,LONCHAS CREMOSO Y SUAVE 300 G IFA ELIGES,RETAIL,IFA,"000915-CABRERO E HIJOS, S.A.",124.8,156.0,249.6,124.8,156.0,93.6,249.6,249.6,124.8,249.6,124.8,93.6,218.4,187.2,249.6,218.4,0.0,187.2,156.0,1037.5,1296.88,2075.01,1162.3,1422.21,853.32,2275.52,2275.52,1137.76,2275.52,1137.76,634.52,1991.09,1706.65,2275.53,1898.62,0.0,1553.76,1294.8
9694.0,LONCHAS CREMOSO Y SUAVE 300 G IFA ELIGES,RETAIL,IFA,000926-ECOMORA S.A.,0.0,0.0,0.0,499.2,748.8,249.6,249.6,499.2,499.2,249.6,499.2,499.2,499.2,499.2,499.2,249.6,499.2,249.6,499.2,0.0,0.0,0.0,4649.2,6826.56,2275.52,2275.52,4551.04,4551.04,2275.52,4551.04,4551.04,4551.04,4551.04,4551.04,2169.86,4339.72,2071.68,4143.36
9695.0,LONCHAS GOUDA 300 G. IFA ELIGES,RETAIL,EUROMADI,"000714-UNIALCO, S.L.",0.0,0.0,0.0,0.0,0.0,0.0,0.0,0.0,0.0,0.0,0.0,0.0,0.0,0.0,4368.0,0.0,0.0,0.0,0.0,0.0,0.0,0.0,0.0,0.0,0.0,0.0,0.0,0.0,0.0,0.0,0.0,0.0,0.0,24847.2,0.0,0.0,0.0,0.0
9695.0,LONCHAS GOUDA 300 G. IFA ELIGES,RETAIL,IFA,"000647-MOYA SAUS E HIJOS, S.A. ( BLOQ)",0.0,499.2,499.2,748.8,249.6,499.2,249.6,0.0,0.0,0.0,0.0,0.0,0.0,0.0,0.0,0.0,0.0,0.0,0.0,0.0,3321.34,3321.34,4982.01,1634.88,3269.76,1634.88,0.0,0.0,0.0,0.0,0.0,0.0,0.0,0.0,0.0,0.0,0.0,0.0
9695.0,LONCHAS GOUDA 300 G. IFA ELIGES,RETAIL,IFA,000657-SCABER Scai,156.0,187.2,218.4,218.4,256.8,124.8,156.0,213.6,187.2,280.8,156.0,312.0,124.8,187.2,218.4,312.0,93.6,218.4,280.8,1037.92,1245.5,1453.08,1461.19,1692.45,817.44,1021.8,1399.08,1226.16,1839.24,1021.8,2043.6,817.44,1113.84,1299.48,1787.35,531.03,1174.99,1510.7
9695.0,LONCHAS GOUDA 300 G. IFA ELIGES,RETAIL,IFA,000662-ALIMENTACION PENINSULAR S.A.,312.0,436.8,655.2,561.6,655.2,499.2,717.6,561.6,530.4,655.2,592.8,624.0,436.8,561.6,717.6,624.0,499.2,655.2,748.8,2075.85,2906.17,4359.26,3736.51,4291.56,3269.76,4700.28,3678.48,3474.12,4300.92,3892.2,4087.2,2861.04,3341.52,4269.72,3540.16,2832.13,3598.41,4037.92
9695.0,LONCHAS GOUDA 300 G. IFA ELIGES,RETAIL,IFA,"000663-GADISA RETAIL, S.L.U.",14976.0,12230.4,18220.8,15475.2,16972.8,12729.6,13728.0,13977.6,15724.8,12480.0,12979.2,12979.2,12729.6,13478.4,15972.0,14976.0,17695.2,14553.6,21964.8,98542.09,80476.02,119892.86,101826.8,108293.95,80832.96,87172.8,88757.76,100152.0,78948.48,82417.92,82417.92,79634.88,77500.8,91839.0,82917.12,97028.68,76016.64,113777.67
9695.0,LONCHAS GOUDA 300 G. IFA ELIGES,RETAIL,IFA,000665-SUPERMERCADOS DANI S.L.,0.0,249.6,280.8,0.0,0.0,0.0,0.0,0.0,0.0,0.0,0.0,0.0,0.0,0.0,0.0,0.0,0.0,0.0,0.0,0.0,1660.67,1868.25,0.0,0.0,0.0,0.0,0.0,0.0,0.0,0.0,0.0,0.0,0.0,0.0,0.0,0.0,0.0,0.0
9695.0,LONCHAS GOUDA 300 G. IFA ELIGES,RETAIL,IFA,000668-HIPER USERA S.L.,748.8,499.2,998.4,249.6,998.4,499.2,748.8,748.8,748.8,748.8,998.4,499.2,748.8,748.8,748.8,748.8,998.4,1248.0,1248.0,4982.01,3321.34,6642.68,1660.67,6565.31,3269.76,4904.64,4904.64,4904.64,4904.64,6539.52,3269.76,4754.88,4455.36,4455.36,4317.24,5664.24,6714.25,6714.25
9695.0,LONCHAS GOUDA 300 G. IFA ELIGES,RETAIL,IFA,"000669-GRUPO EMPRESARIAL EL JAMÓN, S.L.",1996.8,2246.4,2995.2,1248.0,1747.2,3244.8,2246.4,3494.4,2246.4,2246.4,1747.2,2995.2,1497.6,3244.8,3276.0,1310.4,2995.2,2995.2,3993.6,13245.44,14901.12,19868.16,8278.4,11356.8,20766.72,14376.96,22364.16,14376.96,14376.96,11182.08,19169.28,9565.92,18857.28,19080.36,7272.76,16563.56,15889.55,20886.52
9695.0,LONCHAS GOUDA 300 G. IFA ELIGES,RETAIL,IFA,000670-BON PREU SAU,19.2,19.2,57.6,19.2,38.4,38.4,57.6,57.6,19.2,38.4,38.4,0.0,38.4,38.4,19.2,38.4,38.4,38.4,57.6,127.74,127.74,383.22,127.74,251.52,125.76,377.28,377.28,125.76,251.52,251.52,0.0,251.52,222.72,111.36,212.36,212.36,200.84,301.26
9695.0,LONCHAS GOUDA 300 G. IFA ELIGES,RETAIL,IFA,"000673-COMERCIAL PIEDRA TRUJILLO, S.L.U. ( bloq)",249.6,312.0,374.4,218.4,468.0,124.8,218.4,280.8,343.2,405.6,405.6,280.8,0.0,0.0,0.0,0.0,0.0,0.0,0.0,1660.68,2075.84,2491.01,1461.2,3075.07,817.44,1430.52,1839.24,2247.96,2656.68,2656.68,1839.24,0.0,0.0,0.0,0.0,0.0,0.0,0.0
9695.0,LONCHAS GOUDA 300 G. IFA ELIGES,RETAIL,IFA,000674-GRUPO HERMANOS MARTÍN S.A.,1996.8,2995.2,2496.0,3744.0,2496.0,2745.6,3993.6,4492.8,3244.8,4492.8,3494.4,3993.6,3744.0,4492.8,3993.6,4992.0,3451.2,5740.8,7238.4,13250.41,19868.16,16556.78,24835.13,15974.4,17571.83,25484.16,28753.92,20766.72,28753.92,22364.16,25559.04,23961.6,26058.24,23162.88,27875.44,19070.76,30536.14,37694.59
9695.0,LONCHAS GOUDA 300 G. IFA ELIGES,RETAIL,IFA,000678-CORBALÁN MATALLANA S.L.,93.6,31.2,93.6,93.6,124.8,93.6,93.6,62.4,124.8,93.6,156.0,31.2,62.4,31.2,93.6,93.6,62.4,93.6,62.4,622.75,207.58,622.75,622.75,823.89,613.08,613.08,408.72,817.44,613.08,1021.8,204.36,408.72,185.64,556.92,531.03,354.02,512.69,335.72
9695.0,LONCHAS GOUDA 300 G. IFA ELIGES,RETAIL,IFA,000680-COMPAÑIA NACIONAL DE COMERCIO S.A.,62.4,62.4,124.8,124.8,124.8,124.8,156.0,124.8,62.4,187.2,156.0,124.8,124.8,124.8,124.8,156.0,124.8,93.6,187.2,415.17,415.17,830.34,830.34,817.44,817.44,1021.8,817.44,408.72,1226.16,1021.8,817.44,817.44,742.56,742.56,902.31,708.04,503.57,1025.86
9695.0,LONCHAS GOUDA 300 G. IFA ELIGES,RETAIL,IFA,"000714-UNIALCO, S.L.",1872.0,3494.4,3151.2,2932.8,3151.2,3868.8,3432.0,2308.8,4524.0,3806.4,3244.8,4024.8,2839.2,3588.0,0.0,0.0,0.0,0.0,0.0,12455.05,23249.4,20965.99,19512.89,20737.08,25340.64,22479.6,15052.44,29632.2,24931.92,21253.44,26362.44,18596.76,21219.12,0.0,0.0,0.0,0.0,0.0
9695.0,LONCHAS GOUDA 300 G. IFA ELIGES,RETAIL,IFA,000795-DISPREU LOGISTICA S.L. (BLOQ.),0.0,0.0,0.0,0.0,0.0,0.0,0.0,0.0,0.0,0.0,93.6,62.4,62.4,31.2,62.4,62.4,62.4,0.0,0.0,0.0,0.0,0.0,0.0,0.0,0.0,0.0,0.0,0.0,0.0,613.08,408.72,371.28,185.64,371.28,371.59,371.91,0.0,0.0
9695.0,LONCHAS GOUDA 300 G. IFA ELIGES,RETAIL,IFA,"000871-SUPERMERCADOS BOLAÑOS, S.L.",0.0,62.4,62.4,0.0,0.0,62.4,0.0,62.4,0.0,62.4,62.4,0.0,62.4,0.0,62.4,0.0,0.0,0.0,0.0,0.0,415.17,415.17,0.0,0.0,408.72,0.0,408.72,0.0,427.44,408.72,0.0,408.72,0.0,371.28,0.0,0.0,0.0,0.0
9695.0,LONCHAS GOUDA 300 G. IFA ELIGES,RETAIL,IFA,000876-ARTESANOS VIRGEN DE EXTREMADURA S.L. (BLOQ.),0.0,31.2,0.0,0.0,0.0,0.0,0.0,0.0,0.0,0.0,0.0,0.0,0.0,0.0,0.0,0.0,0.0,0.0,0.0,0.0,207.58,0.0,0.0,0.0,0.0,0.0,0.0,0.0,0.0,0.0,0.0,0.0,0.0,0.0,0.0,0.0,0.0,0.0
9695.0,LONCHAS GOUDA 300 G. IFA ELIGES,RETAIL,IFA,"000915-CABRERO E HIJOS, S.A.",124.8,93.6,249.6,124.8,93.6,156.0,249.6,249.6,124.8,249.6,124.8,156.0,280.8,62.4,249.6,280.8,0.0,312.0,93.6,830.34,622.75,1660.67,830.34,613.08,1021.8,1634.88,1634.87,817.44,1634.88,817.44,1021.8,1839.24,371.28,1485.12,1593.08,0.0,1678.56,503.57
9695.0,LONCHAS GOUDA 300 G. IFA ELIGES,RETAIL,IFA,000926-ECOMORA S.A.,0.0,0.0,0.0,499.2,748.8,748.8,748.8,998.4,1248.0,1248.0,998.4,1248.0,1248.0,1248.0,1248.0,998.4,998.4,1248.0,1497.6,0.0,0.0,0.0,3321.33,4904.64,4904.64,4904.64,6539.52,8174.4,8174.4,6539.52,8174.4,8174.4,7425.6,7425.6,5664.24,5664.24,6787.46,8057.1
9695.0,LONCHAS GOUDA 300 G. IFA ELIGES,RETAIL,IFA,000939-PUGA  AUTOSERVICIO MAYORISTA SL,0.0,0.0,0.0,0.0,0.0,0.0,0.0,0.0,31.2,0.0,31.2,0.0,31.2,0.0,0.0,31.2,0.0,0.0,31.2,0.0,0.0,0.0,0.0,0.0,0.0,0.0,0.0,204.36,0.0,213.72,0.0,213.72,0.0,0.0,185.95,0.0,0.0,177.22
9696.0,LONCHAS EDAM 300 G. IFA ELIGES,RETAIL,IFA,"000647-MOYA SAUS E HIJOS, S.A. ( BLOQ)",249.6,249.6,249.6,499.2,249.6,249.6,249.6,0.0,0.0,0.0,0.0,0.0,0.0,0.0,0.0,0.0,0.0,0.0,0.0,1626.56,1626.56,1626.56,3253.12,1601.6,1601.6,1601.6,0.0,0.0,0.0,0.0,0.0,0.0,0.0,0.0,0.0,0.0,0.0,0.0
9696.0,LONCHAS EDAM 300 G. IFA ELIGES,RETAIL,IFA,000657-SCABER Scai,187.2,156.0,156.0,187.2,235.2,124.8,124.8,187.2,156.0,187.2,187.2,249.6,124.8,187.2,156.0,280.8,218.4,187.2,218.4,1219.92,1016.6,1016.6,1228.03,1517.12,800.8,800.8,1201.2,1001.0,1201.2,1201.2,1601.6,800.8,1088.88,907.4,1574.35,1211.39,1012.34,1175.0
9696.0,LONCHAS EDAM 300 G. IFA ELIGES,RETAIL,IFA,000662-ALIMENTACION PENINSULAR S.A.,343.2,280.8,436.8,499.2,405.6,405.6,374.4,405.6,374.4,624.0,249.6,405.6,187.2,405.6,343.2,374.4,436.8,374.4,561.6,2244.63,1829.88,2033.2,2846.48,2602.6,2602.6,2402.4,2602.6,2402.4,4013.36,400.4,2602.6,1201.2,2359.24,1996.28,1903.61,2209.79,2043.39,3030.77
9696.0,LONCHAS EDAM 300 G. IFA ELIGES,RETAIL,IFA,"000663-GADISA RETAIL, S.L.U.",9235.2,6489.6,7987.2,7987.2,9235.2,8486.4,9984.0,8736.0,11913.6,8671.2,9734.4,10732.8,9484.8,9984.0,9734.4,8736.0,8985.6,7737.6,13728.0,59505.17,41814.44,51463.93,51464.6,57695.12,52757.12,62067.2,54308.8,74062.88,53905.96,60515.52,66722.24,57915.58,56077.14,54675.2,47055.44,48132.86,40301.25,71111.04
9696.0,LONCHAS EDAM 300 G. IFA ELIGES,RETAIL,IFA,000665-SUPERMERCADOS DANI S.L.,0.0,62.4,374.4,0.0,0.0,0.0,0.0,0.0,0.0,0.0,0.0,0.0,0.0,0.0,0.0,0.0,0.0,0.0,0.0,0.0,406.64,2439.84,0.0,0.0,0.0,0.0,0.0,0.0,0.0,0.0,0.0,0.0,0.0,0.0,0.0,0.0,0.0,0.0
9696.0,LONCHAS EDAM 300 G. IFA ELIGES,RETAIL,IFA,000668-HIPER USERA S.L.,499.2,249.6,499.2,0.0,748.8,249.6,249.6,499.2,499.2,499.2,249.6,499.2,249.6,499.2,249.6,499.2,499.2,748.8,499.2,3253.12,1626.56,3253.12,0.0,4829.76,1601.6,1601.6,3203.2,3203.2,3203.2,1601.6,3203.2,1601.6,2903.7,1451.85,2836.3,2768.9,4028.55,2685.7
9696.0,LONCHAS EDAM 300 G. IFA ELIGES,RETAIL,IFA,"000669-GRUPO EMPRESARIAL EL JAMÓN, S.L.",1497.6,1497.6,1747.2,1497.6,1497.6,2246.4,1497.6,2246.4,1996.8,1747.2,1248.0,1996.8,967.2,2371.2,2200.8,811.2,2496.0,1996.8,2496.0,9729.42,9729.42,11350.99,8107.83,9557.18,14077.44,9384.96,14077.44,12513.28,10949.12,7820.8,12513.28,6075.16,13455.6,12501.88,4409.0,13486.8,10529.75,13054.08
9696.0,LONCHAS EDAM 300 G. IFA ELIGES,RETAIL,IFA,000670-BON PREU SAU,0.0,19.2,38.4,38.4,19.2,19.2,19.2,38.4,38.4,19.2,19.2,19.2,19.2,19.2,38.4,19.2,38.4,38.4,19.2,0.0,125.12,250.24,250.24,123.2,120.32,123.2,246.4,246.4,123.2,123.2,120.32,123.2,108.8,217.6,103.74,207.48,200.84,100.42
9696.0,LONCHAS EDAM 300 G. IFA ELIGES,RETAIL,IFA,"000673-COMERCIAL PIEDRA TRUJILLO, S.L.U. ( bloq)",31.2,124.8,31.2,93.6,93.6,93.6,93.6,93.6,62.4,93.6,93.6,31.2,0.0,0.0,0.0,0.0,0.0,0.0,0.0,203.32,813.28,203.32,618.07,603.72,600.6,600.6,600.6,400.4,600.6,600.6,200.2,0.0,0.0,0.0,0.0,0.0,0.0,0.0
9696.0,LONCHAS EDAM 300 G. IFA ELIGES,RETAIL,IFA,000674-GRUPO HERMANOS MARTÍN S.A.,1497.6,1996.8,1747.2,2496.0,2246.4,1996.8,998.4,0.0,0.0,0.0,0.0,0.0,0.0,0.0,0.0,0.0,0.0,0.0,0.0,9734.41,12972.55,11351.0,16215.74,14077.46,12513.29,6256.66,0.0,0.0,0.0,0.0,0.0,0.0,0.0,0.0,0.0,0.0,0.0,0.0
9696.0,LONCHAS EDAM 300 G. IFA ELIGES,RETAIL,IFA,000678-CORBALÁN MATALLANA S.L.,62.4,93.6,31.2,62.4,124.8,62.4,62.4,62.4,124.8,62.4,124.8,62.4,0.0,62.4,62.4,124.8,62.4,124.8,62.4,406.64,609.96,203.32,406.64,803.92,400.4,400.4,400.4,800.8,400.4,800.8,400.4,0.0,362.96,362.96,692.23,346.11,676.57,335.72
9696.0,LONCHAS EDAM 300 G. IFA ELIGES,RETAIL,IFA,000680-COMPAÑIA NACIONAL DE COMERCIO S.A.,93.6,62.4,124.8,93.6,93.6,124.8,124.8,93.6,155.4,124.8,124.8,124.8,124.8,124.8,93.6,187.2,93.6,93.6,218.4,609.96,406.64,813.28,609.96,600.6,800.8,800.8,600.6,997.15,800.8,800.8,800.8,800.8,725.92,544.44,1055.18,457.57,503.57,1193.72
9696.0,LONCHAS EDAM 300 G. IFA ELIGES,RETAIL,IFA,000795-DISPREU LOGISTICA S.L. (BLOQ.),0.0,0.0,0.0,0.0,0.0,0.0,0.0,0.0,0.0,0.0,93.6,62.4,62.4,0.0,31.2,62.4,31.2,0.0,0.0,0.0,0.0,0.0,0.0,0.0,0.0,0.0,0.0,0.0,0.0,600.6,400.4,362.96,0.0,181.48,362.96,182.0,0.0,0.0
9696.0,LONCHAS EDAM 300 G. IFA ELIGES,RETAIL,IFA,"000871-SUPERMERCADOS BOLAÑOS, S.L.",0.0,31.2,31.2,0.0,0.0,31.2,0.0,31.2,0.0,31.2,62.4,0.0,31.2,0.0,62.4,0.0,0.0,62.4,0.0,0.0,203.32,203.32,0.0,0.0,200.2,0.0,200.2,0.0,209.56,400.4,0.0,200.2,0.0,362.96,0.0,0.0,335.71,0.0
9696.0,LONCHAS EDAM 300 G. IFA ELIGES,RETAIL,IFA,000876-ARTESANOS VIRGEN DE EXTREMADURA S.L. (BLOQ.),0.0,31.2,0.0,0.0,0.0,0.0,0.0,0.0,0.0,0.0,0.0,0.0,0.0,0.0,0.0,0.0,0.0,0.0,0.0,0.0,203.32,0.0,0.0,0.0,0.0,0.0,0.0,0.0,0.0,0.0,0.0,0.0,0.0,0.0,0.0,0.0,0.0,0.0
9696.0,LONCHAS EDAM 300 G. IFA ELIGES,RETAIL,IFA,000926-ECOMORA S.A.,0.0,0.0,0.0,499.2,499.2,499.2,748.8,748.8,748.8,998.4,998.4,998.4,748.8,998.4,998.4,998.4,748.8,998.4,998.4,0.0,0.0,0.0,3253.14,3203.2,3203.2,4804.8,4804.81,4804.8,6406.4,6406.4,6406.4,4804.8,5807.4,5807.4,5537.8,4153.35,5413.0,5371.4
9696.0,LONCHAS EDAM 300 G. IFA ELIGES,RETAIL,IFA,000939-PUGA  AUTOSERVICIO MAYORISTA SL,0.0,0.0,0.0,0.0,0.0,0.0,0.0,0.0,31.2,0.0,62.4,0.0,31.2,0.0,0.0,31.2,62.4,0.0,62.4,0.0,0.0,0.0,0.0,0.0,0.0,0.0,0.0,200.2,0.0,419.12,0.0,209.56,0.0,0.0,182.0,364.0,0.0,354.44
9697.0,LONCHAS CREMOSO Y SUAVE LIGHT 300 G. IFA ELIGES,RETAIL,IFA,"000647-MOYA SAUS E HIJOS, S.A. ( BLOQ)",62.4,163.2,124.8,93.6,0.0,156.0,62.4,0.0,0.0,0.0,0.0,0.0,0.0,0.0,0.0,0.0,0.0,0.0,0.0,512.3,1339.86,1024.6,843.33,0.0,1376.45,550.58,0.0,0.0,0.0,0.0,0.0,0.0,0.0,0.0,0.0,0.0,0.0,0.0
9697.0,LONCHAS CREMOSO Y SUAVE LIGHT 300 G. IFA ELIGES,RETAIL,IFA,000657-SCABER Scai,93.6,93.6,156.0,122.4,129.6,124.8,93.6,136.8,124.8,156.0,31.2,156.0,31.2,93.6,124.8,31.2,124.8,62.4,93.6,768.45,768.45,1280.75,1052.9,1150.23,1101.16,825.87,1207.04,1101.16,1376.45,275.29,1376.45,275.29,825.87,1101.16,262.5,1050.0,515.22,758.16
9697.0,LONCHAS CREMOSO Y SUAVE LIGHT 300 G. IFA ELIGES,RETAIL,IFA,"000663-GADISA RETAIL, S.L.U.",998.4,1248.0,1248.0,998.4,0.0,0.0,1413.6,998.4,748.8,748.8,748.8,748.8,748.8,748.8,998.4,748.8,890.4,748.8,924.0,8123.68,10154.6,10154.6,8922.4,0.0,0.0,12189.95,4304.83,6457.14,6457.14,6457.14,6457.14,6457.14,6457.14,8609.52,6157.62,7322.04,5915.52,7299.6
9697.0,LONCHAS CREMOSO Y SUAVE LIGHT 300 G. IFA ELIGES,RETAIL,IFA,000665-SUPERMERCADOS DANI S.L.,0.0,0.0,280.8,0.0,0.0,0.0,124.8,0.0,0.0,93.6,31.2,93.6,31.2,0.0,124.8,31.2,62.4,0.0,62.4,0.0,0.0,2305.37,0.0,0.0,0.0,1101.15,0.0,0.0,825.86,275.29,825.86,275.29,0.0,1101.15,262.5,524.99,0.0,505.44
9697.0,LONCHAS CREMOSO Y SUAVE LIGHT 300 G. IFA ELIGES,RETAIL,IFA,000670-BON PREU SAU,0.0,19.2,1017.6,1248.0,1248.0,1209.6,288.0,535.2,480.0,576.0,556.8,480.0,422.4,614.4,518.4,652.8,422.4,460.8,556.8,0.0,157.63,8354.49,11060.15,11050.94,10592.07,2541.12,4722.24,4235.19,5082.24,4912.84,4186.23,3709.69,5328.9,4496.26,5454.6,3494.65,3700.61,4426.56
9697.0,LONCHAS CREMOSO Y SUAVE LIGHT 300 G. IFA ELIGES,RETAIL,IFA,"000673-COMERCIAL PIEDRA TRUJILLO, S.L.U. ( bloq)",0.0,0.0,0.0,0.0,0.0,0.0,0.0,0.0,0.0,0.0,0.0,0.0,0.0,0.0,0.0,0.0,0.0,0.0,0.0,0.0,0.0,0.0,0.0,0.0,0.0,0.0,0.0,0.0,0.0,0.0,0.0,0.0,0.0,0.0,0.0,0.0,0.0,0.0
9697.0,LONCHAS CREMOSO Y SUAVE LIGHT 300 G. IFA ELIGES,RETAIL,IFA,000674-GRUPO HERMANOS MARTÍN S.A.,748.8,1248.0,998.4,1497.6,998.4,996.0,748.8,748.8,998.4,1248.0,998.4,748.8,748.8,1248.0,998.4,1130.4,1106.4,998.4,1996.8,6132.66,10221.11,8176.88,12664.7,8659.45,8638.62,6482.1,6494.58,8659.44,10824.29,8659.44,6494.58,6494.58,10824.31,8659.44,9452.01,9153.6,7993.02,15812.16
9697.0,LONCHAS CREMOSO Y SUAVE LIGHT 300 G. IFA ELIGES,RETAIL,IFA,000678-CORBALÁN MATALLANA S.L.,31.2,31.2,31.2,31.2,31.2,31.2,62.4,1.0,31.2,31.2,31.2,31.2,0.0,31.2,31.2,31.2,0.0,62.4,0.0,256.15,256.15,256.15,256.15,275.29,275.29,550.58,0.0,275.29,275.29,275.29,275.29,0.0,31.31,275.29,262.5,0.0,515.22,0.0
9697.0,LONCHAS CREMOSO Y SUAVE LIGHT 300 G. IFA ELIGES,RETAIL,IFA,000680-COMPAÑIA NACIONAL DE COMERCIO S.A.,31.2,0.0,-0.3,0.0,0.0,0.0,0.0,0.0,0.0,0.0,0.0,0.0,0.0,0.0,0.0,0.0,0.0,0.0,0.0,256.15,0.0,-2.46,0.0,0.0,0.0,0.0,0.0,0.0,0.0,0.0,0.0,0.0,0.0,0.0,0.0,0.0,0.0,0.0
9697.0,LONCHAS CREMOSO Y SUAVE LIGHT 300 G. IFA ELIGES,RETAIL,IFA,"000714-UNIALCO, S.L.",0.0,0.0,0.0,0.0,0.0,0.0,0.0,0.0,0.0,0.0,0.0,0.0,0.0,0.0,0.0,0.0,0.0,0.0,0.0,-8.42,0.0,0.0,0.0,0.0,0.0,0.0,0.0,0.0,0.0,0.0,0.0,0.0,0.0,0.0,0.0,0.0,0.0,0.0
9697.0,LONCHAS CREMOSO Y SUAVE LIGHT 300 G. IFA ELIGES,RETAIL,IFA,000795-DISPREU LOGISTICA S.L. (BLOQ.),0.0,0.0,0.0,0.0,0.0,0.0,0.0,0.0,0.0,0.0,62.4,31.2,0.0,0.0,31.2,31.2,0.0,0.0,0.0,0.0,0.0,0.0,0.0,0.0,0.0,0.0,0.0,0.0,0.0,550.57,256.57,0.0,0.0,256.57,271.44,0.0,0.0,0.0
9697.0,LONCHAS CREMOSO Y SUAVE LIGHT 300 G. IFA ELIGES,RETAIL,IFA,"000871-SUPERMERCADOS BOLAÑOS, S.L.",0.0,14.4,14.4,0.0,0.0,0.0,0.0,0.0,0.0,0.0,0.0,0.0,0.0,0.0,0.0,0.0,0.0,0.0,0.0,0.0,118.22,118.22,0.0,0.0,0.0,0.0,0.0,0.0,0.0,0.0,0.0,0.0,0.0,0.0,0.0,0.0,0.0,0.0
9697.0,LONCHAS CREMOSO Y SUAVE LIGHT 300 G. IFA ELIGES,RETAIL,IFA,000876-ARTESANOS VIRGEN DE EXTREMADURA S.L. (BLOQ.),0.0,31.2,0.0,0.0,0.0,0.0,0.0,0.0,0.0,0.0,0.0,0.0,0.0,0.0,0.0,0.0,0.0,0.0,0.0,0.0,256.15,0.0,0.0,0.0,0.0,0.0,0.0,0.0,0.0,0.0,0.0,0.0,0.0,0.0,0.0,0.0,0.0,0.0
9698.0,LONCHAS EDAM LIGHT 200 G. IFA ELIGES,RETAIL,IFA,000657-SCABER Scai,31.2,124.8,62.4,31.2,124.8,0.0,93.6,93.6,124.8,156.0,31.2,62.4,0.0,93.6,93.6,93.6,0.0,0.0,93.6,223.55,894.2,447.1,223.55,882.95,0.0,659.4,659.4,879.2,1099.0,219.8,439.6,0.0,659.4,659.4,628.98,0.0,0.0,628.98
9698.0,LONCHAS EDAM LIGHT 200 G. IFA ELIGES,RETAIL,IFA,"000663-GADISA RETAIL, S.L.U.",499.2,748.8,998.4,748.8,998.4,998.4,998.4,748.8,998.4,748.8,748.8,748.8,748.8,499.2,748.8,499.2,748.8,499.2,748.8,3541.82,5312.73,7083.64,5312.73,6896.44,6834.04,6834.04,3417.02,6834.04,5125.53,5125.53,5125.53,5125.53,3417.02,5125.53,3259.78,4889.67,3259.78,4889.67
9698.0,LONCHAS EDAM LIGHT 200 G. IFA ELIGES,RETAIL,IFA,000665-SUPERMERCADOS DANI S.L.,0.0,31.2,249.6,0.0,0.0,0.0,0.0,62.4,0.0,31.2,31.2,0.0,0.0,0.0,0.0,0.0,0.0,0.0,0.0,0.0,223.55,1788.38,0.0,0.0,0.0,0.0,439.61,0.0,219.8,219.8,0.0,0.0,0.0,0.0,0.0,0.0,0.0,0.0
9698.0,LONCHAS EDAM LIGHT 200 G. IFA ELIGES,RETAIL,IFA,"000669-GRUPO EMPRESARIAL EL JAMÓN, S.L.",249.6,249.6,249.6,249.6,249.6,499.2,249.6,249.6,249.6,249.6,249.6,249.6,405.6,312.0,561.6,0.0,499.2,249.6,249.6,1783.39,1783.39,1783.39,1783.39,1783.39,3441.98,1720.99,1720.99,1720.99,1720.99,1720.99,1720.99,2820.01,2160.6,3881.58,0.0,3282.24,1641.12,1641.12
9698.0,LONCHAS EDAM LIGHT 200 G. IFA ELIGES,RETAIL,IFA,000670-BON PREU SAU,19.2,19.2,0.0,19.2,19.2,0.0,38.4,0.0,19.2,19.2,0.0,19.2,19.2,0.0,19.2,0.0,19.2,0.0,19.2,137.57,137.57,0.0,137.57,135.26,0.0,270.52,0.0,135.26,135.26,0.0,132.38,132.38,0.0,132.38,0.0,126.24,0.0,126.24
9698.0,LONCHAS EDAM LIGHT 200 G. IFA ELIGES,RETAIL,IFA,"000673-COMERCIAL PIEDRA TRUJILLO, S.L.U. ( bloq)",31.2,31.2,31.2,31.2,31.2,0.0,31.2,28.8,31.2,62.4,31.2,0.0,0.0,0.0,0.0,0.0,0.0,0.0,0.0,223.55,223.55,223.55,223.55,219.8,0.0,219.8,202.9,219.8,439.6,219.8,0.0,0.0,0.0,0.0,0.0,0.0,0.0,0.0
9698.0,LONCHAS EDAM LIGHT 200 G. IFA ELIGES,RETAIL,IFA,000678-CORBALÁN MATALLANA S.L.,31.2,62.4,31.2,31.2,93.6,0.0,62.4,31.2,31.2,62.4,31.2,0.0,31.2,31.2,31.2,62.4,0.0,62.4,31.2,223.55,447.1,223.55,223.55,659.41,0.0,439.6,219.8,219.8,439.6,219.8,0.0,219.8,219.8,219.8,419.32,0.0,419.32,209.66
9698.0,LONCHAS EDAM LIGHT 200 G. IFA ELIGES,RETAIL,IFA,000795-DISPREU LOGISTICA S.L. (BLOQ.),0.0,0.0,0.0,0.0,0.0,0.0,0.0,0.0,0.0,0.0,62.4,0.0,0.0,0.0,31.2,31.2,0.0,0.0,0.0,0.0,0.0,0.0,0.0,0.0,0.0,0.0,0.0,0.0,0.0,439.6,0.0,0.0,0.0,219.8,219.8,0.0,0.0,0.0
9698.0,LONCHAS EDAM LIGHT 200 G. IFA ELIGES,RETAIL,IFA,"000871-SUPERMERCADOS BOLAÑOS, S.L.",0.0,14.4,14.4,0.0,0.0,31.2,0.0,0.0,0.0,14.4,14.4,-2.4,14.4,0.0,-12.0,0.0,0.0,14.4,0.0,0.0,103.18,103.18,0.0,0.0,219.8,0.0,0.0,0.0,105.77,101.45,-16.91,101.45,0.0,-84.54,0.0,0.0,96.77,0.0
9698.0,LONCHAS EDAM LIGHT 200 G. IFA ELIGES,RETAIL,IFA,000876-ARTESANOS VIRGEN DE EXTREMADURA S.L. (BLOQ.),0.0,31.2,0.0,0.0,0.0,0.0,0.0,0.0,0.0,0.0,0.0,0.0,0.0,0.0,0.0,0.0,0.0,0.0,0.0,0.0,223.55,0.0,0.0,0.0,0.0,0.0,0.0,0.0,0.0,0.0,0.0,0.0,0.0,0.0,0.0,0.0,0.0,0.0
9699.0,LONCHAS CHEDDAR 200 G. IFA ELIGES,RETAIL,IFA,"000647-MOYA SAUS E HIJOS, S.A. ( BLOQ)",0.0,249.6,249.6,249.6,249.6,249.6,249.6,0.0,0.0,0.0,0.0,0.0,0.0,0.0,0.0,0.0,0.0,0.0,0.0,0.0,1988.06,1988.06,1988.06,1951.87,1951.87,1951.87,0.0,0.0,0.0,0.0,0.0,0.0,0.0,0.0,0.0,0.0,0.0,0.0
9699.0,LONCHAS CHEDDAR 200 G. IFA ELIGES,RETAIL,IFA,000657-SCABER Scai,124.8,156.0,156.0,160.8,163.2,124.8,124.8,156.0,124.8,156.0,124.8,156.0,124.8,124.8,156.0,187.2,124.8,124.8,218.4,994.04,1242.55,1250.66,1288.89,1286.31,975.92,975.92,1219.9,975.92,1219.9,975.92,1219.9,975.92,975.92,1219.91,1407.73,931.0,925.39,1616.16
9699.0,LONCHAS CHEDDAR 200 G. IFA ELIGES,RETAIL,IFA,000662-ALIMENTACION PENINSULAR S.A.,343.2,468.0,436.8,530.4,530.4,561.6,468.0,468.0,499.2,540.0,312.0,499.2,280.8,436.8,561.6,405.6,405.6,530.4,592.8,2733.58,3727.61,3479.12,4224.63,3631.6,3415.82,3659.75,3659.77,3903.74,4232.16,2449.19,3903.74,2195.85,3415.77,4391.71,3025.77,3025.78,3943.68,4396.08
9699.0,LONCHAS CHEDDAR 200 G. IFA ELIGES,RETAIL,IFA,"000663-GADISA RETAIL, S.L.U.",2496.0,2496.0,2745.6,2496.0,2995.2,1996.8,2246.4,2995.2,3244.8,1747.2,2246.4,2246.4,2745.6,2246.4,2745.6,2496.0,2995.2,2745.6,1996.8,19705.9,19705.9,21676.49,19705.9,23303.89,15215.6,17117.55,19020.01,24725.36,13313.65,17117.55,17117.55,20921.45,17117.55,20921.45,18222.05,21760.13,19784.54,14376.96
9699.0,LONCHAS CHEDDAR 200 G. IFA ELIGES,RETAIL,IFA,000665-SUPERMERCADOS DANI S.L.,0.0,0.0,280.8,0.0,0.0,0.0,0.0,0.0,0.0,0.0,0.0,0.0,0.0,0.0,0.0,0.0,0.0,0.0,0.0,0.0,0.0,2236.57,0.0,0.0,0.0,0.0,0.0,0.0,0.0,0.0,0.0,0.0,0.0,0.0,0.0,0.0,0.0,0.0
9699.0,LONCHAS CHEDDAR 200 G. IFA ELIGES,RETAIL,IFA,000668-HIPER USERA S.L.,249.6,249.6,499.2,0.0,499.2,249.6,499.2,249.6,249.6,499.2,249.6,249.6,249.6,249.6,249.6,228.0,249.6,499.2,499.2,1988.06,1988.06,3976.12,0.0,3939.93,1951.87,3903.74,1951.87,1951.87,3903.74,1951.87,1951.87,1951.87,1951.87,1951.87,1700.88,1862.02,3694.08,3694.08
9699.0,LONCHAS CHEDDAR 200 G. IFA ELIGES,RETAIL,IFA,"000669-GRUPO EMPRESARIAL EL JAMÓN, S.L.",1248.0,1248.0,1497.6,499.2,998.4,1497.6,1488.0,1747.2,1248.0,748.8,748.8,1248.0,967.2,1732.8,1507.2,777.6,1363.2,1248.0,1996.8,9915.35,9915.35,11898.42,3966.14,7795.0,11486.58,11412.95,13401.01,9572.15,5743.29,5743.29,9572.15,7451.17,13325.84,11599.09,5702.69,9971.81,9064.22,14476.8
9699.0,LONCHAS CHEDDAR 200 G. IFA ELIGES,RETAIL,IFA,000670-BON PREU SAU,38.4,38.4,57.6,19.2,19.2,38.4,57.6,38.4,38.4,38.4,38.4,19.2,38.4,38.4,19.2,38.4,19.2,38.4,57.6,305.86,305.86,458.79,152.93,150.14,297.4,450.42,300.28,300.28,300.28,300.28,150.14,300.28,294.52,147.26,280.9,140.45,279.65,417.6
9699.0,LONCHAS CHEDDAR 200 G. IFA ELIGES,RETAIL,IFA,"000673-COMERCIAL PIEDRA TRUJILLO, S.L.U. ( bloq)",31.2,93.6,124.8,62.4,124.8,62.4,62.4,93.6,62.4,93.6,93.6,31.2,0.0,0.0,0.0,0.0,0.0,0.0,0.0,248.51,745.53,994.04,497.02,980.45,487.97,487.96,731.95,487.96,731.94,731.94,243.98,0.0,0.0,0.0,0.0,0.0,0.0,0.0
9699.0,LONCHAS CHEDDAR 200 G. IFA ELIGES,RETAIL,IFA,000674-GRUPO HERMANOS MARTÍN S.A.,748.8,1497.6,1248.0,1747.2,998.4,984.0,1747.2,1248.0,1248.0,1497.6,1248.0,1248.0,1497.6,1497.6,1497.6,1747.2,1248.0,1747.2,2496.0,5949.21,11898.42,9915.35,13881.49,7657.72,7547.29,13376.05,9572.16,9572.15,11486.58,9572.15,9572.15,11486.58,11486.59,11486.58,12869.36,9129.11,12662.21,18058.56
9699.0,LONCHAS CHEDDAR 200 G. IFA ELIGES,RETAIL,IFA,000678-CORBALÁN MATALLANA S.L.,31.2,31.2,62.4,31.2,31.2,31.2,62.4,31.2,62.4,62.4,31.2,62.4,0.0,30.4,62.4,31.2,0.0,62.4,31.2,248.51,248.51,497.02,248.51,243.98,243.98,487.96,243.98,487.96,487.96,243.98,487.96,0.0,237.72,487.96,232.75,0.0,463.63,230.88
9699.0,LONCHAS CHEDDAR 200 G. IFA ELIGES,RETAIL,IFA,000680-COMPAÑIA NACIONAL DE COMERCIO S.A.,31.2,31.2,62.2,31.2,31.2,62.4,31.2,62.4,62.4,31.2,31.2,62.4,31.2,31.2,62.4,31.2,31.2,62.4,31.2,248.51,248.51,495.43,248.51,243.98,487.96,243.98,487.96,487.96,243.98,243.98,487.96,243.98,243.98,487.96,232.75,232.75,461.76,230.88
9699.0,LONCHAS CHEDDAR 200 G. IFA ELIGES,RETAIL,IFA,000795-DISPREU LOGISTICA S.L. (BLOQ.),0.0,0.0,0.0,0.0,0.0,0.0,0.0,0.0,0.0,0.0,93.6,0.0,124.8,0.0,0.0,31.2,31.2,0.0,0.0,0.0,0.0,0.0,0.0,0.0,0.0,0.0,0.0,0.0,0.0,731.95,0.0,994.66,0.0,0.0,243.98,241.64,0.0,0.0
9699.0,LONCHAS CHEDDAR 200 G. IFA ELIGES,RETAIL,IFA,"000871-SUPERMERCADOS BOLAÑOS, S.L.",0.0,31.2,0.0,0.0,0.0,31.2,0.0,31.2,0.0,31.2,31.2,0.0,31.2,0.0,31.2,0.0,0.0,31.2,0.0,0.0,248.51,0.0,0.0,0.0,243.98,0.0,243.98,0.0,253.34,243.98,0.0,243.98,0.0,243.98,0.0,0.0,230.88,0.0
9699.0,LONCHAS CHEDDAR 200 G. IFA ELIGES,RETAIL,IFA,000876-ARTESANOS VIRGEN DE EXTREMADURA S.L. (BLOQ.),0.0,31.2,0.0,0.0,0.0,0.0,0.0,0.0,0.0,0.0,0.0,0.0,0.0,0.0,0.0,0.0,0.0,0.0,0.0,0.0,248.51,0.0,0.0,0.0,0.0,0.0,0.0,0.0,0.0,0.0,0.0,0.0,0.0,0.0,0.0,0.0,0.0,0.0
9699.0,LONCHAS CHEDDAR 200 G. IFA ELIGES,RETAIL,IFA,000939-PUGA  AUTOSERVICIO MAYORISTA SL,0.0,0.0,0.0,0.0,0.0,0.0,0.0,0.0,31.2,0.0,31.2,0.0,31.2,0.0,0.0,31.2,31.2,0.0,31.2,0.0,0.0,0.0,0.0,0.0,0.0,0.0,0.0,243.98,0.0,253.34,0.0,253.34,0.0,0.0,241.64,241.64,0.0,240.24
9700.0,LONCHAS MOZZARELLA 200 G. IFA ELIGES,RETAIL,IFA,"000647-MOYA SAUS E HIJOS, S.A. ( BLOQ)",187.2,218.4,249.6,218.4,187.2,156.0,93.6,0.0,0.0,0.0,0.0,0.0,0.0,0.0,0.0,0.0,0.0,0.0,0.0,1579.02,1842.19,2105.37,1842.2,1566.87,1290.11,774.06,0.0,0.0,0.0,0.0,0.0,0.0,0.0,0.0,0.0,0.0,0.0,0.0
9700.0,LONCHAS MOZZARELLA 200 G. IFA ELIGES,RETAIL,IFA,000657-SCABER Scai,124.8,62.4,156.0,160.8,189.6,93.6,124.8,129.6,156.0,156.0,124.8,187.2,124.8,156.0,156.0,187.2,187.2,156.0,187.2,1052.68,526.34,1323.81,1364.3,1578.68,774.06,1032.08,1071.78,1290.11,1290.1,1032.08,1548.13,1032.08,1290.11,1290.11,1548.13,1548.14,1062.98,1207.44
9700.0,LONCHAS MOZZARELLA 200 G. IFA ELIGES,RETAIL,IFA,000662-ALIMENTACION PENINSULAR S.A.,93.6,187.2,151.2,156.0,187.2,124.8,156.0,187.2,124.8,218.4,124.8,156.0,187.2,187.2,187.2,156.0,187.2,156.0,280.8,797.47,1579.02,1275.37,1315.85,1548.13,1032.09,1290.11,1548.13,1032.08,1806.16,1032.09,1290.12,1548.14,1548.14,1548.14,1290.11,1548.14,1119.77,1820.52
9700.0,LONCHAS MOZZARELLA 200 G. IFA ELIGES,RETAIL,IFA,"000663-GADISA RETAIL, S.L.U.",4492.8,4992.0,5740.8,5491.2,5491.2,4742.4,5241.6,4152.0,7488.0,5222.4,5491.2,5491.2,5241.6,5740.8,5990.4,5145.6,5241.6,4742.4,5241.6,37582.27,41758.08,48021.79,45933.88,44461.27,38271.19,42299.72,33506.65,60428.17,42144.76,44313.99,44314.0,42299.73,46328.27,48342.55,41525.0,42299.73,31457.09,32760.0
9700.0,LONCHAS MOZZARELLA 200 G. IFA ELIGES,RETAIL,IFA,000665-SUPERMERCADOS DANI S.L.,249.6,0.0,0.0,1.0,249.6,0.0,0.0,499.2,0.0,0.0,249.6,-4.8,0.0,249.6,0.0,0.0,249.6,0.0,124.8,2105.38,0.0,0.0,0.0,1942.72,0.0,0.0,4128.38,0.0,0.0,2064.19,-1377.81,0.0,2064.19,0.0,0.0,2064.19,0.0,804.96
9700.0,LONCHAS MOZZARELLA 200 G. IFA ELIGES,RETAIL,IFA,000668-HIPER USERA S.L.,499.2,249.6,249.6,249.6,499.2,0.0,249.6,249.6,499.2,249.6,499.2,249.6,249.6,249.6,249.6,499.2,249.6,499.2,499.2,4210.76,2105.38,2105.38,2105.38,4169.57,0.0,2064.19,2064.19,4128.38,2064.19,4128.38,2064.19,2064.19,2064.19,2064.19,4128.38,2064.19,3219.84,3219.84
9700.0,LONCHAS MOZZARELLA 200 G. IFA ELIGES,RETAIL,IFA,"000669-GRUPO EMPRESARIAL EL JAMÓN, S.L.",748.8,748.8,998.4,499.2,748.8,998.4,748.8,998.4,748.8,748.8,748.8,998.4,998.4,1154.4,1248.0,780.0,998.4,1248.0,1245.6,6301.14,6301.14,8401.52,4200.76,6153.88,8107.0,6080.25,8107.0,6080.25,6080.25,6080.25,8107.0,8144.44,9397.11,10171.19,6338.27,8107.0,8316.67,7847.28
9700.0,LONCHAS MOZZARELLA 200 G. IFA ELIGES,RETAIL,IFA,000670-BON PREU SAU,2361.6,1747.2,2668.8,2188.8,2400.0,2265.6,2092.8,2380.8,2592.0,2649.6,2092.8,2323.2,2476.8,2284.8,2246.4,2692.8,1965.6,2246.4,2808.0,19920.09,14737.64,22511.34,18462.53,19917.7,18537.8,17307.47,19689.2,18260.16,21912.2,17307.45,19028.54,19135.11,18552.57,18240.77,21865.53,15960.68,15174.43,17690.4
9700.0,LONCHAS MOZZARELLA 200 G. IFA ELIGES,RETAIL,IFA,"000673-COMERCIAL PIEDRA TRUJILLO, S.L.U. ( bloq)",187.2,156.0,249.6,93.6,280.8,156.0,124.8,187.2,134.4,249.6,249.6,156.0,0.0,0.0,0.0,0.0,0.0,0.0,0.0,1579.03,1315.86,2105.37,789.51,2337.67,1290.11,1032.09,1548.14,1111.48,2064.19,2064.19,1290.12,0.0,0.0,0.0,0.0,0.0,0.0,0.0
9700.0,LONCHAS MOZZARELLA 200 G. IFA ELIGES,RETAIL,IFA,000674-GRUPO HERMANOS MARTÍN S.A.,1248.0,1747.2,1497.6,1996.8,1497.6,1476.0,1996.8,1747.2,1747.2,2496.0,1996.8,1747.2,1996.8,2496.0,1996.8,2496.0,1996.8,1996.8,3244.8,10506.99,14702.69,12602.3,16803.07,12160.5,11985.13,16189.04,14187.25,14187.25,20267.5,16214.0,14187.25,16214.01,20267.52,16214.01,20267.51,16214.0,13450.94,20354.88
9700.0,LONCHAS MOZZARELLA 200 G. IFA ELIGES,RETAIL,IFA,000678-CORBALÁN MATALLANA S.L.,31.2,31.2,0.0,31.2,31.2,31.2,31.2,0.0,62.4,31.2,0.0,31.2,31.2,31.2,0.0,31.2,0.0,62.4,0.0,263.17,263.17,0.0,263.17,258.02,258.02,258.02,0.0,516.04,258.02,0.0,258.02,258.02,258.02,0.0,258.02,0.0,459.26,0.0
9700.0,LONCHAS MOZZARELLA 200 G. IFA ELIGES,RETAIL,IFA,000680-COMPAÑIA NACIONAL DE COMERCIO S.A.,31.2,31.2,31.2,62.4,31.0,31.2,93.6,31.2,62.4,62.4,31.2,62.4,31.2,62.4,62.4,62.4,62.4,62.4,93.6,263.17,263.17,263.17,526.34,256.33,258.02,774.06,258.02,516.04,516.04,258.02,516.04,258.02,516.04,516.04,516.04,516.04,402.48,613.08
9700.0,LONCHAS MOZZARELLA 200 G. IFA ELIGES,RETAIL,IFA,000795-DISPREU LOGISTICA S.L. (BLOQ.),0.0,0.0,0.0,0.0,0.0,0.0,0.0,0.0,0.0,0.0,93.6,62.4,31.2,0.0,0.0,62.4,31.2,0.0,0.0,0.0,0.0,0.0,0.0,0.0,0.0,0.0,0.0,0.0,0.0,774.07,516.05,258.02,0.0,0.0,516.05,267.38,0.0,0.0
9700.0,LONCHAS MOZZARELLA 200 G. IFA ELIGES,RETAIL,IFA,"000871-SUPERMERCADOS BOLAÑOS, S.L.",0.0,31.2,0.0,0.0,0.0,31.2,0.0,31.2,0.0,31.2,0.0,0.0,31.2,0.0,0.0,0.0,0.0,0.0,0.0,0.0,263.17,0.0,0.0,0.0,258.02,0.0,258.02,0.0,267.38,0.0,0.0,258.02,0.0,0.0,0.0,0.0,0.0,0.0
9700.0,LONCHAS MOZZARELLA 200 G. IFA ELIGES,RETAIL,IFA,000876-ARTESANOS VIRGEN DE EXTREMADURA S.L. (BLOQ.),0.0,31.2,0.0,0.0,0.0,0.0,0.0,0.0,0.0,0.0,0.0,0.0,0.0,0.0,0.0,0.0,0.0,0.0,0.0,0.0,263.17,0.0,0.0,0.0,0.0,0.0,0.0,0.0,0.0,0.0,0.0,0.0,0.0,0.0,0.0,0.0,0.0,0.0
9700.0,LONCHAS MOZZARELLA 200 G. IFA ELIGES,RETAIL,IFA,000939-PUGA  AUTOSERVICIO MAYORISTA SL,0.0,0.0,0.0,0.0,0.0,0.0,0.0,0.0,31.2,0.0,31.2,0.0,31.2,0.0,0.0,0.0,31.2,0.0,0.0,0.0,0.0,0.0,0.0,0.0,0.0,0.0,0.0,258.02,0.0,267.38,0.0,267.38,0.0,0.0,0.0,267.38,0.0,0.0
9701.0,LONCHAS GOUDA SIN LACTOSA 200 G. IFA ELIGES,RETAIL,IFA,"000647-MOYA SAUS E HIJOS, S.A. ( BLOQ)",62.4,93.6,93.6,93.6,62.4,62.4,62.4,0.0,0.0,0.0,0.0,0.0,0.0,0.0,0.0,0.0,0.0,0.0,0.0,509.18,763.77,763.77,763.77,508.88,499.51,499.52,0.0,0.0,0.0,0.0,0.0,0.0,0.0,0.0,0.0,0.0,0.0,0.0
9701.0,LONCHAS GOUDA SIN LACTOSA 200 G. IFA ELIGES,RETAIL,IFA,000657-SCABER Scai,93.6,124.8,93.6,72.0,156.0,93.6,62.4,124.8,93.6,156.0,62.4,156.0,31.2,124.8,124.8,156.0,124.8,124.8,31.2,763.77,1018.36,763.77,585.33,1258.46,749.28,499.52,999.04,749.28,1248.8,499.52,1248.8,249.76,999.04,999.04,1202.6,952.84,952.84,238.21
9701.0,LONCHAS GOUDA SIN LACTOSA 200 G. IFA ELIGES,RETAIL,IFA,000662-ALIMENTACION PENINSULAR S.A.,218.4,218.4,280.8,312.0,499.2,187.2,312.0,249.6,249.6,436.8,249.6,249.6,249.6,280.8,343.2,312.0,218.4,312.0,280.8,1782.15,1782.13,2291.33,2545.91,2665.64,1498.54,2497.57,1998.05,1998.05,3505.96,2007.42,1998.05,1998.05,2247.81,2747.31,2382.12,1667.48,2382.13,2143.9
9701.0,LONCHAS GOUDA SIN LACTOSA 200 G. IFA ELIGES,RETAIL,IFA,"000663-GADISA RETAIL, S.L.U.",1248.0,1747.2,1497.6,1747.2,1747.2,1497.6,1497.6,1497.6,1996.8,1497.6,1497.6,1497.6,1747.2,1497.6,1747.2,1248.0,1747.2,1248.0,1747.2,10096.3,14134.84,12115.57,14134.83,13636.91,11688.78,11688.78,11688.78,15585.04,11688.78,11688.78,11688.78,13636.91,11688.78,13636.91,9381.21,13007.89,9291.35,13007.89
9701.0,LONCHAS GOUDA SIN LACTOSA 200 G. IFA ELIGES,RETAIL,IFA,000665-SUPERMERCADOS DANI S.L.,0.0,62.4,0.0,0.0,124.8,0.0,0.0,31.2,62.4,31.2,93.6,31.2,62.4,0.0,62.4,31.2,76.8,0.0,31.2,0.0,509.18,0.0,0.0,999.02,0.0,0.0,249.76,499.51,249.76,749.27,249.76,499.51,0.0,499.51,238.21,586.37,0.0,238.21
9701.0,LONCHAS GOUDA SIN LACTOSA 200 G. IFA ELIGES,RETAIL,IFA,000668-HIPER USERA S.L.,187.2,187.2,249.6,62.4,312.0,156.0,124.8,187.2,218.4,249.6,187.2,187.2,156.0,218.4,187.2,187.2,218.4,187.2,249.6,1535.65,1527.54,2036.73,509.18,2512.07,1258.15,999.04,1498.55,1748.29,1998.05,1498.54,1498.54,1248.79,1748.3,1498.54,1440.81,1667.47,1429.26,1914.58
9701.0,LONCHAS GOUDA SIN LACTOSA 200 G. IFA ELIGES,RETAIL,IFA,"000669-GRUPO EMPRESARIAL EL JAMÓN, S.L.",998.4,748.8,998.4,748.8,499.2,1248.0,748.8,1248.0,748.8,748.8,748.8,998.4,717.6,1154.4,1248.0,780.0,998.4,998.4,1248.0,8126.97,6095.22,8126.96,6095.23,3992.35,9803.05,5881.83,9803.05,5881.83,5881.83,5881.83,7842.44,5669.52,9091.22,9840.48,5858.27,7478.0,7478.0,9347.52
9701.0,LONCHAS GOUDA SIN LACTOSA 200 G. IFA ELIGES,RETAIL,IFA,000670-BON PREU SAU,0.0,0.0,38.4,19.2,0.0,0.0,38.4,0.0,19.2,19.2,0.0,19.2,19.2,0.0,19.2,19.2,19.2,0.0,19.2,0.0,0.0,313.34,156.67,0.0,0.0,307.4,0.0,153.7,153.7,0.0,153.7,150.82,0.0,150.82,143.81,143.81,0.0,143.81
9701.0,LONCHAS GOUDA SIN LACTOSA 200 G. IFA ELIGES,RETAIL,IFA,"000673-COMERCIAL PIEDRA TRUJILLO, S.L.U. ( bloq)",187.2,218.4,124.8,124.8,249.6,124.8,187.2,156.0,187.2,187.2,187.2,124.8,0.0,0.0,0.0,0.0,0.0,0.0,0.0,1527.55,1782.15,1018.36,1026.47,2002.88,999.03,1498.53,1248.79,1498.54,1498.55,1498.54,999.03,0.0,0.0,0.0,0.0,0.0,0.0,0.0
9701.0,LONCHAS GOUDA SIN LACTOSA 200 G. IFA ELIGES,RETAIL,IFA,000674-GRUPO HERMANOS MARTÍN S.A.,998.4,1248.0,998.4,1248.0,998.4,748.8,1497.6,998.4,1248.0,1248.0,998.4,1248.0,1248.0,1248.0,1248.0,1248.0,998.4,998.4,1747.2,8131.96,10158.71,8126.96,10158.71,7842.44,5881.83,11751.18,7842.44,9803.05,9803.05,7842.44,9803.05,9803.05,9803.05,9803.05,9438.61,7478.0,7466.77,13052.82
9701.0,LONCHAS GOUDA SIN LACTOSA 200 G. IFA ELIGES,RETAIL,IFA,000678-CORBALÁN MATALLANA S.L.,31.2,31.2,31.2,0.0,31.2,31.2,31.2,0.0,31.2,31.2,31.2,31.2,0.0,31.2,31.2,31.2,0.0,31.2,31.2,254.59,254.59,254.59,0.0,254.59,249.76,249.76,0.0,249.76,249.76,249.76,249.76,0.0,249.76,249.76,238.21,0.0,238.21,238.21
9701.0,LONCHAS GOUDA SIN LACTOSA 200 G. IFA ELIGES,RETAIL,IFA,"000714-UNIALCO, S.L.",717.6,842.4,842.4,873.6,686.4,904.8,842.4,312.0,0.0,0.0,0.0,0.0,0.0,0.0,0.0,0.0,0.0,0.0,0.0,5847.82,6873.99,6873.99,7128.59,4730.86,7242.92,6743.41,2483.52,0.0,0.0,0.0,0.0,0.0,0.0,0.0,0.0,0.0,0.0,0.0
9701.0,LONCHAS GOUDA SIN LACTOSA 200 G. IFA ELIGES,RETAIL,IFA,000795-DISPREU LOGISTICA S.L. (BLOQ.),0.0,0.0,0.0,0.0,0.0,0.0,0.0,0.0,0.0,0.0,62.4,0.0,31.2,0.0,0.0,31.2,0.0,0.0,0.0,0.0,0.0,0.0,0.0,0.0,0.0,0.0,0.0,0.0,0.0,499.52,0.0,249.76,0.0,0.0,249.76,0.0,0.0,0.0
9701.0,LONCHAS GOUDA SIN LACTOSA 200 G. IFA ELIGES,RETAIL,IFA,"000871-SUPERMERCADOS BOLAÑOS, S.L.",0.0,0.0,31.2,0.0,0.0,0.0,0.0,31.2,0.0,0.0,31.2,0.0,31.2,0.0,31.2,0.0,0.0,31.2,0.0,0.0,0.0,254.59,0.0,0.0,0.0,0.0,249.76,0.0,0.0,249.76,0.0,249.76,0.0,249.76,0.0,0.0,238.21,0.0
9701.0,LONCHAS GOUDA SIN LACTOSA 200 G. IFA ELIGES,RETAIL,IFA,000876-ARTESANOS VIRGEN DE EXTREMADURA S.L. (BLOQ.),0.0,31.2,0.0,0.0,0.0,0.0,0.0,0.0,0.0,0.0,0.0,0.0,0.0,0.0,0.0,0.0,0.0,0.0,0.0,0.0,254.59,0.0,0.0,0.0,0.0,0.0,0.0,0.0,0.0,0.0,0.0,0.0,0.0,0.0,0.0,0.0,0.0,0.0
9702.0,LONCHAS GOUDA LIGHT 200 G. IFA ELIGES,RETAIL,IFA,000657-SCABER Scai,31.2,124.8,93.6,38.4,124.8,0.0,93.6,156.0,31.2,124.8,62.4,124.8,31.2,124.8,93.6,93.6,67.2,62.4,156.0,223.55,894.2,678.76,275.14,882.95,0.0,659.4,1099.0,219.8,879.2,439.6,879.2,219.8,879.2,659.4,628.98,451.58,419.32,1032.18
9702.0,LONCHAS GOUDA LIGHT 200 G. IFA ELIGES,RETAIL,IFA,"000663-GADISA RETAIL, S.L.U.",748.8,998.4,998.4,998.4,1497.6,998.4,1248.0,748.8,1248.0,748.8,998.4,998.4,499.2,998.4,748.8,748.8,748.8,748.8,998.4,5312.73,7083.64,7083.64,7083.64,10313.46,6834.04,8542.55,5125.53,8542.55,5125.53,6834.04,6834.04,3417.02,6834.04,5125.53,4889.67,4889.67,4889.67,6519.56
9702.0,LONCHAS GOUDA LIGHT 200 G. IFA ELIGES,RETAIL,IFA,000665-SUPERMERCADOS DANI S.L.,31.2,62.4,280.8,0.0,0.0,0.0,124.8,0.0,124.8,0.0,280.8,0.0,0.0,0.0,124.8,67.2,57.6,0.0,93.6,223.55,447.1,2011.93,0.0,0.0,0.0,879.22,0.0,879.22,0.0,1978.24,0.0,0.0,0.0,879.22,451.58,387.08,0.0,628.99
9702.0,LONCHAS GOUDA LIGHT 200 G. IFA ELIGES,RETAIL,IFA,000670-BON PREU SAU,0.0,0.0,19.2,19.2,19.2,0.0,19.2,19.2,0.0,19.2,19.2,0.0,19.2,0.0,38.4,0.0,19.2,0.0,0.0,0.0,0.0,137.57,137.57,135.26,0.0,135.26,135.26,0.0,135.26,135.26,0.0,135.26,0.0,264.76,0.0,126.24,0.0,0.0
9702.0,LONCHAS GOUDA LIGHT 200 G. IFA ELIGES,RETAIL,IFA,"000673-COMERCIAL PIEDRA TRUJILLO, S.L.U. ( bloq)",31.2,62.4,0.0,62.4,31.2,62.4,31.2,31.2,31.2,62.4,31.2,0.0,0.0,0.0,0.0,0.0,0.0,0.0,0.0,223.55,447.1,0.0,447.1,219.8,439.6,219.8,219.8,219.8,439.6,219.8,0.0,0.0,0.0,0.0,0.0,0.0,0.0,0.0
9702.0,LONCHAS GOUDA LIGHT 200 G. IFA ELIGES,RETAIL,IFA,000678-CORBALÁN MATALLANA S.L.,0.0,31.2,62.4,0.0,62.4,31.2,31.2,31.2,62.4,31.2,31.2,31.2,0.0,62.4,31.2,31.2,0.0,31.2,31.2,0.0,223.55,447.1,0.0,443.35,219.8,219.8,219.8,439.6,219.8,219.8,219.8,0.0,439.6,219.8,209.66,0.0,209.66,209.66
9702.0,LONCHAS GOUDA LIGHT 200 G. IFA ELIGES,RETAIL,IFA,000795-DISPREU LOGISTICA S.L. (BLOQ.),0.0,0.0,0.0,0.0,0.0,0.0,0.0,0.0,0.0,0.0,62.4,93.6,31.2,31.2,0.0,62.4,31.2,0.0,0.0,0.0,0.0,0.0,0.0,0.0,0.0,0.0,0.0,0.0,0.0,439.6,668.77,219.8,219.8,0.0,438.36,218.56,0.0,0.0
9702.0,LONCHAS GOUDA LIGHT 200 G. IFA ELIGES,RETAIL,IFA,"000871-SUPERMERCADOS BOLAÑOS, S.L.",0.0,31.2,0.0,0.0,0.0,31.2,0.0,31.2,0.0,0.0,31.2,0.0,0.0,0.0,31.2,0.0,0.0,31.2,0.0,0.0,223.55,0.0,0.0,0.0,219.8,0.0,219.8,0.0,0.0,219.8,0.0,0.0,0.0,219.8,0.0,0.0,209.66,0.0
9702.0,LONCHAS GOUDA LIGHT 200 G. IFA ELIGES,RETAIL,IFA,000876-ARTESANOS VIRGEN DE EXTREMADURA S.L. (BLOQ.),0.0,31.2,0.0,0.0,0.0,0.0,0.0,0.0,0.0,0.0,0.0,0.0,0.0,0.0,0.0,0.0,0.0,0.0,0.0,0.0,223.55,0.0,0.0,0.0,0.0,0.0,0.0,0.0,0.0,0.0,0.0,0.0,0.0,0.0,0.0,0.0,0.0,0.0
9703.0,LONCHAS EMMENTAL 200 G. IFA ELIGES,RETAIL,IFA,"000647-MOYA SAUS E HIJOS, S.A. ( BLOQ)",0.0,249.6,249.6,249.6,0.0,249.6,0.0,0.0,0.0,0.0,0.0,0.0,0.0,0.0,0.0,0.0,0.0,0.0,0.0,0.0,2107.87,2107.87,2107.87,0.0,2066.69,0.0,0.0,0.0,0.0,0.0,0.0,0.0,0.0,0.0,0.0,0.0,0.0,0.0
9703.0,LONCHAS EMMENTAL 200 G. IFA ELIGES,RETAIL,IFA,000657-SCABER Scai,93.6,124.8,124.8,103.2,158.4,93.6,93.6,156.0,124.8,156.0,124.8,156.0,93.6,93.6,93.6,124.8,124.8,31.2,156.0,790.44,1053.92,1061.88,879.48,1322.25,775.02,775.02,1291.7,1033.36,1291.7,1033.36,1291.7,775.02,775.02,775.02,997.3,985.28,246.32,1092.0
9703.0,LONCHAS EMMENTAL 200 G. IFA ELIGES,RETAIL,IFA,000662-ALIMENTACION PENINSULAR S.A.,93.6,218.4,124.8,187.2,187.2,187.2,249.6,156.0,124.8,249.6,93.6,187.2,124.8,156.0,187.2,218.4,156.0,124.8,218.4,790.45,1317.42,1053.93,1580.89,1550.02,1550.02,2066.7,1291.68,1033.35,2066.7,775.02,1550.03,1033.35,1291.69,1550.03,1724.26,1231.61,901.52,1528.8
9703.0,LONCHAS EMMENTAL 200 G. IFA ELIGES,RETAIL,IFA,"000663-GADISA RETAIL, S.L.U.",998.4,1248.0,1248.0,1497.6,1248.0,1248.0,1497.6,1248.0,1716.0,1248.0,1248.0,1497.6,1248.0,1248.0,1248.0,1248.0,1497.6,998.4,1248.0,8361.6,10452.0,10452.0,12542.4,10083.85,10083.85,12100.62,10083.85,13865.29,10083.85,10083.85,12100.62,10083.85,10083.85,10083.85,9709.45,11539.02,6789.12,8486.4
9703.0,LONCHAS EMMENTAL 200 G. IFA ELIGES,RETAIL,IFA,000665-SUPERMERCADOS DANI S.L.,194.4,0.0,0.0,249.6,0.0,0.0,0.0,124.8,0.0,93.6,0.0,124.8,62.4,0.0,124.8,31.2,31.2,0.0,156.0,1691.28,0.0,0.0,2107.87,0.0,0.0,0.0,1033.34,0.0,775.01,0.0,1033.34,516.67,0.0,1033.34,246.32,246.32,0.0,1092.0
9703.0,LONCHAS EMMENTAL 200 G. IFA ELIGES,RETAIL,IFA,000668-HIPER USERA S.L.,187.2,187.2,218.4,62.4,343.2,156.0,124.8,218.4,218.4,280.8,218.4,218.4,218.4,187.2,218.4,187.2,218.4,218.4,218.4,1580.9,1580.91,1844.39,526.97,2867.44,1301.05,1033.36,1808.36,1808.35,2325.03,1808.35,1808.35,1817.73,1550.02,1808.35,1489.96,1724.26,1528.8,1528.8
9703.0,LONCHAS EMMENTAL 200 G. IFA ELIGES,RETAIL,IFA,"000669-GRUPO EMPRESARIAL EL JAMÓN, S.L.",499.2,748.8,748.8,499.2,499.2,998.4,748.8,998.4,748.8,748.8,499.2,998.4,684.0,926.4,1200.0,532.8,748.8,998.4,998.4,4205.76,6308.64,6308.64,4205.76,4132.13,8117.0,6087.75,8117.0,6087.75,6087.75,4058.5,8117.0,5588.64,7558.27,9786.25,4149.51,5806.95,7064.96,6839.04
9703.0,LONCHAS EMMENTAL 200 G. IFA ELIGES,RETAIL,IFA,000670-BON PREU SAU,19.2,0.0,19.2,19.2,38.4,0.0,19.2,38.4,0.0,19.2,19.2,0.0,19.2,38.4,0.0,19.2,19.2,0.0,38.4,162.14,0.0,162.14,162.14,321.12,0.0,158.98,317.96,0.0,158.98,158.98,0.0,158.98,312.2,0.0,148.9,148.9,0.0,263.04
9703.0,LONCHAS EMMENTAL 200 G. IFA ELIGES,RETAIL,IFA,"000673-COMERCIAL PIEDRA TRUJILLO, S.L.U. ( bloq)",108.0,115.2,153.6,76.8,115.2,115.2,76.8,115.2,115.2,115.2,153.6,76.8,0.0,0.0,0.0,0.0,0.0,0.0,0.0,912.06,972.87,1297.16,648.58,960.19,953.85,635.9,953.85,953.85,953.85,1271.8,635.9,0.0,0.0,0.0,0.0,0.0,0.0,0.0
9703.0,LONCHAS EMMENTAL 200 G. IFA ELIGES,RETAIL,IFA,000674-GRUPO HERMANOS MARTÍN S.A.,499.2,998.4,748.8,998.4,748.8,499.2,998.4,748.8,998.4,1248.0,998.4,748.8,1248.0,998.4,998.4,1248.0,748.8,998.4,1497.6,4205.76,8411.52,6308.64,8366.59,6087.75,4058.5,8104.52,6087.75,8117.0,10146.25,8117.0,6087.75,10146.25,8117.0,8117.0,9771.85,5806.95,7052.45,10183.68
9703.0,LONCHAS EMMENTAL 200 G. IFA ELIGES,RETAIL,IFA,000678-CORBALÁN MATALLANA S.L.,31.2,31.2,0.0,31.2,31.2,0.0,31.2,0.0,62.4,0.0,31.2,31.2,0.0,31.2,0.0,62.4,0.0,31.2,0.0,263.48,263.48,0.0,263.48,258.34,0.0,258.34,0.0,516.68,0.0,258.34,258.34,0.0,258.34,0.0,492.64,0.0,218.4,0.0
9703.0,LONCHAS EMMENTAL 200 G. IFA ELIGES,RETAIL,IFA,000680-COMPAÑIA NACIONAL DE COMERCIO S.A.,0.0,0.0,0.0,0.0,0.0,0.0,0.0,0.0,0.0,0.0,0.0,0.0,0.0,0.0,0.0,0.0,0.0,0.0,0.0,0.0,0.0,0.0,0.0,0.0,0.0,0.0,0.0,0.0,0.0,0.0,0.0,0.0,0.0,0.0,0.0,0.0,0.0,0.0
9703.0,LONCHAS EMMENTAL 200 G. IFA ELIGES,RETAIL,IFA,000795-DISPREU LOGISTICA S.L. (BLOQ.),0.0,0.0,0.0,0.0,0.0,0.0,0.0,0.0,0.0,0.0,93.6,31.2,31.2,62.4,0.0,31.2,31.2,0.0,0.0,0.0,0.0,0.0,0.0,0.0,0.0,0.0,0.0,0.0,0.0,775.01,258.34,267.7,516.67,0.0,255.37,255.37,0.0,0.0
9703.0,LONCHAS EMMENTAL 200 G. IFA ELIGES,RETAIL,IFA,"000871-SUPERMERCADOS BOLAÑOS, S.L.",0.0,31.2,0.0,0.0,0.0,31.2,0.0,31.2,0.0,0.0,31.2,0.0,0.0,0.0,0.0,0.0,0.0,31.2,0.0,0.0,263.48,0.0,0.0,0.0,258.34,0.0,258.34,0.0,0.0,258.34,0.0,0.0,0.0,0.0,0.0,0.0,218.4,0.0
9703.0,LONCHAS EMMENTAL 200 G. IFA ELIGES,RETAIL,IFA,000876-ARTESANOS VIRGEN DE EXTREMADURA S.L. (BLOQ.),0.0,31.2,0.0,0.0,0.0,0.0,0.0,0.0,0.0,0.0,0.0,0.0,0.0,0.0,0.0,0.0,0.0,0.0,0.0,0.0,263.48,0.0,0.0,0.0,0.0,0.0,0.0,0.0,0.0,0.0,0.0,0.0,0.0,0.0,0.0,0.0,0.0,0.0
9703.0,LONCHAS EMMENTAL 200 G. IFA ELIGES,RETAIL,IFA,000939-PUGA  AUTOSERVICIO MAYORISTA SL,0.0,0.0,0.0,0.0,0.0,0.0,0.0,0.0,31.2,0.0,31.2,0.0,31.2,0.0,0.0,31.2,31.2,0.0,31.2,0.0,0.0,0.0,0.0,0.0,0.0,0.0,0.0,258.34,0.0,267.7,0.0,267.7,0.0,0.0,255.37,255.37,0.0,227.76
9706.0,SHREDDED MOZZARELLA CHEESE 1 KG,INTERNO,INTERNO,"000086-CENTRAL QUESERA MONTESINOS, S.L.U.",0.0,0.0,0.0,0.0,0.0,0.0,0.0,0.0,0.0,0.0,0.0,0.0,0.0,0.0,0.0,0.0,0.0,0.0,0.0,0.0,0.0,0.0,0.0,0.0,0.0,0.0,0.0,0.0,0.0,0.0,0.0,0.0,0.0,0.0,0.0,0.0,0.0,0.0
9711.0,RALLADO CON MOZZARELLA PARA PIZZA 200 G EL PULGAR,RETAIL,EUROMADI,000666-ALCAMPO S.A.,25660.8,18955.2,23095.2,23817.6,21825.6,17222.4,19269.6,17985.6,19713.6,21662.4,19970.4,22048.8,21110.4,19588.8,22327.2,18943.2,16761.6,15302.4,16608.0,164853.46,121787.17,148386.66,153028.08,140346.91,110836.64,123999.86,115737.3,126857.01,139397.56,128509.49,141883.62,135845.42,126053.94,143675.56,121899.49,107860.9,97788.15,101557.99
9716.0,QUESO TACOS ENSALADA 200 G. AUCHAN,RETAIL,EUROMADI,000666-ALCAMPO S.A.,2488.8,2198.4,2368.8,2844.0,2980.8,3448.8,3840.0,3256.8,2558.4,2320.8,1965.6,2107.2,2056.8,1999.2,2474.4,2760.0,2745.6,3729.6,3648.0,22519.83,19895.52,21437.64,25738.2,27002.26,31263.78,34809.62,29522.93,23175.3,21036.95,17818.17,19101.33,18644.9,18122.74,22430.47,25019.4,24888.88,33808.82,33069.13
9718.0,QUESO RALLADO FUNDIDO 200 G. AUCHAN,RETAIL,EUROMADI,000666-ALCAMPO S.A.,4819.2,3240.0,3645.6,3734.4,3372.0,2316.0,2925.6,3408.0,3360.0,3532.8,3410.4,3888.0,3386.4,2635.2,2834.4,3014.4,2788.8,2952.0,2856.0,31581.77,21238.27,23896.92,24478.97,20745.45,14815.08,19206.53,22373.56,18402.67,23192.84,22026.87,25524.68,22231.69,17261.28,18125.98,19277.07,17377.17,17608.7,17036.02
9731.0,MOZZARELLA FRESCA 125 G. IFA ELIGES,RETAIL,EUROMADI,"000714-UNIALCO, S.L.",0.0,0.0,0.0,0.0,0.0,0.0,0.0,0.0,0.0,0.0,0.0,0.0,0.0,0.0,3120.0,0.0,0.0,0.0,0.0,0.0,0.0,0.0,0.0,0.0,0.0,0.0,0.0,0.0,0.0,0.0,0.0,0.0,0.0,20891.53,0.0,0.0,0.0,0.0
9731.0,MOZZARELLA FRESCA 125 G. IFA ELIGES,RETAIL,IFA,"000647-MOYA SAUS E HIJOS, S.A. ( BLOQ)",97.5,195.0,195.0,195.0,195.0,292.5,195.0,0.0,0.0,0.0,0.0,0.0,0.0,0.0,0.0,0.0,0.0,0.0,0.0,663.0,1326.0,1326.0,1326.0,1305.72,1958.58,1305.72,0.0,0.0,0.0,0.0,0.0,0.0,0.0,0.0,0.0,0.0,0.0,0.0
9731.0,MOZZARELLA FRESCA 125 G. IFA ELIGES,RETAIL,IFA,000657-SCABER Scai,136.5,39.0,78.0,78.0,117.0,78.0,117.0,175.5,97.5,175.5,97.5,156.0,117.0,78.0,136.5,156.0,136.5,117.0,195.0,937.88,270.04,549.75,549.76,794.35,522.28,795.28,1175.13,652.85,1175.13,652.85,1044.56,783.42,522.28,913.99,1044.56,913.99,783.42,1305.7
9731.0,MOZZARELLA FRESCA 125 G. IFA ELIGES,RETAIL,IFA,000662-ALIMENTACION PENINSULAR S.A.,234.0,214.5,214.5,292.5,234.0,234.0,331.5,331.5,292.5,390.0,253.5,292.5,312.0,214.5,273.0,390.0,292.5,273.0,468.0,1198.24,1458.6,1458.6,1989.0,1566.87,1566.87,2219.74,2219.72,1958.58,2611.45,1697.44,1958.59,1436.29,1436.3,1828.02,2611.44,1964.52,1833.94,3139.66
9731.0,MOZZARELLA FRESCA 125 G. IFA ELIGES,RETAIL,IFA,"000663-GADISA RETAIL, S.L.U.",2730.0,4095.0,4875.0,5070.0,5070.0,5460.0,4680.0,6330.0,5460.0,4290.0,4524.0,3900.0,4522.5,4212.0,6084.0,4680.0,6084.0,5304.0,7020.0,18367.44,27551.16,32799.0,34110.96,33093.06,35468.16,30401.28,37318.94,35468.16,27867.84,29387.9,25334.39,29378.15,27361.14,39521.66,30401.29,39521.68,34454.79,45601.93
9731.0,MOZZARELLA FRESCA 125 G. IFA ELIGES,RETAIL,IFA,000665-SUPERMERCADOS DANI S.L.,97.5,97.5,97.5,97.5,97.5,97.5,97.5,195.0,97.5,195.0,156.0,0.0,156.0,156.0,156.0,156.0,0.0,0.0,0.0,663.0,663.0,663.0,663.0,652.86,652.86,652.86,1305.53,652.86,1305.72,1044.58,0.0,1044.58,1044.58,1044.58,1044.58,0.0,0.0,0.0
9731.0,MOZZARELLA FRESCA 125 G. IFA ELIGES,RETAIL,IFA,"000673-COMERCIAL PIEDRA TRUJILLO, S.L.U. ( bloq)",70.5,54.0,58.5,78.0,97.5,78.0,39.0,78.0,78.0,97.5,78.0,78.0,0.0,0.0,0.0,0.0,0.0,0.0,0.0,487.21,370.92,407.48,535.24,652.07,528.21,261.14,516.35,522.28,652.85,522.28,528.21,0.0,0.0,0.0,0.0,0.0,0.0,0.0
9731.0,MOZZARELLA FRESCA 125 G. IFA ELIGES,RETAIL,IFA,000674-GRUPO HERMANOS MARTÍN S.A.,1560.0,1248.0,1540.5,2008.5,1558.5,2040.0,2359.5,1755.0,1677.0,2437.5,1833.0,1482.0,1735.5,2184.0,1950.0,2418.0,2106.0,2496.0,3646.5,10576.8,8466.43,10450.75,13625.66,10269.02,13349.72,15393.77,11484.72,10974.28,15951.0,12066.29,9627.07,11357.12,14292.09,12760.8,15823.39,13781.67,16303.87,23795.3
9731.0,MOZZARELLA FRESCA 125 G. IFA ELIGES,RETAIL,IFA,"000714-UNIALCO, S.L.",0.0,0.0,97.5,663.0,780.0,1521.0,1170.0,1557.0,1755.0,2007.0,1753.5,2476.5,1899.0,2281.5,0.0,0.0,0.0,0.0,0.0,0.0,0.0,663.0,4508.4,5222.88,10184.62,7834.32,10424.76,9784.26,13438.88,11741.42,16582.65,12657.05,15276.93,0.0,0.0,0.0,0.0,0.0
9731.0,MOZZARELLA FRESCA 125 G. IFA ELIGES,RETAIL,IFA,000926-ECOMORA S.A.,0.0,0.0,0.0,214.5,585.0,780.0,975.0,0.0,0.0,0.0,0.0,0.0,0.0,0.0,0.0,0.0,0.0,0.0,0.0,0.0,0.0,0.0,1458.6,3917.16,5222.88,6528.6,0.0,0.0,0.0,0.0,0.0,0.0,0.0,0.0,0.0,0.0,0.0,0.0
9731.0,MOZZARELLA FRESCA 125 G. IFA ELIGES,RETAIL,IFA,000939-PUGA  AUTOSERVICIO MAYORISTA SL,0.0,0.0,0.0,0.0,0.0,0.0,0.0,0.0,19.5,0.0,0.0,0.0,0.0,0.0,0.0,0.0,0.0,0.0,58.5,0.0,0.0,0.0,0.0,0.0,0.0,0.0,0.0,130.57,0.0,0.0,0.0,0.0,0.0,0.0,0.0,0.0,0.0,409.5
9731.0,MOZZARELLA FRESCA 125 G. IFA ELIGES,RETAIL,IFA,"000986-FERJAMA, S.A.",0.0,0.0,0.0,0.0,0.0,0.0,0.0,0.0,0.0,0.0,0.0,0.0,0.0,0.0,0.0,0.0,0.0,39.0,0.0,0.0,0.0,0.0,0.0,0.0,0.0,0.0,0.0,0.0,0.0,0.0,0.0,0.0,0.0,0.0,0.0,0.0,273.0,0.0
9743.0,VENTA DE PALETS H1,EXPORT,RESTO EXPORT,000455-BOUTER CHEESE B.V.,51.0,54.0,56.0,58.0,63.0,75.0,72.0,79.0,63.0,76.0,65.0,53.0,78.0,55.0,58.0,73.0,68.0,66.0,87.0,2473.5,2619.0,2716.0,2813.0,3055.5,3637.5,3492.0,3831.5,3055.5,3686.0,3152.5,2570.5,3783.0,2667.5,2813.0,3540.5,3298.0,3201.0,4219.5
9744.0,CREMA DE QUESO CAMEMBERT 150 G. HACENDADO,MERCADONA,MERCADONA,"000128-MERCADONA, S.A.",0.0,0.0,0.0,0.0,0.0,0.0,0.0,0.0,0.0,0.0,0.0,0.0,0.0,0.0,0.0,0.0,0.0,0.0,0.0,0.0,0.0,0.0,0.0,0.0,0.0,0.0,0.0,0.0,0.0,0.0,0.0,0.0,0.0,0.0,0.0,0.0,0.0,0.0
9746.0,CREMA DE QUESO FLAMENGO 125 G. HACENDADO,MERCADONA,IRMADONA,"000525-IRMÃDONA SUPERMERCADOS, UNIPESSOAL, LDA",0.0,0.0,0.0,0.0,0.0,0.0,0.0,0.0,0.0,0.0,0.0,0.0,0.0,0.0,0.0,0.0,0.0,0.0,0.0,0.0,0.0,0.0,0.0,0.0,0.0,0.0,0.0,0.0,0.0,0.0,0.0,0.0,0.0,0.0,0.0,0.0,0.0,0.0
9748.0,MOZZAPURA TIRAS 1 KG,DISTRIBUIDORES,PROVISIONES SUROESTE,"000879-PROVISIONES SUROESTE, S.L.",720.0,2500.0,2460.0,4680.0,420.0,1320.0,6420.0,3720.0,4200.0,2100.0,4560.0,3120.0,4200.0,2400.0,6240.0,3360.0,2520.0,6720.0,1680.0,2664.0,9500.0,9348.0,17784.0,1596.0,5016.0,24396.0,14136.0,15960.0,7980.0,17328.0,11856.0,15960.0,9120.0,23712.0,12768.0,9576.0,25536.0,6384.0
9748.0,MOZZAPURA TIRAS 1 KG,DISTRIBUIDORES,RESTO DISTRIBUIDORES,"000038-LÁCTEOS MENDI, S.L.",0.0,0.0,20.0,60.0,180.0,80.0,0.0,160.0,60.0,60.0,120.0,0.0,50.0,80.0,200.0,140.0,160.0,180.0,60.0,0.0,0.0,86.2,258.6,775.8,321.6,0.0,643.2,241.2,241.2,482.4,0.0,201.0,321.6,804.0,562.8,643.2,723.6,241.2
9748.0,MOZZAPURA TIRAS 1 KG,DISTRIBUIDORES,RESTO DISTRIBUIDORES,"000643-ORTHIDAL, S.L.",10.0,1260.0,12140.0,21000.0,0.0,6300.0,15540.0,0.0,0.0,60.0,180.0,2700.0,7140.0,13110.0,1340.0,960.0,240.0,440.0,1920.0,39.95,5012.39,48802.8,84420.0,0.0,25326.0,62470.8,0.0,0.0,241.2,723.6,10854.0,28695.7,54254.19,5542.82,3974.4,993.6,1820.31,7944.92
9748.0,MOZZAPURA TIRAS 1 KG,DISTRIBUIDORES,RESTO DISTRIBUIDORES,"000646-EL ESPEJO HOSTELERO, S.A.",40.0,100.0,90.0,170.0,100.0,40.0,100.0,70.0,20.0,100.0,120.0,180.0,40.0,60.0,60.0,60.0,60.0,60.0,0.0,178.0,475.0,427.5,779.5,475.0,190.0,464.5,332.5,95.0,467.0,546.0,855.0,190.0,285.0,285.0,285.0,276.0,276.0,0.0
9748.0,MOZZAPURA TIRAS 1 KG,DISTRIBUIDORES,RESTO DISTRIBUIDORES,000651-COMERGRAN S.L.,300.0,0.0,200.0,0.0,50.0,350.0,440.0,410.0,350.0,250.0,400.0,1550.0,1050.0,1200.0,1700.0,1300.0,1210.0,300.0,420.0,1260.0,0.0,760.0,0.0,190.0,1330.0,1672.0,1558.0,1330.0,950.0,1520.0,5890.0,3990.0,4560.0,6460.0,4940.0,4598.0,1140.0,1596.0
9748.0,MOZZAPURA TIRAS 1 KG,DISTRIBUIDORES,RESTO DISTRIBUIDORES,000667-MENA ALIMENTARIA S.L.,80.0,0.0,50.0,40.0,100.0,120.0,50.0,50.0,90.0,0.0,80.0,50.0,30.0,60.0,60.0,110.0,60.0,60.0,60.0,344.0,0.0,215.0,172.0,430.0,516.0,215.0,215.0,387.0,0.0,344.0,215.0,129.0,258.0,258.0,473.0,258.0,258.0,258.0
9748.0,MOZZAPURA TIRAS 1 KG,DISTRIBUIDORES,RESTO DISTRIBUIDORES,"000675-CORPORACIÓN LÁCTEA DEL NORTE, S.L.",30.0,0.0,60.0,40.0,60.0,60.0,240.0,300.0,120.0,0.0,300.0,0.0,0.0,110.0,420.0,0.0,60.0,300.0,360.0,116.7,0.0,239.4,159.6,239.4,239.4,957.6,1197.0,478.8,0.0,1197.0,0.0,0.0,438.9,1675.8,0.0,239.4,1197.0,1436.4
9748.0,MOZZAPURA TIRAS 1 KG,DISTRIBUIDORES,RESTO DISTRIBUIDORES,000676-EXCLUSIVAS ALIMENTARIAS 1998 S.L. (BLOQ.),0.0,0.0,50.0,150.0,0.0,100.0,250.0,0.0,0.0,300.0,0.0,30.0,80.0,60.0,0.0,0.0,0.0,0.0,0.0,0.0,0.0,215.5,646.5,0.0,431.0,1077.5,0.0,0.0,1485.0,0.0,148.5,396.0,297.0,0.0,0.0,0.0,0.0,0.0
9748.0,MOZZAPURA TIRAS 1 KG,DISTRIBUIDORES,RESTO DISTRIBUIDORES,000679-SPANISH CHEESE S.L.U.,0.0,0.0,0.0,0.0,120.0,0.0,0.0,0.0,0.0,0.0,0.0,0.0,0.0,0.0,0.0,0.0,0.0,0.0,0.0,0.0,0.0,0.0,0.0,454.92,0.0,0.0,0.0,0.0,0.0,0.0,0.0,0.0,0.0,0.0,0.0,0.0,0.0,0.0
9748.0,MOZZAPURA TIRAS 1 KG,DISTRIBUIDORES,RESTO DISTRIBUIDORES,"000709-DISTRIBUCIONES MONTEVERDE, S.L.U. ( BLOQ)",0.0,0.0,0.0,0.0,0.0,10.0,0.0,0.0,0.0,0.0,0.0,0.0,0.0,0.0,0.0,0.0,0.0,0.0,0.0,0.0,0.0,0.0,0.0,0.0,49.5,0.0,0.0,0.0,0.0,0.0,0.0,0.0,0.0,0.0,0.0,0.0,0.0,0.0
9748.0,MOZZAPURA TIRAS 1 KG,DISTRIBUIDORES,RESTO DISTRIBUIDORES,"000710-SELECCIO REGISA, S.L.",0.0,0.0,10.0,70.0,0.0,90.0,20.0,100.0,30.0,0.0,0.0,0.0,0.0,10.0,0.0,0.0,0.0,0.0,0.0,0.0,0.0,43.1,301.7,0.0,387.9,86.2,431.0,129.3,0.0,0.0,0.0,0.0,40.2,0.0,0.0,0.0,0.0,0.0
9748.0,MOZZAPURA TIRAS 1 KG,DISTRIBUIDORES,RESTO DISTRIBUIDORES,000711-DISTRIBUCIONES J.M. S.A.,200.0,0.0,840.0,2100.0,1660.0,3780.0,2940.0,3360.0,2100.0,1460.0,0.0,0.0,0.0,0.0,1680.0,2520.0,2100.0,4200.0,3360.0,784.0,0.0,3234.0,8085.0,6391.0,14553.0,11319.0,12936.0,8085.0,5655.0,0.0,0.0,0.0,0.0,6300.0,9450.0,7875.0,15750.0,12600.0
9748.0,MOZZAPURA TIRAS 1 KG,DISTRIBUIDORES,RESTO DISTRIBUIDORES,"000763-BENIBALDO, S.A.U. (BLOQ.)",0.0,0.0,0.0,20.0,50.0,30.0,0.0,60.0,0.0,0.0,30.0,10.0,20.0,0.0,0.0,0.0,0.0,0.0,0.0,0.0,0.0,0.0,86.2,215.5,129.3,0.0,258.6,0.0,0.0,129.3,43.1,86.2,0.0,0.0,0.0,0.0,0.0,0.0
9748.0,MOZZAPURA TIRAS 1 KG,DISTRIBUIDORES,RESTO DISTRIBUIDORES,000776-COMERCIAL DIALVA S.A.,180.0,460.0,400.0,180.0,360.0,120.0,0.0,160.0,480.0,180.0,300.0,420.0,300.0,410.0,540.0,0.0,120.0,60.0,60.0,723.6,1849.2,1608.0,723.6,1447.2,482.4,0.0,643.2,1929.6,723.6,1206.0,1688.4,1206.0,1648.2,2170.8,0.0,482.4,241.2,241.2
9748.0,MOZZAPURA TIRAS 1 KG,DISTRIBUIDORES,RESTO DISTRIBUIDORES,000789-PALENZUELA DISTRIBUCION 1970 S.L.,0.0,0.0,0.0,0.0,0.0,0.0,0.0,0.0,0.0,0.0,0.0,0.0,0.0,0.0,0.0,0.0,0.0,0.0,0.0,0.0,0.0,0.0,0.0,0.0,0.0,0.0,0.0,0.0,0.0,0.0,0.0,0.0,0.0,0.0,0.0,0.0,0.0,0.0
9748.0,MOZZAPURA TIRAS 1 KG,DISTRIBUIDORES,RESTO DISTRIBUIDORES,"000806-CUSTODIO MARTÍN LÓPEZ, S.L.",0.0,0.0,0.0,0.0,0.0,0.0,0.0,0.0,0.0,0.0,0.0,100.0,200.0,0.0,120.0,120.0,60.0,120.0,360.0,0.0,0.0,0.0,0.0,0.0,0.0,0.0,0.0,0.0,0.0,0.0,431.0,862.0,0.0,517.2,517.2,258.6,517.2,1551.6
9748.0,MOZZAPURA TIRAS 1 KG,DISTRIBUIDORES,RESTO DISTRIBUIDORES,000815-GLAC S.A.,0.0,0.0,0.0,80.0,100.0,0.0,0.0,0.0,0.0,0.0,0.0,0.0,0.0,0.0,0.0,0.0,0.0,0.0,0.0,0.0,0.0,0.0,344.8,431.0,0.0,0.0,0.0,0.0,0.0,0.0,0.0,0.0,0.0,0.0,0.0,0.0,0.0,0.0
9748.0,MOZZAPURA TIRAS 1 KG,DISTRIBUIDORES,RESTO DISTRIBUIDORES,"000854-EL CONCHEL D´GUSTO, S.L.U. (BLOQ.)",90.0,0.0,0.0,0.0,0.0,0.0,0.0,0.0,0.0,0.0,0.0,0.0,0.0,0.0,0.0,0.0,0.0,0.0,0.0,384.9,0.0,0.0,0.0,0.0,0.0,0.0,0.0,0.0,0.0,0.0,0.0,0.0,0.0,0.0,0.0,0.0,0.0,0.0
9748.0,MOZZAPURA TIRAS 1 KG,DISTRIBUIDORES,RESTO DISTRIBUIDORES,"000855-CASA BASTIDA, S.L. ( BLOQ )",0.0,0.0,0.0,90.0,40.0,0.0,0.0,0.0,0.0,0.0,0.0,0.0,0.0,0.0,0.0,0.0,0.0,0.0,0.0,0.0,0.0,0.0,361.8,160.8,0.0,0.0,0.0,0.0,0.0,0.0,0.0,0.0,0.0,0.0,0.0,0.0,0.0,0.0
9748.0,MOZZAPURA TIRAS 1 KG,DISTRIBUIDORES,RESTO DISTRIBUIDORES,"000858-COVADUL FAST FOOD, S.L.",0.0,20.0,120.0,80.0,100.0,50.0,80.0,110.0,140.0,120.0,160.0,120.0,170.0,100.0,60.0,60.0,0.0,120.0,0.0,0.0,80.4,482.4,321.6,402.0,201.0,321.6,442.2,562.8,482.4,643.2,482.4,683.4,402.0,241.2,241.2,0.0,482.4,0.0
9748.0,MOZZAPURA TIRAS 1 KG,DISTRIBUIDORES,RESTO DISTRIBUIDORES,"000864-RISCALES ALIMENTACIÓN, S.L.",30.0,20.0,20.0,0.0,20.0,0.0,50.0,0.0,10.0,30.0,10.0,30.0,10.0,0.0,40.0,10.0,30.0,60.0,0.0,128.3,86.2,86.2,0.0,86.2,0.0,215.5,0.0,43.1,129.3,43.1,120.6,40.2,0.0,160.8,40.2,120.6,241.2,0.0
9748.0,MOZZAPURA TIRAS 1 KG,DISTRIBUIDORES,RESTO DISTRIBUIDORES,"000865-DISALCON95, S.L.",80.0,30.0,30.0,60.0,60.0,260.0,90.0,100.0,80.0,40.0,70.0,80.0,0.0,60.0,60.0,60.0,0.0,120.0,0.0,338.8,129.3,129.3,258.6,258.6,1120.6,387.9,431.0,344.8,172.4,301.7,344.8,0.0,258.6,258.6,258.6,0.0,517.2,0.0
9748.0,MOZZAPURA TIRAS 1 KG,DISTRIBUIDORES,RESTO DISTRIBUIDORES,000870-COMERCIAL LEÓN ZARAGOZA S.L.,10.0,10.0,40.0,100.0,0.0,0.0,0.0,0.0,70.0,40.0,70.0,0.0,0.0,0.0,0.0,0.0,0.0,0.0,0.0,43.1,43.1,172.4,431.0,0.0,0.0,0.0,0.0,301.7,172.4,301.7,0.0,0.0,0.0,0.0,0.0,0.0,0.0,0.0
9748.0,MOZZAPURA TIRAS 1 KG,DISTRIBUIDORES,RESTO DISTRIBUIDORES,"000890-OCEANÍA FOOD SELECTION, S.L. ( bloq)",0.0,0.0,0.0,0.0,0.0,0.0,0.0,0.0,0.0,0.0,0.0,0.0,0.0,0.0,0.0,0.0,0.0,0.0,0.0,0.0,0.0,0.0,0.0,0.0,0.0,0.0,0.0,0.0,0.0,0.0,0.0,0.0,0.0,0.0,0.0,0.0,0.0,0.0
9748.0,MOZZAPURA TIRAS 1 KG,DISTRIBUIDORES,RESTO DISTRIBUIDORES,"000914-HIJOS DE EUSEBIO CARRERAS, S.L. (BLOQ.)",200.0,480.0,500.0,300.0,220.0,80.0,360.0,80.0,150.0,0.0,0.0,0.0,0.0,0.0,0.0,0.0,0.0,0.0,0.0,804.0,1929.6,2010.0,1311.0,961.4,349.6,1573.2,349.6,655.5,0.0,0.0,0.0,0.0,0.0,0.0,0.0,0.0,0.0,0.0
9748.0,MOZZAPURA TIRAS 1 KG,DISTRIBUIDORES,RESTO DISTRIBUIDORES,000928-SECUNDINO DOCAMPO S.L.,0.0,0.0,0.0,0.0,0.0,0.0,0.0,0.0,0.0,210.0,0.0,1.0,0.0,0.0,0.0,0.0,0.0,0.0,0.0,0.0,0.0,0.0,0.0,0.0,0.0,0.0,0.0,0.0,926.1,0.0,0.0,0.0,0.0,0.0,0.0,0.0,0.0,0.0
9748.0,MOZZAPURA TIRAS 1 KG,DISTRIBUIDORES,RESTO DISTRIBUIDORES,"000932-CEDIPAS, S.L. (BLOQ.)",0.0,0.0,0.0,0.0,0.0,250.0,300.0,0.0,200.0,0.0,0.0,300.0,0.0,0.0,0.0,0.0,0.0,0.0,0.0,0.0,0.0,0.0,0.0,0.0,1127.5,1353.0,0.0,902.0,0.0,0.0,1353.0,0.0,0.0,0.0,0.0,0.0,0.0,0.0
9748.0,MOZZAPURA TIRAS 1 KG,DISTRIBUIDORES,RESTO DISTRIBUIDORES,"000946-LLUIS CANADELL, S.L.U.",0.0,0.0,0.0,0.0,0.0,0.0,0.0,0.0,0.0,0.0,0.0,0.0,0.0,0.0,10.0,0.0,0.0,0.0,0.0,0.0,0.0,0.0,0.0,0.0,0.0,0.0,0.0,0.0,0.0,0.0,0.0,0.0,0.0,40.2,0.0,0.0,0.0,0.0
9748.0,MOZZAPURA TIRAS 1 KG,DISTRIBUIDORES,RESTO DISTRIBUIDORES,000950-GRUP ALIMENTARI DISTECO S.A,0.0,0.0,0.0,0.0,0.0,0.0,0.0,0.0,0.0,0.0,860.0,7140.0,-100.0,2060.0,600.0,0.0,0.0,480.0,300.0,0.0,0.0,0.0,0.0,0.0,0.0,0.0,0.0,0.0,0.0,3457.2,28702.8,-402.0,8281.2,2412.0,0.0,0.0,1929.6,1206.0
9748.0,MOZZAPURA TIRAS 1 KG,DISTRIBUIDORES,RESTO DISTRIBUIDORES,"000958-DINOE FOODS, S.L.",0.0,0.0,0.0,0.0,0.0,0.0,0.0,0.0,0.0,0.0,0.0,0.0,0.0,300.0,300.0,0.0,0.0,300.0,0.0,0.0,0.0,0.0,0.0,0.0,0.0,0.0,0.0,0.0,0.0,0.0,0.0,0.0,1353.0,1353.0,0.0,0.0,1353.0,0.0
9748.0,MOZZAPURA TIRAS 1 KG,DISTRIBUIDORES,RESTO DISTRIBUIDORES,000987-LPA ALIMENTACION S.L.,0.0,0.0,0.0,0.0,0.0,0.0,0.0,0.0,0.0,0.0,0.0,0.0,0.0,0.0,0.0,0.0,0.0,150.0,60.0,0.0,0.0,0.0,0.0,0.0,0.0,0.0,0.0,0.0,0.0,0.0,0.0,0.0,0.0,0.0,0.0,0.0,603.0,241.2
9748.0,MOZZAPURA TIRAS 1 KG,DISTRIBUIDORES,TGT,000580-LOGÍSTICA Y TRANSFORMACIÓN LÁCTEA S.L. ( bloq),0.0,0.0,0.0,0.0,0.0,0.0,0.0,0.0,0.0,0.0,0.0,0.0,0.0,0.0,0.0,0.0,0.0,0.0,0.0,0.0,0.0,0.0,0.0,0.0,0.0,0.0,0.0,0.0,0.0,0.0,0.0,0.0,0.0,0.0,0.0,0.0,0.0,0.0
9748.0,MOZZAPURA TIRAS 1 KG,EXPORT,RESTO EXPORT,111112-CLIENTES EXPORTACION (PRESUPESTO),0.0,0.0,0.0,0.0,0.0,0.0,0.0,0.0,0.0,0.0,0.0,0.0,0.0,0.0,0.0,0.0,0.0,0.0,0.0,0.0,0.0,0.0,0.0,0.0,0.0,0.0,0.0,0.0,0.0,0.0,0.0,0.0,0.0,0.0,0.0,0.0,0.0,0.0
9748.0,MOZZAPURA TIRAS 1 KG,INDUSTRIALES & FOOD SERVICE,RESTO INDUSTRIALES & FOODSERVICE,"000828-QUE S LIDER, S.L.",80.0,160.0,200.0,120.0,1260.0,1240.0,520.0,460.0,1300.0,1400.0,860.0,570.0,900.0,1150.0,1700.0,220.0,120.0,360.0,180.0,318.6,643.2,804.0,482.4,5065.2,4984.8,2090.4,1849.2,5226.0,5628.0,3457.2,2291.4,3618.0,4623.0,6834.0,884.4,482.4,1447.2,723.6
9748.0,MOZZAPURA TIRAS 1 KG,INDUSTRIALES & FOOD SERVICE,RESTO INDUSTRIALES & FOODSERVICE,000960-PAN DIRECTO GIJON S.L. (BLOQ.),0.0,0.0,0.0,0.0,0.0,0.0,0.0,0.0,0.0,0.0,0.0,0.0,0.0,240.0,0.0,0.0,0.0,0.0,0.0,0.0,0.0,0.0,0.0,0.0,0.0,0.0,0.0,0.0,0.0,0.0,0.0,0.0,1188.0,0.0,0.0,0.0,0.0,0.0
9750.0,"BARRA SANDWICH 5,4 KG. BOX",DISTRIBUIDORES,TGT,"000053-GARMESAN,  S.A. ( bloq)",2845.8,0.0,0.0,0.0,0.0,0.0,0.0,0.0,0.0,0.0,0.0,0.0,0.0,0.0,0.0,0.0,0.0,0.0,0.0,7606.82,0.0,0.0,0.0,0.0,0.0,0.0,0.0,0.0,0.0,0.0,0.0,0.0,0.0,0.0,0.0,0.0,0.0,0.0
9750.0,"BARRA SANDWICH 5,4 KG. BOX",INDUSTRIALES & FOOD SERVICE,RESTO INDUSTRIALES & FOODSERVICE,"000904-ÑAMING, S.L.",11113.2,13694.4,16545.6,19402.2,20962.8,16567.2,24359.4,11901.6,24354.0,18640.8,17587.8,20692.8,12420.0,16556.4,17528.4,22971.6,20682.0,26389.8,20136.6,31561.48,38892.1,46989.49,55102.25,59519.01,47050.85,69180.68,33800.54,69165.35,52939.88,48190.57,56698.27,34030.8,45364.54,48027.81,62023.32,55841.4,71252.46,54368.82
9751.0,RALLADO GRATINAR 300 g EMD,RETAIL,EUROMADI,"000595-MARKANT ESPAÑA, S.A.U.",2457.0,1638.0,2184.0,2184.0,2295.0,1092.0,3003.0,3549.0,1404.0,2457.0,1638.0,2730.0,1911.0,2457.0,2184.0,2730.0,2184.0,1638.0,3003.0,10810.8,7207.2,9609.6,9609.6,10098.0,4804.8,13213.2,15615.6,6177.6,10810.8,7207.2,12012.0,8408.4,10810.8,9609.6,12012.0,9609.6,7207.2,13213.2
9752.0,LONCHAS SANDWICH 300 g EMD,RETAIL,EUROMADI,"000595-MARKANT ESPAÑA, S.A.U.",6240.0,6240.0,5740.8,7737.6,9984.0,5491.2,9969.6,8985.6,5491.2,6770.4,4960.8,6739.2,3744.0,4742.4,6739.2,6981.6,5191.2,6240.0,9235.2,27031.68,27373.63,25259.52,33952.46,43929.6,24161.28,43866.24,39536.64,24161.28,29789.76,21827.52,29652.48,16473.6,20866.56,29376.8,30719.04,22841.28,27456.0,40634.88
9757.0,RALLADO PARA PASTA 300 g,DISTRIBUIDORES,PROVISIONES SUROESTE,"000879-PROVISIONES SUROESTE, S.L.",1704.0,2856.0,4878.0,3276.0,1755.0,2808.0,3003.0,4368.0,2184.0,2730.0,3822.0,3822.0,1911.0,3549.0,4368.0,2184.0,1608.0,3276.0,2730.0,7856.4,13566.0,23170.5,15561.0,8336.25,13143.49,14264.25,20748.0,10374.0,12967.5,18154.5,18154.5,9077.25,16857.75,20748.0,10374.0,7638.0,15561.0,12967.5
9757.0,RALLADO PARA PASTA 300 g,DISTRIBUIDORES,RESTO DISTRIBUIDORES,"000643-ORTHIDAL, S.L.",0.0,834.0,447.0,2001.0,375.0,807.0,1515.2,1356.0,1326.0,1212.0,1224.0,1605.0,1125.0,2685.0,1456.2,2535.0,390.0,1287.0,2925.0,0.0,3961.5,2123.25,9221.46,1778.8,3755.44,7197.2,6361.91,6085.47,5757.0,5814.0,7461.3,5342.58,12754.79,6983.78,12110.09,1907.1,6285.19,13945.22
9757.0,RALLADO PARA PASTA 300 g,DISTRIBUIDORES,RESTO DISTRIBUIDORES,000651-COMERGRAN S.L.,135.0,30.0,75.0,60.0,60.0,105.0,45.0,45.0,105.0,120.0,120.0,165.0,105.0,150.0,150.0,135.0,123.0,117.0,117.0,668.25,142.5,356.25,285.0,285.0,498.75,213.75,213.75,498.75,570.0,570.0,783.75,498.75,712.5,712.5,641.25,584.25,555.75,555.75
9757.0,RALLADO PARA PASTA 300 g,DISTRIBUIDORES,RESTO DISTRIBUIDORES,000679-SPANISH CHEESE S.L.U.,0.0,0.0,0.0,0.0,0.0,0.0,0.0,0.0,0.0,0.0,0.0,534.0,0.0,0.0,0.0,0.0,0.0,0.0,0.0,0.0,0.0,0.0,0.0,0.0,0.0,0.0,0.0,0.0,0.0,0.0,2472.42,0.0,0.0,0.0,0.0,0.0,0.0,0.0
9757.0,RALLADO PARA PASTA 300 g,DISTRIBUIDORES,RESTO DISTRIBUIDORES,000816-CARLAFEX S.L.,270.0,180.0,225.0,150.0,270.0,120.0,45.0,180.0,330.0,120.0,195.0,120.0,150.0,234.0,117.0,234.0,117.0,0.0,39.0,1146.6,788.4,985.5,657.0,1182.6,525.6,197.1,788.4,1445.4,525.6,854.1,525.6,657.0,1024.92,512.46,1024.92,512.46,0.0,170.82
9757.0,RALLADO PARA PASTA 300 g,DISTRIBUIDORES,RESTO DISTRIBUIDORES,"000836-DISTRIBUCIONES SERVERA, S.A.",0.0,0.0,0.0,0.0,0.0,0.0,0.0,0.0,0.0,0.0,0.0,0.0,0.0,0.0,0.0,3.0,0.0,0.0,0.0,0.0,0.0,0.0,0.0,0.0,0.0,0.0,0.0,0.0,0.0,0.0,0.0,0.0,0.0,0.0,16.8,0.0,0.0,0.0
9757.0,RALLADO PARA PASTA 300 g,RETAIL,IFA,000597-AHORRAMAS S.A.,8190.0,6552.0,11739.0,6006.0,9282.0,7917.0,3822.0,9282.0,6824.4,11739.0,9009.0,5733.0,9555.0,7098.0,7098.0,6006.0,5187.0,4368.0,4914.0,32756.71,26195.78,47463.02,24842.02,37454.44,32911.41,15888.14,38557.13,28375.85,48808.27,37456.9,23834.08,39724.69,29031.8,29989.18,24966.71,21562.56,18162.15,20426.18
9757.0,RALLADO PARA PASTA 300 g,RETAIL,IFA,000823-HIPER USERA S.L.,891.0,675.0,1026.0,513.0,1020.0,255.0,639.0,711.0,690.0,936.0,759.0,717.0,873.0,780.0,1365.0,546.0,1050.0,819.0,1092.0,3712.53,2812.53,4275.04,2137.52,4250.04,1062.5,2662.51,2962.52,2875.04,3900.05,3162.54,2987.52,3637.54,3250.03,5687.55,2275.02,4375.04,3412.53,4550.04
9757.0,RALLADO PARA PASTA 300 g,RETAIL,OTROS RETAILERS,000824-GRUPO HERMANOS MARTÍN S.A. ( BLOQ),0.0,0.0,0.0,0.0,0.0,0.0,0.0,0.0,0.0,0.0,0.0,0.0,0.0,0.0,0.0,0.0,0.0,0.0,0.0,0.0,0.0,0.0,0.0,0.0,0.0,0.0,0.0,0.0,0.0,0.0,0.0,0.0,0.0,0.0,0.0,0.0,0.0,0.0
9758.0,RALLADO PARA PIZZA 300 g,DISTRIBUIDORES,PROVISIONES SUROESTE,"000879-PROVISIONES SUROESTE, S.L.",2295.0,3177.0,4059.0,4914.0,2877.0,3354.0,1365.0,4299.0,3276.0,4914.0,4368.0,2730.0,2478.0,4368.0,4914.0,2457.0,1608.0,3549.0,3054.0,9611.7,13661.1,17453.7,21130.2,12371.1,14210.9,5869.5,18485.7,14086.8,21130.2,18782.4,11739.0,10655.4,18782.4,21130.2,10565.1,6914.4,15260.7,13132.2
9758.0,RALLADO PARA PIZZA 300 g,DISTRIBUIDORES,RESTO DISTRIBUIDORES,"000643-ORTHIDAL, S.L.",0.0,924.0,486.0,2001.0,336.0,729.0,1815.1,1635.0,1503.0,1875.0,876.0,1713.0,999.0,2832.0,1426.2,2769.0,234.0,1131.0,2553.0,0.0,3973.2,2089.8,8347.86,1440.36,3064.27,7804.93,6955.68,6257.13,8062.5,3766.8,7166.58,4295.7,12188.72,6185.36,12007.51,1036.62,5002.87,10959.52
9758.0,RALLADO PARA PIZZA 300 g,DISTRIBUIDORES,RESTO DISTRIBUIDORES,000651-COMERGRAN S.L.,135.0,30.0,105.0,60.0,75.0,120.0,60.0,90.0,120.0,105.0,135.0,180.0,150.0,135.0,180.0,135.0,153.0,156.0,156.0,587.25,129.0,451.5,258.0,322.5,516.0,258.0,387.0,516.0,451.5,580.5,774.0,645.0,580.5,774.0,580.5,657.9,670.8,670.8
9758.0,RALLADO PARA PIZZA 300 g,DISTRIBUIDORES,RESTO DISTRIBUIDORES,000679-SPANISH CHEESE S.L.U.,0.0,0.0,0.0,0.0,0.0,0.0,0.0,0.0,0.0,0.0,0.0,540.0,0.0,0.0,0.0,0.0,0.0,0.0,0.0,0.0,0.0,0.0,0.0,0.0,0.0,0.0,0.0,0.0,0.0,0.0,2176.2,0.0,0.0,0.0,0.0,0.0,0.0,0.0
9758.0,RALLADO PARA PIZZA 300 g,DISTRIBUIDORES,RESTO DISTRIBUIDORES,"000734-UDIAL, S.A. (BLOQ.)",0.0,6.0,3.0,9.0,0.0,0.0,0.0,0.0,0.0,0.0,0.0,0.0,0.0,0.0,0.0,0.0,0.0,0.0,0.0,0.0,29.88,14.94,44.82,0.0,0.0,0.0,0.0,0.0,0.0,0.0,0.0,0.0,0.0,0.0,0.0,0.0,0.0,0.0
9758.0,RALLADO PARA PIZZA 300 g,DISTRIBUIDORES,RESTO DISTRIBUIDORES,000816-CARLAFEX S.L.,330.0,300.0,255.0,180.0,240.0,210.0,120.0,180.0,300.0,300.0,195.0,210.0,60.0,312.0,78.0,312.0,78.0,117.0,39.0,1239.0,1170.0,994.5,702.0,936.0,819.0,468.0,702.0,1170.0,1170.0,760.5,819.0,234.0,1216.8,304.2,1216.8,304.2,456.3,152.1
9758.0,RALLADO PARA PIZZA 300 g,RETAIL,IFA,000597-AHORRAMAS S.A.,7098.0,6552.0,9828.0,7098.0,5187.0,4095.0,4095.0,7917.0,6278.1,12012.0,9282.0,4914.0,9282.0,6552.0,6552.0,5733.0,5187.0,3822.0,4914.0,28389.17,26196.98,39304.47,28386.76,21560.07,17025.77,17027.0,32915.14,26104.34,49945.89,38587.08,20427.42,38589.56,26760.33,27718.9,23824.09,21565.05,15891.87,20428.68
9758.0,RALLADO PARA PIZZA 300 g,RETAIL,IFA,000823-HIPER USERA S.L.,858.0,600.0,924.0,456.0,933.0,213.0,498.0,537.0,612.0,795.0,687.0,678.0,798.0,780.0,1092.0,546.0,819.0,819.0,1092.0,3575.04,2500.03,3850.04,1900.02,3887.52,887.5,2075.0,2237.5,2550.02,3312.53,2862.54,2825.03,3325.02,3250.03,4550.04,2275.02,3412.53,3412.53,4550.04
9758.0,RALLADO PARA PIZZA 300 g,RETAIL,OTROS RETAILERS,000824-GRUPO HERMANOS MARTÍN S.A. ( BLOQ),0.0,0.0,0.0,0.0,0.0,0.0,0.0,0.0,0.0,0.0,0.0,0.0,0.0,0.0,0.0,0.0,0.0,0.0,0.0,0.0,0.0,0.0,0.0,0.0,0.0,0.0,0.0,0.0,0.0,0.0,0.0,0.0,0.0,0.0,0.0,0.0,0.0,0.0
9761.0,LONCHAS BURGER 300 g,DISTRIBUIDORES,PROVISIONES SUROESTE,"000879-PROVISIONES SUROESTE, S.L.",566.4,873.6,249.6,249.6,576.0,249.6,249.6,799.2,823.2,0.0,288.0,530.4,249.6,528.0,511.2,249.6,249.6,523.2,499.2,2602.65,4097.17,1170.62,1195.58,2759.04,1195.58,1195.58,3828.16,3943.12,0.0,1379.52,2540.61,1195.58,2529.12,2448.65,1195.58,1195.58,2506.12,2391.16
9761.0,LONCHAS BURGER 300 g,DISTRIBUIDORES,RESTO DISTRIBUIDORES,"000643-ORTHIDAL, S.L.",0.0,974.4,400.8,1140.0,429.6,364.8,597.6,597.6,952.8,381.6,256.8,693.6,206.4,626.4,944.4,189.6,372.0,480.0,357.6,0.0,4564.31,1879.75,5311.16,2023.29,1747.85,2730.96,2689.2,4296.14,1824.98,1230.09,3156.43,955.23,2937.18,4299.22,891.12,1748.4,2251.69,1632.84
9761.0,LONCHAS BURGER 300 g,DISTRIBUIDORES,RESTO DISTRIBUIDORES,000816-CARLAFEX S.L.,48.0,24.0,120.0,0.0,0.0,0.0,0.0,0.0,0.0,0.0,0.0,0.0,0.0,0.0,0.0,0.0,0.0,0.0,0.0,215.52,112.56,562.8,0.0,0.0,0.0,0.0,0.0,0.0,0.0,0.0,0.0,0.0,0.0,0.0,0.0,0.0,0.0,0.0
9761.0,LONCHAS BURGER 300 g,EXPORT,DISTRIBUIDORES EXPORT,000982-DISTRIM MAURITANIENNE DE DISTRIBUTION,0.0,0.0,0.0,0.0,0.0,0.0,0.0,0.0,0.0,0.0,0.0,0.0,0.0,0.0,0.0,0.0,0.0,0.0,249.6,0.0,0.0,0.0,0.0,0.0,0.0,0.0,0.0,0.0,0.0,0.0,0.0,0.0,0.0,0.0,0.0,0.0,0.0,1272.96
9761.0,LONCHAS BURGER 300 g,RETAIL,IFA,000597-AHORRAMAS S.A.,0.0,0.0,0.0,0.0,0.0,0.0,0.0,0.0,0.0,0.0,0.0,0.0,0.0,0.0,0.0,0.0,0.0,0.0,0.0,0.0,0.0,0.0,0.0,0.0,0.0,0.0,0.0,0.0,0.0,0.0,0.0,0.0,0.0,0.0,0.0,0.0,0.0,0.0
9761.0,LONCHAS BURGER 300 g,RETAIL,IFA,000823-HIPER USERA S.L.,266.4,180.0,285.6,160.8,468.0,76.8,216.0,247.2,213.6,268.8,232.8,120.0,146.4,180.0,249.6,249.6,249.6,249.6,249.6,966.37,906.0,1437.52,809.35,2355.59,386.56,1087.2,1244.24,1075.12,1352.96,1171.76,604.0,736.88,906.0,1171.75,1256.31,1256.31,1256.31,1256.31
9761.0,LONCHAS BURGER 300 g,RETAIL,OTROS RETAILERS,000824-GRUPO HERMANOS MARTÍN S.A. ( BLOQ),0.0,0.0,0.0,0.0,0.0,0.0,0.0,0.0,0.0,0.0,0.0,0.0,0.0,0.0,0.0,0.0,0.0,0.0,0.0,0.0,0.0,0.0,0.0,0.0,0.0,0.0,0.0,0.0,0.0,0.0,0.0,0.0,0.0,0.0,0.0,0.0,0.0,0.0
9780.0,CREMA DE QUESO BRIE TRUFA 150 G. HACENDADO,MERCADONA,MERCADONA,"000128-MERCADONA, S.A.",0.0,0.0,0.0,0.0,0.0,0.0,0.0,0.0,0.0,0.0,0.0,0.0,0.0,0.0,0.0,0.0,0.0,0.0,0.0,0.0,0.0,0.0,0.0,0.0,0.0,0.0,0.0,0.0,0.0,0.0,0.0,0.0,0.0,0.0,0.0,0.0,0.0,0.0
9781.0,MEZCLA 4 QUESOS RALLADOS 180 G,DISTRIBUIDORES,PROVISIONES SUROESTE,"000879-PROVISIONES SUROESTE, S.L.",0.0,0.0,0.0,0.0,0.0,0.0,0.0,0.0,0.0,0.0,0.0,0.0,0.0,0.0,0.0,0.0,0.0,0.0,0.0,0.0,0.0,0.0,0.0,0.0,0.0,0.0,0.0,0.0,0.0,0.0,0.0,0.0,0.0,0.0,0.0,0.0,0.0,0.0
9781.0,MEZCLA 4 QUESOS RALLADOS 180 G,DISTRIBUIDORES,RESTO DISTRIBUIDORES,000651-COMERGRAN S.L.,0.0,0.0,0.0,0.0,0.0,0.0,0.0,0.0,0.0,0.0,0.0,0.0,0.0,0.0,0.0,0.0,0.0,0.0,0.0,0.0,0.0,0.0,0.0,0.0,0.0,0.0,0.0,0.0,0.0,0.0,0.0,0.0,0.0,0.0,0.0,0.0,0.0,0.0
9781.0,MEZCLA 4 QUESOS RALLADOS 180 G,DISTRIBUIDORES,RESTO DISTRIBUIDORES,"000734-UDIAL, S.A. (BLOQ.)",0.0,0.0,0.0,0.0,0.0,0.0,0.0,0.0,0.0,0.0,0.0,0.0,0.0,0.0,0.0,0.0,0.0,0.0,0.0,0.0,0.0,0.0,0.0,0.0,0.0,0.0,0.0,0.0,0.0,0.0,0.0,0.0,0.0,0.0,0.0,0.0,0.0,0.0
9781.0,MEZCLA 4 QUESOS RALLADOS 180 G,DISTRIBUIDORES,RESTO DISTRIBUIDORES,000816-CARLAFEX S.L.,0.0,0.0,0.0,0.0,0.0,0.0,0.0,0.0,0.0,0.0,0.0,0.0,0.0,0.0,0.0,0.0,0.0,0.0,0.0,0.0,0.0,0.0,0.0,0.0,0.0,0.0,0.0,0.0,0.0,0.0,0.0,0.0,0.0,0.0,0.0,0.0,0.0,0.0
9781.0,MEZCLA 4 QUESOS RALLADOS 180 G,DISTRIBUIDORES,RESTO DISTRIBUIDORES,"000836-DISTRIBUCIONES SERVERA, S.A.",0.0,0.0,0.0,0.0,0.0,0.0,0.0,0.0,0.0,0.0,0.0,0.0,0.0,0.0,0.0,0.0,0.0,0.0,0.0,0.0,0.0,0.0,0.0,0.0,0.0,0.0,0.0,0.0,0.0,0.0,0.0,0.0,0.0,0.0,0.0,0.0,0.0,0.0
9781.0,MEZCLA 4 QUESOS RALLADOS 180 G,RETAIL,IFA,000597-AHORRAMAS S.A.,0.0,0.0,0.0,0.0,0.0,0.0,0.0,0.0,0.0,0.0,0.0,0.0,0.0,0.0,0.0,0.0,0.0,0.0,0.0,0.0,0.0,0.0,0.0,0.0,0.0,0.0,0.0,0.0,0.0,0.0,0.0,0.0,0.0,0.0,0.0,0.0,0.0,0.0
9801.0,MOZZARELLA RALLADA TACOS LPC 500 G.,MERCADONA,IRMADONA,"000525-IRMÃDONA SUPERMERCADOS, UNIPESSOAL, LDA",3536.0,3744.0,3744.0,3328.0,3740.0,4576.0,4160.0,4264.0,4468.0,4992.0,2496.0,104.0,0.0,0.0,0.0,0.0,0.0,0.0,0.0,20133.95,21318.3,21318.32,19522.07,21938.85,26842.83,24402.57,25012.64,26209.31,30111.72,15055.86,627.33,0.0,0.0,0.0,0.0,0.0,0.0,0.0
9801.0,MOZZARELLA RALLADA TACOS LPC 500 G.,MERCADONA,MERCADONA,"000128-MERCADONA, S.A.",9464.0,7332.0,4420.0,52.0,0.0,0.0,0.0,0.0,0.0,0.0,0.0,0.0,0.0,0.0,0.0,0.0,0.0,0.0,0.0,53887.95,41748.39,25167.5,305.03,0.0,0.0,0.0,0.0,0.0,0.0,0.0,0.0,0.0,0.0,0.0,0.0,0.0,0.0,0.0
9821.0,QUESO RALLADO EMMENTAL 200 G. AUCHAN,RETAIL,EUROMADI,000666-ALCAMPO S.A.,7116.0,5148.0,5527.2,6048.0,5409.6,4320.0,4874.4,4934.4,5191.2,5707.2,5548.8,6643.2,6124.8,5383.2,5601.6,5028.0,4406.4,4132.8,4128.0,56177.76,40756.29,43720.2,47839.71,40542.5,32047.72,36558.0,37008.0,38934.0,42804.0,40626.0,49824.0,45936.0,40374.0,42012.0,37710.0,32880.18,30562.09,30526.57
9826.0,"RALLADO EMMENTAL 1,5 KG-NEW CHEF",INDUSTRIALES & FOOD SERVICE,RESTO INDUSTRIALES & FOODSERVICE,"000612-BIDFOOD SPAIN, S.L.U.",252.0,252.0,252.0,252.0,252.0,252.0,0.0,252.0,252.0,252.0,504.0,252.0,504.0,252.0,504.0,252.0,504.0,252.0,576.0,1814.4,1890.0,1890.0,1990.8,1990.8,1990.8,0.0,1990.8,1990.8,1990.8,3981.6,1990.8,3855.6,1864.8,3729.6,1864.8,3729.6,1864.8,4262.4
9829.0,MOZZARELLA FRESCA PERLAS CUBO 1 KG - NEW CHEF,INDUSTRIALES & FOOD SERVICE,RESTO INDUSTRIALES & FOODSERVICE,"000612-BIDFOOD SPAIN, S.L.U.",228.0,342.0,228.0,456.0,456.0,228.0,456.0,456.0,456.0,456.0,480.0,716.0,236.0,228.0,456.0,228.0,456.0,456.0,456.0,1516.2,2274.3,1516.2,3032.4,3032.4,1516.2,3032.4,3146.4,3146.4,3146.4,3312.0,4940.4,1687.4,1630.2,3260.4,1630.2,3260.4,3260.4,3260.4
9845.0,"QUESO RALLADO POLVO 1,5 KG-NEW CHEF",INDUSTRIALES & FOOD SERVICE,RESTO INDUSTRIALES & FOODSERVICE,"000612-BIDFOOD SPAIN, S.L.U.",252.0,252.0,0.0,504.0,0.0,252.0,252.0,252.0,252.0,252.0,0.0,504.0,0.0,252.0,504.0,252.0,252.0,252.0,576.0,1486.8,1537.2,0.0,3074.4,0.0,1537.2,1537.2,1537.2,1537.2,1537.2,0.0,3074.4,0.0,1537.2,3074.4,1537.2,1537.2,1537.2,3513.6
9847.0,MEZCLA 3 QUESOS MOZZ-CHEDDAR ROJO-EMMENTAL TIRAS 3 KG (AU),INDUSTRIALES & FOOD SERVICE,INTERPROVEEDORES,000152-AUDENS FOOD S.A.,14508.0,12789.0,10584.0,10584.0,13230.0,7938.0,14994.0,3969.0,11466.0,18081.0,16758.0,12348.0,22050.0,14112.0,5733.0,7938.0,3969.0,6615.0,6174.0,81588.6,74176.2,61387.2,61387.2,76734.0,46040.4,86965.2,23020.2,66502.8,91309.05,82400.85,62357.4,111352.5,71265.6,28951.65,40086.9,19448.1,32413.5,30252.6
9848.0,"MOZZARELLA RALLADA 1,5 KG - NEW CHEF",INDUSTRIALES & FOOD SERVICE,RESTO INDUSTRIALES & FOODSERVICE,"000612-BIDFOOD SPAIN, S.L.U.",252.0,252.0,504.0,252.0,504.0,252.0,504.0,252.0,504.0,252.0,252.0,504.0,252.0,504.0,504.0,504.0,504.0,288.0,576.0,1449.0,1449.0,2898.0,1449.0,2898.0,1449.0,2898.0,1449.0,2898.0,1449.0,1449.0,2898.0,1449.0,2898.0,2898.0,2898.0,2898.0,1656.0,3312.0
9851.0,QUESO FUNDIDO RALLADO HILO 1KG METRO CHEF,CASH & CARRY,MAKRO,000615-MAKRO DISTRIBUCIÓN MAYORISTA SA (BLOQ.),1470.0,0.0,0.0,0.0,0.0,0.0,0.0,0.0,0.0,0.0,0.0,0.0,0.0,0.0,0.0,0.0,0.0,0.0,0.0,7383.81,0.0,0.0,0.0,0.0,0.0,0.0,0.0,0.0,0.0,0.0,0.0,0.0,0.0,0.0,0.0,0.0,0.0,0.0
9851.0,QUESO FUNDIDO RALLADO HILO 1KG METRO CHEF,CASH & CARRY,MAKRO,000721-MAKRO CASH & CARRY PORTUGAL S.A.,0.0,0.0,0.0,0.0,0.0,0.0,0.0,0.0,250.0,100.0,195.0,230.0,195.0,105.0,180.0,105.0,180.0,130.0,200.0,0.0,0.0,0.0,0.0,0.0,0.0,0.0,0.0,1122.5,449.0,875.55,1032.7,860.96,471.45,808.2,471.45,781.26,583.7,898.0
9851.0,QUESO FUNDIDO RALLADO HILO 1KG METRO CHEF,CASH & CARRY,MAKRO,000912-MAKRO DISTRIBUCIÓN MAYORISTA SA,170.0,1480.0,1780.0,2525.0,2025.0,1770.0,2805.0,1889.0,1950.0,1700.0,1455.0,2385.0,1615.0,2050.0,2310.0,2400.0,1970.0,2365.0,2135.0,742.89,6467.45,7778.43,11034.01,8849.06,7734.74,12257.58,8254.74,8521.32,7428.85,6358.22,10422.24,7057.41,8958.31,10094.5,10487.78,8608.72,10334.82,9329.72
9853.0,QUEFOS 88,INTERNO,INTERNO,"000086-CENTRAL QUESERA MONTESINOS, S.L.U.",0.0,0.0,0.0,0.0,0.0,0.0,0.0,0.0,0.0,0.0,0.0,0.0,0.0,0.0,0.0,0.0,150.0,0.0,0.0,0.0,0.0,0.0,0.0,0.0,0.0,0.0,0.0,0.0,0.0,0.0,0.0,0.0,0.0,0.0,0.0,420.0,0.0,0.0
9867.0,SALSA CHEDDAR FP 2 KG,DISTRIBUIDORES,TGT,000580-LOGÍSTICA Y TRANSFORMACIÓN LÁCTEA S.L. ( bloq),540.0,0.0,1092.0,1632.0,1092.0,0.0,546.0,0.0,1092.0,0.0,0.0,0.0,0.0,0.0,0.0,0.0,0.0,0.0,0.0,2262.6,0.0,4575.48,6838.08,4575.48,0.0,2506.14,0.0,5012.28,0.0,0.0,0.0,0.0,0.0,0.0,0.0,0.0,0.0,0.0
9873.0,MARGARINA SUNORO,INTERNO,INTERNO,"000086-CENTRAL QUESERA MONTESINOS, S.L.U.",0.0,0.0,0.0,0.0,0.0,600.0,0.0,0.0,0.0,0.0,200.0,0.0,0.0,0.0,0.0,0.0,0.0,0.0,0.0,0.0,0.0,0.0,0.0,0.0,1782.0,0.0,0.0,0.0,0.0,554.0,0.0,0.0,0.0,0.0,0.0,0.0,0.0,0.0
9875.0,TACO EMMENTAL 300 G. IFA ELIGES,RETAIL,IFA,000657-SCABER Scai,0.0,72.0,0.0,84.0,72.0,0.0,72.0,72.0,0.0,0.0,216.0,0.0,0.0,72.0,72.0,0.0,144.0,0.0,0.0,0.0,549.6,0.0,659.2,549.6,0.0,540.0,540.0,0.0,0.0,1620.0,0.0,0.0,540.0,540.0,0.0,1030.08,0.0,0.0
9875.0,TACO EMMENTAL 300 G. IFA ELIGES,RETAIL,IFA,000662-ALIMENTACION PENINSULAR S.A.,0.0,0.0,0.0,216.0,0.0,72.0,72.0,0.0,72.0,144.0,114.0,72.0,72.0,72.0,72.0,72.0,0.0,0.0,0.0,0.0,0.0,0.0,1648.8,0.0,540.0,540.0,0.0,540.0,1101.6,-225.0,540.0,540.0,0.0,540.0,0.01,0.0,0.0,0.0
9875.0,TACO EMMENTAL 300 G. IFA ELIGES,RETAIL,IFA,"000663-GADISA RETAIL, S.L.U.",504.0,504.0,504.0,504.0,1008.0,0.0,612.0,732.0,336.0,504.0,504.0,504.0,504.0,504.0,1008.0,222.0,504.0,906.0,504.0,3811.9,3811.9,3811.9,3811.9,7358.4,0.0,4467.6,5343.6,2452.8,3679.2,3679.2,3679.2,3679.2,3679.2,7358.4,1545.86,3509.52,6549.04,3269.27
9875.0,TACO EMMENTAL 300 G. IFA ELIGES,RETAIL,IFA,000668-HIPER USERA S.L.,72.0,72.0,72.0,0.0,288.0,72.0,0.0,144.0,72.0,0.0,72.0,72.0,72.0,72.0,72.0,0.0,72.0,0.0,216.0,549.6,549.6,549.6,0.0,2169.6,540.0,0.0,1080.0,540.0,0.0,540.0,540.0,561.6,540.0,540.0,0.0,515.04,0.0,1545.12
9875.0,TACO EMMENTAL 300 G. IFA ELIGES,RETAIL,IFA,000674-GRUPO HERMANOS MARTÍN S.A.,288.0,432.0,288.0,432.0,432.0,360.0,432.0,432.0,288.0,576.0,432.0,432.0,360.0,432.0,504.0,288.0,576.0,432.0,432.0,2195.52,3288.96,2192.64,3288.96,3175.2,2646.0,3175.2,3175.2,2116.8,4233.6,3175.2,3174.2,2646.0,3175.2,3704.4,2018.88,4037.78,3028.32,3028.32
9875.0,TACO EMMENTAL 300 G. IFA ELIGES,RETAIL,IFA,000678-CORBALÁN MATALLANA S.L.,0.0,0.0,0.0,0.0,0.0,0.0,0.0,0.0,0.0,0.0,0.0,0.0,0.0,0.0,0.0,0.0,0.0,0.0,0.0,0.0,0.0,0.0,0.0,0.0,0.0,0.0,0.0,0.0,0.0,0.0,0.0,0.0,0.0,0.0,0.0,0.0,0.0,0.0
9875.0,TACO EMMENTAL 300 G. IFA ELIGES,RETAIL,IFA,000680-COMPAÑIA NACIONAL DE COMERCIO S.A.,0.0,0.0,0.0,0.0,0.0,0.0,0.0,0.0,0.0,0.0,0.0,0.0,0.0,0.0,0.0,0.0,0.0,0.0,0.0,0.0,0.0,0.0,0.0,0.0,0.0,0.0,0.0,0.0,0.0,0.0,0.0,0.0,0.0,0.0,0.0,0.0,0.0,0.0
9875.0,TACO EMMENTAL 300 G. IFA ELIGES,RETAIL,IFA,"000871-SUPERMERCADOS BOLAÑOS, S.L.",0.0,0.0,0.0,0.0,0.0,0.0,0.0,0.0,0.0,0.0,0.0,0.0,0.0,0.0,0.0,0.0,0.0,0.0,0.0,0.0,0.0,0.0,0.0,0.0,0.0,0.0,0.0,0.0,0.0,0.0,0.0,0.0,0.0,0.0,0.0,0.0,0.0,0.0
9875.0,TACO EMMENTAL 300 G. IFA ELIGES,RETAIL,IFA,000876-ARTESANOS VIRGEN DE EXTREMADURA S.L. (BLOQ.),0.0,72.0,0.0,0.0,0.0,0.0,0.0,0.0,0.0,0.0,0.0,0.0,0.0,0.0,0.0,0.0,0.0,0.0,0.0,0.0,549.6,0.0,0.0,0.0,0.0,0.0,0.0,0.0,0.0,0.0,0.0,0.0,0.0,0.0,0.0,0.0,0.0,0.0
9876.0,CREMA DE QUESO AZUL 500 G - PROFESSIONAL LINE,CASH & CARRY,MAKRO,000621-MAKRO DISTRIBUCIÓN MAYORISTA SA,332.0,224.0,380.0,464.0,376.0,372.0,440.0,328.0,432.0,312.0,368.0,468.0,360.0,268.0,412.0,424.0,356.0,372.0,372.0,2823.99,1905.34,3232.28,3946.78,3198.26,3164.22,3742.64,2789.97,3640.58,2653.88,3130.2,3980.81,3062.15,2279.6,3504.49,3606.53,3028.14,3164.23,3164.25
9876.0,CREMA DE QUESO AZUL 500 G - PROFESSIONAL LINE,CASH & CARRY,MAKRO,000645-MAKRO CASH & CARRY PORTUGAL S.A.,0.0,0.0,0.0,0.0,0.0,0.0,0.0,0.0,0.0,0.0,0.0,0.0,0.0,0.0,0.0,0.0,0.0,0.0,80.0,0.0,0.0,0.0,0.0,0.0,0.0,0.0,0.0,0.0,0.0,0.0,0.0,0.0,0.0,0.0,0.0,0.0,0.0,699.2
9876.0,CREMA DE QUESO AZUL 500 G - PROFESSIONAL LINE,DISTRIBUIDORES,PROVISIONES SUROESTE,"000879-PROVISIONES SUROESTE, S.L.",16.0,16.0,36.0,28.0,28.0,0.0,0.0,0.0,20.0,0.0,4.0,8.0,8.0,20.0,56.0,12.0,20.0,32.0,20.0,120.8,124.0,279.0,225.4,225.4,0.0,0.0,0.0,161.0,0.0,32.2,64.4,64.4,161.0,450.8,96.6,161.0,257.6,161.0
9876.0,CREMA DE QUESO AZUL 500 G - PROFESSIONAL LINE,DISTRIBUIDORES,RESTO DISTRIBUIDORES,"000038-LÁCTEOS MENDI, S.L.",8.0,8.0,16.0,8.0,16.0,20.0,0.0,0.0,8.0,8.0,12.0,4.0,8.0,12.0,12.0,8.0,4.0,64.0,0.0,63.52,64.32,128.64,68.32,134.32,165.0,0.0,0.0,66.0,66.0,99.0,33.0,66.0,99.0,99.0,66.0,33.0,528.0,0.0
9876.0,CREMA DE QUESO AZUL 500 G - PROFESSIONAL LINE,DISTRIBUIDORES,RESTO DISTRIBUIDORES,000589-CONVENIENCE FOOD S.L.U.,0.0,0.0,0.0,0.0,24.0,24.0,20.0,20.0,0.0,0.0,0.0,0.0,0.0,0.0,0.0,0.0,0.0,0.0,0.0,0.0,0.0,0.0,0.0,181.2,181.2,151.0,151.0,0.0,0.0,0.0,0.0,0.0,0.0,0.0,0.0,0.0,0.0,0.0
9876.0,CREMA DE QUESO AZUL 500 G - PROFESSIONAL LINE,DISTRIBUIDORES,RESTO DISTRIBUIDORES,"000643-ORTHIDAL, S.L.",32.0,24.0,8.0,8.0,0.0,0.0,4.0,0.0,0.0,0.0,0.0,0.0,0.0,0.0,0.0,0.0,0.0,0.0,0.0,241.6,186.0,62.0,66.0,0.0,0.0,33.0,0.0,0.0,0.0,0.0,0.0,0.0,0.0,0.0,0.0,0.0,0.0,0.0
9876.0,CREMA DE QUESO AZUL 500 G - PROFESSIONAL LINE,DISTRIBUIDORES,RESTO DISTRIBUIDORES,000651-COMERGRAN S.L.,8.0,60.0,20.0,20.0,40.0,0.0,20.0,40.0,20.0,40.0,40.0,40.0,0.0,40.0,40.0,40.0,48.0,0.0,0.0,62.72,465.0,155.0,161.0,322.0,0.0,161.0,322.0,161.0,322.0,322.0,322.0,0.0,322.0,322.0,322.0,386.4,0.0,0.0
9876.0,CREMA DE QUESO AZUL 500 G - PROFESSIONAL LINE,EXPORT,RESTO EXPORT,000896-ALBION FINE FOODS,0.0,0.0,0.0,0.0,0.0,0.0,0.0,0.0,0.0,0.0,0.0,0.0,0.0,0.0,0.0,20.0,0.0,0.0,0.0,0.0,0.0,0.0,0.0,0.0,0.0,0.0,0.0,0.0,0.0,0.0,0.0,0.0,0.0,0.0,161.2,0.0,0.0,0.0
9876.0,CREMA DE QUESO AZUL 500 G - PROFESSIONAL LINE,INDUSTRIALES & FOOD SERVICE,RESTO INDUSTRIALES & FOODSERVICE,"000828-QUE S LIDER, S.L.",64.0,8.0,24.0,0.0,8.0,20.0,12.0,0.0,8.0,48.0,0.0,0.0,0.0,0.0,0.0,0.0,0.0,0.0,0.0,484.8,62.0,186.0,0.0,66.0,165.0,99.0,0.0,66.0,396.0,0.0,0.0,0.0,0.0,0.0,0.0,0.0,0.0,0.0
9877.0,CREMA DE QUESO CAMEMBERT 500 G - PROFESSIONAL LINE,CASH & CARRY,MAKRO,000621-MAKRO DISTRIBUCIÓN MAYORISTA SA,736.0,532.0,664.0,944.0,696.0,564.0,632.0,676.0,688.0,760.0,860.0,740.0,824.0,672.0,1176.0,928.0,852.0,964.0,892.0,5492.05,3969.78,4954.77,7044.12,5193.56,4208.57,4715.98,5044.3,5133.84,5671.11,6417.31,5521.88,6148.7,5014.46,8775.31,6924.73,6357.63,7193.37,6656.11
9877.0,CREMA DE QUESO CAMEMBERT 500 G - PROFESSIONAL LINE,DISTRIBUIDORES,PROVISIONES SUROESTE,"000879-PROVISIONES SUROESTE, S.L.",0.0,0.0,4.0,36.0,32.0,48.0,0.0,72.0,36.0,0.0,16.0,8.0,24.0,32.0,44.0,16.0,36.0,60.0,24.0,0.0,0.0,27.8,268.2,238.4,357.6,0.0,536.4,268.2,0.0,119.2,59.6,178.8,238.4,327.8,119.2,268.2,447.0,178.8
9877.0,CREMA DE QUESO CAMEMBERT 500 G - PROFESSIONAL LINE,DISTRIBUIDORES,RESTO DISTRIBUIDORES,"000038-LÁCTEOS MENDI, S.L.",48.0,120.0,104.0,88.0,112.0,160.0,72.0,136.0,168.0,120.0,120.0,72.0,72.0,48.0,120.0,120.0,168.0,288.0,48.0,337.12,850.8,737.36,685.52,858.56,1200.0,540.0,1020.0,1260.0,900.0,900.0,540.0,540.0,360.0,900.0,900.0,1260.0,2160.0,360.0
9877.0,CREMA DE QUESO CAMEMBERT 500 G - PROFESSIONAL LINE,DISTRIBUIDORES,RESTO DISTRIBUIDORES,"000643-ORTHIDAL, S.L.",28.0,20.0,0.0,4.0,0.0,0.0,0.0,0.0,0.0,0.0,0.0,0.0,0.0,0.0,0.0,0.0,0.0,0.0,0.0,184.63,136.0,0.0,30.0,0.0,0.0,0.0,0.0,0.0,0.0,0.0,0.0,0.0,0.0,0.0,0.0,0.0,0.0,0.0
9877.0,CREMA DE QUESO CAMEMBERT 500 G - PROFESSIONAL LINE,DISTRIBUIDORES,RESTO DISTRIBUIDORES,"000675-CORPORACIÓN LÁCTEA DEL NORTE, S.L.",0.0,0.0,0.0,0.0,0.0,0.0,0.0,0.0,0.0,0.0,4.0,0.0,0.0,0.0,0.0,0.0,0.0,0.0,0.0,0.0,0.0,0.0,0.0,0.0,0.0,0.0,0.0,0.0,0.0,30.0,0.0,0.0,0.0,0.0,0.0,0.0,0.0,0.0
9877.0,CREMA DE QUESO CAMEMBERT 500 G - PROFESSIONAL LINE,DISTRIBUIDORES,RESTO DISTRIBUIDORES,"000710-SELECCIO REGISA, S.L.",40.0,24.0,48.0,80.0,16.0,64.0,104.0,84.0,40.0,0.0,0.0,56.0,40.0,0.0,48.0,48.0,0.0,0.0,96.0,310.4,188.64,377.28,684.8,136.96,547.84,890.24,719.04,342.4,0.0,0.0,420.0,300.0,0.0,360.0,360.0,0.0,0.0,720.0
9877.0,CREMA DE QUESO CAMEMBERT 500 G - PROFESSIONAL LINE,DISTRIBUIDORES,RESTO DISTRIBUIDORES,000711-DISTRIBUCIONES J.M. S.A.,4.0,8.0,0.0,16.0,0.0,8.0,0.0,12.0,16.0,4.0,0.0,8.0,8.0,16.0,16.0,12.0,8.0,48.0,48.0,27.2,54.4,0.0,120.0,0.0,60.0,0.0,90.0,120.0,30.0,0.0,60.0,60.0,120.0,120.0,90.0,60.0,360.0,360.0
9877.0,CREMA DE QUESO CAMEMBERT 500 G - PROFESSIONAL LINE,DISTRIBUIDORES,RESTO DISTRIBUIDORES,"000763-BENIBALDO, S.A.U. (BLOQ.)",0.0,0.0,0.0,4.0,24.0,8.0,0.0,0.0,0.0,0.0,0.0,0.0,0.0,0.0,0.0,0.0,0.0,0.0,0.0,0.0,0.0,0.0,31.16,186.96,62.32,0.0,0.0,0.0,0.0,0.0,0.0,0.0,0.0,0.0,0.0,0.0,0.0,0.0
9877.0,CREMA DE QUESO CAMEMBERT 500 G - PROFESSIONAL LINE,DISTRIBUIDORES,RESTO DISTRIBUIDORES,000776-COMERCIAL DIALVA S.A.,0.0,12.0,0.0,4.0,0.0,0.0,0.0,0.0,0.0,0.0,0.0,0.0,0.0,0.0,0.0,0.0,0.0,0.0,0.0,0.0,81.6,0.0,30.0,0.0,0.0,0.0,0.0,0.0,0.0,0.0,0.0,0.0,0.0,0.0,0.0,0.0,0.0,0.0
9877.0,CREMA DE QUESO CAMEMBERT 500 G - PROFESSIONAL LINE,DISTRIBUIDORES,RESTO DISTRIBUIDORES,000821-A.BASARRATE S.A.,16.0,16.0,8.0,8.0,0.0,0.0,0.0,0.0,0.0,0.0,0.0,0.0,0.0,0.0,0.0,0.0,0.0,0.0,0.0,112.8,114.4,57.2,62.8,0.0,0.0,0.0,0.0,0.0,0.0,0.0,0.0,0.0,0.0,0.0,0.0,0.0,0.0,0.0
9877.0,CREMA DE QUESO CAMEMBERT 500 G - PROFESSIONAL LINE,DISTRIBUIDORES,RESTO DISTRIBUIDORES,"000854-EL CONCHEL D´GUSTO, S.L.U. (BLOQ.)",0.0,0.0,8.0,0.0,0.0,0.0,0.0,0.0,0.0,0.0,0.0,0.0,0.0,0.0,0.0,0.0,0.0,0.0,0.0,0.0,0.0,56.72,0.0,0.0,0.0,0.0,0.0,0.0,0.0,0.0,0.0,0.0,0.0,0.0,0.0,0.0,0.0,0.0
9877.0,CREMA DE QUESO CAMEMBERT 500 G - PROFESSIONAL LINE,EXPORT,RESTO EXPORT,000896-ALBION FINE FOODS,0.0,0.0,0.0,0.0,0.0,0.0,0.0,0.0,0.0,0.0,0.0,0.0,0.0,0.0,0.0,20.0,0.0,0.0,0.0,0.0,0.0,0.0,0.0,0.0,0.0,0.0,0.0,0.0,0.0,0.0,0.0,0.0,0.0,0.0,145.8,0.0,0.0,0.0
9877.0,CREMA DE QUESO CAMEMBERT 500 G - PROFESSIONAL LINE,INDUSTRIALES & FOOD SERVICE,RESTO INDUSTRIALES & FOODSERVICE,"000828-QUE S LIDER, S.L.",72.0,0.0,20.0,32.0,40.0,44.0,128.0,0.0,24.0,24.0,0.0,40.0,16.0,16.0,47.0,40.0,0.0,48.0,0.0,480.0,0.0,136.0,240.0,300.0,330.0,960.0,0.0,180.0,180.0,0.0,300.0,120.0,120.0,352.5,300.0,0.0,360.0,0.0
9877.0,CREMA DE QUESO CAMEMBERT 500 G - PROFESSIONAL LINE,RETAIL,EUROMADI,"000931-TRANSGOURMET IBÉRICA, SAU",0.0,0.0,0.0,0.0,0.0,0.0,0.0,0.0,0.0,0.0,72.0,648.0,48.0,0.0,288.0,272.0,124.0,64.0,304.0,0.0,0.0,0.0,0.0,0.0,0.0,0.0,0.0,0.0,0.0,589.68,5307.12,393.12,0.0,2358.72,2227.68,917.28,524.16,2489.76
9887.0,EDAM 40% RUEDAS FUNDIR (GERIS),INTERNO,INTERNO,"000086-CENTRAL QUESERA MONTESINOS, S.L.U.",0.0,0.0,20515.0,16549.87,-4910.0,-2518.06,0.0,0.0,0.0,15915.5,0.0,0.0,0.0,0.0,0.0,0.0,0.0,0.0,0.0,0.0,0.0,71187.05,57428.05,-17037.7,-8737.67,0.0,0.0,0.0,60876.79,0.0,0.0,0.0,0.0,0.0,0.0,0.0,0.0,0.0
9891.0,QUESO FUNDIDO LONCHAS CONVENIENCE 22G,DISTRIBUIDORES,RESTO DISTRIBUIDORES,000589-CONVENIENCE FOOD S.L.U.,1848.0,1264.0,1824.0,2192.0,1440.0,1200.0,1728.0,1224.0,1840.0,2064.0,1872.0,2624.0,1608.0,1688.0,1696.0,2296.0,1752.0,1880.0,1768.0,8094.24,5536.32,7989.12,9600.96,6307.2,5256.0,7568.64,5361.12,8059.2,9040.32,6902.88,11493.12,7043.04,7393.44,7428.48,10056.48,7673.76,8234.4,7743.84
9897.0,QUESO EDAM BARRA QUESLAND,CASH & CARRY,MAKRO,000621-MAKRO DISTRIBUCIÓN MAYORISTA SA,4829.42,5268.77,5705.62,7305.44,6250.4,6394.24,6497.892,6062.83,6358.23,4450.795,4883.986,3168.76,3893.11,4795.12,5246.35,4763.49,4348.87,5262.87,7552.79,27138.02,29578.88,32031.36,41012.74,35089.7,35897.26,36479.19,34036.72,35695.08,24986.77,27418.7,17789.44,20811.38,20912.56,22781.89,19856.29,18734.38,22967.18,32960.39
9897.0,QUESO EDAM BARRA QUESLAND,DISTRIBUIDORES,PROVISIONES SUROESTE,"000879-PROVISIONES SUROESTE, S.L.",10042.27,0.0,0.0,876.43,1453.31,2344.41,0.0,4526.57,0.0,1345.16,3707.06,960.67,0.0,6070.1,1869.95,1884.86,3745.26,0.0,4366.82,51828.55,0.0,0.0,4776.54,7920.54,12777.03,0.0,24669.81,-3281.77,5918.71,15239.73,3708.19,0.0,22095.17,6657.02,6879.74,13674.64,0.0,15065.52
9897.0,QUESO EDAM BARRA QUESLAND,DISTRIBUIDORES,RESTO DISTRIBUIDORES,"000247-FADIS ALIMENTACION, S.L.",0.0,0.0,0.0,0.0,0.0,0.0,0.0,0.0,0.0,0.0,0.0,0.0,0.0,0.0,0.0,0.0,626.76,619.65,1258.38,0.0,0.0,0.0,0.0,0.0,0.0,0.0,0.0,0.0,0.0,0.0,0.0,0.0,0.0,0.0,0.0,2180.5,2155.76,4377.91
9897.0,QUESO EDAM BARRA QUESLAND,DISTRIBUIDORES,RESTO DISTRIBUIDORES,000636-DISTRILOR S.C.L. (BLOQ),57.34,0.0,37.2,24.37,0.0,0.0,0.0,0.0,0.0,0.0,0.0,0.0,0.0,0.0,0.0,0.0,0.0,0.0,0.0,303.9,0.0,204.6,137.69,0.0,0.0,0.0,0.0,0.0,0.0,0.0,0.0,0.0,0.0,0.0,0.0,0.0,0.0,0.0
9897.0,QUESO EDAM BARRA QUESLAND,DISTRIBUIDORES,RESTO DISTRIBUIDORES,000639-LA AJOFRINERA GUERRERO S.L.,884.06,0.0,0.0,0.0,0.0,0.0,0.0,0.0,0.0,0.0,0.0,0.0,0.0,0.0,0.0,0.0,0.0,0.0,0.0,4862.33,0.0,0.0,0.0,0.0,0.0,0.0,0.0,0.0,0.0,0.0,0.0,0.0,0.0,0.0,0.0,0.0,0.0,0.0
9897.0,QUESO EDAM BARRA QUESLAND,DISTRIBUIDORES,RESTO DISTRIBUIDORES,"000643-ORTHIDAL, S.L.",0.0,0.0,0.0,0.0,0.0,0.0,0.0,0.0,0.0,0.0,0.0,0.0,0.0,0.0,0.0,0.0,0.0,0.0,13.18,0.0,0.0,0.0,0.0,0.0,0.0,0.0,0.0,0.0,0.0,0.0,0.0,0.0,0.0,0.0,0.0,0.0,0.0,45.42
9897.0,QUESO EDAM BARRA QUESLAND,DISTRIBUIDORES,RESTO DISTRIBUIDORES,000651-COMERGRAN S.L.,0.0,0.0,0.0,0.0,0.0,0.0,0.0,1073.142,1.0,0.0,780.0,324.68,614.4,636.78,1563.03,379.2,868.03,1092.99,1164.77,0.0,0.0,0.0,0.0,0.0,0.0,0.0,5075.96,0.0,0.0,3131.28,1253.26,2264.17,2317.88,5375.18,1349.95,3064.07,3770.81,4018.46
9897.0,QUESO EDAM BARRA QUESLAND,DISTRIBUIDORES,RESTO DISTRIBUIDORES,000654-COMERCIAL PINAMAS S.L.,12.02,61.03,37.53,97.16,0.0,35.64,96.062,37.27,35.21,0.0,0.0,0.0,25.96,297.96,0.0,0.0,0.0,0.0,0.0,66.11,335.68,206.41,541.66,0.0,201.37,542.75,210.58,198.94,0.0,0.0,0.0,131.1,1132.25,0.0,0.0,0.0,0.0,0.0
9897.0,QUESO EDAM BARRA QUESLAND,DISTRIBUIDORES,RESTO DISTRIBUIDORES,000664-CARLOS ALBERTO LUIS CEJUDO,0.0,0.0,12.33,23.93,24.98,24.3,12.47,24.45,37.21,12.296,12.0,25.58,0.0,0.0,0.0,0.0,0.0,0.0,0.0,0.0,0.0,70.65,140.71,146.88,142.88,73.32,143.77,218.79,72.3,70.56,150.41,0.0,0.0,0.0,0.0,0.0,0.0,0.0
9897.0,QUESO EDAM BARRA QUESLAND,DISTRIBUIDORES,RESTO DISTRIBUIDORES,"000675-CORPORACIÓN LÁCTEA DEL NORTE, S.L.",0.0,366.18,1259.87,871.68,1095.56,876.19,1778.082,884.42,881.64,881.53,1363.69,959.59,0.0,939.81,1017.34,1085.25,627.87,1231.72,1859.1,0.0,1904.14,6551.33,4532.74,5479.37,4556.19,8715.17,4422.1,4408.2,4407.65,6545.71,4606.03,0.0,3477.3,3764.16,4015.43,2323.12,4557.37,6878.67
9897.0,QUESO EDAM BARRA QUESLAND,DISTRIBUIDORES,RESTO DISTRIBUIDORES,000679-SPANISH CHEESE S.L.U.,0.0,607.31,317.18,0.0,565.64,0.0,0.0,246.1,0.0,0.0,52.37,0.0,0.0,0.0,0.0,0.0,127.7,0.0,0.0,0.0,3275.83,1710.87,0.0,3107.63,0.0,0.0,1362.78,0.0,0.0,290.0,0.0,0.0,0.0,0.0,0.0,607.14,0.0,0.0
9897.0,QUESO EDAM BARRA QUESLAND,DISTRIBUIDORES,RESTO DISTRIBUIDORES,000681-DISTRIBUCIONES DEL VALLES S.L. (BLOQ.),45.94,48.58,37.33,50.75,0.0,61.15,0.0,0.0,0.0,0.0,0.0,0.0,0.0,0.0,0.0,0.0,0.0,0.0,0.0,243.48,267.19,205.31,286.74,0.0,345.5,0.0,0.0,0.0,0.0,0.0,0.0,0.0,0.0,0.0,0.0,0.0,0.0,0.0
9897.0,QUESO EDAM BARRA QUESLAND,DISTRIBUIDORES,RESTO DISTRIBUIDORES,"000710-SELECCIO REGISA, S.L.",0.0,0.0,0.0,0.0,0.0,0.0,0.0,0.0,0.0,0.0,0.0,0.0,0.0,155.86,0.0,0.0,0.0,69.0,0.0,0.0,0.0,0.0,0.0,0.0,0.0,0.0,0.0,0.0,0.0,0.0,0.0,0.0,615.65,0.0,0.0,0.0,272.55,0.0
9897.0,QUESO EDAM BARRA QUESLAND,DISTRIBUIDORES,RESTO DISTRIBUIDORES,000711-DISTRIBUCIONES J.M. S.A.,0.0,0.0,0.0,0.0,0.0,0.0,0.0,0.0,0.0,0.0,0.0,0.0,0.0,0.0,601.94,0.0,628.99,0.0,0.0,0.0,0.0,0.0,0.0,0.0,0.0,0.0,0.0,0.0,0.0,0.0,0.0,0.0,0.0,2287.37,0.0,2232.91,0.0,0.0
9897.0,QUESO EDAM BARRA QUESLAND,DISTRIBUIDORES,RESTO DISTRIBUIDORES,000725-DISTRIBUCIONES MORERA 2020 S.L.,0.0,0.0,0.0,0.0,0.0,97.45,0.0,0.0,0.0,0.0,0.0,0.0,0.0,0.0,0.0,0.0,0.0,0.0,0.0,0.0,0.0,0.0,0.0,0.0,550.59,0.0,0.0,0.0,0.0,0.0,0.0,0.0,0.0,0.0,0.0,0.0,0.0,0.0
9897.0,QUESO EDAM BARRA QUESLAND,DISTRIBUIDORES,RESTO DISTRIBUIDORES,000728-SAN LAMBERTO 2000 SL,0.0,0.0,0.0,0.0,0.0,0.0,0.0,0.0,0.0,0.0,0.0,0.0,0.0,0.0,0.0,0.0,0.0,929.64,718.55,0.0,0.0,0.0,0.0,0.0,0.0,0.0,0.0,0.0,0.0,0.0,0.0,0.0,0.0,0.0,0.0,0.0,3300.22,2550.85
9897.0,QUESO EDAM BARRA QUESLAND,DISTRIBUIDORES,RESTO DISTRIBUIDORES,000759-LOGI REST S.L.U.,1927.06,1753.14,3591.51,2667.74,0.0,0.0,0.0,0.0,0.0,0.0,0.0,0.0,0.0,0.0,0.0,0.0,0.0,0.0,0.0,9692.2,8853.36,17466.13,12805.15,0.0,0.0,0.0,0.0,0.0,0.0,0.0,0.0,0.0,0.0,0.0,0.0,0.0,0.0,0.0
9897.0,QUESO EDAM BARRA QUESLAND,DISTRIBUIDORES,RESTO DISTRIBUIDORES,"000773-DISTRIBUIDORA HOSTELERIA ALAN TRES, S.L. ( BLOQ)",60.6,0.0,167.33,0.0,0.0,49.54,0.0,0.0,0.0,0.0,0.0,0.0,0.0,0.0,0.0,0.0,0.0,0.0,0.0,303.0,0.0,836.65,0.0,0.0,255.13,0.0,0.0,0.0,0.0,0.0,0.0,0.0,0.0,0.0,0.0,0.0,0.0,0.0
9897.0,QUESO EDAM BARRA QUESLAND,DISTRIBUIDORES,RESTO DISTRIBUIDORES,000776-COMERCIAL DIALVA S.A.,73.12,48.87,71.63,0.0,0.0,285.51,0.0,0.0,0.0,0.0,77.03,77.58,0.0,114.46,0.0,0.0,626.63,0.0,634.64,391.19,261.45,383.22,0.0,0.0,1570.3,0.0,0.0,0.0,0.0,423.67,426.69,0.0,560.85,0.0,0.0,2224.54,0.0,2252.97
9897.0,QUESO EDAM BARRA QUESLAND,DISTRIBUIDORES,RESTO DISTRIBUIDORES,000789-PALENZUELA DISTRIBUCION 1970 S.L.,0.0,36.64,12.25,24.43,37.12,61.34,0.0,0.0,24.39,12.368,12.584,25.64,25.82,78.05,0.0,78.87,0.0,76.39,0.0,0.0,201.52,69.21,138.03,209.72,346.57,0.0,0.0,137.81,69.88,71.1,144.87,130.39,394.15,0.0,398.29,0.0,385.77,0.0
9897.0,QUESO EDAM BARRA QUESLAND,DISTRIBUIDORES,RESTO DISTRIBUIDORES,000790-PALENZUELA LOGISTICA S.L.,140.69,268.01,345.04,218.27,555.18,242.47,562.892,61.152,676.42,283.458,471.75,192.57,380.7,300.41,288.0,307.61,624.06,0.0,923.73,745.66,1474.05,1897.72,1233.22,3136.77,1369.96,3180.34,345.51,3821.77,1502.33,2500.28,1020.62,1900.21,1186.62,1137.6,1215.06,2215.41,0.0,3403.64
9897.0,QUESO EDAM BARRA QUESLAND,DISTRIBUIDORES,RESTO DISTRIBUIDORES,"000806-CUSTODIO MARTÍN LÓPEZ, S.L.",0.0,0.0,0.0,0.0,0.0,0.0,0.0,0.0,0.0,61.65,0.0,0.0,52.42,0.0,0.0,0.0,0.0,0.0,0.0,0.0,0.0,0.0,0.0,0.0,0.0,0.0,0.0,0.0,326.75,0.0,0.0,246.37,0.0,0.0,0.0,0.0,0.0,0.0
9897.0,QUESO EDAM BARRA QUESLAND,DISTRIBUIDORES,RESTO DISTRIBUIDORES,000815-GLAC S.A.,0.0,0.0,0.0,0.0,0.0,0.0,0.0,0.0,0.0,0.0,0.0,0.0,0.0,0.0,0.0,0.0,0.0,0.0,0.0,0.0,0.0,0.0,0.0,0.0,0.0,0.0,0.0,0.0,0.0,0.0,0.0,0.0,0.0,0.0,0.0,0.0,0.0,0.0
9897.0,QUESO EDAM BARRA QUESLAND,DISTRIBUIDORES,RESTO DISTRIBUIDORES,000826-IVAN DIEZ GARCIA (BLOQ.),24.57,48.4,72.65,96.15,0.0,0.0,0.0,0.0,0.0,0.0,0.0,0.0,0.0,0.0,0.0,0.0,0.0,0.0,0.0,135.87,277.33,416.29,565.36,0.0,0.0,0.0,0.0,0.0,0.0,0.0,0.0,0.0,0.0,0.0,0.0,0.0,0.0,0.0
9897.0,QUESO EDAM BARRA QUESLAND,DISTRIBUIDORES,RESTO DISTRIBUIDORES,"000840-JULIÁN MAIRAL, S.L.U. ( BLOQ)",0.0,0.0,0.0,0.0,0.0,0.0,0.0,0.0,0.0,0.0,0.0,0.0,0.0,0.0,0.0,0.0,0.0,0.0,0.0,0.0,0.0,0.0,0.0,0.0,0.0,0.0,0.0,0.0,0.0,0.0,0.0,0.0,0.0,0.0,0.0,0.0,0.0,0.0
9897.0,QUESO EDAM BARRA QUESLAND,DISTRIBUIDORES,RESTO DISTRIBUIDORES,000843-OLIVERFOOD EXPORT IMPORT S.L.,0.0,6124.18,0.0,0.0,0.0,0.0,0.0,1220.91,1231.68,0.0,0.0,0.0,0.0,0.0,0.0,0.0,0.0,0.0,0.0,0.0,35230.78,0.0,0.0,0.0,0.0,0.0,7093.49,7156.06,0.0,0.0,0.0,0.0,0.0,0.0,0.0,0.0,0.0,0.0
9897.0,QUESO EDAM BARRA QUESLAND,DISTRIBUIDORES,RESTO DISTRIBUIDORES,"000858-COVADUL FAST FOOD, S.L.",0.0,23.55,0.0,0.0,135.24,24.89,48.92,73.93,97.68,246.956,0.0,51.41,52.67,131.14,82.82,0.0,78.96,154.545,0.0,0.0,125.99,0.0,0.0,743.82,136.9,269.06,406.62,537.24,1358.26,0.0,282.75,258.08,642.59,405.82,0.0,386.9,757.27,0.0
9897.0,QUESO EDAM BARRA QUESLAND,DISTRIBUIDORES,RESTO DISTRIBUIDORES,"000865-DISALCON95, S.L.",0.0,0.0,0.0,0.0,0.0,0.0,0.0,0.0,0.0,0.0,0.0,0.0,0.0,308.39,0.0,0.0,707.75,0.0,0.0,0.0,0.0,0.0,0.0,0.0,0.0,0.0,0.0,0.0,0.0,0.0,0.0,0.0,1218.14,0.0,0.0,2551.32,0.0,0.0
9897.0,QUESO EDAM BARRA QUESLAND,DISTRIBUIDORES,RESTO DISTRIBUIDORES,"000868-CODILEX ALIMENTACIÓN TRADICIONAL, S.L.",0.0,0.0,0.0,0.0,0.0,0.0,0.0,0.0,0.0,0.0,0.0,0.0,0.0,0.0,0.0,0.0,632.28,1243.58,0.0,0.0,0.0,0.0,0.0,0.0,0.0,0.0,0.0,0.0,0.0,0.0,0.0,0.0,0.0,0.0,0.0,2244.59,4414.71,0.0
9897.0,QUESO EDAM BARRA QUESLAND,DISTRIBUIDORES,RESTO DISTRIBUIDORES,000870-COMERCIAL LEÓN ZARAGOZA S.L.,0.0,121.27,249.66,85.1,122.87,183.9,147.294,183.36,0.0,0.0,0.0,205.86,0.0,125.92,0.0,461.34,0.0,0.0,78.93,0.0,666.99,1373.13,480.81,694.22,1039.04,832.21,1035.98,0.0,0.0,0.0,1163.11,0.0,635.9,0.0,1822.29,0.0,0.0,398.6
9897.0,QUESO EDAM BARRA QUESLAND,DISTRIBUIDORES,RESTO DISTRIBUIDORES,"000922-GRUPO EMPRESARIAL SOS, S.L.",0.0,0.0,124.38,239.16,184.08,362.07,183.9,246.64,246.49,245.4,314.392,463.68,0.0,0.0,0.0,311.52,0.0,309.51,307.17,0.0,0.0,674.14,1296.25,997.71,1962.42,996.74,1336.79,1335.98,1330.07,1704.0,2513.15,0.0,0.0,0.0,1230.5,0.0,1222.56,1213.32
9897.0,QUESO EDAM BARRA QUESLAND,DISTRIBUIDORES,RESTO DISTRIBUIDORES,"000932-CEDIPAS, S.L. (BLOQ.)",0.0,0.0,0.0,0.0,0.0,0.0,37.08,0.0,0.0,0.0,0.0,0.0,0.0,0.0,0.0,0.0,0.0,0.0,0.0,0.0,0.0,0.0,0.0,0.0,0.0,216.92,0.0,0.0,0.0,0.0,0.0,0.0,0.0,0.0,0.0,0.0,0.0,0.0
9897.0,QUESO EDAM BARRA QUESLAND,DISTRIBUIDORES,RESTO DISTRIBUIDORES,"000946-LLUIS CANADELL, S.L.U.",0.0,0.0,0.0,0.0,0.0,0.0,0.0,0.0,0.0,0.0,0.0,0.0,0.0,0.0,51.4,127.18,104.08,0.0,0.0,0.0,0.0,0.0,0.0,0.0,0.0,0.0,0.0,0.0,0.0,0.0,0.0,0.0,0.0,208.17,515.08,421.52,0.0,0.0
9897.0,QUESO EDAM BARRA QUESLAND,DISTRIBUIDORES,RESTO DISTRIBUIDORES,000950-GRUP ALIMENTARI DISTECO S.A,0.0,0.0,0.0,0.0,0.0,0.0,0.0,0.0,0.0,0.0,653.82,321.79,951.37,1126.1,698.25,691.96,1579.07,1230.93,842.94,0.0,0.0,0.0,0.0,0.0,0.0,0.0,0.0,0.0,0.0,3138.34,1544.59,4139.3,4448.11,2758.08,2733.24,5986.61,4369.8,3086.08
9897.0,QUESO EDAM BARRA QUESLAND,DISTRIBUIDORES,RESTO DISTRIBUIDORES,000957-VASCOFRIGO S.L.,0.0,0.0,0.0,0.0,0.0,0.0,0.0,0.0,0.0,0.0,0.0,0.0,193.51,391.83,152.25,77.72,0.0,794.06,0.0,0.0,0.0,0.0,0.0,0.0,0.0,0.0,0.0,0.0,0.0,0.0,0.0,847.58,1716.22,666.86,340.41,0.0,3116.0,0.0
9897.0,QUESO EDAM BARRA QUESLAND,DISTRIBUIDORES,RESTO DISTRIBUIDORES,"000962-JAUME FERRER I FILLS, S.L.",0.0,0.0,0.0,0.0,0.0,0.0,0.0,0.0,0.0,0.0,0.0,0.0,0.0,0.0,0.0,0.0,0.0,12.79,0.0,0.0,0.0,0.0,0.0,0.0,0.0,0.0,0.0,0.0,0.0,0.0,0.0,0.0,0.0,0.0,0.0,0.0,50.52,0.0
9897.0,QUESO EDAM BARRA QUESLAND,DISTRIBUIDORES,RESTO DISTRIBUIDORES,"000975-ELICE ENTREPOT, S.A.U.",0.0,0.0,0.0,0.0,0.0,0.0,0.0,0.0,0.0,0.0,0.0,0.0,0.0,0.0,0.0,313.27,0.0,385.04,0.0,0.0,0.0,0.0,0.0,0.0,0.0,0.0,0.0,0.0,0.0,0.0,0.0,0.0,0.0,0.0,1237.42,0.0,1520.91,0.0
9897.0,QUESO EDAM BARRA QUESLAND,DISTRIBUIDORES,RESTO DISTRIBUIDORES,000977-GONZALO RODRÍGUEZ MACÍAS S.L.U.,0.0,0.0,0.0,0.0,0.0,0.0,0.0,0.0,0.0,0.0,0.0,0.0,0.0,0.0,0.0,0.0,630.71,618.75,0.0,0.0,0.0,0.0,0.0,0.0,0.0,0.0,0.0,0.0,0.0,0.0,0.0,0.0,0.0,0.0,0.0,2396.7,2351.25,0.0
9897.0,QUESO EDAM BARRA QUESLAND,DISTRIBUIDORES,RESTO DISTRIBUIDORES,000983-DISHORE S.L.,0.0,0.0,0.0,0.0,0.0,0.0,0.0,0.0,0.0,0.0,0.0,0.0,0.0,0.0,0.0,0.0,0.0,329.415,154.9,0.0,0.0,0.0,0.0,0.0,0.0,0.0,0.0,0.0,0.0,0.0,0.0,0.0,0.0,0.0,0.0,0.0,1334.13,627.35
9897.0,QUESO EDAM BARRA QUESLAND,DISTRIBUIDORES,RESTO DISTRIBUIDORES,000987-LPA ALIMENTACION S.L.,0.0,0.0,0.0,0.0,0.0,0.0,0.0,0.0,0.0,0.0,0.0,0.0,0.0,0.0,0.0,0.0,0.0,1546.12,612.31,0.0,0.0,0.0,0.0,0.0,0.0,0.0,0.0,0.0,0.0,0.0,0.0,0.0,0.0,0.0,0.0,0.0,5488.72,2173.7
9897.0,QUESO EDAM BARRA QUESLAND,EXPORT,RESTO EXPORT,"000801-ALEXANDRINO PEREIRA & SILVA PEREIRA, LDA ( BLOQ)",0.0,0.0,0.0,0.0,0.0,0.0,0.0,0.0,0.0,0.0,0.0,0.0,0.0,0.0,0.0,0.0,0.0,0.0,0.0,0.0,0.0,0.0,0.0,0.0,0.0,0.0,0.0,0.0,0.0,0.0,0.0,0.0,0.0,0.0,0.0,0.0,0.0,0.0
9897.0,QUESO EDAM BARRA QUESLAND,EXPORT,RESTO EXPORT,111112-CLIENTES EXPORTACION (PRESUPESTO),0.0,0.0,0.0,0.0,0.0,0.0,0.0,0.0,0.0,0.0,0.0,0.0,0.0,0.0,0.0,0.0,0.0,0.0,0.0,0.0,0.0,0.0,0.0,0.0,0.0,0.0,0.0,0.0,0.0,0.0,0.0,0.0,0.0,0.0,0.0,0.0,0.0,0.0
9897.0,QUESO EDAM BARRA QUESLAND,INDUSTRIALES & FOOD SERVICE,RESTO INDUSTRIALES & FOODSERVICE,000610-CORIGA BAKERY GROUP S.L.,0.0,0.0,0.0,0.0,0.0,0.0,0.0,0.0,0.0,0.0,0.0,0.0,12.83,0.0,0.0,0.0,0.0,0.0,0.0,0.0,0.0,0.0,0.0,0.0,0.0,0.0,0.0,0.0,0.0,0.0,0.0,51.96,0.0,0.0,0.0,0.0,0.0,0.0
9897.0,QUESO EDAM BARRA QUESLAND,INDUSTRIALES & FOOD SERVICE,RESTO INDUSTRIALES & FOODSERVICE,000782-MANOLO GARCÍA EMBUTIDO CALIDAD S.L.,0.0,0.0,0.0,0.0,0.0,0.0,0.0,0.0,0.0,0.0,0.0,64.32,0.0,0.0,144.0,0.0,0.0,622.71,0.0,0.0,0.0,0.0,0.0,0.0,0.0,0.0,0.0,0.0,0.0,0.0,378.2,0.0,0.0,568.8,0.0,0.0,2366.3,0.0
9897.0,QUESO EDAM BARRA QUESLAND,INDUSTRIALES & FOOD SERVICE,RESTO INDUSTRIALES & FOODSERVICE,000860-Mª DEL CARMEN LARA PRADOS (BLOQ.),0.0,0.0,0.0,0.0,0.0,0.0,0.0,0.0,0.0,0.0,0.0,0.0,0.0,0.0,0.0,0.0,0.0,0.0,0.0,0.0,0.0,0.0,0.0,0.0,0.0,0.0,0.0,0.0,0.0,0.0,0.0,0.0,0.0,0.0,0.0,0.0,0.0,0.0
9897.0,QUESO EDAM BARRA QUESLAND,INDUSTRIALES & FOOD SERVICE,RESTO INDUSTRIALES & FOODSERVICE,000892-CARNES IBERICAS DEL NORTE S.L.U.,0.0,24.13,0.0,0.0,24.13,0.0,0.0,0.0,0.0,0.0,0.0,0.0,0.0,0.0,0.0,0.0,0.0,0.0,0.0,0.0,132.72,0.0,0.0,136.33,0.0,0.0,0.0,0.0,0.0,0.0,0.0,0.0,0.0,0.0,0.0,0.0,0.0,0.0
9897.0,QUESO EDAM BARRA QUESLAND,INDUSTRIALES & FOOD SERVICE,RESTO INDUSTRIALES & FOODSERVICE,"000894-NEWREST GROUP HOLDING, S.A. (BLOQ.)",105.87,385.95,470.46,537.99,353.18,422.33,257.55,819.376,49.14,210.36,378.344,345.11,388.35,132.0,200.01,272.75,0.0,0.0,0.0,545.28,2064.99,2517.15,2958.96,1942.49,2322.81,1416.51,4506.56,270.25,1156.91,2080.78,1898.0,2004.18,646.84,980.1,1336.55,0.0,0.0,0.0
9897.0,QUESO EDAM BARRA QUESLAND,INDUSTRIALES & FOOD SERVICE,RESTO INDUSTRIALES & FOODSERVICE,"000933-2010 FORMULAS Y RECETAS, S.L.",0.0,0.0,0.0,0.0,0.0,0.0,0.0,209.91,0.0,0.0,0.0,0.0,0.0,0.0,0.0,601.2,0.0,1238.44,0.0,0.0,0.0,0.0,0.0,0.0,0.0,0.0,1185.99,0.0,0.0,0.0,0.0,0.0,0.0,0.0,2284.56,0.0,4396.46,0.0
9897.0,QUESO EDAM BARRA QUESLAND,INDUSTRIALES & FOOD SERVICE,RESTO INDUSTRIALES & FOODSERVICE,000956-ROGELIO IGLESIAS E HIJOS S.A.U.,0.0,0.0,0.0,0.0,0.0,0.0,0.0,0.0,0.0,0.0,0.0,927.04,894.07,0.0,947.9,946.45,0.0,926.28,0.0,0.0,0.0,0.0,0.0,0.0,0.0,0.0,0.0,0.0,0.0,0.0,3615.46,3486.87,0.0,3696.81,3691.15,0.0,3612.49,0.0
9897.0,QUESO EDAM BARRA QUESLAND,INDUSTRIALES & FOOD SERVICE,RESTO INDUSTRIALES & FOODSERVICE,"000967-ARTESANO FOOD PROCESSING, S.L.",0.0,0.0,0.0,0.0,0.0,0.0,0.0,0.0,0.0,0.0,0.0,0.0,0.0,0.0,0.0,0.0,0.0,76.03,0.0,0.0,0.0,0.0,0.0,0.0,0.0,0.0,0.0,0.0,0.0,0.0,0.0,0.0,0.0,0.0,0.0,0.0,307.92,0.0
9897.0,QUESO EDAM BARRA QUESLAND,INDUSTRIALES & FOOD SERVICE,RESTO INDUSTRIALES & FOODSERVICE,"000971-CHARLY Y LA FÁBRICA DE EMPANADAS, S.L.",0.0,0.0,0.0,0.0,0.0,0.0,0.0,0.0,0.0,0.0,0.0,0.0,0.0,0.0,0.0,156.29,621.96,0.0,0.0,0.0,0.0,0.0,0.0,0.0,0.0,0.0,0.0,0.0,0.0,0.0,0.0,0.0,0.0,0.0,632.97,2207.96,0.0,0.0
9897.0,QUESO EDAM BARRA QUESLAND,INDUSTRIALES & FOOD SERVICE,RESTO INDUSTRIALES & FOODSERVICE,"000991-SABORESSE, S.L.",0.0,0.0,0.0,0.0,0.0,0.0,0.0,0.0,0.0,0.0,0.0,0.0,0.0,0.0,0.0,0.0,0.0,0.0,1843.52,0.0,0.0,0.0,0.0,0.0,0.0,0.0,0.0,0.0,0.0,0.0,0.0,0.0,0.0,0.0,0.0,0.0,0.0,7005.37
9897.0,QUESO EDAM BARRA QUESLAND,INTERNO,INTERNO,000679-SPANISH CHEESE S.L.U.,0.0,0.0,0.0,0.0,0.0,0.0,0.0,0.0,0.0,0.0,0.0,0.0,0.0,0.0,0.0,0.0,0.0,0.0,0.0,0.0,0.0,0.0,0.0,0.0,0.0,0.0,0.0,0.0,0.0,0.0,0.0,0.0,0.0,0.0,0.0,0.0,0.0,0.0
9897.0,QUESO EDAM BARRA QUESLAND,RETAIL,OTROS RETAILERS,000824-GRUPO HERMANOS MARTÍN S.A. ( BLOQ),0.0,0.0,0.0,0.0,0.0,0.0,0.0,0.0,0.0,0.0,0.0,0.0,0.0,0.0,0.0,0.0,0.0,0.0,0.0,0.0,0.0,0.0,0.0,0.0,0.0,0.0,0.0,0.0,0.0,0.0,0.0,0.0,0.0,0.0,0.0,0.0,0.0,0.0
9898.0,QUESO GOUDA BARRA QUESLAND,CASH & CARRY,MAKRO,000621-MAKRO DISTRIBUCIÓN MAYORISTA SA,9046.64,9392.55,6492.99,9920.19,11562.82,9343.79,7833.431,11058.902,12362.35,6980.702,5007.574,5004.186,4830.96,3814.73,7317.517,5094.5,5588.82,6761.84,7830.59,50823.56,52729.77,36451.69,55691.96,64913.67,52456.04,43976.87,62084.7,69402.22,39189.66,28112.53,28093.52,24805.79,16587.85,31747.21,21191.43,24307.02,28746.62,34018.63
9898.0,QUESO GOUDA BARRA QUESLAND,DISTRIBUIDORES,PROVISIONES SUROESTE,"000879-PROVISIONES SUROESTE, S.L.",2473.61,0.0,1472.68,0.0,1621.5,0.0,0.0,0.0,0.0,1869.95,1890.0,0.0,1835.5,12588.87,2973.53,3550.56,8438.88,1183.32,2506.32,12763.44,0.0,7805.21,0.0,8837.18,0.0,0.0,0.0,0.0,8227.78,3581.3,0.0,6681.22,45823.49,10585.77,-2692.45,30935.21,4082.45,8646.81
9898.0,QUESO GOUDA BARRA QUESLAND,DISTRIBUIDORES,RESTO DISTRIBUIDORES,"000038-LÁCTEOS MENDI, S.L.",441.36,0.0,0.0,0.0,0.0,0.0,0.0,0.0,0.0,0.0,0.0,0.0,0.0,0.0,0.0,0.0,0.0,0.0,0.0,2427.48,0.0,0.0,0.0,0.0,0.0,0.0,0.0,0.0,0.0,0.0,0.0,0.0,0.0,0.0,0.0,0.0,0.0,0.0
9898.0,QUESO GOUDA BARRA QUESLAND,DISTRIBUIDORES,RESTO DISTRIBUIDORES,"000643-ORTHIDAL, S.L.",0.0,0.0,0.0,0.0,0.0,0.0,0.0,0.0,0.0,0.0,0.0,0.0,0.0,0.0,0.0,0.0,0.0,0.0,12.39,0.0,0.0,0.0,0.0,0.0,0.0,0.0,0.0,0.0,0.0,0.0,0.0,0.0,0.0,0.0,0.0,0.0,0.0,42.7
9898.0,QUESO GOUDA BARRA QUESLAND,DISTRIBUIDORES,RESTO DISTRIBUIDORES,000655-EXCLUSIVAS OMEÑACA SL,24.5,24.63,61.08,35.78,24.52,61.66,61.1,72.436,60.69,12.0,37.336,75.68,0.0,25.02,0.0,0.0,0.0,0.0,0.0,135.49,141.13,349.99,210.39,144.18,362.56,359.27,425.93,356.85,70.56,219.54,445.0,0.0,132.11,0.0,0.0,0.0,0.0,0.0
9898.0,QUESO GOUDA BARRA QUESLAND,DISTRIBUIDORES,RESTO DISTRIBUIDORES,000679-SPANISH CHEESE S.L.U.,0.0,374.54,557.98,0.0,370.78,0.0,0.0,243.27,0.0,2718.346,49.988,0.0,0.0,0.0,0.0,0.0,247.26,0.0,0.0,0.0,2020.64,3010.3,0.0,2038.18,0.0,0.0,1347.77,0.0,15060.27,276.95,0.0,0.0,0.0,0.0,0.0,1175.57,0.0,0.0
9898.0,QUESO GOUDA BARRA QUESLAND,DISTRIBUIDORES,RESTO DISTRIBUIDORES,"000710-SELECCIO REGISA, S.L.",0.0,0.0,0.0,0.0,0.0,0.0,0.0,0.0,0.0,0.0,0.0,0.0,0.0,12.52,0.0,0.0,0.0,0.0,0.0,0.0,0.0,0.0,0.0,0.0,0.0,0.0,0.0,0.0,0.0,0.0,0.0,0.0,49.45,0.0,0.0,0.0,0.0,0.0
9898.0,QUESO GOUDA BARRA QUESLAND,DISTRIBUIDORES,RESTO DISTRIBUIDORES,000711-DISTRIBUCIONES J.M. S.A.,0.0,0.0,0.0,0.0,0.0,0.0,0.0,0.0,0.0,0.0,0.0,0.0,0.0,0.0,0.0,589.42,0.0,0.0,0.0,0.0,0.0,0.0,0.0,0.0,0.0,0.0,0.0,0.0,0.0,0.0,0.0,0.0,0.0,0.0,2239.8,0.0,0.0,0.0
9898.0,QUESO GOUDA BARRA QUESLAND,DISTRIBUIDORES,RESTO DISTRIBUIDORES,000751-PLACOR 2006 S.L.,0.0,0.0,74.02,74.39,0.0,122.57,72.64,0.0,0.0,148.488,0.0,74.05,0.0,0.0,145.94,0.0,0.0,73.6,79.0,0.0,0.0,405.07,418.2,0.0,689.06,408.37,0.0,0.0,834.77,0.0,416.29,0.0,0.0,588.1,0.0,0.0,296.59,318.35
9898.0,QUESO GOUDA BARRA QUESLAND,DISTRIBUIDORES,RESTO DISTRIBUIDORES,000776-COMERCIAL DIALVA S.A.,0.0,1.0,0.0,0.0,75.04,0.0,0.0,0.0,0.0,0.0,0.0,0.0,0.0,0.0,0.0,0.0,2377.79,0.0,0.0,0.0,0.0,0.0,0.0,412.72,0.0,0.0,0.0,0.0,0.0,0.0,0.0,0.0,0.0,0.0,0.0,8441.15,0.0,0.0
9898.0,QUESO GOUDA BARRA QUESLAND,DISTRIBUIDORES,RESTO DISTRIBUIDORES,000789-PALENZUELA DISTRIBUCION 1970 S.L.,158.65,74.17,97.6,218.67,148.22,123.1,230.43,36.4,146.99,0.0,0.0,0.0,0.0,49.75,0.0,0.0,0.0,73.82,0.0,855.45,407.94,542.23,1235.48,837.44,695.51,1301.93,205.66,830.49,0.0,0.0,0.0,0.0,251.24,0.0,0.0,0.0,372.79,0.0
9898.0,QUESO GOUDA BARRA QUESLAND,DISTRIBUIDORES,RESTO DISTRIBUIDORES,000790-PALENZUELA LOGISTICA S.L.,0.0,37.08,12.38,73.91,25.19,48.92,122.45,0.0,37.14,36.88,72.172,25.79,12.4,74.2,0.0,0.0,77.21,72.0,152.96,0.0,203.94,68.09,417.59,142.32,276.4,691.84,0.0,209.84,195.46,382.51,136.69,58.28,348.74,0.0,0.0,362.89,338.4,718.91
9898.0,QUESO GOUDA BARRA QUESLAND,DISTRIBUIDORES,RESTO DISTRIBUIDORES,000791-CAZALEN S.L. (BLOQ.),0.0,36.92,0.0,0.0,24.42,0.0,0.0,0.0,0.0,0.0,0.0,0.0,0.0,0.0,0.0,0.0,0.0,0.0,0.0,0.0,203.06,0.0,0.0,137.97,0.0,0.0,0.0,0.0,0.0,0.0,0.0,0.0,0.0,0.0,0.0,0.0,0.0,0.0
9898.0,QUESO GOUDA BARRA QUESLAND,DISTRIBUIDORES,RESTO DISTRIBUIDORES,"000806-CUSTODIO MARTÍN LÓPEZ, S.L.",0.0,0.0,0.0,0.0,0.0,0.0,0.0,0.0,0.0,62.31,0.0,0.0,0.0,0.0,73.57,24.35,38.36,0.0,148.27,0.0,0.0,0.0,0.0,0.0,0.0,0.0,0.0,0.0,330.24,0.0,0.0,0.0,0.0,345.78,114.45,180.29,0.0,696.87
9898.0,QUESO GOUDA BARRA QUESLAND,DISTRIBUIDORES,RESTO DISTRIBUIDORES,000815-GLAC S.A.,0.0,0.0,0.0,0.0,0.0,0.0,0.0,0.0,0.0,0.0,0.0,0.0,132.04,0.0,0.0,0.0,0.0,0.0,0.0,0.0,0.0,0.0,0.0,0.0,0.0,0.0,0.0,0.0,0.0,0.0,0.0,633.79,0.0,0.0,0.0,0.0,0.0,0.0
9898.0,QUESO GOUDA BARRA QUESLAND,DISTRIBUIDORES,RESTO DISTRIBUIDORES,000843-OLIVERFOOD EXPORT IMPORT S.L.,0.0,7101.46,0.0,0.0,0.0,0.0,2396.92,1411.59,4074.89,3180.37,0.0,0.0,0.0,0.0,0.0,0.0,0.0,0.0,0.0,0.0,40833.89,0.0,0.0,0.0,0.0,13734.35,8088.41,23349.12,18223.52,0.0,0.0,0.0,0.0,0.0,0.0,0.0,0.0,0.0
9898.0,QUESO GOUDA BARRA QUESLAND,DISTRIBUIDORES,RESTO DISTRIBUIDORES,"000858-COVADUL FAST FOOD, S.L.",0.0,0.0,0.0,0.0,0.0,12.294,24.54,0.0,0.0,0.0,0.0,0.0,0.0,0.0,0.0,0.0,0.0,0.0,0.0,0.0,0.0,0.0,0.0,0.0,67.62,134.97,0.0,0.0,0.0,0.0,0.0,0.0,0.0,0.0,0.0,0.0,0.0,0.0
9898.0,QUESO GOUDA BARRA QUESLAND,DISTRIBUIDORES,RESTO DISTRIBUIDORES,"000865-DISALCON95, S.L.",0.0,0.0,0.0,0.0,0.0,0.0,0.0,0.0,0.0,0.0,0.0,0.0,0.0,75.66,0.0,0.0,0.0,0.0,0.0,0.0,0.0,0.0,0.0,0.0,0.0,0.0,0.0,0.0,0.0,0.0,0.0,0.0,306.42,0.0,0.0,0.0,0.0,0.0
9898.0,QUESO GOUDA BARRA QUESLAND,DISTRIBUIDORES,RESTO DISTRIBUIDORES,000950-GRUP ALIMENTARI DISTECO S.A,0.0,0.0,0.0,0.0,0.0,0.0,0.0,0.0,0.0,0.0,105.63,49.95,135.41,279.99,1232.31,0.0,0.0,616.83,0.0,0.0,0.0,0.0,0.0,0.0,0.0,0.0,0.0,0.0,0.0,507.02,239.76,553.33,1105.96,4867.62,0.0,0.0,2199.63,0.0
9898.0,QUESO GOUDA BARRA QUESLAND,DISTRIBUIDORES,RESTO DISTRIBUIDORES,000957-VASCOFRIGO S.L.,0.0,0.0,0.0,0.0,0.0,0.0,0.0,0.0,0.0,0.0,0.0,0.0,123.53,225.66,73.03,145.67,151.48,149.26,0.0,0.0,0.0,0.0,0.0,0.0,0.0,0.0,0.0,0.0,0.0,0.0,0.0,541.07,988.39,319.87,638.04,663.48,653.76,0.0
9898.0,QUESO GOUDA BARRA QUESLAND,EXPORT,DISTRIBUIDORES EXPORT,000982-DISTRIM MAURITANIENNE DE DISTRIBUTION,0.0,0.0,0.0,0.0,0.0,0.0,0.0,0.0,0.0,0.0,0.0,0.0,0.0,0.0,0.0,0.0,0.0,0.0,1253.8,0.0,0.0,0.0,0.0,0.0,0.0,0.0,0.0,0.0,0.0,0.0,0.0,0.0,0.0,0.0,0.0,0.0,0.0,5140.58
9898.0,QUESO GOUDA BARRA QUESLAND,EXPORT,RESTO EXPORT,111112-CLIENTES EXPORTACION (PRESUPESTO),0.0,0.0,0.0,0.0,0.0,0.0,0.0,0.0,0.0,0.0,0.0,0.0,0.0,0.0,0.0,0.0,0.0,0.0,0.0,0.0,0.0,0.0,0.0,0.0,0.0,0.0,0.0,0.0,0.0,0.0,0.0,0.0,0.0,0.0,0.0,0.0,0.0,0.0
9898.0,QUESO GOUDA BARRA QUESLAND,INDUSTRIALES & FOOD SERVICE,INTERPROVEEDORES,"000623-NOEL ALIMENTARIA, S.A.U.",0.0,0.0,0.0,0.0,0.0,0.0,0.0,0.0,0.0,0.0,0.0,0.0,0.0,0.0,0.0,0.0,0.0,8270.92,8706.6,0.0,0.0,0.0,0.0,0.0,0.0,0.0,0.0,0.0,0.0,0.0,0.0,0.0,0.0,0.0,0.0,0.0,30188.86,31779.09
9898.0,QUESO GOUDA BARRA QUESLAND,INDUSTRIALES & FOOD SERVICE,RESTO INDUSTRIALES & FOODSERVICE,"000894-NEWREST GROUP HOLDING, S.A. (BLOQ.)",121.47,308.92,353.88,394.78,145.55,209.29,305.12,429.49,112.54,260.9,170.1,320.22,49.3,139.58,136.94,158.44,0.0,0.0,0.0,633.11,1652.84,1893.39,2171.28,800.53,1151.1,1678.16,2362.2,618.93,1434.87,935.5,1761.11,241.58,683.98,671.04,776.4,0.0,0.0,0.0
9898.0,QUESO GOUDA BARRA QUESLAND,INDUSTRIALES & FOOD SERVICE,RESTO INDUSTRIALES & FOODSERVICE,"000913-QUESO AND CHOCLO, S.L. (BLOQ.)",872.27,0.0,0.0,0.0,0.0,0.0,0.0,0.0,0.0,0.0,0.0,0.0,0.0,0.0,0.0,0.0,0.0,0.0,0.0,4710.26,0.0,0.0,0.0,0.0,0.0,0.0,0.0,0.0,0.0,0.0,0.0,0.0,0.0,0.0,0.0,0.0,0.0,0.0
9898.0,QUESO GOUDA BARRA QUESLAND,INDUSTRIALES & FOOD SERVICE,RESTO INDUSTRIALES & FOODSERVICE,"000967-ARTESANO FOOD PROCESSING, S.L.",0.0,0.0,0.0,0.0,0.0,0.0,0.0,0.0,0.0,0.0,0.0,0.0,0.0,0.0,0.0,0.0,0.0,73.07,0.0,0.0,0.0,0.0,0.0,0.0,0.0,0.0,0.0,0.0,0.0,0.0,0.0,0.0,0.0,0.0,0.0,0.0,295.93,0.0
9898.0,QUESO GOUDA BARRA QUESLAND,INDUSTRIALES & FOOD SERVICE,RESTO INDUSTRIALES & FOODSERVICE,"000971-CHARLY Y LA FÁBRICA DE EMPANADAS, S.L.",0.0,0.0,0.0,0.0,0.0,0.0,0.0,0.0,0.0,0.0,0.0,0.0,0.0,0.0,0.0,146.85,591.91,0.0,0.0,0.0,0.0,0.0,0.0,0.0,0.0,0.0,0.0,0.0,0.0,0.0,0.0,0.0,0.0,0.0,594.74,2101.28,0.0,0.0
9898.0,QUESO GOUDA BARRA QUESLAND,INTERNO,INTERNO,000679-SPANISH CHEESE S.L.U.,0.0,0.0,0.0,0.0,0.0,0.0,0.0,0.0,0.0,0.0,0.0,0.0,0.0,0.0,0.0,0.0,0.0,0.0,0.0,0.0,0.0,0.0,0.0,0.0,0.0,0.0,0.0,0.0,0.0,0.0,0.0,0.0,0.0,0.0,0.0,0.0,0.0,0.0
9898.0,QUESO GOUDA BARRA QUESLAND,RETAIL,IFA,000597-AHORRAMAS S.A.,6907.98,13403.38,0.0,5256.66,-17.182,6167.12,0.0,0.0,0.0,22232.66,0.0,6477.74,7224.69,1796.42,15910.09,11363.8,9872.23,3568.34,9344.76,34536.44,67010.19,0.0,26280.68,-85.9,30832.52,0.0,0.0,0.0,109598.75,0.0,25331.2,28252.16,7024.9,56703.56,40500.59,35184.63,12717.56,33304.72
9898.0,QUESO GOUDA BARRA QUESLAND,RETAIL,OTROS RETAILERS,000824-GRUPO HERMANOS MARTÍN S.A. ( BLOQ),0.0,0.0,0.0,0.0,0.0,0.0,0.0,0.0,0.0,0.0,0.0,0.0,0.0,0.0,0.0,0.0,0.0,0.0,0.0,0.0,0.0,0.0,0.0,0.0,0.0,0.0,0.0,0.0,0.0,0.0,0.0,0.0,0.0,0.0,0.0,0.0,0.0,0.0
9899.0,QUESO RALLADO MOZZARELLA-PROVOLONE 3KG,RETAIL,OTROS RETAILERS,"000569-COSTCO WHOLESALE SPAIN,  S.L.U (1200003713)",31968.0,35433.013,30672.0,31104.0,36288.0,25056.0,39312.0,21600.0,28944.0,0.0,0.0,0.0,0.0,0.0,-864.0,0.0,0.0,0.0,0.0,229849.92,254763.36,220531.68,223637.76,260910.72,180152.64,282653.28,155304.0,208107.36,0.0,0.0,0.0,0.0,0.0,-6255.36,0.0,0.0,0.0,0.0
9902.0,MOZZARELLA PURA ESPECIAL PIZZERIA CARLOS TACOS 2 KG,INDUSTRIALES & FOOD SERVICE,RESTO INDUSTRIALES & FOODSERVICE,"000497-CONWAY-THE CONVENIENCE COMPANY, S.A.",5040.0,4620.0,6300.0,2520.0,2520.0,2520.0,2520.0,1260.0,2520.0,2520.0,2940.0,0.0,0.0,0.0,0.0,0.0,0.0,0.0,0.0,24696.0,22638.0,30870.0,12348.0,12348.0,12348.0,12348.0,6174.0,12348.0,12348.0,14406.0,0.0,0.0,0.0,0.0,0.0,0.0,0.0,0.0
9902.0,MOZZARELLA PURA ESPECIAL PIZZERIA CARLOS TACOS 2 KG,INDUSTRIALES & FOOD SERVICE,RESTO INDUSTRIALES & FOODSERVICE,"000954-CONWAY-THE CONVENIENCE COMPANY, S.A.",0.0,0.0,0.0,0.0,0.0,0.0,0.0,0.0,0.0,0.0,0.0,2940.0,2340.0,1680.0,2100.0,3360.0,1980.0,1620.0,1680.0,0.0,0.0,0.0,0.0,0.0,0.0,0.0,0.0,0.0,0.0,0.0,14406.0,11466.0,8232.0,10290.0,16464.0,9702.0,7938.0,8232.0
9906.0,"QUESO FUNDIDO POLVO EMBUTIDO - ""P""",INDUSTRIALES & FOOD SERVICE,RESTO INDUSTRIALES & FOODSERVICE,000756-QUESOS EL PASTOR-HIJOS DE SALVADOR S.A.,3797.44,10822.64,1906.72,5227.98,12332.18,5711.16,8019.97,12494.92,9031.42,11854.0,16095.62,6649.52,7021.2,14135.9,10446.96,13781.22,6163.34,10964.14,16540.35,20885.92,59524.52,10486.96,28753.89,64312.32,29783.69,41824.13,65161.0,47098.86,61818.62,83938.65,34677.25,36615.55,73718.72,54480.89,61400.88,28030.87,49864.91,75225.51
9908.0,CHEDDAR CURD (FM),INTERNO,INTERNO,"000086-CENTRAL QUESERA MONTESINOS, S.L.U.",0.0,1015.38,0.0,0.0,0.0,0.0,14167.8,29612.96,-374.06,20.0,0.0,0.0,0.0,0.0,0.0,0.0,0.0,0.0,0.0,0.0,4406.75,0.0,0.0,0.0,0.0,61488.25,128520.25,-1623.42,86.8,0.0,0.0,0.0,0.0,0.0,0.0,0.0,0.0,0.0
9910.0,"QUESO CHEDDAR ROJO BLOQUE - ""P""",INDUSTRIALES & FOOD SERVICE,RESTO INDUSTRIALES & FOODSERVICE,"000532-UNUSUAL FOODS, S.L.U.",0.0,0.0,0.0,61.21,0.0,0.0,0.0,0.0,0.0,0.0,0.0,0.0,0.0,0.0,0.0,0.0,0.0,0.0,0.0,0.0,0.0,0.0,351.96,0.0,0.0,0.0,0.0,0.0,0.0,0.0,0.0,0.0,0.0,0.0,0.0,0.0,0.0,0.0
9910.0,"QUESO CHEDDAR ROJO BLOQUE - ""P""",INDUSTRIALES & FOOD SERVICE,RESTO INDUSTRIALES & FOODSERVICE,000756-QUESOS EL PASTOR-HIJOS DE SALVADOR S.A.,7085.9,18187.49,5046.4,14093.11,10593.43,7238.64,11755.64,7922.32,15700.75,10654.47,15220.48,5635.65,15708.51,12703.76,14356.47,12714.88,12297.98,3619.9,0.0,47921.94,123001.99,34128.8,95311.69,53962.94,36873.63,59883.23,40356.29,79979.6,54273.87,77533.13,28707.99,80019.15,64712.96,73131.85,54068.87,56412.63,16832.53,0.0
9914.0,QUESO REGATO BLOQUE,INDUSTRIALES & FOOD SERVICE,RESTO INDUSTRIALES & FOODSERVICE,000756-QUESOS EL PASTOR-HIJOS DE SALVADOR S.A.,993.3,3562.538,0.0,3111.796,2064.364,494.55,1020.192,2475.296,2014.984,3020.228,1033.244,1001.74,2927.674,1980.484,1965.98,2456.1,995.742,1943.34,1955.08,8343.72,29925.32,0.0,26139.09,16102.04,3857.49,7957.5,19307.31,15716.88,23557.77,8059.3,7813.58,22835.86,15447.77,15334.64,17487.43,7089.68,10688.37,10752.94
9919.0,LONCHAS CHEDDAR 200 G. AUCHAN,RETAIL,EUROMADI,000666-ALCAMPO S.A.,8956.8,6679.2,6516.0,7737.6,6943.2,5995.2,6105.6,0.0,74.4,0.0,0.0,0.0,0.0,0.0,0.0,0.0,0.0,0.0,0.0,77510.18,57808.47,56395.98,66968.91,60151.66,51978.37,52935.54,0.0,645.04,0.0,0.0,0.0,0.0,0.0,0.0,0.0,0.0,0.0,0.0
9920.0,LONCHAS CREMOSO 200 G. AUCHAN,RETAIL,EUROMADI,000666-ALCAMPO S.A.,27561.6,21540.0,20995.2,21998.4,14755.2,12535.2,15412.8,12648.0,12979.2,13783.337,12950.4,12700.8,11652.0,10898.4,6624.0,0.0,0.0,0.0,0.0,242914.78,189875.22,185072.65,193915.95,130188.19,116151.16,144263.79,118385.31,110797.73,129012.0,121215.75,118654.82,109062.7,102008.96,62000.65,0.0,0.0,0.0,0.0
9921.0,LONCHAS CREMOSO LIGHT 200 G. AUCHAN,RETAIL,EUROMADI,000666-ALCAMPO S.A.,14270.4,11700.0,11592.0,11992.8,10723.2,6225.6,7221.6,6799.2,7293.6,7454.4,7744.8,7231.2,5800.8,5745.6,6600.0,3127.2,-48.0,0.0,0.0,125778.78,102919.01,102183.5,105716.51,94597.37,57646.49,67594.2,63640.51,63192.05,69773.17,72491.29,67684.03,54295.49,53778.82,60390.81,27613.18,-423.84,0.0,0.0
9922.0,LONCHAS MOZZARELLA 200 G. AUCHAN,RETAIL,EUROMADI,000666-ALCAMPO S.A.,13144.8,10173.6,10341.6,11959.2,11438.4,10209.6,11419.2,10317.6,11402.4,12667.2,11990.4,12691.2,12216.0,11534.4,13221.6,12429.6,10881.6,11695.2,12208.8,106053.87,82087.03,83456.72,96510.74,92404.23,82562.67,92324.23,83417.81,92188.38,102414.33,96942.38,102607.53,98766.38,93255.62,106896.62,100493.31,87977.75,94555.71,98708.16
9927.0,LONCHAS MOZZARELLA 200 G. SPAR,RETAIL,EUROMADI,"000595-MARKANT ESPAÑA, S.A.U.",2246.4,1747.2,1497.6,2496.0,1497.6,1996.8,3494.4,2745.6,1497.6,1747.2,1747.2,1747.2,1248.0,1497.6,2419.2,1497.6,1747.2,2496.0,2995.2,16623.36,12929.28,11082.24,18318.77,11082.24,10918.85,25858.56,20317.44,11082.24,12929.28,12929.28,12929.28,9235.2,11082.24,17832.82,11082.24,12929.28,18470.4,21680.88
9930.0,LONCHAS MOZZARELLA 200 G. ALTEZA,RETAIL,EUROMADI,"000595-MARKANT ESPAÑA, S.A.U.",6240.0,5491.2,6489.6,7488.0,8486.4,4960.8,9921.6,6957.6,6364.8,8736.0,5491.2,7987.2,5740.8,6489.6,7488.0,7737.6,5740.8,6240.0,7987.2,46176.0,39888.96,48023.04,55411.2,62799.36,36709.92,73419.84,51486.24,47099.52,64646.4,40634.88,59105.28,42481.92,48023.04,55411.2,57258.24,42481.92,46176.0,59105.28
9932.0,"MEZCLA 3 RALLADOS CONVENIENCE TIRAS 1,5 KG.",DISTRIBUIDORES,RESTO DISTRIBUIDORES,000589-CONVENIENCE FOOD S.L.U.,2016.0,1512.0,2016.0,1512.0,1512.0,2016.0,2016.0,2016.0,2016.0,2016.0,504.0,3024.0,1512.0,2016.0,2016.0,2016.0,1512.0,2520.0,1488.0,9112.32,6985.44,9313.92,6985.44,7338.24,10019.52,10019.52,10019.52,10019.52,10019.52,2459.52,14757.12,7378.56,9838.08,9233.28,7866.15,6924.96,11541.6,6815.04
9938.0,3 QUESOS FUNDIDOS RALLADOS 200 G EL PULGAR,RETAIL,EUROMADI,000666-ALCAMPO S.A.,18074.4,13960.8,15710.4,16209.6,12825.6,8961.6,10476.0,9921.6,10584.0,11896.8,12175.2,14390.4,13874.4,12482.4,14344.8,13168.8,11822.4,12074.4,10956.0,119366.44,92211.14,103767.17,107064.36,84776.05,59288.21,69298.74,65631.43,70013.18,78697.3,80459.54,95192.5,91779.2,82571.09,94890.84,87111.62,78205.18,79872.16,72473.97
9939.0,10023497 LONCHAS EMMENTAL 200 G. ALIMERKA,RETAIL,IFA,000661-ALIMERKA S.A.U.,748.8,748.8,748.8,748.8,748.8,748.8,998.4,998.4,998.4,998.4,748.8,748.8,748.8,748.8,998.4,998.4,631.2,748.8,1084.8,6323.61,6323.61,6323.61,6323.61,6241.25,6200.07,8266.76,8266.76,8266.76,8266.76,6200.07,6200.07,6200.07,6200.07,8266.76,7978.46,4983.32,5241.6,7593.6
9940.0,10023495 LONCHAS CHEDDAR 200 G. ALIMERKA,RETAIL,IFA,000661-ALIMERKA S.A.U.,1497.6,1747.2,1996.8,1996.8,1449.6,1497.6,1497.6,1747.2,1497.6,1747.2,1497.6,1497.6,1497.6,1248.0,1747.2,1747.2,1245.6,1264.8,1996.8,11928.36,13916.42,15904.48,15904.48,11372.05,11711.22,11711.22,13663.09,11711.22,13663.09,11711.22,11711.22,11711.22,9759.35,13663.09,13027.64,9292.19,9374.5,14776.32
9941.0,10023491 LONCHAS CREMOSO 300 G ALIMERKA,RETAIL,IFA,000661-ALIMERKA S.A.U.,2496.0,2496.0,2745.6,2496.0,2246.4,1747.2,1996.8,2496.0,1996.8,2246.4,1747.2,1996.8,1996.8,1747.2,1996.8,1747.2,1497.6,1996.8,1996.8,20750.1,20750.1,22825.11,22746.82,20577.84,15928.64,18204.16,22755.2,18204.16,20479.68,15928.64,18204.16,18204.16,15928.64,18204.16,15400.34,13019.16,16769.8,16573.44
9942.0,10023492 LONCHAS GOUDA 300 G. ALIMERKA,RETAIL,IFA,000661-ALIMERKA S.A.U.,2745.6,2995.2,3242.4,3492.0,3244.8,3494.4,3230.4,3744.0,3244.8,3494.4,2995.2,2995.2,2995.2,2745.6,3744.0,3244.8,2680.8,3724.8,3924.0,18267.37,19928.04,21572.74,23233.41,21330.81,22888.32,21159.12,24523.2,21253.44,22888.32,19618.56,19618.56,19618.56,16336.32,22276.8,18474.36,15209.03,20259.08,21111.15
9944.0,10023493 LONCHAS EDAM 300 G. ALIMERKA,RETAIL,IFA,000661-ALIMERKA S.A.U.,3744.0,3744.0,3993.6,4492.8,3244.8,3993.6,3993.6,4243.2,3993.6,4492.8,3720.0,3993.6,3744.0,3744.0,4492.8,3744.0,3744.0,3744.0,4020.0,24398.4,24398.4,26024.96,29278.08,20870.72,25625.6,25625.6,27227.2,25625.6,28828.8,23870.0,25625.61,24024.0,21777.75,26133.28,20692.06,20766.75,20267.55,21627.63
9945.0,LONCHAS GOUDA SIN LACTOSA 200 G. ALIMERKA,RETAIL,IFA,000661-ALIMERKA S.A.U.,249.6,499.2,249.6,499.2,249.6,499.2,249.6,499.2,499.2,249.6,499.2,249.6,249.6,499.2,249.6,499.2,249.6,499.2,499.2,2036.74,4073.48,2036.74,4073.48,1998.05,3996.1,1998.05,3996.1,3996.1,1998.05,3996.1,1998.05,1998.05,3996.1,1998.05,3713.18,1905.7,3811.4,3811.4
9946.0,LONCHAS GOUDA LIGHT 200 G. ALIMERKA,RETAIL,IFA,000661-ALIMERKA S.A.U.,499.2,748.8,499.2,580.8,499.2,499.2,499.2,748.8,499.2,499.2,499.2,499.2,465.6,499.2,499.2,499.2,249.6,496.8,748.8,3576.76,5365.14,3576.76,4161.42,3516.86,3516.86,3516.86,5275.29,3516.86,3516.86,3516.86,3516.86,3280.15,3516.86,3516.86,3354.62,1677.31,3338.5,5031.93
9947.0,10023494 LONCHAS EDAM LIGHT 200 G. ALIMERKA,RETAIL,IFA,000661-ALIMERKA S.A.U.,748.8,748.8,748.8,748.8,499.2,748.8,748.8,748.8,748.8,748.8,499.2,499.2,748.8,499.2,499.2,748.8,504.0,748.8,1248.0,5365.14,5365.14,5365.14,5365.14,3516.86,5275.29,5275.29,5275.29,5275.29,5275.29,3516.86,3516.86,5275.29,3516.86,3516.86,5113.05,3386.88,5031.93,8386.55
9948.0,10023498 LONCHAS CREMOSO LIGHT 300 G ALIMERKA,RETAIL,IFA,000661-ALIMERKA S.A.U.,1483.2,1747.2,1747.2,1497.6,1497.6,998.4,1248.0,1197.6,1248.0,1497.6,998.4,998.4,998.4,998.4,1248.0,998.4,998.4,998.4,998.4,12185.74,14344.54,14344.54,13293.72,13260.4,8809.2,11011.5,10566.81,11011.5,13213.8,8809.2,8809.2,8809.2,8809.2,11011.5,8292.21,8399.88,8165.25,8087.04
9949.0,10023496 LONCHAS MOZZARELLA 200 G. ALIMERKA,RETAIL,IFA,000661-ALIMERKA S.A.U.,1996.8,2246.4,2496.0,2745.6,2244.0,2246.4,2745.6,2649.6,2496.0,2745.6,2246.4,2496.0,2496.0,2496.0,2496.0,2246.4,2169.6,2496.0,2800.8,16843.04,18948.42,21053.8,23159.18,18598.66,18577.71,22706.09,21912.17,20641.9,22706.09,18577.71,20641.9,20641.9,20641.9,20641.9,18577.71,17942.58,17462.01,18065.16
9952.0,BARRA CHEDDAR FUNDIDO 3 KG.,CASH & CARRY,MAKRO,000645-MAKRO CASH & CARRY PORTUGAL S.A.,0.0,0.0,0.0,0.0,0.0,0.0,0.0,0.0,0.0,0.0,0.0,0.0,0.0,0.0,0.0,0.0,0.0,0.0,0.0,0.0,0.0,0.0,0.0,0.0,0.0,0.0,0.0,0.0,0.0,0.0,0.0,0.0,0.0,0.0,0.0,0.0,0.0,0.0
9954.0,LONCHAS SANDWICH PROFESSIONAL LINE-CANAL HORECA 1 KG,CASH & CARRY,MAKRO,000621-MAKRO DISTRIBUCIÓN MAYORISTA SA,5664.0,6136.0,7680.0,9328.0,7768.0,7896.0,7296.0,8184.0,9816.0,6240.0,6728.0,7048.0,5216.0,5872.0,9368.0,7496.0,8944.0,10048.0,8544.0,23766.14,25746.66,32225.31,39140.3,32594.53,33131.62,30614.01,34340.07,41187.95,26183.05,28230.7,29573.41,21886.35,24638.9,39308.16,31453.22,37529.02,42161.4,35850.64
9954.0,LONCHAS SANDWICH PROFESSIONAL LINE-CANAL HORECA 1 KG,CASH & CARRY,OTROS CASH & CARRY,"000970-COMPAÑÍA DE FRESCOS SALUDABLES, SLU  (COFRESA)",0.0,0.0,0.0,0.0,0.0,0.0,0.0,0.0,0.0,0.0,0.0,0.0,0.0,0.0,320.0,160.0,480.0,1064.0,480.0,0.0,0.0,0.0,0.0,0.0,0.0,0.0,0.0,0.0,0.0,0.0,0.0,0.0,0.0,1392.0,696.0,2088.0,4628.4,2088.0
9954.0,LONCHAS SANDWICH PROFESSIONAL LINE-CANAL HORECA 1 KG,DISTRIBUIDORES,PROVISIONES SUROESTE,"000879-PROVISIONES SUROESTE, S.L.",3992.0,6048.0,4512.0,8640.0,4944.0,8352.0,7536.0,10080.0,7096.0,9600.0,8928.0,7248.0,6720.0,8064.0,10944.0,10512.0,5328.0,13488.0,7520.0,14170.56,22256.64,16604.16,31795.2,18193.92,30735.36,27732.48,37094.4,26113.28,35328.0,32855.04,26672.64,24729.6,29675.52,40273.92,38684.16,19607.04,49635.84,27673.6
9954.0,LONCHAS SANDWICH PROFESSIONAL LINE-CANAL HORECA 1 KG,DISTRIBUIDORES,RESTO DISTRIBUIDORES,"000038-LÁCTEOS MENDI, S.L.",336.0,864.0,768.0,576.0,592.0,1104.0,624.0,672.0,768.0,768.0,912.0,672.0,528.0,672.0,1344.0,576.0,768.0,1104.0,624.0,1288.8,3412.8,3033.6,2275.2,2286.56,4062.72,2296.32,2472.96,2826.24,2826.24,3356.16,2472.96,1943.04,2472.96,4945.92,2119.68,2826.24,4062.72,2296.32
9954.0,LONCHAS SANDWICH PROFESSIONAL LINE-CANAL HORECA 1 KG,DISTRIBUIDORES,RESTO DISTRIBUIDORES,000338-GONZALO ALONSO CRUZ (BLOQ.),80.0,80.0,0.0,120.0,16.0,80.0,1.0,24.0,0.0,0.0,0.0,24.0,0.0,0.0,0.0,0.0,0.0,0.0,0.0,312.0,312.0,0.0,468.0,62.4,312.0,0.0,93.6,0.0,0.0,0.0,93.6,0.0,0.0,0.0,0.0,0.0,0.0,0.0
9954.0,LONCHAS SANDWICH PROFESSIONAL LINE-CANAL HORECA 1 KG,DISTRIBUIDORES,RESTO DISTRIBUIDORES,000636-DISTRILOR S.C.L. (BLOQ),56.0,24.0,104.0,40.0,40.0,24.0,16.0,32.0,0.0,0.0,0.0,0.0,0.0,0.0,0.0,0.0,0.0,0.0,0.0,220.4,97.2,421.2,162.0,149.85,97.2,64.8,137.6,0.0,0.0,0.0,0.0,0.0,0.0,0.0,0.0,0.0,0.0,0.0
9954.0,LONCHAS SANDWICH PROFESSIONAL LINE-CANAL HORECA 1 KG,DISTRIBUIDORES,RESTO DISTRIBUIDORES,"000643-ORTHIDAL, S.L.",136.0,160.0,40.0,200.0,128.0,40.0,88.0,152.0,176.0,144.0,64.0,40.0,32.0,32.0,32.0,48.0,56.0,80.0,72.0,472.22,587.57,147.2,732.87,470.05,144.11,323.84,554.94,635.91,529.92,235.52,147.2,117.76,121.28,120.89,181.92,212.24,302.63,272.76
9954.0,LONCHAS SANDWICH PROFESSIONAL LINE-CANAL HORECA 1 KG,DISTRIBUIDORES,RESTO DISTRIBUIDORES,"000646-EL ESPEJO HOSTELERO, S.A.",360.0,608.0,624.0,576.0,728.0,576.0,744.0,232.0,624.0,864.0,576.0,600.0,680.0,384.0,864.0,672.0,624.0,960.0,384.0,1436.0,2413.6,2464.8,2361.6,2984.8,2361.6,3050.4,951.2,2558.4,3542.4,2361.6,2460.0,2741.6,1574.4,3542.4,2755.2,2558.4,3792.0,1574.4
9954.0,LONCHAS SANDWICH PROFESSIONAL LINE-CANAL HORECA 1 KG,DISTRIBUIDORES,RESTO DISTRIBUIDORES,000651-COMERGRAN S.L.,1120.0,960.0,1600.0,1440.0,1040.0,1680.0,920.0,1184.0,1600.0,1360.0,1440.0,1840.0,1200.0,1280.0,1840.0,1600.0,1824.0,1728.0,1200.0,3998.4,3561.6,5888.0,5299.2,3827.2,6182.4,3385.6,4357.12,5888.0,5004.8,5299.2,6771.2,4416.0,4710.4,6771.2,5888.0,6712.32,6359.04,4416.0
9954.0,LONCHAS SANDWICH PROFESSIONAL LINE-CANAL HORECA 1 KG,DISTRIBUIDORES,RESTO DISTRIBUIDORES,000655-EXCLUSIVAS OMEÑACA SL,24.0,32.0,56.0,56.0,24.0,88.0,48.0,40.0,80.0,40.0,32.0,104.0,32.0,48.0,0.0,0.0,0.0,0.0,0.0,98.0,132.8,232.4,232.4,99.6,365.2,199.2,166.0,332.0,166.0,132.8,431.6,132.8,199.2,0.0,0.0,0.0,0.0,0.0
9954.0,LONCHAS SANDWICH PROFESSIONAL LINE-CANAL HORECA 1 KG,DISTRIBUIDORES,RESTO DISTRIBUIDORES,000664-CARLOS ALBERTO LUIS CEJUDO,40.0,56.0,80.0,48.0,80.0,88.0,32.0,40.0,128.0,24.0,64.0,64.0,48.0,48.0,0.0,96.0,96.0,48.0,48.0,150.0,221.2,316.0,189.6,316.0,347.6,126.4,158.0,505.6,94.8,252.8,252.8,189.6,189.6,0.0,379.2,379.2,189.6,189.6
9954.0,LONCHAS SANDWICH PROFESSIONAL LINE-CANAL HORECA 1 KG,DISTRIBUIDORES,RESTO DISTRIBUIDORES,000667-MENA ALIMENTARIA S.L.,48.0,32.0,16.0,64.0,40.0,24.0,16.0,48.0,56.0,16.0,32.0,24.0,24.0,16.0,16.0,64.0,48.0,48.0,48.0,190.56,127.04,63.52,254.08,158.8,95.28,63.52,190.56,222.32,63.52,127.04,95.28,95.28,63.52,63.52,254.08,190.56,190.56,190.56
9954.0,LONCHAS SANDWICH PROFESSIONAL LINE-CANAL HORECA 1 KG,DISTRIBUIDORES,RESTO DISTRIBUIDORES,"000675-CORPORACIÓN LÁCTEA DEL NORTE, S.L.",960.0,480.0,960.0,1440.0,960.0,1440.0,2400.0,1712.0,960.0,1440.0,1920.0,960.0,480.0,1200.0,960.0,1440.0,960.0,1920.0,1920.0,3235.2,1713.6,3427.2,5140.8,3139.2,5140.8,8568.0,6111.84,3427.2,5140.8,6854.4,3427.2,1713.6,4284.0,3427.2,5140.8,3427.2,6854.4,6854.4
9954.0,LONCHAS SANDWICH PROFESSIONAL LINE-CANAL HORECA 1 KG,DISTRIBUIDORES,RESTO DISTRIBUIDORES,"000709-DISTRIBUCIONES MONTEVERDE, S.L.U. ( BLOQ)",0.0,0.0,0.0,0.0,8.0,8.0,16.0,0.0,0.0,0.0,0.0,0.0,0.0,0.0,0.0,0.0,0.0,0.0,0.0,0.0,0.0,0.0,0.0,33.2,33.2,66.4,0.0,0.0,0.0,0.0,0.0,0.0,0.0,0.0,0.0,0.0,0.0,0.0
9954.0,LONCHAS SANDWICH PROFESSIONAL LINE-CANAL HORECA 1 KG,DISTRIBUIDORES,RESTO DISTRIBUIDORES,000711-DISTRIBUCIONES J.M. S.A.,128.0,176.0,192.0,160.0,160.0,240.0,240.0,272.0,104.0,248.0,72.0,224.0,64.0,176.0,224.0,96.0,144.0,336.0,144.0,458.24,647.68,706.56,588.8,588.8,883.2,883.2,1000.96,382.72,912.64,264.96,824.32,235.52,647.68,824.32,353.28,529.92,1236.48,529.92
9954.0,LONCHAS SANDWICH PROFESSIONAL LINE-CANAL HORECA 1 KG,DISTRIBUIDORES,RESTO DISTRIBUIDORES,000725-DISTRIBUCIONES MORERA 2020 S.L.,0.0,120.0,120.0,240.0,0.0,400.0,0.0,200.0,0.0,200.0,160.0,240.0,240.0,0.0,480.0,0.0,192.0,192.0,192.0,0.0,476.4,476.4,952.8,0.0,1588.0,0.0,794.0,0.0,794.0,635.2,952.8,952.8,0.0,1905.6,0.0,762.24,762.24,762.24
9954.0,LONCHAS SANDWICH PROFESSIONAL LINE-CANAL HORECA 1 KG,DISTRIBUIDORES,RESTO DISTRIBUIDORES,000729-BERAN ALIMENTACION SL,40.0,0.0,48.0,32.0,0.0,0.0,80.0,0.0,32.0,48.0,48.0,16.0,80.0,96.0,96.0,48.0,0.0,96.0,0.0,154.0,0.0,194.4,129.6,0.0,0.0,324.0,0.0,129.6,194.4,194.4,64.8,324.0,388.8,388.8,194.4,0.0,388.8,0.0
9954.0,LONCHAS SANDWICH PROFESSIONAL LINE-CANAL HORECA 1 KG,DISTRIBUIDORES,RESTO DISTRIBUIDORES,"000734-UDIAL, S.A. (BLOQ.)",8.0,32.0,56.0,0.0,0.0,0.0,0.0,0.0,0.0,0.0,0.0,0.0,0.0,0.0,0.0,0.0,0.0,0.0,0.0,34.4,137.6,240.8,0.0,0.0,0.0,0.0,0.0,0.0,0.0,0.0,0.0,0.0,0.0,0.0,0.0,0.0,0.0,0.0
9954.0,LONCHAS SANDWICH PROFESSIONAL LINE-CANAL HORECA 1 KG,DISTRIBUIDORES,RESTO DISTRIBUIDORES,000741-DISTRIBUCIÓN DE LECHE EXTREMEÑA S.L. (BLOQ.),0.0,40.0,56.0,0.0,56.0,56.0,0.0,56.0,0.0,56.0,56.0,0.0,56.0,56.0,0.0,0.0,0.0,0.0,0.0,0.0,172.0,240.8,0.0,240.8,240.8,0.0,240.8,0.0,240.8,240.8,0.0,240.8,246.96,0.0,0.0,0.0,0.0,0.0
9954.0,LONCHAS SANDWICH PROFESSIONAL LINE-CANAL HORECA 1 KG,DISTRIBUIDORES,RESTO DISTRIBUIDORES,000745-MARIANO HERNANDEZ MARTIN (BLOQ.),0.0,80.0,0.0,0.0,0.0,0.0,0.0,0.0,0.0,0.0,0.0,0.0,0.0,0.0,0.0,0.0,0.0,0.0,0.0,0.0,344.0,0.0,0.0,0.0,0.0,0.0,0.0,0.0,0.0,0.0,0.0,0.0,0.0,0.0,0.0,0.0,0.0,0.0
9954.0,LONCHAS SANDWICH PROFESSIONAL LINE-CANAL HORECA 1 KG,DISTRIBUIDORES,RESTO DISTRIBUIDORES,000751-PLACOR 2006 S.L.,0.0,24.0,0.0,40.0,8.0,32.0,48.0,48.0,0.0,0.0,0.0,40.0,48.0,0.0,0.0,48.0,0.0,0.0,48.0,0.0,100.3,0.0,167.16,33.43,133.73,200.59,200.59,0.0,0.0,0.0,167.16,200.59,0.0,0.0,200.59,0.0,0.0,200.59
9954.0,LONCHAS SANDWICH PROFESSIONAL LINE-CANAL HORECA 1 KG,DISTRIBUIDORES,RESTO DISTRIBUIDORES,000759-LOGI REST S.L.U.,6240.0,5760.0,8160.0,6720.0,5760.0,6720.0,7680.0,3840.0,10080.0,8640.0,5760.0,9120.0,8160.0,7200.0,7632.0,6112.0,9120.0,5760.0,6240.0,21652.8,19987.2,29126.4,24192.0,20736.0,24192.0,27648.0,13824.0,38304.0,32832.0,21888.0,32832.0,31008.0,27360.0,29001.6,23225.6,34656.0,21888.0,23712.0
9954.0,LONCHAS SANDWICH PROFESSIONAL LINE-CANAL HORECA 1 KG,DISTRIBUIDORES,RESTO DISTRIBUIDORES,"000763-BENIBALDO, S.A.U. (BLOQ.)",480.0,400.0,800.0,1040.0,1200.0,984.0,1360.0,1600.0,1120.0,1360.0,968.0,880.0,848.0,768.0,1824.0,672.0,1008.0,0.0,0.0,1809.6,1588.0,3176.0,4128.8,4764.0,3906.48,5399.2,6352.0,4446.4,5399.2,3842.96,3493.6,3366.56,3048.96,7241.28,2667.84,4001.76,0.0,0.0
9954.0,LONCHAS SANDWICH PROFESSIONAL LINE-CANAL HORECA 1 KG,DISTRIBUIDORES,RESTO DISTRIBUIDORES,"000773-DISTRIBUIDORA HOSTELERIA ALAN TRES, S.L. ( BLOQ)",96.0,240.0,40.0,0.0,120.0,144.0,0.0,0.0,0.0,0.0,0.0,0.0,0.0,0.0,0.0,0.0,0.0,0.0,0.0,393.6,984.0,164.0,0.0,492.0,590.4,0.0,0.0,0.0,0.0,0.0,0.0,0.0,0.0,0.0,0.0,0.0,0.0,0.0
9954.0,LONCHAS SANDWICH PROFESSIONAL LINE-CANAL HORECA 1 KG,DISTRIBUIDORES,RESTO DISTRIBUIDORES,000776-COMERCIAL DIALVA S.A.,288.0,192.0,432.0,192.0,432.0,624.0,240.0,288.0,528.0,240.0,576.0,336.0,384.0,384.0,768.0,240.0,624.0,528.0,0.0,1050.24,706.56,1589.76,699.2,1589.76,2296.32,883.2,1059.84,1943.04,883.2,2119.68,1236.48,1413.12,1413.12,2826.24,883.2,2296.32,1943.04,0.0
9954.0,LONCHAS SANDWICH PROFESSIONAL LINE-CANAL HORECA 1 KG,DISTRIBUIDORES,RESTO DISTRIBUIDORES,000778-FUENTES SERVICIO Y DISTRIBUCIÓN S.L.,200.0,80.0,280.0,144.0,200.0,200.0,80.0,280.0,104.0,160.0,160.0,224.0,1.0,0.0,144.0,192.0,192.0,240.0,0.0,818.0,275.2,1143.25,612.0,845.75,850.0,335.75,1122.0,442.0,680.0,675.75,952.0,0.0,0.0,612.0,816.0,816.0,1020.0,0.0
9954.0,LONCHAS SANDWICH PROFESSIONAL LINE-CANAL HORECA 1 KG,DISTRIBUIDORES,RESTO DISTRIBUIDORES,000789-PALENZUELA DISTRIBUCION 1970 S.L.,8.0,8.0,8.0,16.0,8.0,16.0,0.0,0.0,16.0,0.0,8.0,8.0,8.0,0.0,0.0,0.0,0.0,0.0,0.0,34.4,34.4,34.4,68.8,34.4,68.8,0.0,0.0,68.8,0.0,34.4,34.4,34.4,0.0,0.0,0.0,0.0,0.0,0.0
9954.0,LONCHAS SANDWICH PROFESSIONAL LINE-CANAL HORECA 1 KG,DISTRIBUIDORES,RESTO DISTRIBUIDORES,000790-PALENZUELA LOGISTICA S.L.,64.0,80.0,40.0,120.0,64.0,208.0,56.0,56.0,80.0,96.0,152.0,56.0,64.0,48.0,144.0,48.0,144.0,48.0,144.0,264.0,344.0,172.0,516.0,275.2,894.4,240.8,240.8,344.0,412.8,653.6,240.8,275.2,206.4,619.2,206.4,619.2,206.4,619.2
9954.0,LONCHAS SANDWICH PROFESSIONAL LINE-CANAL HORECA 1 KG,DISTRIBUIDORES,RESTO DISTRIBUIDORES,000791-CAZALEN S.L. (BLOQ.),400.0,160.0,448.0,456.0,360.0,0.0,0.0,0.0,0.0,0.0,0.0,0.0,0.0,0.0,0.0,0.0,0.0,0.0,0.0,1552.0,640.0,1792.0,1824.0,1440.0,0.0,0.0,0.0,0.0,0.0,0.0,0.0,0.0,0.0,0.0,0.0,0.0,0.0,0.0
9954.0,LONCHAS SANDWICH PROFESSIONAL LINE-CANAL HORECA 1 KG,DISTRIBUIDORES,RESTO DISTRIBUIDORES,"000806-CUSTODIO MARTÍN LÓPEZ, S.L.",560.0,480.0,480.0,960.0,800.0,1120.0,640.0,960.0,480.0,1200.0,640.0,640.0,800.0,240.0,1008.0,712.0,960.0,816.0,1440.0,2128.0,1904.8,1920.0,3840.0,3200.0,4480.0,2560.0,3840.0,1920.0,4800.0,2400.0,2560.0,3200.0,960.0,4032.0,2848.0,3840.0,3144.0,5400.0
9954.0,LONCHAS SANDWICH PROFESSIONAL LINE-CANAL HORECA 1 KG,DISTRIBUIDORES,RESTO DISTRIBUIDORES,000815-GLAC S.A.,0.0,0.0,0.0,0.0,0.0,0.0,0.0,0.0,0.0,0.0,0.0,200.0,160.0,96.0,96.0,96.0,144.0,48.0,0.0,0.0,0.0,0.0,0.0,0.0,0.0,0.0,0.0,0.0,0.0,0.0,736.0,588.8,353.28,353.28,353.28,529.92,176.64,0.0
9954.0,LONCHAS SANDWICH PROFESSIONAL LINE-CANAL HORECA 1 KG,DISTRIBUIDORES,RESTO DISTRIBUIDORES,000816-CARLAFEX S.L.,0.0,0.0,0.0,0.0,0.0,0.0,0.0,0.0,0.0,0.0,0.0,320.0,480.0,0.0,336.0,240.0,480.0,336.0,0.0,0.0,0.0,0.0,0.0,0.0,0.0,0.0,0.0,0.0,0.0,0.0,1120.0,1680.0,0.0,1176.0,840.0,1680.0,1176.0,0.0
9954.0,LONCHAS SANDWICH PROFESSIONAL LINE-CANAL HORECA 1 KG,DISTRIBUIDORES,RESTO DISTRIBUIDORES,000821-A.BASARRATE S.A.,64.0,128.0,152.0,160.0,144.0,272.0,216.0,248.0,248.0,136.0,216.0,200.0,136.0,160.0,304.0,48.0,96.0,192.0,240.0,244.8,505.6,600.4,632.0,568.8,1074.4,853.2,979.6,979.6,537.2,853.2,790.0,537.2,632.0,1200.8,189.6,379.2,758.4,948.0
9954.0,LONCHAS SANDWICH PROFESSIONAL LINE-CANAL HORECA 1 KG,DISTRIBUIDORES,RESTO DISTRIBUIDORES,000835-MONICA GIRON VALENCIA (BLOQ.),0.0,0.0,0.0,0.0,0.0,0.0,0.0,0.0,0.0,0.0,0.0,0.0,0.0,0.0,0.0,0.0,0.0,0.0,0.0,0.0,0.0,0.0,0.0,0.0,0.0,0.0,0.0,0.0,0.0,0.0,0.0,0.0,0.0,0.0,0.0,0.0,0.0,0.0
9954.0,LONCHAS SANDWICH PROFESSIONAL LINE-CANAL HORECA 1 KG,DISTRIBUIDORES,RESTO DISTRIBUIDORES,"000836-DISTRIBUCIONES SERVERA, S.A.",160.0,40.0,248.0,160.0,136.0,480.0,160.0,120.0,160.0,48.0,80.0,56.0,0.0,32.0,16.0,48.0,48.0,768.0,0.0,572.8,147.2,912.64,588.8,500.48,1766.4,588.8,441.6,588.8,176.64,294.4,206.08,0.0,117.76,58.88,176.64,176.64,2826.24,0.0
9954.0,LONCHAS SANDWICH PROFESSIONAL LINE-CANAL HORECA 1 KG,DISTRIBUIDORES,RESTO DISTRIBUIDORES,"000854-EL CONCHEL D´GUSTO, S.L.U. (BLOQ.)",600.0,216.0,480.0,0.0,0.0,0.0,0.0,0.0,0.0,0.0,0.0,0.0,0.0,0.0,0.0,0.0,0.0,0.0,0.0,2350.0,853.55,1905.6,0.0,0.0,0.0,0.0,0.0,0.0,0.0,0.0,0.0,0.0,0.0,0.0,0.0,0.0,0.0,0.0
9954.0,LONCHAS SANDWICH PROFESSIONAL LINE-CANAL HORECA 1 KG,DISTRIBUIDORES,RESTO DISTRIBUIDORES,"000855-CASA BASTIDA, S.L. ( BLOQ )",0.0,0.0,0.0,8.0,0.0,0.0,0.0,0.0,0.0,0.0,0.0,0.0,0.0,0.0,0.0,0.0,0.0,0.0,0.0,0.0,0.0,0.0,29.44,0.0,0.0,0.0,0.0,0.0,0.0,0.0,0.0,0.0,0.0,0.0,0.0,0.0,0.0,0.0
9954.0,LONCHAS SANDWICH PROFESSIONAL LINE-CANAL HORECA 1 KG,DISTRIBUIDORES,RESTO DISTRIBUIDORES,"000857-COR GELAT, S.L.U. ( BLOQ )",0.0,0.0,0.0,0.0,0.0,0.0,0.0,0.0,0.0,0.0,0.0,0.0,0.0,0.0,0.0,0.0,0.0,0.0,0.0,0.0,0.0,0.0,0.0,0.0,0.0,0.0,0.0,0.0,0.0,0.0,0.0,0.0,0.0,0.0,0.0,0.0,0.0,0.0
9954.0,LONCHAS SANDWICH PROFESSIONAL LINE-CANAL HORECA 1 KG,DISTRIBUIDORES,RESTO DISTRIBUIDORES,"000858-COVADUL FAST FOOD, S.L.",24.0,120.0,176.0,64.0,64.0,112.0,112.0,208.0,152.0,136.0,160.0,160.0,176.0,136.0,192.0,48.0,240.0,192.0,144.0,83.52,441.6,647.68,235.52,235.52,412.16,412.16,765.44,559.36,500.48,588.8,588.8,647.68,500.48,706.56,176.64,883.2,706.56,529.92
9954.0,LONCHAS SANDWICH PROFESSIONAL LINE-CANAL HORECA 1 KG,DISTRIBUIDORES,RESTO DISTRIBUIDORES,"000864-RISCALES ALIMENTACIÓN, S.L.",16.0,8.0,8.0,16.0,16.0,288.0,728.0,712.0,336.0,192.0,152.0,232.0,208.0,208.0,464.0,240.0,240.0,576.0,480.0,61.6,30.8,30.8,61.6,61.6,1108.8,2802.8,2741.2,1293.6,739.2,585.2,864.64,765.44,765.44,1707.52,883.2,883.2,2119.68,1766.4
9954.0,LONCHAS SANDWICH PROFESSIONAL LINE-CANAL HORECA 1 KG,DISTRIBUIDORES,RESTO DISTRIBUIDORES,"000865-DISALCON95, S.L.",600.0,80.0,168.0,280.0,376.0,480.0,520.0,520.0,704.0,480.0,840.0,512.0,640.0,528.0,720.0,576.0,432.0,960.0,144.0,2294.0,317.6,666.96,1111.6,1492.72,1905.6,2064.4,2064.4,2794.88,1905.6,3334.8,2032.64,2540.8,2096.16,2858.4,2286.72,1715.04,3811.2,571.68
9954.0,LONCHAS SANDWICH PROFESSIONAL LINE-CANAL HORECA 1 KG,DISTRIBUIDORES,RESTO DISTRIBUIDORES,000870-COMERCIAL LEÓN ZARAGOZA S.L.,16.0,16.0,0.0,0.0,0.0,0.0,0.0,0.0,0.0,0.0,0.0,0.0,0.0,0.0,0.0,0.0,0.0,0.0,0.0,63.52,14.51,0.0,0.0,0.0,0.0,0.0,0.0,0.0,0.0,0.0,0.0,0.0,0.0,0.0,0.0,0.0,0.0,0.0
9954.0,LONCHAS SANDWICH PROFESSIONAL LINE-CANAL HORECA 1 KG,DISTRIBUIDORES,RESTO DISTRIBUIDORES,"000890-OCEANÍA FOOD SELECTION, S.L. ( bloq)",32.0,24.0,64.0,0.0,0.0,0.0,0.0,0.0,0.0,0.0,0.0,0.0,0.0,0.0,0.0,0.0,0.0,0.0,0.0,120.64,50.04,254.08,0.0,0.0,0.0,0.0,0.0,0.0,0.0,0.0,0.0,0.0,0.0,0.0,0.0,0.0,0.0,0.0
9954.0,LONCHAS SANDWICH PROFESSIONAL LINE-CANAL HORECA 1 KG,DISTRIBUIDORES,RESTO DISTRIBUIDORES,000916-SERVICHEF GASTRONOMÍA S.L.,0.0,24.0,0.0,0.0,0.0,0.0,16.0,0.0,8.0,0.0,16.0,0.0,0.0,0.0,48.0,0.0,0.0,96.0,0.0,0.0,95.28,0.0,0.0,0.0,0.0,63.52,0.0,31.76,0.0,63.52,0.0,0.0,0.0,190.56,0.0,0.0,381.12,0.0
9954.0,LONCHAS SANDWICH PROFESSIONAL LINE-CANAL HORECA 1 KG,DISTRIBUIDORES,RESTO DISTRIBUIDORES,"000922-GRUPO EMPRESARIAL SOS, S.L.",0.0,0.0,160.0,120.0,80.0,40.0,64.0,80.0,80.0,80.0,96.0,0.0,0.0,0.0,0.0,96.0,0.0,96.0,48.0,0.0,0.0,656.0,492.0,328.0,164.0,262.4,328.0,328.0,328.0,393.6,0.0,0.0,0.0,0.0,393.6,0.0,393.6,196.8
9954.0,LONCHAS SANDWICH PROFESSIONAL LINE-CANAL HORECA 1 KG,DISTRIBUIDORES,RESTO DISTRIBUIDORES,"000937-SEÑORIO DE ARCE, S.L.",0.0,0.0,0.0,0.0,0.0,0.0,0.0,0.0,80.0,80.0,64.0,48.0,32.0,64.0,96.0,0.0,48.0,96.0,0.0,0.0,0.0,0.0,0.0,0.0,0.0,0.0,0.0,294.4,294.4,235.52,176.64,117.76,235.52,353.28,0.0,176.64,353.28,0.0
9954.0,LONCHAS SANDWICH PROFESSIONAL LINE-CANAL HORECA 1 KG,DISTRIBUIDORES,RESTO DISTRIBUIDORES,000957-VASCOFRIGO S.L.,0.0,0.0,0.0,0.0,0.0,0.0,0.0,0.0,0.0,0.0,0.0,0.0,168.0,304.0,144.0,96.0,144.0,192.0,96.0,0.0,0.0,0.0,0.0,0.0,0.0,0.0,0.0,0.0,0.0,0.0,0.0,663.6,1136.0,529.92,353.28,529.92,706.56,353.28
9954.0,LONCHAS SANDWICH PROFESSIONAL LINE-CANAL HORECA 1 KG,DISTRIBUIDORES,RESTO DISTRIBUIDORES,000977-GONZALO RODRÍGUEZ MACÍAS S.L.U.,0.0,0.0,0.0,0.0,0.0,0.0,0.0,0.0,0.0,0.0,0.0,0.0,0.0,0.0,0.0,0.0,48.0,48.0,0.0,0.0,0.0,0.0,0.0,0.0,0.0,0.0,0.0,0.0,0.0,0.0,0.0,0.0,0.0,0.0,0.0,190.56,190.56,0.0
9954.0,LONCHAS SANDWICH PROFESSIONAL LINE-CANAL HORECA 1 KG,DISTRIBUIDORES,RESTO DISTRIBUIDORES,000983-DISHORE S.L.,0.0,0.0,0.0,0.0,0.0,0.0,0.0,0.0,0.0,0.0,0.0,0.0,0.0,0.0,0.0,0.0,0.0,1104.0,1008.0,0.0,0.0,0.0,0.0,0.0,0.0,0.0,0.0,0.0,0.0,0.0,0.0,0.0,0.0,0.0,0.0,0.0,4382.88,4001.76
9954.0,LONCHAS SANDWICH PROFESSIONAL LINE-CANAL HORECA 1 KG,DISTRIBUIDORES,TGT,000580-LOGÍSTICA Y TRANSFORMACIÓN LÁCTEA S.L. ( bloq),960.0,480.0,960.0,960.0,960.0,960.0,1440.0,0.0,0.0,0.0,0.0,0.0,0.0,0.0,0.0,0.0,0.0,0.0,0.0,3984.0,2112.0,4224.0,4224.0,4224.0,4224.0,6758.4,0.0,0.0,0.0,0.0,0.0,0.0,0.0,0.0,0.0,0.0,0.0,0.0
9954.0,LONCHAS SANDWICH PROFESSIONAL LINE-CANAL HORECA 1 KG,EXPORT,RESTO EXPORT,"000810-OSFAMA - DISTRIBUICAO, IMPORTACAO E EXPORTACAO",0.0,0.0,0.0,0.0,0.0,0.0,0.0,0.0,0.0,0.0,0.0,0.0,0.0,0.0,0.0,0.0,0.0,0.0,0.0,0.0,0.0,0.0,0.0,0.0,0.0,0.0,0.0,0.0,0.0,0.0,0.0,0.0,0.0,0.0,0.0,0.0,0.0,0.0
9954.0,LONCHAS SANDWICH PROFESSIONAL LINE-CANAL HORECA 1 KG,EXPORT,RESTO EXPORT,"000842-NUNES & FREITAS, LDA (BLOQ.)",0.0,0.0,0.0,0.0,0.0,0.0,0.0,0.0,0.0,0.0,0.0,0.0,0.0,0.0,0.0,0.0,0.0,0.0,0.0,0.0,0.0,0.0,0.0,0.0,0.0,0.0,0.0,0.0,0.0,0.0,0.0,0.0,0.0,0.0,0.0,0.0,0.0,0.0
9954.0,LONCHAS SANDWICH PROFESSIONAL LINE-CANAL HORECA 1 KG,EXPORT,RESTO EXPORT,"000853-MTZ, LDA ( BLOQ)",0.0,0.0,0.0,0.0,0.0,0.0,0.0,0.0,0.0,0.0,0.0,0.0,0.0,0.0,0.0,0.0,0.0,0.0,0.0,0.0,0.0,0.0,0.0,0.0,0.0,0.0,0.0,0.0,0.0,0.0,0.0,0.0,0.0,0.0,0.0,0.0,0.0,0.0
9954.0,LONCHAS SANDWICH PROFESSIONAL LINE-CANAL HORECA 1 KG,INDUSTRIALES & FOOD SERVICE,RESTO INDUSTRIALES & FOODSERVICE,000708-CASHDIPLO SLU ( bloq),1200.0,816.0,1728.0,1152.0,1248.0,1200.0,720.0,0.0,0.0,0.0,0.0,0.0,0.0,0.0,0.0,0.0,0.0,0.0,0.0,3712.13,3190.56,6950.88,2424.96,5066.88,4872.0,2923.2,0.0,0.0,0.0,0.0,0.0,0.0,0.0,0.0,0.0,0.0,0.0,0.0
9954.0,LONCHAS SANDWICH PROFESSIONAL LINE-CANAL HORECA 1 KG,INDUSTRIALES & FOOD SERVICE,RESTO INDUSTRIALES & FOODSERVICE,000782-MANOLO GARCÍA EMBUTIDO CALIDAD S.L.,0.0,0.0,0.0,0.0,0.0,0.0,0.0,0.0,0.0,0.0,0.0,0.0,0.0,0.0,0.0,0.0,0.0,0.0,0.0,0.0,0.0,0.0,0.0,0.0,0.0,0.0,0.0,0.0,0.0,0.0,0.0,0.0,0.0,0.0,0.0,0.0,0.0,0.0
9954.0,LONCHAS SANDWICH PROFESSIONAL LINE-CANAL HORECA 1 KG,INDUSTRIALES & FOOD SERVICE,RESTO INDUSTRIALES & FOODSERVICE,"000828-QUE S LIDER, S.L.",80.0,208.0,176.0,80.0,160.0,112.0,128.0,48.0,192.0,208.0,112.0,224.0,80.0,96.0,128.0,176.0,48.0,144.0,48.0,294.4,765.44,644.0,294.4,588.8,412.16,471.04,176.64,706.56,765.44,412.16,824.32,294.4,353.28,471.04,647.68,176.64,529.92,176.64
9954.0,LONCHAS SANDWICH PROFESSIONAL LINE-CANAL HORECA 1 KG,INDUSTRIALES & FOOD SERVICE,RESTO INDUSTRIALES & FOODSERVICE,"000841-SERVICARFRES, S.L.U.",960.0,480.0,960.0,480.0,960.0,960.0,480.0,0.0,480.0,960.0,960.0,960.0,960.0,480.0,1440.0,960.0,480.0,960.0,480.0,4032.0,2064.0,4128.0,2064.0,4128.0,4128.0,2064.0,0.0,2064.0,4128.0,4128.0,4128.0,4128.0,2064.0,6192.0,4128.0,2064.0,4128.0,2064.0
9954.0,LONCHAS SANDWICH PROFESSIONAL LINE-CANAL HORECA 1 KG,INDUSTRIALES & FOOD SERVICE,RESTO INDUSTRIALES & FOODSERVICE,000850-UNIDE SDAD. COOP. (BLOQ.),192.0,192.0,336.0,288.0,576.0,384.0,480.0,496.0,624.0,432.0,576.0,384.0,480.0,336.0,0.0,0.0,0.0,0.0,0.0,746.48,769.52,1346.68,1154.3,2308.6,1539.08,1923.84,1987.97,2501.0,1731.45,2308.61,1539.07,1923.84,1346.69,0.0,0.0,0.0,0.0,0.0
9954.0,LONCHAS SANDWICH PROFESSIONAL LINE-CANAL HORECA 1 KG,INDUSTRIALES & FOOD SERVICE,RESTO INDUSTRIALES & FOODSERVICE,"000875-APETECE ARTESANOS DE LA EMPANADA, S.L. (BLOQ.)",960.0,480.0,960.0,0.0,0.0,0.0,0.0,0.0,0.0,480.0,0.0,0.0,0.0,0.0,0.0,0.0,0.0,0.0,0.0,4032.0,2064.0,4128.0,0.0,0.0,0.0,0.0,0.0,0.0,1905.6,0.0,0.0,0.0,0.0,0.0,0.0,0.0,0.0,0.0
9954.0,LONCHAS SANDWICH PROFESSIONAL LINE-CANAL HORECA 1 KG,INDUSTRIALES & FOOD SERVICE,RESTO INDUSTRIALES & FOODSERVICE,000892-CARNES IBERICAS DEL NORTE S.L.U.,904.0,400.0,1008.0,1008.0,1104.0,656.0,504.0,1000.0,1608.0,600.0,1000.0,504.0,672.0,1008.0,672.0,336.0,0.0,976.0,336.0,3807.2,1720.0,4334.4,4334.4,4747.2,2820.8,2167.2,4300.0,6914.4,2580.0,4300.0,2167.2,2889.6,4334.4,2889.6,1444.8,0.0,4196.8,1444.8
9954.0,LONCHAS SANDWICH PROFESSIONAL LINE-CANAL HORECA 1 KG,RESTAURACION,RESTAURACION,000952-DISCROSAN S.L,0.0,0.0,0.0,0.0,0.0,0.0,0.0,0.0,0.0,0.0,352.0,352.0,352.0,0.0,672.0,0.0,672.0,336.0,0.0,0.0,0.0,0.0,0.0,0.0,0.0,0.0,0.0,0.0,0.0,1432.64,1432.64,1432.64,0.0,2735.04,0.0,1562.88,1367.52,0.0
9954.0,LONCHAS SANDWICH PROFESSIONAL LINE-CANAL HORECA 1 KG,RETAIL,EUROMADI,"000512-TRANSGOURMET IBÉRICA, SAU",0.0,0.0,0.0,0.0,0.0,0.0,0.0,0.0,0.0,0.0,0.0,0.0,0.0,0.0,0.0,0.0,0.0,0.0,0.0,0.0,0.0,0.0,0.0,0.0,0.0,0.0,0.0,0.0,0.0,0.0,0.0,0.0,0.0,0.0,0.0,0.0,0.0,0.0
9954.0,LONCHAS SANDWICH PROFESSIONAL LINE-CANAL HORECA 1 KG,RETAIL,IFA,000823-HIPER USERA S.L.,4320.0,3360.0,5280.0,0.0,7680.0,3840.0,3840.0,4320.0,4800.0,5760.0,3840.0,3840.0,3840.0,3360.0,5760.0,2880.0,5760.0,6864.0,3360.0,15768.0,12264.0,19272.0,0.0,28032.0,14016.0,14016.0,15768.0,17520.0,21024.0,14016.0,14016.0,14016.0,12264.0,21024.0,10512.0,21024.0,25053.6,12264.0
9954.0,LONCHAS SANDWICH PROFESSIONAL LINE-CANAL HORECA 1 KG,RETAIL,IFA,000940-ALIMERKA S.A.U.,0.0,0.0,0.0,0.0,0.0,0.0,0.0,0.0,0.0,0.0,0.0,0.0,0.0,0.0,48.0,0.0,96.0,0.0,96.0,0.0,0.0,0.0,0.0,0.0,0.0,0.0,0.0,0.0,0.0,0.0,0.0,0.0,0.0,211.2,0.0,409.73,0.0,422.4
9955.0,LONCHAS CON GOUDA PROFESSIONAL LINE-CANAL HORECA 1 KG,CASH & CARRY,MAKRO,000621-MAKRO DISTRIBUCIÓN MAYORISTA SA,3536.0,4520.0,5760.0,6712.0,5456.0,4848.0,7208.0,5480.0,7264.0,5232.0,4552.0,6182.0,4936.0,4280.0,6960.0,4680.0,7288.0,6168.0,6736.0,16435.33,21008.95,26772.51,31197.37,25359.48,22533.48,33502.76,25471.04,33763.07,24318.32,21157.67,28528.62,22024.94,19801.23,32350.08,21752.65,33874.61,28668.87,31308.93
9955.0,LONCHAS CON GOUDA PROFESSIONAL LINE-CANAL HORECA 1 KG,CASH & CARRY,OTROS CASH & CARRY,"000970-COMPAÑÍA DE FRESCOS SALUDABLES, SLU  (COFRESA)",0.0,0.0,0.0,0.0,0.0,0.0,0.0,0.0,0.0,0.0,0.0,0.0,0.0,0.0,320.0,80.0,80.0,400.0,320.0,0.0,0.0,0.0,0.0,0.0,0.0,0.0,0.0,0.0,0.0,0.0,0.0,0.0,0.0,1600.0,400.0,400.0,2000.0,1600.0
9955.0,LONCHAS CON GOUDA PROFESSIONAL LINE-CANAL HORECA 1 KG,DISTRIBUIDORES,PROVISIONES SUROESTE,"000879-PROVISIONES SUROESTE, S.L.",288.0,912.0,912.0,1680.0,1008.0,912.0,1296.0,1440.0,768.0,864.0,672.0,1248.0,624.0,1152.0,2016.0,1104.0,912.0,1728.0,2688.0,1176.0,3784.8,3784.8,6972.0,4183.2,3784.8,5378.4,5976.0,3187.2,3585.6,2788.8,5179.2,2589.6,4780.8,8366.4,4581.6,3784.8,7171.2,11155.2
9955.0,LONCHAS CON GOUDA PROFESSIONAL LINE-CANAL HORECA 1 KG,DISTRIBUIDORES,RESTO DISTRIBUIDORES,000651-COMERGRAN S.L.,160.0,120.0,240.0,160.0,200.0,320.0,80.0,160.0,440.0,320.0,280.0,280.0,280.0,280.0,280.0,320.0,304.0,336.0,336.0,688.0,498.0,996.0,664.0,830.0,1328.0,332.0,664.0,1826.0,1328.0,1162.0,1162.0,1162.0,1162.0,1162.0,1328.0,1261.6,1394.4,1394.4
9955.0,LONCHAS CON GOUDA PROFESSIONAL LINE-CANAL HORECA 1 KG,DISTRIBUIDORES,RESTO DISTRIBUIDORES,"000734-UDIAL, S.A. (BLOQ.)",0.0,16.0,72.0,16.0,0.0,0.0,0.0,0.0,0.0,0.0,0.0,0.0,0.0,0.0,0.0,0.0,0.0,0.0,0.0,0.0,90.4,406.8,90.4,0.0,0.0,0.0,0.0,0.0,0.0,0.0,0.0,0.0,0.0,0.0,0.0,0.0,0.0,0.0
9955.0,LONCHAS CON GOUDA PROFESSIONAL LINE-CANAL HORECA 1 KG,DISTRIBUIDORES,RESTO DISTRIBUIDORES,"000763-BENIBALDO, S.A.U. (BLOQ.)",0.0,0.0,0.0,0.0,64.0,72.0,0.0,8.0,0.0,8.0,8.0,16.0,16.0,0.0,0.0,0.0,0.0,0.0,0.0,0.0,0.0,0.0,0.0,295.04,331.92,0.0,36.88,0.0,36.88,36.88,73.76,73.76,0.0,0.0,0.0,0.0,0.0,0.0
9955.0,LONCHAS CON GOUDA PROFESSIONAL LINE-CANAL HORECA 1 KG,DISTRIBUIDORES,RESTO DISTRIBUIDORES,000776-COMERCIAL DIALVA S.A.,144.0,48.0,48.0,0.0,0.0,288.0,0.0,0.0,0.0,0.0,0.0,0.0,0.0,0.0,0.0,0.0,0.0,0.0,0.0,612.48,207.36,203.04,0.0,0.0,1244.16,0.0,0.0,0.0,0.0,0.0,0.0,0.0,0.0,0.0,0.0,0.0,0.0,0.0
9955.0,LONCHAS CON GOUDA PROFESSIONAL LINE-CANAL HORECA 1 KG,DISTRIBUIDORES,RESTO DISTRIBUIDORES,000790-PALENZUELA LOGISTICA S.L.,0.0,0.0,0.0,0.0,0.0,8.0,0.0,16.0,8.0,0.0,0.0,0.0,0.0,0.0,0.0,0.0,0.0,0.0,0.0,0.0,0.0,0.0,0.0,0.0,42.8,0.0,85.6,42.8,0.0,0.0,0.0,0.0,0.0,0.0,0.0,0.0,0.0,0.0
9955.0,LONCHAS CON GOUDA PROFESSIONAL LINE-CANAL HORECA 1 KG,DISTRIBUIDORES,RESTO DISTRIBUIDORES,"000822-JASLA HOSTELERIA, S.L. (BLOQ.)",0.0,0.0,0.0,0.0,0.0,0.0,0.0,0.0,0.0,0.0,0.0,0.0,0.0,0.0,0.0,0.0,0.0,0.0,0.0,0.0,0.0,0.0,0.0,0.0,0.0,0.0,0.0,0.0,0.0,0.0,0.0,0.0,0.0,0.0,0.0,0.0,0.0,0.0
9955.0,LONCHAS CON GOUDA PROFESSIONAL LINE-CANAL HORECA 1 KG,DISTRIBUIDORES,RESTO DISTRIBUIDORES,"000864-RISCALES ALIMENTACIÓN, S.L.",0.0,0.0,0.0,0.0,0.0,0.0,0.0,0.0,0.0,0.0,16.0,0.0,8.0,40.0,0.0,0.0,160.0,0.0,48.0,0.0,0.0,0.0,0.0,0.0,0.0,0.0,0.0,0.0,0.0,72.8,0.0,34.56,172.8,0.0,0.0,691.2,0.0,207.36
9955.0,LONCHAS CON GOUDA PROFESSIONAL LINE-CANAL HORECA 1 KG,DISTRIBUIDORES,RESTO DISTRIBUIDORES,"000865-DISALCON95, S.L.",64.0,88.0,96.0,104.0,80.0,120.0,144.0,184.0,40.0,88.0,160.0,32.0,128.0,0.0,144.0,144.0,184.0,192.0,48.0,282.24,405.68,442.56,479.44,368.8,553.2,663.84,848.24,184.4,405.68,737.6,147.52,590.08,0.0,663.84,663.84,848.24,885.12,221.28
9955.0,LONCHAS CON GOUDA PROFESSIONAL LINE-CANAL HORECA 1 KG,DISTRIBUIDORES,RESTO DISTRIBUIDORES,000870-COMERCIAL LEÓN ZARAGOZA S.L.,0.0,0.0,8.0,0.0,8.0,8.0,0.0,8.0,8.0,8.0,24.0,16.0,8.0,8.0,0.0,0.0,0.0,0.0,0.0,0.0,0.0,36.88,0.0,36.88,36.88,0.0,36.88,36.88,36.88,110.64,73.76,36.88,36.88,0.0,0.0,0.0,0.0,0.0
9955.0,LONCHAS CON GOUDA PROFESSIONAL LINE-CANAL HORECA 1 KG,DISTRIBUIDORES,RESTO DISTRIBUIDORES,000950-GRUP ALIMENTARI DISTECO S.A,0.0,0.0,0.0,0.0,0.0,0.0,0.0,0.0,0.0,0.0,0.0,0.0,40.0,24.0,0.0,24.0,104.0,0.0,96.0,0.0,0.0,0.0,0.0,0.0,0.0,0.0,0.0,0.0,0.0,0.0,0.0,172.8,103.68,0.0,103.68,449.28,0.0,414.72
9955.0,LONCHAS CON GOUDA PROFESSIONAL LINE-CANAL HORECA 1 KG,DISTRIBUIDORES,RESTO DISTRIBUIDORES,000957-VASCOFRIGO S.L.,0.0,0.0,0.0,0.0,0.0,0.0,0.0,0.0,0.0,0.0,0.0,0.0,120.0,48.0,48.0,48.0,0.0,48.0,96.0,0.0,0.0,0.0,0.0,0.0,0.0,0.0,0.0,0.0,0.0,0.0,0.0,558.0,207.36,207.36,207.36,0.0,207.36,414.72
9955.0,LONCHAS CON GOUDA PROFESSIONAL LINE-CANAL HORECA 1 KG,EXPORT,RESTO EXPORT,"000810-OSFAMA - DISTRIBUICAO, IMPORTACAO E EXPORTACAO",0.0,0.0,0.0,0.0,0.0,0.0,0.0,0.0,0.0,0.0,0.0,0.0,0.0,0.0,0.0,0.0,0.0,0.0,0.0,0.0,0.0,0.0,0.0,0.0,0.0,0.0,0.0,0.0,0.0,0.0,0.0,0.0,0.0,0.0,0.0,0.0,0.0,0.0
9955.0,LONCHAS CON GOUDA PROFESSIONAL LINE-CANAL HORECA 1 KG,EXPORT,RESTO EXPORT,"000842-NUNES & FREITAS, LDA (BLOQ.)",0.0,0.0,0.0,0.0,0.0,0.0,0.0,0.0,0.0,0.0,0.0,0.0,0.0,0.0,0.0,0.0,0.0,0.0,0.0,0.0,0.0,0.0,0.0,0.0,0.0,0.0,0.0,0.0,0.0,0.0,0.0,0.0,0.0,0.0,0.0,0.0,0.0,0.0
9955.0,LONCHAS CON GOUDA PROFESSIONAL LINE-CANAL HORECA 1 KG,EXPORT,RESTO EXPORT,000847-L.H.R. LDA. ( BLOQ),0.0,0.0,0.0,0.0,0.0,0.0,0.0,0.0,0.0,0.0,0.0,0.0,0.0,0.0,0.0,0.0,0.0,0.0,0.0,0.0,0.0,0.0,0.0,0.0,0.0,0.0,0.0,0.0,0.0,0.0,0.0,0.0,0.0,0.0,0.0,0.0,0.0,0.0
9955.0,LONCHAS CON GOUDA PROFESSIONAL LINE-CANAL HORECA 1 KG,EXPORT,RESTO EXPORT,"000853-MTZ, LDA ( BLOQ)",0.0,0.0,0.0,0.0,0.0,0.0,0.0,0.0,0.0,0.0,0.0,0.0,0.0,0.0,0.0,0.0,0.0,0.0,0.0,0.0,0.0,0.0,0.0,0.0,0.0,0.0,0.0,0.0,0.0,0.0,0.0,0.0,0.0,0.0,0.0,0.0,0.0,0.0
9955.0,LONCHAS CON GOUDA PROFESSIONAL LINE-CANAL HORECA 1 KG,INDUSTRIALES & FOOD SERVICE,RESTO INDUSTRIALES & FOODSERVICE,"000828-QUE S LIDER, S.L.",8.0,8.0,16.0,24.0,0.0,24.0,0.0,40.0,0.0,0.0,0.0,0.0,0.0,0.0,0.0,0.0,0.0,0.0,0.0,32.96,34.56,69.12,103.68,0.0,103.68,0.0,172.8,0.0,0.0,0.0,0.0,0.0,0.0,0.0,0.0,0.0,0.0,0.0
9955.0,LONCHAS CON GOUDA PROFESSIONAL LINE-CANAL HORECA 1 KG,INDUSTRIALES & FOOD SERVICE,RESTO INDUSTRIALES & FOODSERVICE,000850-UNIDE SDAD. COOP. (BLOQ.),48.0,96.0,48.0,96.0,144.0,96.0,144.0,96.0,144.0,48.0,96.0,96.0,96.0,96.0,0.0,0.0,0.0,0.0,0.0,223.6,462.34,231.17,462.34,693.51,462.34,693.51,462.34,693.51,231.17,462.34,462.34,462.34,231.17,0.0,0.0,0.0,0.0,0.0
9955.0,LONCHAS CON GOUDA PROFESSIONAL LINE-CANAL HORECA 1 KG,RETAIL,EUROMADI,"000512-TRANSGOURMET IBÉRICA, SAU",0.0,0.0,1200.0,0.0,0.0,0.0,-1.0,0.0,0.0,0.0,0.0,0.0,0.0,0.0,0.0,0.0,0.0,0.0,0.0,0.0,0.0,5269.21,0.0,0.0,0.0,-4.4,0.0,0.0,0.0,0.0,0.0,0.0,0.0,0.0,0.0,0.0,0.0,0.0
9955.0,LONCHAS CON GOUDA PROFESSIONAL LINE-CANAL HORECA 1 KG,RETAIL,IFA,000661-ALIMERKA S.A.U.,0.0,0.0,0.0,0.0,0.0,0.0,0.0,0.0,0.0,0.0,0.0,0.0,0.0,0.0,0.0,0.0,0.0,0.0,0.0,0.0,0.0,0.0,0.0,0.0,0.0,0.0,0.0,0.0,0.0,0.0,0.0,0.0,0.0,0.0,0.0,0.0,0.0,0.0
9955.0,LONCHAS CON GOUDA PROFESSIONAL LINE-CANAL HORECA 1 KG,RETAIL,IFA,000940-ALIMERKA S.A.U.,0.0,0.0,0.0,0.0,0.0,0.0,0.0,0.0,0.0,0.0,0.0,0.0,0.0,0.0,48.0,0.0,96.0,0.0,96.0,0.0,0.0,0.0,0.0,0.0,0.0,0.0,0.0,0.0,0.0,0.0,0.0,0.0,0.0,211.2,0.0,409.73,0.0,422.4
9956.0,LONCHAS CON EDAM PROFESSIONAL LINE-CANAL HORECA 1 KG,CASH & CARRY,MAKRO,000621-MAKRO DISTRIBUCIÓN MAYORISTA SA,4272.0,4424.0,6144.0,7352.0,6960.0,6280.0,7296.0,7440.0,9240.0,5352.0,5512.0,6432.0,8544.0,4232.0,9040.0,7040.0,7816.0,7504.0,8128.0,19856.25,20562.76,28557.3,34172.07,32350.09,29189.44,33911.8,34581.1,42947.51,24876.09,25619.76,29663.88,38124.18,19561.77,42017.91,32721.92,36328.77,34878.58,37778.93
9956.0,LONCHAS CON EDAM PROFESSIONAL LINE-CANAL HORECA 1 KG,CASH & CARRY,OTROS CASH & CARRY,"000970-COMPAÑÍA DE FRESCOS SALUDABLES, SLU  (COFRESA)",0.0,0.0,0.0,0.0,0.0,0.0,0.0,0.0,0.0,0.0,0.0,0.0,0.0,0.0,320.0,80.0,240.0,640.0,80.0,0.0,0.0,0.0,0.0,0.0,0.0,0.0,0.0,0.0,0.0,0.0,0.0,0.0,0.0,1600.0,400.0,1200.0,3200.0,400.0
9956.0,LONCHAS CON EDAM PROFESSIONAL LINE-CANAL HORECA 1 KG,DISTRIBUIDORES,PROVISIONES SUROESTE,"000879-PROVISIONES SUROESTE, S.L.",192.0,976.0,672.0,1056.0,888.0,288.0,1152.0,624.0,1008.0,672.0,528.0,528.0,576.0,624.0,960.0,1104.0,528.0,1344.0,1504.0,758.4,4050.4,2788.8,4382.4,3685.2,1195.2,4780.8,2589.6,4183.2,2788.8,2191.2,2191.2,2390.4,2589.6,3984.0,4581.6,2191.2,5577.6,6241.6
9956.0,LONCHAS CON EDAM PROFESSIONAL LINE-CANAL HORECA 1 KG,DISTRIBUIDORES,RESTO DISTRIBUIDORES,000651-COMERGRAN S.L.,160.0,80.0,240.0,200.0,120.0,200.0,160.0,200.0,360.0,280.0,240.0,240.0,160.0,320.0,360.0,240.0,216.0,288.0,288.0,688.0,332.0,996.0,830.0,498.0,830.0,664.0,830.0,1494.0,1162.0,996.0,996.0,664.0,1328.0,1494.0,996.0,896.4,1195.2,1195.2
9956.0,LONCHAS CON EDAM PROFESSIONAL LINE-CANAL HORECA 1 KG,DISTRIBUIDORES,RESTO DISTRIBUIDORES,000676-EXCLUSIVAS ALIMENTARIAS 1998 S.L. (BLOQ.),0.0,0.0,200.0,0.0,24.0,0.0,0.0,0.0,0.0,0.0,0.0,0.0,0.0,0.0,0.0,0.0,0.0,0.0,0.0,0.0,0.0,922.0,0.0,110.64,0.0,0.0,0.0,0.0,0.0,0.0,0.0,0.0,0.0,0.0,0.0,0.0,0.0,0.0
9956.0,LONCHAS CON EDAM PROFESSIONAL LINE-CANAL HORECA 1 KG,DISTRIBUIDORES,RESTO DISTRIBUIDORES,000725-DISTRIBUCIONES MORERA 2020 S.L.,0.0,16.0,16.0,0.0,0.0,0.0,0.0,0.0,0.0,0.0,0.0,0.0,0.0,0.0,0.0,0.0,0.0,0.0,0.0,0.0,73.76,73.76,0.0,0.0,0.0,0.0,0.0,0.0,0.0,0.0,0.0,0.0,0.0,0.0,0.0,0.0,0.0,0.0
9956.0,LONCHAS CON EDAM PROFESSIONAL LINE-CANAL HORECA 1 KG,DISTRIBUIDORES,RESTO DISTRIBUIDORES,000728-SAN LAMBERTO 2000 SL,160.0,224.0,352.0,256.0,240.0,600.0,256.0,256.0,384.0,224.0,48.0,160.0,192.0,160.0,312.0,376.0,240.0,192.0,432.0,737.6,1041.6,1636.8,1190.4,1116.0,2790.0,1190.4,1190.4,1785.6,1041.6,223.2,744.0,892.8,744.0,1450.8,1748.4,1116.0,892.8,2008.8
9956.0,LONCHAS CON EDAM PROFESSIONAL LINE-CANAL HORECA 1 KG,DISTRIBUIDORES,RESTO DISTRIBUIDORES,"000763-BENIBALDO, S.A.U. (BLOQ.)",0.0,0.0,0.0,16.0,0.0,16.0,16.0,8.0,0.0,0.0,0.0,0.0,0.0,0.0,0.0,0.0,0.0,0.0,0.0,0.0,0.0,0.0,73.76,0.0,73.76,73.76,36.88,0.0,0.0,0.0,0.0,0.0,0.0,0.0,0.0,0.0,0.0,0.0
9956.0,LONCHAS CON EDAM PROFESSIONAL LINE-CANAL HORECA 1 KG,DISTRIBUIDORES,RESTO DISTRIBUIDORES,000776-COMERCIAL DIALVA S.A.,480.0,384.0,864.0,144.0,192.0,144.0,192.0,192.0,288.0,432.0,192.0,288.0,144.0,96.0,288.0,144.0,96.0,288.0,240.0,2064.0,1658.88,3732.48,622.08,829.44,622.08,829.44,829.44,1244.16,1866.24,829.44,1244.16,622.08,414.72,1244.16,622.08,414.72,1244.16,1036.8
9956.0,LONCHAS CON EDAM PROFESSIONAL LINE-CANAL HORECA 1 KG,DISTRIBUIDORES,RESTO DISTRIBUIDORES,000790-PALENZUELA LOGISTICA S.L.,8.0,0.0,16.0,8.0,8.0,16.0,0.0,0.0,0.0,8.0,16.0,0.0,8.0,0.0,0.0,0.0,0.0,0.0,0.0,41.2,0.0,85.6,42.8,42.8,85.6,0.0,0.0,0.0,42.8,85.6,0.0,42.8,0.0,0.0,0.0,0.0,0.0,0.0
9956.0,LONCHAS CON EDAM PROFESSIONAL LINE-CANAL HORECA 1 KG,DISTRIBUIDORES,RESTO DISTRIBUIDORES,"000806-CUSTODIO MARTÍN LÓPEZ, S.L.",0.0,0.0,0.0,0.0,0.0,0.0,0.0,48.0,0.0,80.0,48.0,32.0,40.0,96.0,48.0,96.0,96.0,96.0,192.0,0.0,0.0,0.0,0.0,0.0,0.0,0.0,225.6,0.0,376.0,211.2,152.8,188.0,451.2,225.6,451.2,451.2,451.2,902.4
9956.0,LONCHAS CON EDAM PROFESSIONAL LINE-CANAL HORECA 1 KG,DISTRIBUIDORES,RESTO DISTRIBUIDORES,000821-A.BASARRATE S.A.,0.0,0.0,8.0,0.0,0.0,0.0,0.0,0.0,0.0,0.0,0.0,0.0,0.0,0.0,0.0,0.0,0.0,0.0,0.0,0.0,0.0,37.2,0.0,0.0,0.0,0.0,0.0,0.0,0.0,0.0,0.0,0.0,0.0,0.0,0.0,0.0,0.0,0.0
9956.0,LONCHAS CON EDAM PROFESSIONAL LINE-CANAL HORECA 1 KG,DISTRIBUIDORES,RESTO DISTRIBUIDORES,000832-FRIPASTUR S.L.,0.0,0.0,0.0,0.0,240.0,160.0,480.0,504.0,0.0,0.0,0.0,0.0,0.0,0.0,0.0,0.0,0.0,0.0,0.0,0.0,0.0,0.0,0.0,1332.0,888.0,2664.0,2797.2,0.0,0.0,0.0,0.0,0.0,0.0,0.0,0.0,0.0,0.0,0.0
9956.0,LONCHAS CON EDAM PROFESSIONAL LINE-CANAL HORECA 1 KG,DISTRIBUIDORES,RESTO DISTRIBUIDORES,"000836-DISTRIBUCIONES SERVERA, S.A.",32.0,40.0,56.0,120.0,80.0,320.0,440.0,288.0,160.0,112.0,16.0,8.0,8.0,24.0,56.0,64.0,24.0,96.0,96.0,135.04,172.8,241.92,518.4,345.6,1382.4,1900.8,1244.16,691.2,483.84,69.12,34.56,34.56,103.68,241.92,276.48,103.68,414.72,414.72
9956.0,LONCHAS CON EDAM PROFESSIONAL LINE-CANAL HORECA 1 KG,DISTRIBUIDORES,RESTO DISTRIBUIDORES,"000854-EL CONCHEL D´GUSTO, S.L.U. (BLOQ.)",0.0,24.0,0.0,0.0,0.0,0.0,0.0,0.0,0.0,0.0,0.0,0.0,0.0,0.0,0.0,0.0,0.0,0.0,0.0,0.0,110.64,0.0,0.0,0.0,0.0,0.0,0.0,0.0,0.0,0.0,0.0,0.0,0.0,0.0,0.0,0.0,0.0,0.0
9956.0,LONCHAS CON EDAM PROFESSIONAL LINE-CANAL HORECA 1 KG,DISTRIBUIDORES,RESTO DISTRIBUIDORES,"000864-RISCALES ALIMENTACIÓN, S.L.",0.0,48.0,96.0,112.0,104.0,96.0,104.0,136.0,216.0,88.0,112.0,120.0,40.0,232.0,88.0,56.0,192.0,168.0,216.0,0.0,218.4,436.8,509.6,473.2,436.8,473.2,618.8,982.8,400.4,509.6,525.76,172.8,1002.24,380.16,241.92,829.44,725.76,933.12
9956.0,LONCHAS CON EDAM PROFESSIONAL LINE-CANAL HORECA 1 KG,DISTRIBUIDORES,RESTO DISTRIBUIDORES,"000868-CODILEX ALIMENTACIÓN TRADICIONAL, S.L.",0.0,0.0,0.0,0.0,0.0,0.0,0.0,0.0,0.0,0.0,0.0,0.0,0.0,0.0,0.0,0.0,48.0,0.0,48.0,0.0,0.0,0.0,0.0,0.0,0.0,0.0,0.0,0.0,0.0,0.0,0.0,0.0,0.0,0.0,0.0,221.28,0.0,221.28
9956.0,LONCHAS CON EDAM PROFESSIONAL LINE-CANAL HORECA 1 KG,DISTRIBUIDORES,RESTO DISTRIBUIDORES,000870-COMERCIAL LEÓN ZARAGOZA S.L.,128.0,96.0,344.0,120.0,40.0,368.0,0.0,40.0,256.0,128.0,120.0,200.0,0.0,0.0,232.0,144.0,0.0,144.0,48.0,590.08,433.74,1585.84,553.2,184.4,1696.48,0.0,184.4,1180.16,590.08,553.2,922.0,0.0,0.0,1069.52,663.84,0.0,663.84,221.28
9956.0,LONCHAS CON EDAM PROFESSIONAL LINE-CANAL HORECA 1 KG,DISTRIBUIDORES,RESTO DISTRIBUIDORES,000921-DISCONFA ALIMENTACION SL,0.0,240.0,480.0,320.0,304.0,304.0,0.0,0.0,448.0,240.0,608.0,0.0,304.0,336.0,672.0,336.0,336.0,672.0,672.0,0.0,1106.4,2212.8,1475.2,1401.44,1401.44,0.0,0.0,2065.28,1106.4,2802.88,0.0,1401.44,1548.96,3097.92,1548.96,1548.96,3097.92,3097.92
9956.0,LONCHAS CON EDAM PROFESSIONAL LINE-CANAL HORECA 1 KG,DISTRIBUIDORES,RESTO DISTRIBUIDORES,"000922-GRUPO EMPRESARIAL SOS, S.L.",0.0,0.0,0.0,16.0,72.0,0.0,0.0,0.0,8.0,16.0,0.0,0.0,0.0,0.0,0.0,0.0,0.0,0.0,0.0,0.0,0.0,0.0,76.96,346.32,0.0,0.0,0.0,38.48,76.96,0.0,0.0,0.0,0.0,0.0,0.0,0.0,0.0,0.0
9956.0,LONCHAS CON EDAM PROFESSIONAL LINE-CANAL HORECA 1 KG,DISTRIBUIDORES,RESTO DISTRIBUIDORES,000928-SECUNDINO DOCAMPO S.L.,0.0,0.0,0.0,0.0,24.0,40.0,0.0,0.0,40.0,48.0,40.0,0.0,0.0,0.0,0.0,0.0,0.0,0.0,0.0,0.0,0.0,0.0,0.0,110.64,184.4,0.0,0.0,184.4,221.28,184.4,0.0,0.0,0.0,0.0,0.0,0.0,0.0,0.0
9956.0,LONCHAS CON EDAM PROFESSIONAL LINE-CANAL HORECA 1 KG,DISTRIBUIDORES,RESTO DISTRIBUIDORES,000950-GRUP ALIMENTARI DISTECO S.A,0.0,0.0,0.0,0.0,0.0,0.0,0.0,0.0,0.0,0.0,0.0,0.0,120.0,64.0,88.0,48.0,48.0,248.0,144.0,0.0,0.0,0.0,0.0,0.0,0.0,0.0,0.0,0.0,0.0,0.0,0.0,518.4,276.48,380.16,207.36,207.36,1071.36,622.08
9956.0,LONCHAS CON EDAM PROFESSIONAL LINE-CANAL HORECA 1 KG,DISTRIBUIDORES,RESTO DISTRIBUIDORES,000957-VASCOFRIGO S.L.,0.0,0.0,0.0,0.0,0.0,0.0,0.0,0.0,0.0,0.0,0.0,0.0,168.0,448.0,240.0,192.0,432.0,288.0,432.0,0.0,0.0,0.0,0.0,0.0,0.0,0.0,0.0,0.0,0.0,0.0,0.0,781.2,1988.16,1036.8,829.44,1866.24,1244.16,1961.28
9956.0,LONCHAS CON EDAM PROFESSIONAL LINE-CANAL HORECA 1 KG,DISTRIBUIDORES,RESTO DISTRIBUIDORES,000983-DISHORE S.L.,0.0,0.0,0.0,0.0,0.0,0.0,0.0,0.0,0.0,0.0,0.0,0.0,0.0,0.0,0.0,0.0,0.0,48.0,144.0,0.0,0.0,0.0,0.0,0.0,0.0,0.0,0.0,0.0,0.0,0.0,0.0,0.0,0.0,0.0,0.0,0.0,221.28,663.84
9956.0,LONCHAS CON EDAM PROFESSIONAL LINE-CANAL HORECA 1 KG,DISTRIBUIDORES,RESTO DISTRIBUIDORES,000987-LPA ALIMENTACION S.L.,0.0,0.0,0.0,0.0,0.0,0.0,0.0,0.0,0.0,0.0,0.0,0.0,0.0,0.0,0.0,0.0,0.0,64.0,0.0,0.0,0.0,0.0,0.0,0.0,0.0,0.0,0.0,0.0,0.0,0.0,0.0,0.0,0.0,0.0,0.0,0.0,276.48,0.0
9956.0,LONCHAS CON EDAM PROFESSIONAL LINE-CANAL HORECA 1 KG,EXPORT,RESTO EXPORT,"000842-NUNES & FREITAS, LDA (BLOQ.)",0.0,0.0,0.0,0.0,0.0,0.0,0.0,0.0,0.0,0.0,0.0,0.0,0.0,0.0,0.0,0.0,0.0,0.0,0.0,0.0,0.0,0.0,0.0,0.0,0.0,0.0,0.0,0.0,0.0,0.0,0.0,0.0,0.0,0.0,0.0,0.0,0.0,0.0
9956.0,LONCHAS CON EDAM PROFESSIONAL LINE-CANAL HORECA 1 KG,INDUSTRIALES & FOOD SERVICE,RESTO INDUSTRIALES & FOODSERVICE,"000226-FOSTER FOOD ESPAÑA, S.A (BLOQ.)",0.0,0.0,0.0,0.0,104.0,0.0,208.0,120.0,120.0,0.0,0.0,0.0,0.0,0.0,0.0,0.0,0.0,0.0,0.0,0.0,0.0,0.0,0.0,525.2,0.0,1050.4,606.0,606.0,0.0,0.0,0.0,0.0,0.0,0.0,0.0,0.0,0.0,0.0
9956.0,LONCHAS CON EDAM PROFESSIONAL LINE-CANAL HORECA 1 KG,INDUSTRIALES & FOOD SERVICE,RESTO INDUSTRIALES & FOODSERVICE,"000612-BIDFOOD SPAIN, S.L.U.",40.0,32.0,24.0,40.0,56.0,80.0,40.0,320.0,168.0,160.0,400.0,800.0,920.0,0.0,160.0,160.0,160.0,160.0,144.0,176.4,147.52,110.64,184.4,258.16,368.8,184.4,1475.2,774.48,737.6,1844.0,3688.0,4241.2,0.0,737.6,737.6,737.6,737.6,663.84
9956.0,LONCHAS CON EDAM PROFESSIONAL LINE-CANAL HORECA 1 KG,INDUSTRIALES & FOOD SERVICE,RESTO INDUSTRIALES & FOODSERVICE,"000828-QUE S LIDER, S.L.",48.0,96.0,80.0,48.0,64.0,128.0,16.0,32.0,96.0,88.0,32.0,88.0,32.0,24.0,32.0,88.0,0.0,48.0,48.0,207.36,414.72,345.6,207.36,276.48,552.96,69.12,138.24,414.72,380.16,138.24,380.16,138.24,103.68,138.24,380.16,0.0,207.36,207.36
9956.0,LONCHAS CON EDAM PROFESSIONAL LINE-CANAL HORECA 1 KG,INDUSTRIALES & FOOD SERVICE,RESTO INDUSTRIALES & FOODSERVICE,000850-UNIDE SDAD. COOP. (BLOQ.),96.0,48.0,96.0,48.0,144.0,96.0,48.0,48.0,144.0,96.0,96.0,96.0,48.0,48.0,0.0,0.0,0.0,0.0,0.0,454.77,231.17,462.34,231.17,693.51,462.34,231.17,231.17,693.51,462.34,462.34,462.34,231.17,231.17,0.0,0.0,0.0,0.0,0.0
9956.0,LONCHAS CON EDAM PROFESSIONAL LINE-CANAL HORECA 1 KG,INDUSTRIALES & FOOD SERVICE,RESTO INDUSTRIALES & FOODSERVICE,"000885-OBRADOR LEVADURAMADRE, S.L. (BLOQ.)",0.0,0.0,0.0,0.0,0.0,0.0,0.0,0.0,0.0,0.0,0.0,0.0,0.0,0.0,0.0,0.0,0.0,0.0,0.0,0.0,0.0,0.0,0.0,0.0,0.0,0.0,0.0,0.0,0.0,0.0,0.0,0.0,0.0,0.0,0.0,0.0,0.0,0.0
9956.0,LONCHAS CON EDAM PROFESSIONAL LINE-CANAL HORECA 1 KG,INDUSTRIALES & FOOD SERVICE,RESTO INDUSTRIALES & FOODSERVICE,"000888-EL DUO HARINERO, S.A. (BLOQ.)",56.0,56.0,72.0,80.0,64.0,56.0,32.0,80.0,48.0,72.0,64.0,56.0,24.0,0.0,96.0,48.0,0.0,0.0,0.0,246.96,258.16,331.92,368.8,295.04,258.16,147.52,368.8,221.28,331.92,295.04,258.16,110.64,0.0,442.56,221.28,0.0,0.0,0.0
9956.0,LONCHAS CON EDAM PROFESSIONAL LINE-CANAL HORECA 1 KG,RETAIL,EUROMADI,"000512-TRANSGOURMET IBÉRICA, SAU",0.0,0.0,1200.0,48.0,0.0,0.0,0.0,0.0,0.0,0.0,0.0,0.0,0.0,0.0,0.0,0.0,0.0,0.0,0.0,0.0,0.0,5269.21,210.77,0.0,0.0,0.0,0.0,0.0,0.0,0.0,0.0,0.0,0.0,0.0,0.0,0.0,0.0,0.0
9956.0,LONCHAS CON EDAM PROFESSIONAL LINE-CANAL HORECA 1 KG,RETAIL,IFA,000823-HIPER USERA S.L.,528.0,480.0,720.0,144.0,888.0,528.0,432.0,768.0,672.0,672.0,576.0,528.0,528.0,384.0,720.0,432.0,576.0,768.0,384.0,2323.2,2112.0,3168.0,633.6,3907.2,2323.2,1900.8,3379.2,2956.8,2956.8,2534.4,2323.2,2323.2,1689.6,3168.0,1900.8,2534.4,3379.2,1689.6
9956.0,LONCHAS CON EDAM PROFESSIONAL LINE-CANAL HORECA 1 KG,RETAIL,IFA,000940-ALIMERKA S.A.U.,0.0,0.0,0.0,0.0,0.0,0.0,0.0,0.0,0.0,0.0,0.0,0.0,0.0,0.0,64.0,96.0,0.0,0.0,48.0,0.0,0.0,0.0,0.0,0.0,0.0,0.0,0.0,0.0,0.0,0.0,0.0,0.0,0.0,281.6,422.4,0.0,0.0,211.2
9957.0,LONCHAS CON CHEDDAR PROFESSIONAL LINE-CANAL HORECA 1 KG,CASH & CARRY,MAKRO,000621-MAKRO DISTRIBUCIÓN MAYORISTA SA,6496.0,8120.0,9056.0,12912.0,13744.0,10512.0,15256.0,14152.0,15832.0,11600.0,11480.0,11560.0,10560.0,9896.0,15664.0,13560.0,15216.0,17112.0,15704.0,30193.4,37741.73,42092.31,60014.96,63882.08,48859.77,70909.86,65778.51,73587.13,53916.74,53359.02,53271.21,47119.78,45770.56,72806.29,63026.88,70723.95,79536.57,72992.19
9957.0,LONCHAS CON CHEDDAR PROFESSIONAL LINE-CANAL HORECA 1 KG,CASH & CARRY,OTROS CASH & CARRY,"000970-COMPAÑÍA DE FRESCOS SALUDABLES, SLU  (COFRESA)",0.0,0.0,0.0,0.0,0.0,0.0,0.0,0.0,0.0,0.0,0.0,0.0,0.0,0.0,320.0,240.0,640.0,960.0,80.0,0.0,0.0,0.0,0.0,0.0,0.0,0.0,0.0,0.0,0.0,0.0,0.0,0.0,0.0,1600.0,1200.0,3200.0,4800.0,400.0
9957.0,LONCHAS CON CHEDDAR PROFESSIONAL LINE-CANAL HORECA 1 KG,DISTRIBUIDORES,PROVISIONES SUROESTE,"000879-PROVISIONES SUROESTE, S.L.",288.0,816.0,720.0,2112.0,528.0,720.0,1968.0,768.0,1680.0,1488.0,576.0,1008.0,960.0,1296.0,1432.0,2208.0,1248.0,2016.0,2320.0,1195.2,3386.4,2988.0,8764.8,2191.2,2988.0,8167.2,3187.2,6972.0,6175.2,2390.4,4183.2,3984.0,5378.4,5942.8,9163.2,5179.2,8366.4,9628.0
9957.0,LONCHAS CON CHEDDAR PROFESSIONAL LINE-CANAL HORECA 1 KG,DISTRIBUIDORES,RESTO DISTRIBUIDORES,"000038-LÁCTEOS MENDI, S.L.",8.0,0.0,0.0,0.0,64.0,48.0,48.0,48.0,0.0,0.0,0.0,0.0,0.0,0.0,0.0,0.0,0.0,0.0,0.0,36.88,0.0,0.0,0.0,295.04,207.36,207.36,207.36,0.0,0.0,0.0,0.0,0.0,0.0,0.0,0.0,0.0,0.0,0.0
9957.0,LONCHAS CON CHEDDAR PROFESSIONAL LINE-CANAL HORECA 1 KG,DISTRIBUIDORES,RESTO DISTRIBUIDORES,"000247-FADIS ALIMENTACION, S.L.",0.0,136.0,208.0,80.0,64.0,288.0,64.0,352.0,288.0,256.0,96.0,336.0,168.0,144.0,480.0,0.0,0.0,0.0,0.0,0.0,686.4,1049.78,403.76,323.01,1453.53,323.0,1776.55,1453.53,1292.03,484.5,1695.79,847.9,726.78,2422.56,0.0,0.0,0.0,0.0
9957.0,LONCHAS CON CHEDDAR PROFESSIONAL LINE-CANAL HORECA 1 KG,DISTRIBUIDORES,RESTO DISTRIBUIDORES,000338-GONZALO ALONSO CRUZ (BLOQ.),0.0,8.0,8.0,8.0,8.0,16.0,0.0,24.0,0.0,24.0,0.0,0.0,16.0,0.0,8.0,8.0,16.0,0.0,0.0,0.0,39.6,39.6,39.6,39.6,79.2,0.0,118.8,0.0,118.8,0.0,0.0,81.6,0.0,40.8,40.8,81.6,0.0,0.0
9957.0,LONCHAS CON CHEDDAR PROFESSIONAL LINE-CANAL HORECA 1 KG,DISTRIBUIDORES,RESTO DISTRIBUIDORES,000651-COMERGRAN S.L.,240.0,400.0,280.0,440.0,200.0,520.0,360.0,320.0,360.0,320.0,360.0,440.0,320.0,400.0,560.0,280.0,400.0,432.0,336.0,1032.0,1716.0,1162.0,1826.0,830.0,2158.0,1494.0,1328.0,1494.0,1328.0,1494.0,1826.0,1328.0,1660.0,2324.0,1162.0,1660.0,1792.8,1394.4
9957.0,LONCHAS CON CHEDDAR PROFESSIONAL LINE-CANAL HORECA 1 KG,DISTRIBUIDORES,RESTO DISTRIBUIDORES,000667-MENA ALIMENTARIA S.L.,0.0,0.0,0.0,0.0,0.0,0.0,0.0,0.0,0.0,0.0,0.0,0.0,0.0,0.0,0.0,0.0,0.0,8.0,-8.0,0.0,0.0,0.0,0.0,0.0,0.0,0.0,0.0,0.0,0.0,0.0,0.0,0.0,0.0,0.0,0.0,0.0,36.88,-36.88
9957.0,LONCHAS CON CHEDDAR PROFESSIONAL LINE-CANAL HORECA 1 KG,DISTRIBUIDORES,RESTO DISTRIBUIDORES,000711-DISTRIBUCIONES J.M. S.A.,0.0,0.0,0.0,16.0,24.0,16.0,48.0,16.0,0.0,16.0,16.0,0.0,0.0,16.0,0.0,0.0,0.0,0.0,0.0,0.0,0.0,0.0,69.6,104.4,69.6,208.8,69.6,0.0,69.6,69.6,0.0,0.0,69.6,0.0,0.0,0.0,0.0,0.0
9957.0,LONCHAS CON CHEDDAR PROFESSIONAL LINE-CANAL HORECA 1 KG,DISTRIBUIDORES,RESTO DISTRIBUIDORES,000728-SAN LAMBERTO 2000 SL,152.0,96.0,96.0,176.0,112.0,312.0,112.0,216.0,320.0,96.0,88.0,224.0,176.0,176.0,208.0,368.0,96.0,288.0,192.0,695.6,446.4,446.4,818.4,520.8,1450.8,520.8,1004.4,1488.0,446.4,409.2,1041.6,818.4,818.4,967.2,1711.2,446.4,1339.2,892.8
9957.0,LONCHAS CON CHEDDAR PROFESSIONAL LINE-CANAL HORECA 1 KG,DISTRIBUIDORES,RESTO DISTRIBUIDORES,000745-MARIANO HERNANDEZ MARTIN (BLOQ.),0.0,0.0,0.0,0.0,0.0,0.0,0.0,0.0,0.0,0.0,0.0,0.0,0.0,0.0,0.0,0.0,0.0,0.0,0.0,0.0,0.0,0.0,0.0,0.0,0.0,0.0,0.0,0.0,0.0,0.0,0.0,0.0,0.0,0.0,0.0,0.0,0.0,0.0
9957.0,LONCHAS CON CHEDDAR PROFESSIONAL LINE-CANAL HORECA 1 KG,DISTRIBUIDORES,RESTO DISTRIBUIDORES,000751-PLACOR 2006 S.L.,0.0,0.0,0.0,0.0,0.0,0.0,0.0,0.0,0.0,0.0,0.0,8.0,0.0,0.0,0.0,0.0,0.0,0.0,0.0,0.0,0.0,0.0,0.0,0.0,0.0,0.0,0.0,0.0,0.0,0.0,38.29,0.0,0.0,0.0,0.0,0.0,0.0,0.0
9957.0,LONCHAS CON CHEDDAR PROFESSIONAL LINE-CANAL HORECA 1 KG,DISTRIBUIDORES,RESTO DISTRIBUIDORES,"000763-BENIBALDO, S.A.U. (BLOQ.)",0.0,0.0,0.0,8.0,48.0,96.0,48.0,80.0,0.0,0.0,8.0,40.0,24.0,48.0,48.0,0.0,0.0,0.0,0.0,0.0,0.0,0.0,36.88,221.28,442.56,221.28,368.8,0.0,0.0,36.88,184.4,110.64,221.28,221.28,0.0,0.0,0.0,0.0
9957.0,LONCHAS CON CHEDDAR PROFESSIONAL LINE-CANAL HORECA 1 KG,DISTRIBUIDORES,RESTO DISTRIBUIDORES,000776-COMERCIAL DIALVA S.A.,96.0,64.0,144.0,144.0,96.0,96.0,192.0,144.0,48.0,144.0,0.0,144.0,96.0,80.0,144.0,336.0,0.0,288.0,96.0,405.12,251.76,570.44,622.08,414.72,414.72,829.44,622.08,207.36,622.08,0.0,622.08,414.72,345.6,622.08,1451.52,0.0,1244.16,414.72
9957.0,LONCHAS CON CHEDDAR PROFESSIONAL LINE-CANAL HORECA 1 KG,DISTRIBUIDORES,RESTO DISTRIBUIDORES,"000806-CUSTODIO MARTÍN LÓPEZ, S.L.",640.0,240.0,400.0,928.0,720.0,472.0,640.0,640.0,320.0,1120.0,640.0,320.0,720.0,240.0,1008.0,768.0,576.0,816.0,960.0,2880.0,1123.5,1880.0,4361.6,3384.0,2218.4,3008.0,3008.0,1504.0,5264.0,2816.0,1504.0,3384.0,1128.0,4737.6,3609.6,2707.2,3835.2,4512.0
9957.0,LONCHAS CON CHEDDAR PROFESSIONAL LINE-CANAL HORECA 1 KG,DISTRIBUIDORES,RESTO DISTRIBUIDORES,000821-A.BASARRATE S.A.,0.0,8.0,0.0,0.0,0.0,0.0,0.0,0.0,0.0,0.0,0.0,0.0,0.0,0.0,0.0,0.0,0.0,0.0,0.0,0.0,37.2,0.0,0.0,0.0,0.0,0.0,0.0,0.0,0.0,0.0,0.0,0.0,0.0,0.0,0.0,0.0,0.0,0.0
9957.0,LONCHAS CON CHEDDAR PROFESSIONAL LINE-CANAL HORECA 1 KG,DISTRIBUIDORES,RESTO DISTRIBUIDORES,"000822-JASLA HOSTELERIA, S.L. (BLOQ.)",0.0,0.0,0.0,0.0,0.0,0.0,0.0,0.0,0.0,0.0,0.0,0.0,0.0,0.0,0.0,0.0,0.0,0.0,0.0,0.0,0.0,0.0,0.0,0.0,0.0,0.0,0.0,0.0,0.0,0.0,0.0,0.0,0.0,0.0,0.0,0.0,0.0,0.0
9957.0,LONCHAS CON CHEDDAR PROFESSIONAL LINE-CANAL HORECA 1 KG,DISTRIBUIDORES,RESTO DISTRIBUIDORES,000832-FRIPASTUR S.L.,0.0,0.0,0.0,0.0,304.0,160.0,480.0,504.0,0.0,0.0,0.0,0.0,0.0,0.0,0.0,960.0,960.0,0.0,288.0,0.0,0.0,0.0,0.0,1687.2,888.0,2664.0,2797.2,0.0,0.0,0.0,0.0,0.0,0.0,0.0,4425.6,4425.6,0.0,1327.68
9957.0,LONCHAS CON CHEDDAR PROFESSIONAL LINE-CANAL HORECA 1 KG,DISTRIBUIDORES,RESTO DISTRIBUIDORES,"000854-EL CONCHEL D´GUSTO, S.L.U. (BLOQ.)",0.0,0.0,0.0,0.0,0.0,0.0,0.0,0.0,0.0,0.0,0.0,0.0,0.0,0.0,0.0,0.0,0.0,0.0,0.0,0.0,0.0,0.0,0.0,0.0,0.0,0.0,0.0,0.0,0.0,0.0,0.0,0.0,0.0,0.0,0.0,0.0,0.0,0.0
9957.0,LONCHAS CON CHEDDAR PROFESSIONAL LINE-CANAL HORECA 1 KG,DISTRIBUIDORES,RESTO DISTRIBUIDORES,"000855-CASA BASTIDA, S.L. ( BLOQ )",0.0,0.0,0.0,40.0,0.0,0.0,0.0,0.0,0.0,0.0,0.0,0.0,0.0,0.0,0.0,0.0,0.0,0.0,0.0,0.0,0.0,0.0,172.8,0.0,0.0,0.0,0.0,0.0,0.0,0.0,0.0,0.0,0.0,0.0,0.0,0.0,0.0,0.0
9957.0,LONCHAS CON CHEDDAR PROFESSIONAL LINE-CANAL HORECA 1 KG,DISTRIBUIDORES,RESTO DISTRIBUIDORES,"000858-COVADUL FAST FOOD, S.L.",128.0,112.0,144.0,136.0,176.0,152.0,64.0,112.0,120.0,112.0,256.0,288.0,240.0,96.0,144.0,96.0,160.0,144.0,48.0,527.36,483.84,622.08,587.52,760.32,656.64,276.48,483.84,518.4,483.84,1105.92,1244.16,1036.8,414.72,622.08,414.72,691.2,622.08,207.36
9957.0,LONCHAS CON CHEDDAR PROFESSIONAL LINE-CANAL HORECA 1 KG,DISTRIBUIDORES,RESTO DISTRIBUIDORES,"000864-RISCALES ALIMENTACIÓN, S.L.",40.0,104.0,168.0,192.0,184.0,184.0,432.0,784.0,824.0,80.0,408.0,528.0,112.0,320.0,600.0,400.0,432.0,384.0,1104.0,175.6,473.2,764.4,873.6,837.2,837.2,1965.6,3567.2,3749.2,364.0,1856.4,2321.44,483.84,1382.4,2592.0,1728.0,1866.24,1658.88,4769.28
9957.0,LONCHAS CON CHEDDAR PROFESSIONAL LINE-CANAL HORECA 1 KG,DISTRIBUIDORES,RESTO DISTRIBUIDORES,"000865-DISALCON95, S.L.",96.0,96.0,80.0,120.0,80.0,128.0,120.0,280.0,40.0,128.0,40.0,120.0,32.0,48.0,144.0,96.0,144.0,240.0,144.0,434.56,442.56,368.8,553.2,359.58,590.08,553.2,1290.8,184.4,590.08,184.4,553.2,147.52,221.28,663.84,442.56,663.84,1106.4,663.84
9957.0,LONCHAS CON CHEDDAR PROFESSIONAL LINE-CANAL HORECA 1 KG,DISTRIBUIDORES,RESTO DISTRIBUIDORES,"000868-CODILEX ALIMENTACIÓN TRADICIONAL, S.L.",0.0,0.0,0.0,0.0,0.0,0.0,0.0,0.0,0.0,0.0,0.0,0.0,0.0,0.0,0.0,0.0,48.0,0.0,48.0,0.0,0.0,0.0,0.0,0.0,0.0,0.0,0.0,0.0,0.0,0.0,0.0,0.0,0.0,0.0,0.0,221.28,0.0,221.28
9957.0,LONCHAS CON CHEDDAR PROFESSIONAL LINE-CANAL HORECA 1 KG,DISTRIBUIDORES,RESTO DISTRIBUIDORES,000870-COMERCIAL LEÓN ZARAGOZA S.L.,32.0,80.0,120.0,0.0,24.0,0.0,0.0,96.0,24.0,24.0,16.0,0.0,0.0,0.0,0.0,8.0,0.0,0.0,0.0,147.52,320.29,553.2,0.0,110.64,0.0,0.0,442.56,110.64,110.64,73.76,0.0,0.0,0.0,0.0,36.88,0.0,0.0,0.0
9957.0,LONCHAS CON CHEDDAR PROFESSIONAL LINE-CANAL HORECA 1 KG,DISTRIBUIDORES,RESTO DISTRIBUIDORES,000921-DISCONFA ALIMENTACION SL,0.0,128.0,0.0,0.0,0.0,0.0,0.0,0.0,0.0,0.0,0.0,0.0,0.0,0.0,0.0,0.0,0.0,0.0,0.0,0.0,590.08,0.0,0.0,0.0,0.0,0.0,0.0,0.0,0.0,0.0,0.0,0.0,0.0,0.0,0.0,0.0,0.0,0.0
9957.0,LONCHAS CON CHEDDAR PROFESSIONAL LINE-CANAL HORECA 1 KG,DISTRIBUIDORES,RESTO DISTRIBUIDORES,"000922-GRUPO EMPRESARIAL SOS, S.L.",0.0,0.0,16.0,0.0,0.0,0.0,8.0,0.0,16.0,0.0,0.0,8.0,0.0,0.0,0.0,0.0,0.0,0.0,0.0,0.0,0.0,76.96,0.0,0.0,0.0,38.48,0.0,76.96,0.0,0.0,38.48,0.0,0.0,0.0,0.0,0.0,0.0,0.0
9957.0,LONCHAS CON CHEDDAR PROFESSIONAL LINE-CANAL HORECA 1 KG,DISTRIBUIDORES,RESTO DISTRIBUIDORES,000950-GRUP ALIMENTARI DISTECO S.A,0.0,0.0,0.0,0.0,0.0,0.0,0.0,0.0,0.0,0.0,0.0,0.0,80.0,136.0,48.0,72.0,24.0,112.0,48.0,0.0,0.0,0.0,0.0,0.0,0.0,0.0,0.0,0.0,0.0,0.0,0.0,345.6,587.52,207.36,311.04,103.68,483.84,207.36
9957.0,LONCHAS CON CHEDDAR PROFESSIONAL LINE-CANAL HORECA 1 KG,DISTRIBUIDORES,RESTO DISTRIBUIDORES,000957-VASCOFRIGO S.L.,0.0,0.0,0.0,0.0,0.0,0.0,0.0,0.0,0.0,0.0,0.0,0.0,88.0,128.0,96.0,96.0,240.0,288.0,48.0,0.0,0.0,0.0,0.0,0.0,0.0,0.0,0.0,0.0,0.0,0.0,0.0,409.2,563.52,414.72,414.72,1036.8,1244.16,207.36
9957.0,LONCHAS CON CHEDDAR PROFESSIONAL LINE-CANAL HORECA 1 KG,DISTRIBUIDORES,RESTO DISTRIBUIDORES,000983-DISHORE S.L.,0.0,0.0,0.0,0.0,0.0,0.0,0.0,0.0,0.0,0.0,0.0,0.0,0.0,0.0,0.0,0.0,0.0,48.0,48.0,0.0,0.0,0.0,0.0,0.0,0.0,0.0,0.0,0.0,0.0,0.0,0.0,0.0,0.0,0.0,0.0,0.0,221.28,221.28
9957.0,LONCHAS CON CHEDDAR PROFESSIONAL LINE-CANAL HORECA 1 KG,DISTRIBUIDORES,RESTO DISTRIBUIDORES,000987-LPA ALIMENTACION S.L.,0.0,0.0,0.0,0.0,0.0,0.0,0.0,0.0,0.0,0.0,0.0,0.0,0.0,0.0,0.0,0.0,0.0,64.0,48.0,0.0,0.0,0.0,0.0,0.0,0.0,0.0,0.0,0.0,0.0,0.0,0.0,0.0,0.0,0.0,0.0,0.0,276.48,207.36
9957.0,LONCHAS CON CHEDDAR PROFESSIONAL LINE-CANAL HORECA 1 KG,EXPORT,DISTRIBUIDORES EXPORT,000982-DISTRIM MAURITANIENNE DE DISTRIBUTION,0.0,0.0,0.0,0.0,0.0,0.0,0.0,0.0,0.0,0.0,0.0,0.0,0.0,0.0,0.0,0.0,0.0,0.0,480.0,0.0,0.0,0.0,0.0,0.0,0.0,0.0,0.0,0.0,0.0,0.0,0.0,0.0,0.0,0.0,0.0,0.0,0.0,1896.0
9957.0,LONCHAS CON CHEDDAR PROFESSIONAL LINE-CANAL HORECA 1 KG,EXPORT,RESTO EXPORT,"000099-GUERREIRO E PRATA, L.D.A. ( BLOQ )",0.0,0.0,0.0,0.0,0.0,0.0,0.0,0.0,0.0,0.0,0.0,0.0,0.0,0.0,0.0,0.0,0.0,0.0,0.0,0.0,0.0,0.0,0.0,0.0,0.0,0.0,0.0,0.0,0.0,0.0,0.0,0.0,0.0,0.0,0.0,0.0,0.0,0.0
9957.0,LONCHAS CON CHEDDAR PROFESSIONAL LINE-CANAL HORECA 1 KG,EXPORT,RESTO EXPORT,"000853-MTZ, LDA ( BLOQ)",0.0,0.0,0.0,0.0,0.0,0.0,0.0,0.0,0.0,0.0,0.0,0.0,0.0,0.0,0.0,0.0,0.0,0.0,0.0,0.0,0.0,0.0,0.0,0.0,0.0,0.0,0.0,0.0,0.0,0.0,0.0,0.0,0.0,0.0,0.0,0.0,0.0,0.0
9957.0,LONCHAS CON CHEDDAR PROFESSIONAL LINE-CANAL HORECA 1 KG,EXPORT,RESTO EXPORT,000978-M2D LAB PC,0.0,0.0,0.0,0.0,0.0,0.0,0.0,0.0,0.0,0.0,0.0,0.0,0.0,0.0,0.0,0.0,0.0,720.0,0.0,0.0,0.0,0.0,0.0,0.0,0.0,0.0,0.0,0.0,0.0,0.0,0.0,0.0,0.0,0.0,0.0,0.0,3204.0,0.0
9957.0,LONCHAS CON CHEDDAR PROFESSIONAL LINE-CANAL HORECA 1 KG,INDUSTRIALES & FOOD SERVICE,RESTO DISTRIBUIDORES,000870-COMERCIAL LEÓN ZARAGOZA S.L.,0.0,0.0,0.0,1.0,0.0,0.0,0.0,0.0,0.0,0.0,0.0,0.0,0.0,0.0,0.0,0.0,0.0,0.0,0.0,0.0,0.0,0.0,0.0,0.0,0.0,0.0,0.0,0.0,0.0,0.0,0.0,0.0,0.0,0.0,0.0,0.0,0.0,0.0
9957.0,LONCHAS CON CHEDDAR PROFESSIONAL LINE-CANAL HORECA 1 KG,INDUSTRIALES & FOOD SERVICE,RESTO INDUSTRIALES & FOODSERVICE,"000226-FOSTER FOOD ESPAÑA, S.A (BLOQ.)",0.0,0.0,0.0,0.0,192.0,0.0,200.0,104.0,184.0,0.0,0.0,0.0,0.0,0.0,0.0,0.0,0.0,0.0,0.0,0.0,0.0,0.0,0.0,885.12,0.0,922.0,479.44,848.24,0.0,0.0,0.0,0.0,0.0,0.0,0.0,0.0,0.0,0.0
9957.0,LONCHAS CON CHEDDAR PROFESSIONAL LINE-CANAL HORECA 1 KG,INDUSTRIALES & FOOD SERVICE,RESTO INDUSTRIALES & FOODSERVICE,000809-CHAVINADOR S.L.,0.0,0.0,104.0,24.0,0.0,0.0,0.0,0.0,0.0,0.0,0.0,0.0,0.0,0.0,0.0,0.0,0.0,0.0,0.0,0.0,0.0,556.4,128.4,0.0,0.0,0.0,0.0,0.0,0.0,0.0,0.0,0.0,0.0,0.0,0.0,0.0,0.0,0.0
9957.0,LONCHAS CON CHEDDAR PROFESSIONAL LINE-CANAL HORECA 1 KG,INDUSTRIALES & FOOD SERVICE,RESTO INDUSTRIALES & FOODSERVICE,"000828-QUE S LIDER, S.L.",16.0,16.0,40.0,32.0,24.0,32.0,24.0,40.0,32.0,16.0,16.0,0.0,0.0,0.0,0.0,0.0,0.0,0.0,0.0,67.52,69.12,172.8,138.24,103.68,138.24,103.68,172.8,138.24,69.12,69.12,0.0,0.0,0.0,0.0,0.0,0.0,0.0,0.0
9957.0,LONCHAS CON CHEDDAR PROFESSIONAL LINE-CANAL HORECA 1 KG,INDUSTRIALES & FOOD SERVICE,RESTO INDUSTRIALES & FOODSERVICE,000850-UNIDE SDAD. COOP. (BLOQ.),96.0,48.0,96.0,96.0,144.0,96.0,96.0,160.0,144.0,192.0,96.0,96.0,96.0,96.0,0.0,0.0,0.0,0.0,0.0,454.77,231.17,462.34,462.34,693.51,462.34,462.34,770.57,693.51,924.68,462.34,462.34,462.34,462.34,0.0,0.0,0.0,0.0,0.0
9957.0,LONCHAS CON CHEDDAR PROFESSIONAL LINE-CANAL HORECA 1 KG,INDUSTRIALES & FOOD SERVICE,RESTO INDUSTRIALES & FOODSERVICE,"000885-OBRADOR LEVADURAMADRE, S.L. (BLOQ.)",0.0,0.0,0.0,0.0,0.0,0.0,0.0,0.0,0.0,0.0,0.0,0.0,0.0,0.0,0.0,0.0,0.0,0.0,0.0,0.0,0.0,0.0,0.0,0.0,0.0,0.0,0.0,0.0,0.0,0.0,0.0,0.0,0.0,0.0,0.0,0.0,0.0,0.0
9957.0,LONCHAS CON CHEDDAR PROFESSIONAL LINE-CANAL HORECA 1 KG,INDUSTRIALES & FOOD SERVICE,RESTO INDUSTRIALES & FOODSERVICE,"000888-EL DUO HARINERO, S.A. (BLOQ.)",184.0,192.0,96.0,168.0,120.0,104.0,160.0,176.0,168.0,160.0,160.0,168.0,248.0,0.0,144.0,144.0,0.0,0.0,0.0,811.44,885.12,442.56,774.48,553.2,479.44,737.6,811.36,774.48,737.6,737.6,774.48,1143.28,0.0,663.84,663.84,0.0,0.0,0.0
9957.0,LONCHAS CON CHEDDAR PROFESSIONAL LINE-CANAL HORECA 1 KG,RETAIL,EUROMADI,"000512-TRANSGOURMET IBÉRICA, SAU",0.0,0.0,1200.0,48.0,0.0,0.0,0.0,0.0,0.0,0.0,0.0,0.0,0.0,0.0,0.0,0.0,0.0,0.0,0.0,0.0,0.0,5269.21,210.77,0.0,0.0,0.0,0.0,0.0,0.0,0.0,0.0,0.0,0.0,0.0,0.0,0.0,0.0,0.0
9957.0,LONCHAS CON CHEDDAR PROFESSIONAL LINE-CANAL HORECA 1 KG,RETAIL,IFA,000823-HIPER USERA S.L.,720.0,576.0,1104.0,96.0,1344.0,288.0,1152.0,864.0,864.0,960.0,624.0,576.0,816.0,480.0,960.0,912.0,960.0,960.0,1008.0,3168.0,2534.4,4857.6,422.4,5913.6,1267.2,5068.8,3801.6,3801.6,4224.0,2745.6,2534.4,3590.4,2112.0,4224.0,4012.8,4224.0,4224.0,4435.2
9957.0,LONCHAS CON CHEDDAR PROFESSIONAL LINE-CANAL HORECA 1 KG,RETAIL,IFA,000940-ALIMERKA S.A.U.,0.0,0.0,0.0,0.0,0.0,0.0,0.0,0.0,0.0,0.0,0.0,0.0,0.0,0.0,48.0,96.0,0.0,96.0,0.0,0.0,0.0,0.0,0.0,0.0,0.0,0.0,0.0,0.0,0.0,0.0,0.0,0.0,0.0,211.2,422.4,0.0,422.4,0.0
9958.0,BARRA CON QUESO GOUDA PROFESSIONAL LINE-CANAL HORECA 3 KG,DISTRIBUIDORES,MAKRO,000621-MAKRO DISTRIBUCIÓN MAYORISTA SA,0.0,0.0,0.0,0.0,0.0,0.0,1.0,0.0,0.0,0.0,0.0,0.0,0.0,0.0,0.0,0.0,0.0,0.0,0.0,0.0,0.0,0.0,0.0,0.0,0.0,0.0,0.0,0.0,0.0,0.0,0.0,0.0,0.0,0.0,0.0,0.0,0.0,0.0
9958.0,BARRA CON QUESO GOUDA PROFESSIONAL LINE-CANAL HORECA 3 KG,DISTRIBUIDORES,PROVISIONES SUROESTE,"000879-PROVISIONES SUROESTE, S.L.",864.0,3456.0,3744.0,1872.0,2592.0,720.0,744.0,6120.0,1728.0,0.0,720.0,1728.0,1224.0,2160.0,2304.0,4392.0,1944.0,720.0,3372.0,2808.0,11923.2,12916.8,6458.4,8942.4,2484.0,2566.8,21114.0,5961.6,0.0,2484.0,5961.6,4222.8,7452.0,7948.8,15152.4,6706.8,2484.0,11633.4
9958.0,BARRA CON QUESO GOUDA PROFESSIONAL LINE-CANAL HORECA 3 KG,DISTRIBUIDORES,RESTO DISTRIBUIDORES,"000643-ORTHIDAL, S.L.",48.0,240.0,0.0,600.0,0.0,384.0,2412.0,240.0,1008.0,144.0,72.0,0.0,0.0,36.0,24.0,0.0,60.0,0.0,60.0,158.88,842.4,0.0,2106.0,0.0,1347.84,8466.12,842.4,3538.08,505.44,252.72,0.0,0.0,130.32,86.88,0.0,217.2,0.0,217.2
9958.0,BARRA CON QUESO GOUDA PROFESSIONAL LINE-CANAL HORECA 3 KG,DISTRIBUIDORES,RESTO DISTRIBUIDORES,"000675-CORPORACIÓN LÁCTEA DEL NORTE, S.L.",0.0,0.0,0.0,48.0,0.0,0.0,0.0,0.0,0.0,0.0,0.0,0.0,0.0,0.0,0.0,0.0,0.0,0.0,0.0,0.0,0.0,0.0,168.96,0.0,0.0,0.0,0.0,0.0,0.0,0.0,0.0,0.0,0.0,0.0,0.0,0.0,0.0,0.0
9958.0,BARRA CON QUESO GOUDA PROFESSIONAL LINE-CANAL HORECA 3 KG,DISTRIBUIDORES,RESTO DISTRIBUIDORES,000711-DISTRIBUCIONES J.M. S.A.,0.0,60.0,0.0,0.0,0.0,24.0,24.0,0.0,36.0,0.0,24.0,0.0,24.0,12.0,12.0,72.0,0.0,0.0,72.0,0.0,210.6,0.0,0.0,0.0,84.24,84.24,0.0,126.36,0.0,84.24,0.0,84.24,42.12,42.12,252.72,0.0,0.0,252.72
9958.0,BARRA CON QUESO GOUDA PROFESSIONAL LINE-CANAL HORECA 3 KG,DISTRIBUIDORES,RESTO DISTRIBUIDORES,000725-DISTRIBUCIONES MORERA 2020 S.L.,0.0,36.0,36.0,0.0,0.0,0.0,0.0,0.0,0.0,0.0,0.0,0.0,0.0,0.0,0.0,0.0,0.0,0.0,0.0,0.0,133.56,133.56,0.0,0.0,0.0,0.0,0.0,0.0,0.0,0.0,0.0,0.0,0.0,0.0,0.0,0.0,0.0,0.0
9958.0,BARRA CON QUESO GOUDA PROFESSIONAL LINE-CANAL HORECA 3 KG,DISTRIBUIDORES,RESTO DISTRIBUIDORES,000751-PLACOR 2006 S.L.,0.0,0.0,0.0,0.0,0.0,0.0,0.0,0.0,0.0,0.0,0.0,0.0,0.0,0.0,0.0,0.0,0.0,0.0,0.0,0.0,0.0,0.0,0.0,0.0,0.0,0.0,0.0,0.0,0.0,0.0,0.0,0.0,0.0,0.0,0.0,0.0,0.0,0.0
9958.0,BARRA CON QUESO GOUDA PROFESSIONAL LINE-CANAL HORECA 3 KG,DISTRIBUIDORES,RESTO DISTRIBUIDORES,000790-PALENZUELA LOGISTICA S.L.,0.0,0.0,0.0,0.0,24.0,0.0,0.0,0.0,0.0,0.0,0.0,0.0,0.0,0.0,0.0,0.0,0.0,0.0,0.0,0.0,0.0,0.0,0.0,102.0,0.0,0.0,0.0,0.0,0.0,0.0,0.0,0.0,0.0,0.0,0.0,0.0,0.0,0.0
9958.0,BARRA CON QUESO GOUDA PROFESSIONAL LINE-CANAL HORECA 3 KG,DISTRIBUIDORES,RESTO DISTRIBUIDORES,000815-GLAC S.A.,0.0,60.0,240.0,540.0,60.0,588.0,276.0,480.0,156.0,96.0,0.0,0.0,0.0,0.0,0.0,0.0,0.0,0.0,0.0,0.0,231.0,924.0,1895.4,210.6,2063.88,968.76,1684.8,547.56,336.96,0.0,0.0,0.0,0.0,0.0,0.0,0.0,0.0,0.0
9958.0,BARRA CON QUESO GOUDA PROFESSIONAL LINE-CANAL HORECA 3 KG,DISTRIBUIDORES,RESTO DISTRIBUIDORES,"000836-DISTRIBUCIONES SERVERA, S.A.",120.0,720.0,960.0,480.0,900.0,540.0,600.0,660.0,780.0,792.0,0.0,0.0,0.0,240.0,540.0,900.0,60.0,504.0,288.0,421.2,2527.2,3369.6,1684.8,3159.0,1895.4,2106.0,2316.6,2737.8,2779.92,0.0,0.0,0.0,842.4,1895.4,3159.0,210.6,1769.04,1010.88
9958.0,BARRA CON QUESO GOUDA PROFESSIONAL LINE-CANAL HORECA 3 KG,DISTRIBUIDORES,RESTO DISTRIBUIDORES,000843-OLIVERFOOD EXPORT IMPORT S.L.,0.0,0.0,0.0,0.0,0.0,0.0,0.0,0.0,0.0,0.0,0.0,0.0,0.0,0.0,0.0,0.0,0.0,0.0,0.0,0.0,0.0,0.0,0.0,0.0,0.0,0.0,0.0,0.0,0.0,0.0,0.0,0.0,0.0,0.0,0.0,0.0,0.0,0.0
9958.0,BARRA CON QUESO GOUDA PROFESSIONAL LINE-CANAL HORECA 3 KG,DISTRIBUIDORES,RESTO DISTRIBUIDORES,"000855-CASA BASTIDA, S.L. ( BLOQ )",0.0,0.0,12.0,60.0,0.0,0.0,0.0,0.0,0.0,0.0,0.0,0.0,0.0,0.0,0.0,0.0,0.0,0.0,0.0,0.0,0.0,42.12,210.6,0.0,0.0,0.0,0.0,0.0,0.0,0.0,0.0,0.0,0.0,0.0,0.0,0.0,0.0,0.0
9958.0,BARRA CON QUESO GOUDA PROFESSIONAL LINE-CANAL HORECA 3 KG,DISTRIBUIDORES,RESTO DISTRIBUIDORES,"000857-COR GELAT, S.L.U. ( BLOQ )",0.0,0.0,0.0,0.0,0.0,0.0,0.0,0.0,0.0,0.0,0.0,0.0,0.0,0.0,0.0,0.0,0.0,0.0,0.0,0.0,0.0,0.0,0.0,0.0,0.0,0.0,0.0,0.0,0.0,0.0,0.0,0.0,0.0,0.0,0.0,0.0,0.0,0.0
9958.0,BARRA CON QUESO GOUDA PROFESSIONAL LINE-CANAL HORECA 3 KG,DISTRIBUIDORES,RESTO DISTRIBUIDORES,"000865-DISALCON95, S.L.",0.0,48.0,48.0,84.0,180.0,36.0,84.0,180.0,60.0,0.0,48.0,24.0,12.0,72.0,72.0,72.0,0.0,72.0,0.0,0.0,178.08,178.08,311.64,667.8,133.56,311.64,667.8,222.6,0.0,178.08,89.04,44.52,267.12,267.12,267.12,0.0,267.12,0.0
9958.0,BARRA CON QUESO GOUDA PROFESSIONAL LINE-CANAL HORECA 3 KG,DISTRIBUIDORES,RESTO DISTRIBUIDORES,000870-COMERCIAL LEÓN ZARAGOZA S.L.,0.0,0.0,12.0,12.0,0.0,0.0,0.0,0.0,0.0,0.0,0.0,0.0,0.0,0.0,0.0,0.0,0.0,0.0,0.0,0.0,0.0,44.52,44.52,0.0,0.0,0.0,0.0,0.0,0.0,0.0,0.0,0.0,0.0,0.0,0.0,0.0,0.0,0.0
9958.0,BARRA CON QUESO GOUDA PROFESSIONAL LINE-CANAL HORECA 3 KG,DISTRIBUIDORES,RESTO DISTRIBUIDORES,"000890-OCEANÍA FOOD SELECTION, S.L. ( bloq)",120.0,0.0,0.0,0.0,0.0,0.0,0.0,0.0,0.0,0.0,0.0,0.0,0.0,0.0,0.0,0.0,0.0,0.0,0.0,421.2,0.0,0.0,0.0,0.0,0.0,0.0,0.0,0.0,0.0,0.0,0.0,0.0,0.0,0.0,0.0,0.0,0.0,0.0
9958.0,BARRA CON QUESO GOUDA PROFESSIONAL LINE-CANAL HORECA 3 KG,DISTRIBUIDORES,RESTO DISTRIBUIDORES,000928-SECUNDINO DOCAMPO S.L.,0.0,0.0,0.0,0.0,60.0,120.0,0.0,0.0,0.0,0.0,0.0,0.0,0.0,0.0,0.0,0.0,0.0,0.0,0.0,0.0,0.0,0.0,0.0,222.6,445.2,0.0,0.0,0.0,0.0,0.0,0.0,0.0,0.0,0.0,0.0,0.0,0.0,0.0
9958.0,BARRA CON QUESO GOUDA PROFESSIONAL LINE-CANAL HORECA 3 KG,DISTRIBUIDORES,RESTO DISTRIBUIDORES,000950-GRUP ALIMENTARI DISTECO S.A,0.0,0.0,0.0,0.0,0.0,0.0,0.0,0.0,0.0,0.0,0.0,0.0,24.0,168.0,0.0,0.0,72.0,0.0,0.0,0.0,0.0,0.0,0.0,0.0,0.0,0.0,0.0,0.0,0.0,0.0,0.0,84.24,589.68,0.0,0.0,252.72,0.0,0.0
9958.0,BARRA CON QUESO GOUDA PROFESSIONAL LINE-CANAL HORECA 3 KG,DISTRIBUIDORES,TGT,"000010-TEODORO GARCIA, S.A. ( BLOQ )",0.0,0.0,0.0,0.0,0.0,0.0,0.0,0.0,0.0,0.0,0.0,0.0,0.0,0.0,0.0,0.0,0.0,0.0,0.0,0.0,0.0,0.0,0.0,0.0,0.0,0.0,0.0,0.0,0.0,0.0,0.0,0.0,0.0,0.0,0.0,0.0,0.0,0.0
9958.0,BARRA CON QUESO GOUDA PROFESSIONAL LINE-CANAL HORECA 3 KG,DISTRIBUIDORES,TGT,000580-LOGÍSTICA Y TRANSFORMACIÓN LÁCTEA S.L. ( bloq),0.0,0.0,0.0,0.0,0.0,0.0,0.0,0.0,0.0,0.0,0.0,0.0,0.0,0.0,0.0,0.0,0.0,0.0,0.0,0.0,0.0,0.0,0.0,0.0,0.0,0.0,0.0,0.0,0.0,0.0,0.0,0.0,0.0,0.0,0.0,0.0,0.0,0.0
9958.0,BARRA CON QUESO GOUDA PROFESSIONAL LINE-CANAL HORECA 3 KG,EXPORT,RESTO EXPORT,"000810-OSFAMA - DISTRIBUICAO, IMPORTACAO E EXPORTACAO",0.0,0.0,0.0,0.0,0.0,0.0,0.0,0.0,0.0,0.0,0.0,0.0,0.0,0.0,0.0,0.0,0.0,0.0,0.0,0.0,0.0,0.0,0.0,0.0,0.0,0.0,0.0,0.0,0.0,0.0,0.0,0.0,0.0,0.0,0.0,0.0,0.0,0.0
9958.0,BARRA CON QUESO GOUDA PROFESSIONAL LINE-CANAL HORECA 3 KG,EXPORT,RESTO EXPORT,"000842-NUNES & FREITAS, LDA (BLOQ.)",0.0,0.0,0.0,0.0,0.0,0.0,0.0,0.0,0.0,0.0,0.0,0.0,0.0,0.0,0.0,0.0,0.0,0.0,0.0,0.0,0.0,0.0,0.0,0.0,0.0,0.0,0.0,0.0,0.0,0.0,0.0,0.0,0.0,0.0,0.0,0.0,0.0,0.0
9958.0,BARRA CON QUESO GOUDA PROFESSIONAL LINE-CANAL HORECA 3 KG,EXPORT,RESTO EXPORT,000847-L.H.R. LDA. ( BLOQ),0.0,0.0,0.0,0.0,0.0,0.0,0.0,0.0,0.0,0.0,0.0,0.0,0.0,0.0,0.0,0.0,0.0,0.0,0.0,0.0,0.0,0.0,0.0,0.0,0.0,0.0,0.0,0.0,0.0,0.0,0.0,0.0,0.0,0.0,0.0,0.0,0.0,0.0
9958.0,BARRA CON QUESO GOUDA PROFESSIONAL LINE-CANAL HORECA 3 KG,EXPORT,RESTO EXPORT,111112-CLIENTES EXPORTACION (PRESUPESTO),0.0,0.0,0.0,0.0,0.0,0.0,0.0,0.0,0.0,0.0,0.0,0.0,0.0,0.0,0.0,0.0,0.0,0.0,0.0,0.0,0.0,0.0,0.0,0.0,0.0,0.0,0.0,0.0,0.0,0.0,0.0,0.0,0.0,0.0,0.0,0.0,0.0,0.0
9958.0,BARRA CON QUESO GOUDA PROFESSIONAL LINE-CANAL HORECA 3 KG,INDUSTRIALES & FOOD SERVICE,RESTO DISTRIBUIDORES,"000890-OCEANÍA FOOD SELECTION, S.L. ( bloq)",0.0,1.0,0.0,0.0,0.0,0.0,0.0,0.0,0.0,0.0,0.0,0.0,0.0,0.0,0.0,0.0,0.0,0.0,0.0,0.0,0.0,0.0,0.0,0.0,0.0,0.0,0.0,0.0,0.0,0.0,0.0,0.0,0.0,0.0,0.0,0.0,0.0,0.0
9958.0,BARRA CON QUESO GOUDA PROFESSIONAL LINE-CANAL HORECA 3 KG,INDUSTRIALES & FOOD SERVICE,RESTO INDUSTRIALES & FOODSERVICE,"000828-QUE S LIDER, S.L.",0.0,0.0,0.0,0.0,0.0,0.0,0.0,0.0,0.0,0.0,0.0,0.0,0.0,0.0,0.0,0.0,0.0,0.0,0.0,0.0,0.0,0.0,0.0,0.0,0.0,0.0,0.0,0.0,0.0,0.0,0.0,0.0,0.0,0.0,0.0,0.0,0.0,0.0
9958.0,BARRA CON QUESO GOUDA PROFESSIONAL LINE-CANAL HORECA 3 KG,INTERNO,INTERNO,000679-SPANISH CHEESE S.L.U.,0.0,0.0,0.0,0.0,0.0,0.0,0.0,0.0,0.0,0.0,0.0,0.0,0.0,0.0,0.0,0.0,0.0,0.0,0.0,0.0,0.0,0.0,0.0,0.0,0.0,0.0,0.0,0.0,0.0,0.0,0.0,0.0,0.0,0.0,0.0,0.0,0.0,0.0
9958.0,BARRA CON QUESO GOUDA PROFESSIONAL LINE-CANAL HORECA 3 KG,RETAIL,IFA,000823-HIPER USERA S.L.,192.0,132.0,396.0,192.0,828.0,156.0,276.0,120.0,204.0,360.0,216.0,168.0,324.0,132.0,324.0,264.0,372.0,108.0,300.0,691.2,475.2,1425.6,691.2,2980.8,561.6,993.6,432.0,734.4,1296.0,777.6,604.8,1166.4,475.2,1166.4,950.4,1339.2,388.8,1080.0
9958.0,BARRA CON QUESO GOUDA PROFESSIONAL LINE-CANAL HORECA 3 KG,RETAIL,IFA,000940-ALIMERKA S.A.U.,0.0,0.0,0.0,0.0,0.0,0.0,0.0,0.0,0.0,864.0,0.0,0.0,0.0,0.0,156.0,0.0,0.0,0.0,72.0,0.0,0.0,0.0,0.0,0.0,0.0,0.0,0.0,0.0,3153.6,0.0,0.0,0.0,0.0,569.4,0.0,0.0,0.0,262.8
9959.0,BARRA CON QUESO CHEDDAR PROFESSIONAL LINE-CANAL HORECA 3 KG,DISTRIBUIDORES,PROVISIONES SUROESTE,"000879-PROVISIONES SUROESTE, S.L.",0.0,2016.0,2304.0,1152.0,1368.0,1872.0,648.0,3168.0,3312.0,1584.0,1584.0,1728.0,864.0,2304.0,2592.0,4176.0,2016.0,1872.0,4488.0,0.0,6955.2,7948.8,3974.4,4719.6,6458.4,2235.6,10929.6,11426.4,5464.8,5464.8,5961.6,2980.8,7948.8,8942.4,14407.2,6955.2,6458.4,15483.6
9959.0,BARRA CON QUESO CHEDDAR PROFESSIONAL LINE-CANAL HORECA 3 KG,DISTRIBUIDORES,RESTO DISTRIBUIDORES,"000038-LÁCTEOS MENDI, S.L.",36.0,72.0,144.0,0.0,0.0,384.0,144.0,72.0,144.0,144.0,144.0,72.0,132.0,144.0,216.0,72.0,72.0,144.0,144.0,142.2,284.4,568.8,0.0,0.0,1347.84,505.44,252.72,505.44,505.44,505.44,252.72,463.32,505.44,758.16,252.72,252.72,505.44,505.44
9959.0,BARRA CON QUESO CHEDDAR PROFESSIONAL LINE-CANAL HORECA 3 KG,DISTRIBUIDORES,RESTO DISTRIBUIDORES,000338-GONZALO ALONSO CRUZ (BLOQ.),0.0,72.0,0.0,36.0,120.0,0.0,0.0,0.0,0.0,0.0,0.0,0.0,0.0,0.0,0.0,0.0,120.0,0.0,0.0,0.0,306.0,0.0,153.0,510.0,0.0,0.0,0.0,0.0,0.0,0.0,0.0,0.0,0.0,0.0,0.0,505.2,0.0,0.0
9959.0,BARRA CON QUESO CHEDDAR PROFESSIONAL LINE-CANAL HORECA 3 KG,DISTRIBUIDORES,RESTO DISTRIBUIDORES,"000643-ORTHIDAL, S.L.",2568.0,2784.0,2736.0,1896.0,3192.0,1584.0,5184.0,2808.0,3816.0,2448.0,6624.0,2220.0,864.0,1728.0,4188.0,2136.0,864.0,2952.0,2736.0,8482.01,9771.84,9602.21,6637.07,11203.92,5533.35,18195.84,9856.08,13394.16,8582.72,23250.24,7792.2,3032.64,6255.36,15135.38,7732.32,3127.68,10674.04,9904.32
9959.0,BARRA CON QUESO CHEDDAR PROFESSIONAL LINE-CANAL HORECA 3 KG,DISTRIBUIDORES,RESTO DISTRIBUIDORES,000651-COMERGRAN S.L.,0.0,24.0,0.0,24.0,0.0,0.0,24.0,24.0,60.0,180.0,0.0,60.0,120.0,0.0,240.0,120.0,144.0,180.0,0.0,0.0,82.8,0.0,82.8,0.0,0.0,82.8,82.8,207.0,621.0,0.0,207.0,414.0,0.0,828.0,414.0,496.8,621.0,0.0
9959.0,BARRA CON QUESO CHEDDAR PROFESSIONAL LINE-CANAL HORECA 3 KG,DISTRIBUIDORES,RESTO DISTRIBUIDORES,000655-EXCLUSIVAS OMEÑACA SL,12.0,0.0,36.0,12.0,36.0,60.0,0.0,24.0,36.0,12.0,24.0,36.0,12.0,12.0,0.0,0.0,0.0,0.0,0.0,46.8,0.0,147.6,49.2,147.6,246.0,0.0,98.4,147.6,49.2,98.4,147.6,49.2,49.2,0.0,0.0,0.0,0.0,0.0
9959.0,BARRA CON QUESO CHEDDAR PROFESSIONAL LINE-CANAL HORECA 3 KG,DISTRIBUIDORES,RESTO DISTRIBUIDORES,"000656-PRADOMAYOR, S.A. ( BLOQ)",72.0,60.0,48.0,84.0,60.0,60.0,0.0,0.0,0.0,0.0,0.0,0.0,0.0,0.0,0.0,0.0,0.0,0.0,0.0,298.8,255.0,204.0,357.0,255.0,255.0,0.0,0.0,0.0,0.0,0.0,0.0,0.0,0.0,0.0,0.0,0.0,0.0,0.0
9959.0,BARRA CON QUESO CHEDDAR PROFESSIONAL LINE-CANAL HORECA 3 KG,DISTRIBUIDORES,RESTO DISTRIBUIDORES,000664-CARLOS ALBERTO LUIS CEJUDO,0.0,0.0,12.0,0.0,12.0,0.0,0.0,0.0,0.0,0.0,0.0,0.0,0.0,0.0,0.0,0.0,0.0,0.0,0.0,0.0,0.0,51.0,0.0,51.0,0.0,0.0,0.0,0.0,0.0,0.0,0.0,0.0,0.0,0.0,0.0,0.0,0.0,0.0
9959.0,BARRA CON QUESO CHEDDAR PROFESSIONAL LINE-CANAL HORECA 3 KG,DISTRIBUIDORES,RESTO DISTRIBUIDORES,000667-MENA ALIMENTARIA S.L.,12.0,12.0,0.0,0.0,36.0,0.0,0.0,12.0,0.0,0.0,12.0,0.0,0.0,0.0,12.0,0.0,0.0,0.0,0.0,42.12,44.52,0.0,0.0,133.56,0.0,0.0,44.52,0.0,0.0,44.52,0.0,0.0,0.0,44.52,0.0,0.0,0.0,0.0
9959.0,BARRA CON QUESO CHEDDAR PROFESSIONAL LINE-CANAL HORECA 3 KG,DISTRIBUIDORES,RESTO DISTRIBUIDORES,000679-SPANISH CHEESE S.L.U.,0.0,0.0,0.0,0.0,0.0,0.0,0.0,0.0,0.0,0.0,0.0,0.0,864.0,0.0,0.0,0.0,0.0,0.0,0.0,0.0,0.0,0.0,0.0,0.0,0.0,0.0,0.0,0.0,0.0,0.0,0.0,2873.15,0.0,0.0,0.0,0.0,0.0,0.0
9959.0,BARRA CON QUESO CHEDDAR PROFESSIONAL LINE-CANAL HORECA 3 KG,DISTRIBUIDORES,RESTO DISTRIBUIDORES,000682-MANUEL CARDENAS PEREZ (BLOQ.),0.0,0.0,0.0,0.0,0.0,0.0,0.0,0.0,0.0,0.0,0.0,0.0,0.0,0.0,0.0,0.0,0.0,0.0,0.0,0.0,0.0,0.0,0.0,0.0,0.0,0.0,0.0,0.0,0.0,0.0,0.0,0.0,0.0,0.0,0.0,0.0,0.0,0.0
9959.0,BARRA CON QUESO CHEDDAR PROFESSIONAL LINE-CANAL HORECA 3 KG,DISTRIBUIDORES,RESTO DISTRIBUIDORES,"000709-DISTRIBUCIONES MONTEVERDE, S.L.U. ( BLOQ)",0.0,0.0,0.0,0.0,0.0,0.0,0.0,0.0,0.0,0.0,0.0,0.0,0.0,0.0,0.0,0.0,0.0,0.0,0.0,0.0,0.0,0.0,0.0,0.0,0.0,0.0,0.0,0.0,0.0,0.0,0.0,0.0,0.0,0.0,0.0,0.0,0.0,0.0
9959.0,BARRA CON QUESO CHEDDAR PROFESSIONAL LINE-CANAL HORECA 3 KG,DISTRIBUIDORES,RESTO DISTRIBUIDORES,000711-DISTRIBUCIONES J.M. S.A.,0.0,0.0,0.0,0.0,0.0,24.0,0.0,0.0,0.0,0.0,0.0,0.0,0.0,0.0,0.0,0.0,0.0,0.0,0.0,0.0,0.0,0.0,0.0,0.0,84.24,0.0,0.0,0.0,0.0,0.0,0.0,0.0,0.0,0.0,0.0,0.0,0.0,0.0
9959.0,BARRA CON QUESO CHEDDAR PROFESSIONAL LINE-CANAL HORECA 3 KG,DISTRIBUIDORES,RESTO DISTRIBUIDORES,000725-DISTRIBUCIONES MORERA 2020 S.L.,0.0,36.0,36.0,0.0,0.0,0.0,0.0,24.0,0.0,0.0,24.0,0.0,0.0,0.0,0.0,0.0,0.0,0.0,0.0,0.0,133.56,133.56,0.0,0.0,0.0,0.0,89.04,0.0,0.0,89.04,0.0,0.0,0.0,0.0,0.0,0.0,0.0,0.0
9959.0,BARRA CON QUESO CHEDDAR PROFESSIONAL LINE-CANAL HORECA 3 KG,DISTRIBUIDORES,RESTO DISTRIBUIDORES,000728-SAN LAMBERTO 2000 SL,24.0,24.0,60.0,48.0,0.0,96.0,0.0,60.0,84.0,12.0,24.0,0.0,0.0,24.0,60.0,60.0,72.0,72.0,72.0,92.4,92.4,231.0,184.8,0.0,369.6,0.0,231.0,323.4,46.2,92.4,0.0,0.0,92.4,231.0,231.0,277.2,277.2,277.2
9959.0,BARRA CON QUESO CHEDDAR PROFESSIONAL LINE-CANAL HORECA 3 KG,DISTRIBUIDORES,RESTO DISTRIBUIDORES,000751-PLACOR 2006 S.L.,0.0,144.0,72.0,144.0,0.0,72.0,0.0,72.0,72.0,24.0,0.0,144.0,0.0,0.0,144.0,0.0,0.0,72.0,0.0,0.0,608.94,304.47,608.94,0.0,304.47,0.0,304.47,304.47,101.49,0.0,608.94,0.0,0.0,608.94,0.0,0.0,304.47,0.0
9959.0,BARRA CON QUESO CHEDDAR PROFESSIONAL LINE-CANAL HORECA 3 KG,DISTRIBUIDORES,RESTO DISTRIBUIDORES,000759-LOGI REST S.L.U.,288.0,360.0,720.0,144.0,288.0,792.0,1368.0,780.0,1872.0,1368.0,864.0,1368.0,1080.0,1080.0,1368.0,1584.0,1656.0,1008.0,1512.0,1022.4,1278.0,2556.0,511.2,1022.4,2811.6,4856.4,2769.0,6804.0,4993.2,3153.6,4993.2,3942.0,3942.0,4993.2,5781.6,6044.4,3679.2,5518.8
9959.0,BARRA CON QUESO CHEDDAR PROFESSIONAL LINE-CANAL HORECA 3 KG,DISTRIBUIDORES,RESTO DISTRIBUIDORES,000776-COMERCIAL DIALVA S.A.,240.0,72.0,444.0,216.0,0.0,504.0,0.0,72.0,72.0,216.0,216.0,72.0,144.0,360.0,420.0,108.0,2880.0,144.0,144.0,823.2,252.72,1558.44,758.16,0.0,1769.04,0.0,252.72,252.72,758.16,758.16,252.72,505.44,1263.6,1474.2,379.08,9694.08,505.44,505.44
9959.0,BARRA CON QUESO CHEDDAR PROFESSIONAL LINE-CANAL HORECA 3 KG,DISTRIBUIDORES,RESTO DISTRIBUIDORES,000790-PALENZUELA LOGISTICA S.L.,0.0,0.0,24.0,48.0,36.0,12.0,0.0,0.0,0.0,0.0,0.0,0.0,0.0,0.0,0.0,0.0,0.0,0.0,0.0,0.0,0.0,89.04,178.08,133.56,44.52,0.0,0.0,0.0,0.0,0.0,0.0,0.0,0.0,0.0,0.0,0.0,0.0,0.0
9959.0,BARRA CON QUESO CHEDDAR PROFESSIONAL LINE-CANAL HORECA 3 KG,DISTRIBUIDORES,RESTO DISTRIBUIDORES,000791-CAZALEN S.L. (BLOQ.),300.0,0.0,12.0,252.0,12.0,0.0,0.0,0.0,0.0,0.0,0.0,0.0,0.0,0.0,0.0,0.0,0.0,0.0,0.0,1123.8,0.0,46.2,970.2,46.2,0.0,0.0,0.0,0.0,0.0,0.0,0.0,0.0,0.0,0.0,0.0,0.0,0.0,0.0
9959.0,BARRA CON QUESO CHEDDAR PROFESSIONAL LINE-CANAL HORECA 3 KG,DISTRIBUIDORES,RESTO DISTRIBUIDORES,000815-GLAC S.A.,0.0,60.0,120.0,780.0,0.0,996.0,540.0,696.0,504.0,0.0,0.0,0.0,0.0,444.0,0.0,792.0,144.0,504.0,144.0,0.0,231.0,421.2,2737.8,0.0,3495.96,1895.4,2442.96,1769.04,0.0,0.0,0.0,0.0,1558.44,0.0,2779.92,505.44,1769.04,505.44
9959.0,BARRA CON QUESO CHEDDAR PROFESSIONAL LINE-CANAL HORECA 3 KG,DISTRIBUIDORES,RESTO DISTRIBUIDORES,000835-MONICA GIRON VALENCIA (BLOQ.),84.0,0.0,0.0,0.0,0.0,0.0,0.0,0.0,0.0,0.0,0.0,0.0,0.0,0.0,0.0,0.0,0.0,0.0,0.0,357.0,0.0,0.0,0.0,0.0,0.0,0.0,0.0,0.0,0.0,0.0,0.0,0.0,0.0,0.0,0.0,0.0,0.0,0.0
9959.0,BARRA CON QUESO CHEDDAR PROFESSIONAL LINE-CANAL HORECA 3 KG,DISTRIBUIDORES,RESTO DISTRIBUIDORES,"000836-DISTRIBUCIONES SERVERA, S.A.",24.0,12.0,60.0,24.0,36.0,60.0,72.0,72.0,132.0,96.0,0.0,0.0,0.0,24.0,12.0,48.0,48.0,96.0,72.0,79.44,42.12,210.6,84.24,126.36,210.6,252.72,252.72,463.32,336.96,0.0,0.0,0.0,84.24,42.12,168.48,168.48,336.96,252.72
9959.0,BARRA CON QUESO CHEDDAR PROFESSIONAL LINE-CANAL HORECA 3 KG,DISTRIBUIDORES,RESTO DISTRIBUIDORES,"000840-JULIÁN MAIRAL, S.L.U. ( BLOQ)",0.0,0.0,0.0,0.0,0.0,0.0,0.0,0.0,0.0,0.0,0.0,0.0,0.0,0.0,0.0,0.0,0.0,0.0,0.0,0.0,0.0,0.0,0.0,0.0,0.0,0.0,0.0,0.0,0.0,0.0,0.0,0.0,0.0,0.0,0.0,0.0,0.0,0.0
9959.0,BARRA CON QUESO CHEDDAR PROFESSIONAL LINE-CANAL HORECA 3 KG,DISTRIBUIDORES,RESTO DISTRIBUIDORES,000843-OLIVERFOOD EXPORT IMPORT S.L.,0.0,0.0,0.0,0.0,0.0,0.0,0.0,0.0,0.0,0.0,0.0,0.0,0.0,0.0,0.0,0.0,0.0,0.0,0.0,0.0,0.0,0.0,0.0,0.0,0.0,0.0,0.0,0.0,0.0,0.0,0.0,0.0,0.0,0.0,0.0,0.0,0.0,0.0
9959.0,BARRA CON QUESO CHEDDAR PROFESSIONAL LINE-CANAL HORECA 3 KG,DISTRIBUIDORES,RESTO DISTRIBUIDORES,"000858-COVADUL FAST FOOD, S.L.",312.0,0.0,0.0,24.0,48.0,108.0,36.0,120.0,96.0,36.0,96.0,60.0,84.0,72.0,72.0,72.0,144.0,0.0,72.0,1032.72,0.0,0.0,84.24,168.48,379.08,126.36,421.2,336.96,126.36,336.96,210.6,294.84,252.72,252.72,252.72,505.44,0.0,252.72
9959.0,BARRA CON QUESO CHEDDAR PROFESSIONAL LINE-CANAL HORECA 3 KG,DISTRIBUIDORES,RESTO DISTRIBUIDORES,"000864-RISCALES ALIMENTACIÓN, S.L.",0.0,0.0,0.0,0.0,288.0,0.0,0.0,132.0,60.0,0.0,0.0,72.0,0.0,0.0,0.0,24.0,96.0,0.0,72.0,0.0,0.0,0.0,0.0,1068.48,0.0,0.0,489.72,222.6,0.0,0.0,259.92,0.0,0.0,0.0,84.24,336.96,0.0,252.72
9959.0,BARRA CON QUESO CHEDDAR PROFESSIONAL LINE-CANAL HORECA 3 KG,DISTRIBUIDORES,RESTO DISTRIBUIDORES,"000865-DISALCON95, S.L.",36.0,108.0,96.0,132.0,204.0,36.0,108.0,204.0,96.0,0.0,36.0,60.0,48.0,72.0,144.0,144.0,72.0,0.0,72.0,126.36,400.68,356.16,489.72,756.84,133.56,400.68,756.84,356.16,0.0,133.56,222.6,178.08,267.12,534.24,534.24,267.12,0.0,267.12
9959.0,BARRA CON QUESO CHEDDAR PROFESSIONAL LINE-CANAL HORECA 3 KG,DISTRIBUIDORES,RESTO DISTRIBUIDORES,000870-COMERCIAL LEÓN ZARAGOZA S.L.,84.0,156.0,168.0,168.0,108.0,108.0,0.0,48.0,456.0,0.0,0.0,0.0,0.0,120.0,0.0,0.0,0.0,72.0,0.0,304.44,578.76,623.28,623.28,400.68,400.68,0.0,178.08,1691.76,0.0,0.0,0.0,0.0,445.2,0.0,0.0,0.0,267.12,0.0
9959.0,BARRA CON QUESO CHEDDAR PROFESSIONAL LINE-CANAL HORECA 3 KG,DISTRIBUIDORES,RESTO DISTRIBUIDORES,000900-ESTABLECIMIENTOS LOS MELLIZOS JJ ( bloq),0.0,48.0,0.0,204.0,0.0,0.0,0.0,0.0,0.0,0.0,0.0,0.0,0.0,0.0,0.0,0.0,0.0,0.0,0.0,0.0,184.8,0.0,785.4,0.0,0.0,0.0,0.0,0.0,0.0,0.0,0.0,0.0,0.0,0.0,0.0,0.0,0.0,0.0
9959.0,BARRA CON QUESO CHEDDAR PROFESSIONAL LINE-CANAL HORECA 3 KG,DISTRIBUIDORES,RESTO DISTRIBUIDORES,"000922-GRUPO EMPRESARIAL SOS, S.L.",0.0,0.0,0.0,0.0,0.0,0.0,24.0,0.0,0.0,0.0,0.0,12.0,0.0,0.0,0.0,0.0,0.0,0.0,0.0,0.0,0.0,0.0,0.0,0.0,0.0,93.12,0.0,0.0,0.0,0.0,46.56,0.0,0.0,0.0,0.0,0.0,0.0,0.0
9959.0,BARRA CON QUESO CHEDDAR PROFESSIONAL LINE-CANAL HORECA 3 KG,DISTRIBUIDORES,RESTO DISTRIBUIDORES,000950-GRUP ALIMENTARI DISTECO S.A,0.0,0.0,0.0,0.0,0.0,0.0,0.0,0.0,0.0,0.0,0.0,0.0,48.0,180.0,0.0,0.0,0.0,72.0,0.0,0.0,0.0,0.0,0.0,0.0,0.0,0.0,0.0,0.0,0.0,0.0,0.0,168.48,631.8,0.0,0.0,0.0,252.72,0.0
9959.0,BARRA CON QUESO CHEDDAR PROFESSIONAL LINE-CANAL HORECA 3 KG,DISTRIBUIDORES,RESTO DISTRIBUIDORES,000983-DISHORE S.L.,0.0,0.0,0.0,0.0,0.0,0.0,0.0,0.0,0.0,0.0,0.0,0.0,0.0,0.0,0.0,0.0,0.0,72.0,0.0,0.0,0.0,0.0,0.0,0.0,0.0,0.0,0.0,0.0,0.0,0.0,0.0,0.0,0.0,0.0,0.0,0.0,267.12,0.0
9959.0,BARRA CON QUESO CHEDDAR PROFESSIONAL LINE-CANAL HORECA 3 KG,DISTRIBUIDORES,RESTO DISTRIBUIDORES,000987-LPA ALIMENTACION S.L.,0.0,0.0,0.0,0.0,0.0,0.0,0.0,0.0,0.0,0.0,0.0,0.0,0.0,0.0,0.0,0.0,0.0,144.0,0.0,0.0,0.0,0.0,0.0,0.0,0.0,0.0,0.0,0.0,0.0,0.0,0.0,0.0,0.0,0.0,0.0,0.0,505.44,0.0
9959.0,BARRA CON QUESO CHEDDAR PROFESSIONAL LINE-CANAL HORECA 3 KG,DISTRIBUIDORES,TGT,"000010-TEODORO GARCIA, S.A. ( BLOQ )",0.0,0.0,0.0,0.0,0.0,0.0,0.0,0.0,0.0,0.0,0.0,0.0,0.0,0.0,0.0,0.0,0.0,0.0,0.0,0.0,0.0,0.0,0.0,0.0,0.0,0.0,0.0,0.0,0.0,0.0,0.0,0.0,0.0,0.0,0.0,0.0,0.0,0.0
9959.0,BARRA CON QUESO CHEDDAR PROFESSIONAL LINE-CANAL HORECA 3 KG,DISTRIBUIDORES,TGT,000580-LOGÍSTICA Y TRANSFORMACIÓN LÁCTEA S.L. ( bloq),120.0,480.0,720.0,0.0,864.0,0.0,648.0,0.0,0.0,0.0,0.0,0.0,0.0,0.0,0.0,0.0,0.0,0.0,0.0,510.0,2040.0,3060.0,0.0,3672.0,0.0,3013.2,0.0,0.0,0.0,0.0,0.0,0.0,0.0,0.0,0.0,0.0,0.0,0.0
9959.0,BARRA CON QUESO CHEDDAR PROFESSIONAL LINE-CANAL HORECA 3 KG,EXPORT,RESTO EXPORT,"000099-GUERREIRO E PRATA, L.D.A. ( BLOQ )",0.0,0.0,0.0,0.0,0.0,0.0,0.0,0.0,0.0,0.0,0.0,0.0,0.0,0.0,0.0,0.0,0.0,0.0,0.0,0.0,0.0,0.0,0.0,0.0,0.0,0.0,0.0,0.0,0.0,0.0,0.0,0.0,0.0,0.0,0.0,0.0,0.0,0.0
9959.0,BARRA CON QUESO CHEDDAR PROFESSIONAL LINE-CANAL HORECA 3 KG,EXPORT,RESTO EXPORT,"000810-OSFAMA - DISTRIBUICAO, IMPORTACAO E EXPORTACAO",0.0,0.0,0.0,0.0,0.0,0.0,0.0,0.0,0.0,0.0,0.0,0.0,0.0,0.0,0.0,0.0,0.0,0.0,0.0,0.0,0.0,0.0,0.0,0.0,0.0,0.0,0.0,0.0,0.0,0.0,0.0,0.0,0.0,0.0,0.0,0.0,0.0,0.0
9959.0,BARRA CON QUESO CHEDDAR PROFESSIONAL LINE-CANAL HORECA 3 KG,EXPORT,RESTO EXPORT,"000842-NUNES & FREITAS, LDA (BLOQ.)",0.0,0.0,0.0,0.0,0.0,0.0,0.0,0.0,0.0,0.0,0.0,0.0,0.0,0.0,0.0,0.0,0.0,0.0,0.0,0.0,0.0,0.0,0.0,0.0,0.0,0.0,0.0,0.0,0.0,0.0,0.0,0.0,0.0,0.0,0.0,0.0,0.0,0.0
9959.0,BARRA CON QUESO CHEDDAR PROFESSIONAL LINE-CANAL HORECA 3 KG,EXPORT,RESTO EXPORT,111112-CLIENTES EXPORTACION (PRESUPESTO),0.0,0.0,0.0,0.0,0.0,0.0,0.0,0.0,0.0,0.0,0.0,0.0,0.0,0.0,0.0,0.0,0.0,0.0,0.0,0.0,0.0,0.0,0.0,0.0,0.0,0.0,0.0,0.0,0.0,0.0,0.0,0.0,0.0,0.0,0.0,0.0,0.0,0.0
9959.0,BARRA CON QUESO CHEDDAR PROFESSIONAL LINE-CANAL HORECA 3 KG,INDUSTRIALES & FOOD SERVICE,RESTO INDUSTRIALES & FOODSERVICE,000708-CASHDIPLO SLU ( bloq),144.0,96.0,180.0,120.0,24.0,180.0,0.0,0.0,0.0,0.0,0.0,0.0,0.0,0.0,0.0,0.0,0.0,0.0,0.0,549.94,366.62,713.82,482.29,96.46,723.42,0.0,0.0,0.0,0.0,0.0,0.0,0.0,0.0,0.0,0.0,0.0,0.0,0.0
9959.0,BARRA CON QUESO CHEDDAR PROFESSIONAL LINE-CANAL HORECA 3 KG,INDUSTRIALES & FOOD SERVICE,RESTO INDUSTRIALES & FOODSERVICE,"000749-MG SPECIAL CATERING, S.L.",0.0,0.0,96.0,168.0,120.0,0.0,0.0,144.0,0.0,144.0,0.0,144.0,0.0,216.0,0.0,0.0,144.0,0.0,0.0,0.0,0.0,379.2,663.6,474.0,0.0,0.0,568.8,0.0,568.8,0.0,568.8,0.0,853.2,0.0,0.0,568.8,0.0,0.0
9959.0,BARRA CON QUESO CHEDDAR PROFESSIONAL LINE-CANAL HORECA 3 KG,INDUSTRIALES & FOOD SERVICE,RESTO INDUSTRIALES & FOODSERVICE,000782-MANOLO GARCÍA EMBUTIDO CALIDAD S.L.,0.0,0.0,0.0,0.0,0.0,0.0,0.0,0.0,0.0,0.0,0.0,0.0,0.0,0.0,0.0,0.0,0.0,0.0,0.0,0.0,0.0,0.0,0.0,0.0,0.0,0.0,0.0,0.0,0.0,0.0,0.0,0.0,0.0,0.0,0.0,0.0,0.0,0.0
9959.0,BARRA CON QUESO CHEDDAR PROFESSIONAL LINE-CANAL HORECA 3 KG,INDUSTRIALES & FOOD SERVICE,RESTO INDUSTRIALES & FOODSERVICE,000892-CARNES IBERICAS DEL NORTE S.L.U.,0.0,0.0,0.0,0.0,0.0,0.0,0.0,0.0,0.0,0.0,0.0,0.0,0.0,0.0,0.0,0.0,0.0,0.0,0.0,0.0,0.0,0.0,0.0,0.0,0.0,0.0,0.0,0.0,0.0,0.0,0.0,0.0,0.0,0.0,0.0,0.0,0.0,0.0
9959.0,BARRA CON QUESO CHEDDAR PROFESSIONAL LINE-CANAL HORECA 3 KG,INDUSTRIALES & FOOD SERVICE,RESTO INDUSTRIALES & FOODSERVICE,000960-PAN DIRECTO GIJON S.L. (BLOQ.),0.0,0.0,0.0,0.0,0.0,0.0,0.0,0.0,0.0,0.0,0.0,0.0,0.0,72.0,0.0,0.0,0.0,0.0,0.0,0.0,0.0,0.0,0.0,0.0,0.0,0.0,0.0,0.0,0.0,0.0,0.0,0.0,306.0,0.0,0.0,0.0,0.0,0.0
9959.0,BARRA CON QUESO CHEDDAR PROFESSIONAL LINE-CANAL HORECA 3 KG,INTERNO,INTERNO,000679-SPANISH CHEESE S.L.U.,0.0,0.0,0.0,0.0,0.0,0.0,0.0,0.0,0.0,0.0,0.0,0.0,0.0,0.0,0.0,0.0,0.0,0.0,0.0,0.0,0.0,0.0,0.0,0.0,0.0,0.0,0.0,0.0,0.0,0.0,0.0,0.0,0.0,0.0,0.0,0.0,0.0,0.0
9959.0,BARRA CON QUESO CHEDDAR PROFESSIONAL LINE-CANAL HORECA 3 KG,RETAIL,IFA,000823-HIPER USERA S.L.,120.0,180.0,192.0,72.0,444.0,72.0,204.0,240.0,168.0,432.0,108.0,84.0,192.0,156.0,288.0,180.0,312.0,156.0,228.0,432.0,648.0,691.2,259.2,1598.4,259.2,734.4,864.0,604.8,1555.2,388.8,302.4,691.2,561.6,1036.8,648.0,1123.2,561.6,820.8
9959.0,BARRA CON QUESO CHEDDAR PROFESSIONAL LINE-CANAL HORECA 3 KG,RETAIL,IFA,000940-ALIMERKA S.A.U.,0.0,0.0,0.0,0.0,0.0,0.0,0.0,0.0,0.0,864.0,0.0,0.0,0.0,0.0,156.0,144.0,0.0,0.0,0.0,0.0,0.0,0.0,0.0,0.0,0.0,0.0,0.0,0.0,3153.6,0.0,0.0,0.0,0.0,569.4,525.6,0.0,0.0,0.0
9960.0,BARRA CON QUESO EDAM PROFESSIONAL LINE-CANAL HORECA 3 KG,CASH & CARRY,MAKRO,000645-MAKRO CASH & CARRY PORTUGAL S.A.,0.0,0.0,0.0,0.0,0.0,0.0,0.0,0.0,0.0,0.0,0.0,0.0,0.0,0.0,0.0,0.0,0.0,0.0,0.0,0.0,0.0,0.0,0.0,0.0,0.0,0.0,0.0,0.0,0.0,0.0,0.0,0.0,0.0,0.0,0.0,0.0,0.0,0.0
9960.0,BARRA CON QUESO EDAM PROFESSIONAL LINE-CANAL HORECA 3 KG,DISTRIBUIDORES,PROVISIONES SUROESTE,"000879-PROVISIONES SUROESTE, S.L.",1584.0,6336.0,4176.0,7200.0,4176.0,7488.0,4608.0,4896.0,5472.0,2448.0,6624.0,4752.0,720.0,5616.0,5760.0,4752.0,3168.0,4032.0,4176.0,5464.8,21859.2,14407.2,24840.0,14407.2,25833.6,15897.6,16891.2,18878.4,8445.6,22852.8,16394.4,2484.0,19375.2,19872.0,16394.4,10929.6,13910.4,14407.2
9960.0,BARRA CON QUESO EDAM PROFESSIONAL LINE-CANAL HORECA 3 KG,DISTRIBUIDORES,RESTO DISTRIBUIDORES,"000038-LÁCTEOS MENDI, S.L.",0.0,0.0,0.0,0.0,0.0,48.0,120.0,72.0,48.0,72.0,0.0,144.0,108.0,0.0,120.0,0.0,0.0,0.0,72.0,0.0,0.0,0.0,0.0,0.0,168.48,421.2,252.72,168.48,252.72,0.0,505.44,379.08,0.0,421.2,0.0,0.0,0.0,252.72
9960.0,BARRA CON QUESO EDAM PROFESSIONAL LINE-CANAL HORECA 3 KG,DISTRIBUIDORES,RESTO DISTRIBUIDORES,"000643-ORTHIDAL, S.L.",48.0,0.0,0.0,0.0,60.0,0.0,144.0,180.0,432.0,480.0,144.0,0.0,0.0,36.0,24.0,0.0,60.0,0.0,0.0,158.88,0.0,0.0,0.0,210.6,0.0,505.44,631.8,1516.32,1684.8,505.44,0.0,0.0,130.32,86.88,0.0,217.2,0.0,0.0
9960.0,BARRA CON QUESO EDAM PROFESSIONAL LINE-CANAL HORECA 3 KG,DISTRIBUIDORES,RESTO DISTRIBUIDORES,000651-COMERGRAN S.L.,240.0,0.0,0.0,240.0,60.0,60.0,60.0,120.0,408.0,0.0,360.0,480.0,120.0,480.0,240.0,420.0,468.0,72.0,288.0,876.0,0.0,0.0,828.0,207.0,207.0,207.0,414.0,1407.6,0.0,1242.0,1656.0,414.0,1656.0,828.0,1449.0,1614.6,248.4,993.6
9960.0,BARRA CON QUESO EDAM PROFESSIONAL LINE-CANAL HORECA 3 KG,DISTRIBUIDORES,RESTO DISTRIBUIDORES,"000656-PRADOMAYOR, S.A. ( BLOQ)",96.0,48.0,36.0,72.0,48.0,60.0,0.0,0.0,0.0,0.0,0.0,0.0,0.0,0.0,0.0,0.0,0.0,0.0,0.0,388.8,204.0,153.0,306.0,204.0,255.0,0.0,0.0,0.0,0.0,0.0,0.0,0.0,0.0,0.0,0.0,0.0,0.0,0.0
9960.0,BARRA CON QUESO EDAM PROFESSIONAL LINE-CANAL HORECA 3 KG,DISTRIBUIDORES,RESTO DISTRIBUIDORES,"000675-CORPORACIÓN LÁCTEA DEL NORTE, S.L.",432.0,0.0,480.0,216.0,360.0,360.0,432.0,0.0,432.0,216.0,360.0,216.0,288.0,216.0,120.0,648.0,0.0,288.0,288.0,1434.24,0.0,1689.6,760.32,1267.2,1267.2,1520.64,0.0,1520.64,760.32,1267.2,760.32,1013.76,760.32,422.4,2280.96,0.0,1013.76,1013.76
9960.0,BARRA CON QUESO EDAM PROFESSIONAL LINE-CANAL HORECA 3 KG,DISTRIBUIDORES,RESTO DISTRIBUIDORES,000676-EXCLUSIVAS ALIMENTARIAS 1998 S.L. (BLOQ.),120.0,0.0,0.0,60.0,0.0,60.0,60.0,0.0,0.0,60.0,0.0,0.0,0.0,144.0,0.0,0.0,0.0,0.0,0.0,510.0,0.0,0.0,222.6,0.0,222.6,222.6,0.0,0.0,255.0,0.0,0.0,0.0,612.0,0.0,0.0,0.0,0.0,0.0
9960.0,BARRA CON QUESO EDAM PROFESSIONAL LINE-CANAL HORECA 3 KG,DISTRIBUIDORES,RESTO DISTRIBUIDORES,000682-MANUEL CARDENAS PEREZ (BLOQ.),0.0,0.0,0.0,0.0,0.0,0.0,0.0,0.0,0.0,0.0,0.0,0.0,0.0,0.0,0.0,0.0,0.0,0.0,0.0,0.0,0.0,0.0,0.0,0.0,0.0,0.0,0.0,0.0,0.0,0.0,0.0,0.0,0.0,0.0,0.0,0.0,0.0,0.0
9960.0,BARRA CON QUESO EDAM PROFESSIONAL LINE-CANAL HORECA 3 KG,DISTRIBUIDORES,RESTO DISTRIBUIDORES,000711-DISTRIBUCIONES J.M. S.A.,0.0,0.0,0.0,24.0,48.0,96.0,24.0,60.0,24.0,48.0,24.0,0.0,0.0,12.0,84.0,0.0,24.0,0.0,0.0,0.0,0.0,0.0,84.24,168.48,336.96,84.24,210.6,84.24,168.48,84.24,0.0,0.0,42.12,294.84,0.0,84.24,0.0,0.0
9960.0,BARRA CON QUESO EDAM PROFESSIONAL LINE-CANAL HORECA 3 KG,DISTRIBUIDORES,RESTO DISTRIBUIDORES,000725-DISTRIBUCIONES MORERA 2020 S.L.,0.0,72.0,72.0,36.0,0.0,96.0,0.0,72.0,0.0,0.0,0.0,0.0,0.0,0.0,0.0,0.0,0.0,0.0,0.0,0.0,267.12,267.12,133.56,0.0,356.16,0.0,267.12,0.0,0.0,0.0,0.0,0.0,0.0,0.0,0.0,0.0,0.0,0.0
9960.0,BARRA CON QUESO EDAM PROFESSIONAL LINE-CANAL HORECA 3 KG,DISTRIBUIDORES,RESTO DISTRIBUIDORES,000728-SAN LAMBERTO 2000 SL,0.0,0.0,0.0,0.0,0.0,0.0,456.0,576.0,360.0,96.0,792.0,1680.0,1440.0,0.0,288.0,504.0,360.0,720.0,648.0,0.0,0.0,0.0,0.0,0.0,0.0,1691.76,2136.96,1335.6,356.16,2938.32,6232.8,5342.4,0.0,1068.48,1869.84,1335.6,2671.2,2404.08
9960.0,BARRA CON QUESO EDAM PROFESSIONAL LINE-CANAL HORECA 3 KG,DISTRIBUIDORES,RESTO DISTRIBUIDORES,000770-VICTOR SASTRE ANDRINO,0.0,0.0,0.0,0.0,0.0,0.0,0.0,0.0,0.0,0.0,0.0,0.0,0.0,432.0,0.0,0.0,0.0,360.0,0.0,0.0,0.0,0.0,0.0,0.0,0.0,0.0,0.0,0.0,0.0,0.0,0.0,0.0,1836.0,0.0,0.0,0.0,1530.0,0.0
9960.0,BARRA CON QUESO EDAM PROFESSIONAL LINE-CANAL HORECA 3 KG,DISTRIBUIDORES,RESTO DISTRIBUIDORES,000776-COMERCIAL DIALVA S.A.,288.0,288.0,360.0,72.0,216.0,216.0,360.0,216.0,288.0,504.0,216.0,72.0,288.0,216.0,204.0,504.0,2592.0,0.0,144.0,996.48,1010.88,1263.6,252.72,758.16,758.16,1263.6,758.16,1010.88,1769.04,758.16,252.72,1010.88,758.16,716.04,1769.04,8683.2,0.0,505.44
9960.0,BARRA CON QUESO EDAM PROFESSIONAL LINE-CANAL HORECA 3 KG,DISTRIBUIDORES,RESTO DISTRIBUIDORES,000790-PALENZUELA LOGISTICA S.L.,0.0,0.0,0.0,36.0,60.0,96.0,36.0,24.0,48.0,36.0,48.0,72.0,84.0,0.0,144.0,72.0,0.0,0.0,72.0,0.0,0.0,0.0,153.0,255.0,408.0,153.0,102.0,204.0,153.0,204.0,306.0,357.0,0.0,612.0,306.0,0.0,0.0,306.0
9960.0,BARRA CON QUESO EDAM PROFESSIONAL LINE-CANAL HORECA 3 KG,DISTRIBUIDORES,RESTO DISTRIBUIDORES,000815-GLAC S.A.,0.0,60.0,552.0,1224.0,420.0,2148.0,1068.0,648.0,948.0,516.0,0.0,0.0,0.0,0.0,0.0,0.0,0.0,0.0,0.0,0.0,231.0,2039.52,4296.24,1474.2,7539.48,3748.68,2274.48,3327.48,1811.16,0.0,0.0,0.0,0.0,0.0,0.0,0.0,0.0,0.0
9960.0,BARRA CON QUESO EDAM PROFESSIONAL LINE-CANAL HORECA 3 KG,DISTRIBUIDORES,RESTO DISTRIBUIDORES,000821-A.BASARRATE S.A.,0.0,48.0,108.0,156.0,12.0,168.0,36.0,72.0,168.0,0.0,36.0,24.0,24.0,0.0,0.0,0.0,0.0,0.0,0.0,0.0,178.08,400.68,578.76,44.52,623.28,133.56,267.12,623.28,0.0,133.56,89.04,89.04,0.0,0.0,0.0,0.0,0.0,0.0
9960.0,BARRA CON QUESO EDAM PROFESSIONAL LINE-CANAL HORECA 3 KG,DISTRIBUIDORES,RESTO DISTRIBUIDORES,"000836-DISTRIBUCIONES SERVERA, S.A.",300.0,600.0,840.0,480.0,720.0,660.0,1500.0,540.0,780.0,756.0,180.0,0.0,120.0,300.0,420.0,660.0,120.0,648.0,72.0,1029.0,2106.0,2948.4,1684.8,2527.2,2316.6,5265.0,1895.4,2737.8,2653.56,631.8,0.0,421.2,1053.0,1474.2,2316.6,421.2,2274.48,252.72
9960.0,BARRA CON QUESO EDAM PROFESSIONAL LINE-CANAL HORECA 3 KG,DISTRIBUIDORES,RESTO DISTRIBUIDORES,000843-OLIVERFOOD EXPORT IMPORT S.L.,0.0,0.0,0.0,0.0,0.0,0.0,0.0,0.0,0.0,0.0,0.0,0.0,0.0,0.0,0.0,0.0,0.0,0.0,0.0,0.0,0.0,0.0,0.0,0.0,0.0,0.0,0.0,0.0,0.0,0.0,0.0,0.0,0.0,0.0,0.0,0.0,0.0,0.0
9960.0,BARRA CON QUESO EDAM PROFESSIONAL LINE-CANAL HORECA 3 KG,DISTRIBUIDORES,RESTO DISTRIBUIDORES,"000857-COR GELAT, S.L.U. ( BLOQ )",0.0,0.0,0.0,0.0,0.0,0.0,0.0,0.0,0.0,0.0,0.0,0.0,0.0,0.0,0.0,0.0,0.0,0.0,0.0,0.0,0.0,0.0,0.0,0.0,0.0,0.0,0.0,0.0,0.0,0.0,0.0,0.0,0.0,0.0,0.0,0.0,0.0,0.0
9960.0,BARRA CON QUESO EDAM PROFESSIONAL LINE-CANAL HORECA 3 KG,DISTRIBUIDORES,RESTO DISTRIBUIDORES,"000864-RISCALES ALIMENTACIÓN, S.L.",0.0,0.0,0.0,0.0,0.0,0.0,0.0,0.0,0.0,0.0,0.0,0.0,24.0,0.0,12.0,0.0,0.0,0.0,0.0,0.0,0.0,0.0,0.0,0.0,0.0,0.0,0.0,0.0,0.0,0.0,0.0,84.24,0.0,42.12,0.0,0.0,0.0,0.0
9960.0,BARRA CON QUESO EDAM PROFESSIONAL LINE-CANAL HORECA 3 KG,DISTRIBUIDORES,RESTO DISTRIBUIDORES,"000865-DISALCON95, S.L.",24.0,96.0,72.0,60.0,84.0,120.0,60.0,96.0,120.0,0.0,60.0,60.0,0.0,0.0,72.0,72.0,72.0,72.0,72.0,89.04,356.16,267.12,222.6,311.64,445.2,222.6,356.16,445.2,0.0,222.6,222.6,0.0,0.0,267.12,267.12,267.12,267.12,267.12
9960.0,BARRA CON QUESO EDAM PROFESSIONAL LINE-CANAL HORECA 3 KG,DISTRIBUIDORES,RESTO DISTRIBUIDORES,000870-COMERCIAL LEÓN ZARAGOZA S.L.,120.0,336.0,480.0,120.0,240.0,168.0,300.0,84.0,300.0,504.0,120.0,312.0,0.0,120.0,708.0,288.0,72.0,144.0,144.0,445.2,1246.56,1780.8,445.2,890.4,623.28,1113.0,311.64,1113.0,1869.84,445.2,1157.52,0.0,445.2,2626.68,1068.48,267.12,534.24,534.24
9960.0,BARRA CON QUESO EDAM PROFESSIONAL LINE-CANAL HORECA 3 KG,DISTRIBUIDORES,RESTO DISTRIBUIDORES,"000914-HIJOS DE EUSEBIO CARRERAS, S.L. (BLOQ.)",60.0,228.0,0.0,0.0,0.0,0.0,0.0,0.0,0.0,0.0,0.0,0.0,0.0,0.0,0.0,0.0,0.0,0.0,0.0,236.4,898.32,0.0,0.0,0.0,0.0,0.0,0.0,0.0,0.0,0.0,0.0,0.0,0.0,0.0,0.0,0.0,0.0,0.0
9960.0,BARRA CON QUESO EDAM PROFESSIONAL LINE-CANAL HORECA 3 KG,DISTRIBUIDORES,RESTO DISTRIBUIDORES,000928-SECUNDINO DOCAMPO S.L.,0.0,0.0,0.0,0.0,60.0,0.0,0.0,0.0,0.0,0.0,0.0,0.0,0.0,0.0,0.0,0.0,0.0,0.0,0.0,0.0,0.0,0.0,0.0,222.6,0.0,0.0,0.0,0.0,0.0,0.0,0.0,0.0,0.0,0.0,0.0,0.0,0.0,0.0
9960.0,BARRA CON QUESO EDAM PROFESSIONAL LINE-CANAL HORECA 3 KG,DISTRIBUIDORES,RESTO DISTRIBUIDORES,"000932-CEDIPAS, S.L. (BLOQ.)",0.0,0.0,0.0,0.0,0.0,72.0,72.0,0.0,120.0,0.0,0.0,96.0,0.0,0.0,0.0,0.0,0.0,0.0,0.0,0.0,0.0,0.0,0.0,0.0,281.52,281.52,0.0,469.2,0.0,0.0,375.36,0.0,0.0,0.0,0.0,0.0,0.0,0.0
9960.0,BARRA CON QUESO EDAM PROFESSIONAL LINE-CANAL HORECA 3 KG,DISTRIBUIDORES,RESTO DISTRIBUIDORES,"000937-SEÑORIO DE ARCE, S.L.",0.0,0.0,0.0,0.0,0.0,0.0,0.0,60.0,0.0,72.0,0.0,0.0,0.0,0.0,0.0,0.0,0.0,0.0,0.0,0.0,0.0,0.0,0.0,0.0,0.0,0.0,210.6,0.0,252.72,0.0,0.0,0.0,0.0,0.0,0.0,0.0,0.0,0.0
9960.0,BARRA CON QUESO EDAM PROFESSIONAL LINE-CANAL HORECA 3 KG,DISTRIBUIDORES,RESTO DISTRIBUIDORES,000950-GRUP ALIMENTARI DISTECO S.A,0.0,0.0,0.0,0.0,0.0,0.0,0.0,0.0,0.0,0.0,0.0,60.0,84.0,1008.0,0.0,0.0,0.0,360.0,144.0,0.0,0.0,0.0,0.0,0.0,0.0,0.0,0.0,0.0,0.0,0.0,210.6,294.84,3538.08,0.0,0.0,0.0,1263.6,505.44
9960.0,BARRA CON QUESO EDAM PROFESSIONAL LINE-CANAL HORECA 3 KG,DISTRIBUIDORES,RESTO DISTRIBUIDORES,"000958-DINOE FOODS, S.L.",0.0,0.0,0.0,0.0,0.0,0.0,0.0,0.0,0.0,0.0,0.0,0.0,0.0,0.0,72.0,0.0,0.0,72.0,0.0,0.0,0.0,0.0,0.0,0.0,0.0,0.0,0.0,0.0,0.0,0.0,0.0,0.0,0.0,281.52,0.0,0.0,281.52,0.0
9960.0,BARRA CON QUESO EDAM PROFESSIONAL LINE-CANAL HORECA 3 KG,DISTRIBUIDORES,TGT,"000010-TEODORO GARCIA, S.A. ( BLOQ )",0.0,0.0,0.0,0.0,0.0,0.0,0.0,0.0,0.0,0.0,0.0,0.0,0.0,0.0,0.0,0.0,0.0,0.0,0.0,0.0,0.0,0.0,0.0,0.0,0.0,0.0,0.0,0.0,0.0,0.0,0.0,0.0,0.0,0.0,0.0,0.0,0.0,0.0
9960.0,BARRA CON QUESO EDAM PROFESSIONAL LINE-CANAL HORECA 3 KG,DISTRIBUIDORES,TGT,000580-LOGÍSTICA Y TRANSFORMACIÓN LÁCTEA S.L. ( bloq),0.0,0.0,0.0,0.0,0.0,0.0,0.0,0.0,0.0,0.0,0.0,0.0,0.0,0.0,0.0,0.0,0.0,0.0,0.0,0.0,0.0,0.0,0.0,0.0,0.0,0.0,0.0,0.0,0.0,0.0,0.0,0.0,0.0,0.0,0.0,0.0,0.0,0.0
9960.0,BARRA CON QUESO EDAM PROFESSIONAL LINE-CANAL HORECA 3 KG,EXPORT,RESTO EXPORT,"000810-OSFAMA - DISTRIBUICAO, IMPORTACAO E EXPORTACAO",0.0,0.0,0.0,0.0,0.0,0.0,0.0,0.0,0.0,0.0,0.0,0.0,0.0,0.0,0.0,0.0,0.0,0.0,0.0,0.0,0.0,0.0,0.0,0.0,0.0,0.0,0.0,0.0,0.0,0.0,0.0,0.0,0.0,0.0,0.0,0.0,0.0,0.0
9960.0,BARRA CON QUESO EDAM PROFESSIONAL LINE-CANAL HORECA 3 KG,EXPORT,RESTO EXPORT,"000842-NUNES & FREITAS, LDA (BLOQ.)",0.0,0.0,0.0,0.0,0.0,0.0,0.0,0.0,0.0,0.0,0.0,0.0,0.0,0.0,0.0,0.0,0.0,0.0,0.0,0.0,0.0,0.0,0.0,0.0,0.0,0.0,0.0,0.0,0.0,0.0,0.0,0.0,0.0,0.0,0.0,0.0,0.0,0.0
9960.0,BARRA CON QUESO EDAM PROFESSIONAL LINE-CANAL HORECA 3 KG,EXPORT,RESTO EXPORT,"000853-MTZ, LDA ( BLOQ)",0.0,0.0,0.0,0.0,0.0,0.0,0.0,0.0,0.0,0.0,0.0,0.0,0.0,0.0,0.0,0.0,0.0,0.0,0.0,0.0,0.0,0.0,0.0,0.0,0.0,0.0,0.0,0.0,0.0,0.0,0.0,0.0,0.0,0.0,0.0,0.0,0.0,0.0
9960.0,BARRA CON QUESO EDAM PROFESSIONAL LINE-CANAL HORECA 3 KG,EXPORT,RESTO EXPORT,111112-CLIENTES EXPORTACION (PRESUPESTO),0.0,0.0,0.0,0.0,0.0,0.0,0.0,0.0,0.0,0.0,0.0,0.0,0.0,0.0,0.0,0.0,0.0,0.0,0.0,0.0,0.0,0.0,0.0,0.0,0.0,0.0,0.0,0.0,0.0,0.0,0.0,0.0,0.0,0.0,0.0,0.0,0.0,0.0
9960.0,BARRA CON QUESO EDAM PROFESSIONAL LINE-CANAL HORECA 3 KG,INDUSTRIALES & FOOD SERVICE,RESTO INDUSTRIALES & FOODSERVICE,000708-CASHDIPLO SLU ( bloq),132.0,264.0,216.0,264.0,144.0,108.0,132.0,0.0,0.0,0.0,0.0,0.0,0.0,0.0,0.0,0.0,0.0,0.0,0.0,506.52,1061.01,868.1,1061.02,578.74,434.05,530.5,0.0,0.0,0.0,0.0,0.0,0.0,0.0,0.0,0.0,0.0,0.0,0.0
9960.0,BARRA CON QUESO EDAM PROFESSIONAL LINE-CANAL HORECA 3 KG,INDUSTRIALES & FOOD SERVICE,RESTO INDUSTRIALES & FOODSERVICE,"000828-QUE S LIDER, S.L.",0.0,0.0,0.0,0.0,0.0,0.0,0.0,0.0,0.0,0.0,0.0,0.0,0.0,0.0,0.0,0.0,0.0,0.0,0.0,0.0,0.0,0.0,0.0,0.0,0.0,0.0,0.0,0.0,0.0,0.0,0.0,0.0,0.0,0.0,0.0,0.0,0.0,0.0
9960.0,BARRA CON QUESO EDAM PROFESSIONAL LINE-CANAL HORECA 3 KG,INDUSTRIALES & FOOD SERVICE,RESTO INDUSTRIALES & FOODSERVICE,000844-PATRICIA MARTIN GARCIA (BLOQ.),240.0,0.0,240.0,0.0,300.0,0.0,360.0,0.0,0.0,360.0,0.0,0.0,0.0,0.0,0.0,0.0,0.0,0.0,0.0,972.0,0.0,1020.0,0.0,1275.0,0.0,1530.0,0.0,0.0,1530.0,0.0,0.0,0.0,0.0,0.0,0.0,0.0,0.0,0.0
9960.0,BARRA CON QUESO EDAM PROFESSIONAL LINE-CANAL HORECA 3 KG,INDUSTRIALES & FOOD SERVICE,RESTO INDUSTRIALES & FOODSERVICE,"000880-PEDROSA FREIRE, S.L. ( BLOQ)",0.0,0.0,0.0,0.0,0.0,0.0,0.0,0.0,0.0,0.0,0.0,0.0,0.0,0.0,0.0,0.0,0.0,0.0,0.0,0.0,0.0,0.0,0.0,0.0,0.0,0.0,0.0,0.0,0.0,0.0,0.0,0.0,0.0,0.0,0.0,0.0,0.0,0.0
9960.0,BARRA CON QUESO EDAM PROFESSIONAL LINE-CANAL HORECA 3 KG,INDUSTRIALES & FOOD SERVICE,RESTO INDUSTRIALES & FOODSERVICE,"000910-PROFESIONALES DE LA CARNE, S.L. (BLOQ.)",816.0,408.0,1008.0,0.0,408.0,408.0,408.0,0.0,0.0,0.0,0.0,0.0,0.0,0.0,0.0,0.0,0.0,0.0,0.0,2945.76,1513.68,3739.68,0.0,1513.68,1513.68,1680.96,0.0,0.0,0.0,0.0,0.0,0.0,0.0,0.0,0.0,0.0,0.0,0.0
9960.0,BARRA CON QUESO EDAM PROFESSIONAL LINE-CANAL HORECA 3 KG,INTERNO,INTERNO,000679-SPANISH CHEESE S.L.U.,0.0,0.0,0.0,0.0,0.0,0.0,0.0,0.0,0.0,0.0,0.0,0.0,0.0,0.0,0.0,0.0,0.0,0.0,0.0,0.0,0.0,0.0,0.0,0.0,0.0,0.0,0.0,0.0,0.0,0.0,0.0,0.0,0.0,0.0,0.0,0.0,0.0,0.0
9960.0,BARRA CON QUESO EDAM PROFESSIONAL LINE-CANAL HORECA 3 KG,RETAIL,IFA,000823-HIPER USERA S.L.,348.0,168.0,672.0,144.0,600.0,180.0,288.0,276.0,384.0,540.0,288.0,300.0,300.0,192.0,444.0,432.0,372.0,276.0,372.0,1252.8,604.8,2419.2,518.4,2160.0,648.0,1036.8,993.6,1382.4,1944.0,1036.8,1080.0,1080.0,691.2,1598.4,1555.2,1339.2,993.6,1339.2
9960.0,BARRA CON QUESO EDAM PROFESSIONAL LINE-CANAL HORECA 3 KG,RETAIL,IFA,000940-ALIMERKA S.A.U.,0.0,0.0,0.0,0.0,0.0,0.0,0.0,0.0,0.0,864.0,0.0,0.0,0.0,0.0,156.0,144.0,0.0,0.0,144.0,0.0,0.0,0.0,0.0,0.0,0.0,0.0,0.0,0.0,3153.6,0.0,0.0,0.0,0.0,569.4,525.6,0.0,0.0,525.6
9961.0,BARRA SANDWICH PROFESSIONAL LINE-CANAL HORECA 3 KG.,DISTRIBUIDORES,PROVISIONES SUROESTE,"000879-PROVISIONES SUROESTE, S.L.",6336.0,13608.0,6840.0,4032.0,7488.0,5112.0,9936.0,12240.0,12168.0,9216.0,10368.0,8784.0,11808.0,13536.0,12960.0,12960.0,12096.0,20736.0,12960.0,20119.68,43953.84,22093.2,13023.36,24186.24,16511.76,32093.28,39535.2,39302.64,29767.68,33488.64,28372.32,38139.84,43721.28,41860.8,41860.8,39070.08,66977.28,41860.8
9961.0,BARRA SANDWICH PROFESSIONAL LINE-CANAL HORECA 3 KG.,DISTRIBUIDORES,RESTO DISTRIBUIDORES,"000006-LISARDO ISMAEL FERNANDEZ RAMIREZ, S.A. (BLOQ.)",36.0,72.0,168.0,72.0,96.0,24.0,0.0,0.0,0.0,0.0,0.0,0.0,0.0,0.0,0.0,0.0,0.0,0.0,0.0,116.88,243.36,567.84,243.36,324.48,81.12,0.0,0.0,0.0,0.0,0.0,0.0,0.0,0.0,0.0,0.0,0.0,0.0,0.0
9961.0,BARRA SANDWICH PROFESSIONAL LINE-CANAL HORECA 3 KG.,DISTRIBUIDORES,RESTO DISTRIBUIDORES,"000038-LÁCTEOS MENDI, S.L.",504.0,1152.0,1152.0,1080.0,936.0,1656.0,1728.0,1152.0,2520.0,1512.0,1584.0,2304.0,1080.0,1008.0,2520.0,1440.0,1584.0,2448.0,1584.0,1735.2,4032.0,4032.0,3780.0,3217.68,5348.88,5581.44,3720.96,8139.6,4883.76,5116.32,7441.92,3488.4,3255.84,8139.6,4651.2,5116.32,7907.04,5116.32
9961.0,BARRA SANDWICH PROFESSIONAL LINE-CANAL HORECA 3 KG.,DISTRIBUIDORES,RESTO DISTRIBUIDORES,"000247-FADIS ALIMENTACION, S.L.",0.0,0.0,0.0,0.0,0.0,0.0,504.0,1080.0,552.0,648.0,684.0,456.0,312.0,648.0,1224.0,576.0,1224.0,720.0,1152.0,0.0,0.0,0.0,0.0,0.0,0.0,1738.6,3725.57,1904.17,2235.33,2359.52,1573.01,1076.27,2235.33,4222.31,1986.96,4222.3,2483.72,3973.93
9961.0,BARRA SANDWICH PROFESSIONAL LINE-CANAL HORECA 3 KG.,DISTRIBUIDORES,RESTO DISTRIBUIDORES,000338-GONZALO ALONSO CRUZ (BLOQ.),180.0,180.0,180.0,96.0,0.0,300.0,300.0,336.0,180.0,300.0,180.0,300.0,120.0,180.0,180.0,300.0,216.0,0.0,0.0,648.0,648.0,648.0,345.6,0.0,1080.0,1080.0,1209.6,648.0,1080.0,648.0,1080.0,453.6,680.4,680.4,1134.0,816.48,0.0,0.0
9961.0,BARRA SANDWICH PROFESSIONAL LINE-CANAL HORECA 3 KG.,DISTRIBUIDORES,RESTO DISTRIBUIDORES,"000643-ORTHIDAL, S.L.",588.0,2604.0,10296.0,20880.0,3456.0,5352.0,6360.0,6048.0,3888.0,2424.0,2592.0,3696.0,1872.0,1152.0,1080.0,72.0,420.0,576.0,2628.0,1781.64,8410.92,31872.34,64070.26,11124.8,17007.89,19570.85,19085.76,12108.96,7829.52,8372.16,11938.08,5709.6,3586.74,3382.57,226.08,1318.8,1808.64,8208.85
9961.0,BARRA SANDWICH PROFESSIONAL LINE-CANAL HORECA 3 KG.,DISTRIBUIDORES,RESTO DISTRIBUIDORES,000644-COMERCIAL LUIS ROSQUELLAS S.L.,24.0,48.0,84.0,48.0,48.0,96.0,108.0,0.0,120.0,96.0,0.0,0.0,72.0,120.0,60.0,0.0,72.0,72.0,72.0,85.85,171.7,300.47,171.7,171.7,343.39,386.32,0.0,429.24,343.4,0.0,0.0,257.54,429.24,214.62,0.0,257.54,257.54,257.54
9961.0,BARRA SANDWICH PROFESSIONAL LINE-CANAL HORECA 3 KG.,DISTRIBUIDORES,RESTO DISTRIBUIDORES,000651-COMERGRAN S.L.,540.0,0.0,60.0,300.0,240.0,240.0,180.0,240.0,420.0,240.0,0.0,120.0,240.0,60.0,276.0,120.0,204.0,216.0,144.0,1728.0,0.0,193.8,969.0,775.2,775.2,581.4,775.2,1356.6,775.2,0.0,387.6,775.2,193.8,891.48,387.6,658.92,697.68,465.12
9961.0,BARRA SANDWICH PROFESSIONAL LINE-CANAL HORECA 3 KG.,DISTRIBUIDORES,RESTO DISTRIBUIDORES,000655-EXCLUSIVAS OMEÑACA SL,108.0,84.0,168.0,168.0,84.0,276.0,216.0,84.0,72.0,96.0,36.0,144.0,72.0,0.0,144.0,72.0,72.0,144.0,144.0,385.2,310.8,621.6,621.6,310.8,1021.2,799.2,310.8,266.4,355.2,133.2,532.8,266.4,0.0,532.8,266.4,266.4,532.8,532.8
9961.0,BARRA SANDWICH PROFESSIONAL LINE-CANAL HORECA 3 KG.,DISTRIBUIDORES,RESTO DISTRIBUIDORES,"000656-PRADOMAYOR, S.A. ( BLOQ)",24.0,36.0,36.0,24.0,24.0,12.0,0.0,0.0,0.0,0.0,0.0,0.0,0.0,0.0,0.0,0.0,0.0,0.0,0.0,91.2,136.8,136.8,91.2,91.2,45.6,0.0,0.0,0.0,0.0,0.0,0.0,0.0,0.0,0.0,0.0,0.0,0.0,0.0
9961.0,BARRA SANDWICH PROFESSIONAL LINE-CANAL HORECA 3 KG.,DISTRIBUIDORES,RESTO DISTRIBUIDORES,000667-MENA ALIMENTARIA S.L.,48.0,48.0,0.0,24.0,96.0,48.0,0.0,84.0,24.0,24.0,108.0,24.0,36.0,0.0,24.0,72.0,144.0,0.0,0.0,159.36,168.96,0.0,84.48,337.92,168.96,0.0,295.68,84.48,84.48,380.16,84.48,126.72,0.0,84.48,253.44,506.88,0.0,0.0
9961.0,BARRA SANDWICH PROFESSIONAL LINE-CANAL HORECA 3 KG.,DISTRIBUIDORES,RESTO DISTRIBUIDORES,"000675-CORPORACIÓN LÁCTEA DEL NORTE, S.L.",360.0,864.0,360.0,720.0,864.0,864.0,1728.0,864.0,360.0,864.0,432.0,864.0,720.0,864.0,1392.0,864.0,864.0,864.0,1728.0,1051.2,2695.68,1123.2,2246.4,2623.68,2695.68,5391.36,2695.68,1123.2,2695.68,1347.84,2695.68,2246.4,2695.68,4343.04,2695.68,2695.68,2695.68,5391.36
9961.0,BARRA SANDWICH PROFESSIONAL LINE-CANAL HORECA 3 KG.,DISTRIBUIDORES,RESTO DISTRIBUIDORES,000679-SPANISH CHEESE S.L.U.,0.0,0.0,0.0,0.0,0.0,0.0,0.0,0.0,0.0,0.0,0.0,0.0,0.0,0.0,0.0,0.0,0.0,360.0,0.0,0.0,0.0,0.0,0.0,0.0,0.0,0.0,0.0,0.0,0.0,0.0,0.0,0.0,0.0,0.0,0.0,0.0,1067.76,0.0
9961.0,BARRA SANDWICH PROFESSIONAL LINE-CANAL HORECA 3 KG.,DISTRIBUIDORES,RESTO DISTRIBUIDORES,"000709-DISTRIBUCIONES MONTEVERDE, S.L.U. ( BLOQ)",0.0,0.0,0.0,0.0,12.0,204.0,0.0,0.0,0.0,0.0,0.0,0.0,0.0,0.0,0.0,0.0,0.0,0.0,0.0,0.0,0.0,0.0,0.0,44.4,754.8,0.0,0.0,0.0,0.0,0.0,0.0,0.0,0.0,0.0,0.0,0.0,0.0,0.0
9961.0,BARRA SANDWICH PROFESSIONAL LINE-CANAL HORECA 3 KG.,DISTRIBUIDORES,RESTO DISTRIBUIDORES,000711-DISTRIBUCIONES J.M. S.A.,0.0,60.0,144.0,24.0,48.0,96.0,24.0,48.0,84.0,48.0,24.0,36.0,96.0,72.0,72.0,72.0,72.0,0.0,0.0,0.0,193.8,465.12,77.52,155.04,310.08,77.52,155.04,271.32,155.04,77.52,116.28,310.08,232.56,232.56,232.56,232.56,0.0,0.0
9961.0,BARRA SANDWICH PROFESSIONAL LINE-CANAL HORECA 3 KG.,DISTRIBUIDORES,RESTO DISTRIBUIDORES,000725-DISTRIBUCIONES MORERA 2020 S.L.,0.0,72.0,72.0,0.0,0.0,108.0,0.0,72.0,0.0,48.0,84.0,48.0,72.0,0.0,72.0,0.0,72.0,72.0,72.0,0.0,253.44,253.44,0.0,0.0,380.16,0.0,253.44,0.0,168.96,295.68,168.96,253.44,0.0,253.44,0.0,253.44,253.44,253.44
9961.0,BARRA SANDWICH PROFESSIONAL LINE-CANAL HORECA 3 KG.,DISTRIBUIDORES,RESTO DISTRIBUIDORES,000728-SAN LAMBERTO 2000 SL,264.0,48.0,288.0,288.0,96.0,240.0,120.0,240.0,168.0,72.0,0.0,168.0,72.0,168.0,240.0,192.0,144.0,0.0,288.0,922.8,170.4,1022.4,1022.4,340.8,852.0,426.0,852.0,596.4,255.6,0.0,596.4,255.6,596.4,852.0,681.6,511.2,0.0,1022.4
9961.0,BARRA SANDWICH PROFESSIONAL LINE-CANAL HORECA 3 KG.,DISTRIBUIDORES,RESTO DISTRIBUIDORES,000729-BERAN ALIMENTACION SL,120.0,0.0,60.0,0.0,0.0,0.0,120.0,0.0,156.0,120.0,96.0,120.0,120.0,192.0,216.0,72.0,0.0,216.0,0.0,378.0,0.0,201.0,0.0,0.0,0.0,402.0,0.0,522.6,402.0,321.6,402.0,402.0,643.2,723.6,241.2,0.0,723.6,0.0
9961.0,BARRA SANDWICH PROFESSIONAL LINE-CANAL HORECA 3 KG.,DISTRIBUIDORES,RESTO DISTRIBUIDORES,"000734-UDIAL, S.A. (BLOQ.)",120.0,60.0,228.0,132.0,108.0,36.0,24.0,0.0,0.0,0.0,0.0,0.0,0.0,0.0,0.0,0.0,0.0,0.0,0.0,453.6,238.8,907.44,525.36,429.84,143.28,95.52,0.0,0.0,0.0,0.0,0.0,0.0,0.0,0.0,0.0,0.0,0.0,0.0
9961.0,BARRA SANDWICH PROFESSIONAL LINE-CANAL HORECA 3 KG.,DISTRIBUIDORES,RESTO DISTRIBUIDORES,000741-DISTRIBUCIÓN DE LECHE EXTREMEÑA S.L. (BLOQ.),0.0,264.0,252.0,0.0,252.0,252.0,0.0,252.0,0.0,252.0,252.0,0.0,252.0,252.0,0.0,0.0,0.0,0.0,0.0,0.0,976.8,932.4,0.0,932.4,932.4,0.0,932.4,0.0,932.4,932.4,0.0,932.4,952.56,0.0,0.0,0.0,0.0,0.0
9961.0,BARRA SANDWICH PROFESSIONAL LINE-CANAL HORECA 3 KG.,DISTRIBUIDORES,RESTO DISTRIBUIDORES,000745-MARIANO HERNANDEZ MARTIN (BLOQ.),0.0,240.0,0.0,0.0,0.0,0.0,0.0,0.0,0.0,0.0,0.0,0.0,0.0,0.0,0.0,0.0,0.0,0.0,0.0,0.0,924.0,0.0,0.0,0.0,0.0,0.0,0.0,0.0,0.0,0.0,0.0,0.0,0.0,0.0,0.0,0.0,0.0,0.0
9961.0,BARRA SANDWICH PROFESSIONAL LINE-CANAL HORECA 3 KG.,DISTRIBUIDORES,RESTO DISTRIBUIDORES,000751-PLACOR 2006 S.L.,144.0,0.0,0.0,36.0,36.0,72.0,72.0,0.0,72.0,0.0,0.0,72.0,0.0,0.0,0.0,72.0,0.0,0.0,72.0,501.48,0.0,0.0,132.53,132.53,265.07,265.07,0.0,265.07,0.0,0.0,265.07,0.0,0.0,0.0,265.07,0.0,0.0,265.07
9961.0,BARRA SANDWICH PROFESSIONAL LINE-CANAL HORECA 3 KG.,DISTRIBUIDORES,RESTO DISTRIBUIDORES,000758-JOSE A. JIMÉNEZ CARRIÓN (BLOQ.),0.0,96.0,0.0,96.0,0.0,0.0,0.0,0.0,0.0,0.0,0.0,0.0,0.0,0.0,0.0,0.0,0.0,0.0,0.0,0.0,364.8,0.0,364.8,0.0,0.0,0.0,0.0,0.0,0.0,0.0,0.0,0.0,0.0,0.0,0.0,0.0,0.0,0.0
9961.0,BARRA SANDWICH PROFESSIONAL LINE-CANAL HORECA 3 KG.,DISTRIBUIDORES,RESTO DISTRIBUIDORES,"000763-BENIBALDO, S.A.U. (BLOQ.)",0.0,0.0,36.0,0.0,0.0,0.0,0.0,0.0,0.0,24.0,0.0,0.0,0.0,0.0,0.0,0.0,0.0,0.0,0.0,0.0,0.0,129.6,0.0,0.0,0.0,0.0,0.0,0.0,86.4,0.0,0.0,0.0,0.0,0.0,0.0,0.0,0.0,0.0
9961.0,BARRA SANDWICH PROFESSIONAL LINE-CANAL HORECA 3 KG.,DISTRIBUIDORES,RESTO DISTRIBUIDORES,000766-DISTRIBUCIONES FASGARÓN S.L.,0.0,0.0,60.0,0.0,72.0,0.0,0.0,0.0,0.0,0.0,0.0,0.0,0.0,0.0,0.0,0.0,0.0,0.0,0.0,0.0,0.0,228.0,0.0,273.6,0.0,0.0,0.0,0.0,0.0,0.0,0.0,0.0,0.0,0.0,0.0,0.0,0.0,0.0
9961.0,BARRA SANDWICH PROFESSIONAL LINE-CANAL HORECA 3 KG.,DISTRIBUIDORES,RESTO DISTRIBUIDORES,000776-COMERCIAL DIALVA S.A.,144.0,144.0,144.0,72.0,144.0,144.0,144.0,72.0,72.0,72.0,288.0,144.0,144.0,144.0,144.0,216.0,144.0,360.0,72.0,450.72,465.12,465.12,232.56,465.12,465.12,465.12,232.56,232.56,232.56,930.24,465.12,465.12,465.12,465.12,697.68,465.12,1162.8,232.56
9961.0,BARRA SANDWICH PROFESSIONAL LINE-CANAL HORECA 3 KG.,DISTRIBUIDORES,RESTO DISTRIBUIDORES,000789-PALENZUELA DISTRIBUCION 1970 S.L.,24.0,24.0,48.0,12.0,60.0,60.0,36.0,24.0,24.0,36.0,36.0,36.0,36.0,0.0,72.0,72.0,72.0,0.0,72.0,88.8,91.2,182.4,45.6,228.0,228.0,136.8,91.2,91.2,136.8,136.8,136.8,136.8,0.0,273.6,273.6,273.6,0.0,273.6
9961.0,BARRA SANDWICH PROFESSIONAL LINE-CANAL HORECA 3 KG.,DISTRIBUIDORES,RESTO DISTRIBUIDORES,000790-PALENZUELA LOGISTICA S.L.,144.0,120.0,192.0,36.0,144.0,120.0,120.0,132.0,168.0,96.0,156.0,120.0,60.0,216.0,288.0,72.0,144.0,72.0,216.0,518.4,456.0,729.6,136.8,547.2,456.0,456.0,501.6,638.4,364.8,592.8,456.0,228.0,820.8,1094.4,273.6,547.2,273.6,820.8
9961.0,BARRA SANDWICH PROFESSIONAL LINE-CANAL HORECA 3 KG.,DISTRIBUIDORES,RESTO DISTRIBUIDORES,000791-CAZALEN S.L. (BLOQ.),120.0,168.0,84.0,132.0,24.0,0.0,0.0,0.0,0.0,0.0,0.0,0.0,0.0,0.0,0.0,0.0,0.0,0.0,0.0,402.0,596.4,298.2,468.6,85.2,0.0,0.0,0.0,0.0,0.0,0.0,0.0,0.0,0.0,0.0,0.0,0.0,0.0,0.0
9961.0,BARRA SANDWICH PROFESSIONAL LINE-CANAL HORECA 3 KG.,DISTRIBUIDORES,RESTO DISTRIBUIDORES,"000806-CUSTODIO MARTÍN LÓPEZ, S.L.",0.0,0.0,0.0,0.0,0.0,0.0,0.0,0.0,0.0,0.0,60.0,0.0,60.0,216.0,0.0,144.0,360.0,0.0,864.0,0.0,0.0,0.0,0.0,0.0,0.0,0.0,0.0,0.0,0.0,211.2,0.0,211.2,760.32,0.0,506.88,1267.2,0.0,2911.68
9961.0,BARRA SANDWICH PROFESSIONAL LINE-CANAL HORECA 3 KG.,DISTRIBUIDORES,RESTO DISTRIBUIDORES,000816-CARLAFEX S.L.,480.0,0.0,120.0,120.0,540.0,120.0,240.0,120.0,120.0,240.0,240.0,0.0,240.0,0.0,0.0,144.0,288.0,144.0,0.0,1430.4,0.0,381.6,381.6,1717.2,381.6,763.2,381.6,381.6,763.2,763.2,0.0,763.2,0.0,0.0,457.92,915.84,457.92,0.0
9961.0,BARRA SANDWICH PROFESSIONAL LINE-CANAL HORECA 3 KG.,DISTRIBUIDORES,RESTO DISTRIBUIDORES,000821-A.BASARRATE S.A.,60.0,180.0,192.0,36.0,96.0,180.0,72.0,240.0,312.0,372.0,432.0,540.0,300.0,216.0,396.0,216.0,144.0,432.0,432.0,199.2,633.6,675.84,126.72,337.92,633.6,253.44,844.8,1098.24,1309.44,1520.64,1900.8,1056.0,760.32,1393.92,760.32,506.88,1520.64,1520.64
9961.0,BARRA SANDWICH PROFESSIONAL LINE-CANAL HORECA 3 KG.,DISTRIBUIDORES,RESTO DISTRIBUIDORES,000835-MONICA GIRON VALENCIA (BLOQ.),180.0,0.0,0.0,0.0,0.0,0.0,0.0,0.0,0.0,0.0,0.0,0.0,0.0,0.0,0.0,0.0,0.0,0.0,0.0,554.4,0.0,0.0,0.0,0.0,0.0,0.0,0.0,0.0,0.0,0.0,0.0,0.0,0.0,0.0,0.0,0.0,0.0,0.0
9961.0,BARRA SANDWICH PROFESSIONAL LINE-CANAL HORECA 3 KG.,DISTRIBUIDORES,RESTO DISTRIBUIDORES,"000858-COVADUL FAST FOOD, S.L.",336.0,480.0,816.0,636.0,528.0,828.0,540.0,732.0,528.0,528.0,384.0,612.0,600.0,492.0,876.0,288.0,720.0,1152.0,792.0,1018.08,1550.4,2635.68,2054.28,1705.44,2674.44,1744.2,2364.36,1705.44,1705.44,1240.32,1976.76,1938.0,1589.16,2829.48,930.24,2325.6,3720.96,2558.16
9961.0,BARRA SANDWICH PROFESSIONAL LINE-CANAL HORECA 3 KG.,DISTRIBUIDORES,RESTO DISTRIBUIDORES,"000864-RISCALES ALIMENTACIÓN, S.L.",48.0,48.0,24.0,84.0,72.0,36.0,96.0,60.0,96.0,24.0,48.0,0.0,0.0,0.0,36.0,144.0,0.0,72.0,144.0,164.16,168.96,84.48,295.68,253.44,126.72,337.92,211.2,337.92,84.48,168.96,0.0,0.0,0.0,116.28,465.12,0.0,232.56,465.12
9961.0,BARRA SANDWICH PROFESSIONAL LINE-CANAL HORECA 3 KG.,DISTRIBUIDORES,RESTO DISTRIBUIDORES,"000865-DISALCON95, S.L.",120.0,72.0,216.0,240.0,300.0,60.0,204.0,180.0,60.0,204.0,180.0,96.0,24.0,144.0,144.0,144.0,72.0,216.0,144.0,410.4,253.44,760.32,844.8,1056.0,211.2,718.08,633.6,211.2,718.08,633.6,337.92,84.48,506.88,506.88,506.88,253.44,760.32,506.88
9961.0,BARRA SANDWICH PROFESSIONAL LINE-CANAL HORECA 3 KG.,DISTRIBUIDORES,RESTO DISTRIBUIDORES,"000868-CODILEX ALIMENTACIÓN TRADICIONAL, S.L.",132.0,492.0,300.0,456.0,144.0,432.0,444.0,336.0,672.0,192.0,384.0,480.0,240.0,288.0,432.0,288.0,288.0,288.0,216.0,452.64,1645.25,1003.2,1605.12,506.88,1520.64,1562.88,929.28,2365.44,642.04,1351.68,1689.6,844.8,1013.76,1442.88,1013.76,1013.76,1013.76,760.32
9961.0,BARRA SANDWICH PROFESSIONAL LINE-CANAL HORECA 3 KG.,DISTRIBUIDORES,RESTO DISTRIBUIDORES,000870-COMERCIAL LEÓN ZARAGOZA S.L.,48.0,96.0,0.0,72.0,60.0,36.0,24.0,72.0,0.0,36.0,48.0,48.0,324.0,180.0,0.0,216.0,0.0,0.0,0.0,168.96,337.92,0.0,253.44,211.2,126.72,84.48,253.44,0.0,126.72,168.96,168.96,1140.48,633.6,0.0,760.32,0.0,0.0,0.0
9961.0,BARRA SANDWICH PROFESSIONAL LINE-CANAL HORECA 3 KG.,DISTRIBUIDORES,RESTO DISTRIBUIDORES,000900-ESTABLECIMIENTOS LOS MELLIZOS JJ ( bloq),300.0,300.0,300.0,0.0,0.0,0.0,0.0,0.0,0.0,0.0,0.0,0.0,0.0,0.0,0.0,0.0,0.0,0.0,0.0,996.0,1056.0,1056.0,0.0,0.0,0.0,0.0,0.0,0.0,0.0,0.0,0.0,0.0,0.0,0.0,0.0,0.0,0.0,0.0
9961.0,BARRA SANDWICH PROFESSIONAL LINE-CANAL HORECA 3 KG.,DISTRIBUIDORES,RESTO DISTRIBUIDORES,000921-DISCONFA ALIMENTACION SL,0.0,60.0,60.0,84.0,0.0,0.0,0.0,0.0,168.0,60.0,0.0,0.0,0.0,0.0,0.0,0.0,0.0,0.0,0.0,0.0,211.2,211.2,295.68,0.0,0.0,0.0,0.0,591.36,211.2,0.0,0.0,0.0,0.0,0.0,0.0,0.0,0.0,0.0
9961.0,BARRA SANDWICH PROFESSIONAL LINE-CANAL HORECA 3 KG.,DISTRIBUIDORES,RESTO DISTRIBUIDORES,000925-CAFES MORA S.L. ( BLOQ ),0.0,0.0,0.0,36.0,0.0,0.0,0.0,0.0,0.0,0.0,0.0,0.0,0.0,0.0,0.0,0.0,0.0,0.0,0.0,0.0,0.0,0.0,136.8,0.0,0.0,0.0,0.0,0.0,0.0,0.0,0.0,0.0,0.0,0.0,0.0,0.0,0.0,0.0
9961.0,BARRA SANDWICH PROFESSIONAL LINE-CANAL HORECA 3 KG.,DISTRIBUIDORES,RESTO DISTRIBUIDORES,000942-MIGUEL ANGEL LAGUNA ORTIZ (BLOQ.),0.0,0.0,0.0,0.0,0.0,0.0,0.0,0.0,432.0,0.0,0.0,0.0,0.0,0.0,0.0,0.0,0.0,0.0,0.0,0.0,0.0,0.0,0.0,0.0,0.0,0.0,0.0,1520.64,0.0,0.0,0.0,0.0,0.0,0.0,0.0,0.0,0.0,0.0
9961.0,BARRA SANDWICH PROFESSIONAL LINE-CANAL HORECA 3 KG.,DISTRIBUIDORES,RESTO DISTRIBUIDORES,000977-GONZALO RODRÍGUEZ MACÍAS S.L.U.,0.0,0.0,0.0,0.0,0.0,0.0,0.0,0.0,0.0,0.0,0.0,0.0,0.0,0.0,0.0,0.0,72.0,144.0,0.0,0.0,0.0,0.0,0.0,0.0,0.0,0.0,0.0,0.0,0.0,0.0,0.0,0.0,0.0,0.0,0.0,253.44,506.88,0.0
9961.0,BARRA SANDWICH PROFESSIONAL LINE-CANAL HORECA 3 KG.,DISTRIBUIDORES,TGT,000580-LOGÍSTICA Y TRANSFORMACIÓN LÁCTEA S.L. ( bloq),1728.0,1728.0,2592.0,1728.0,1728.0,2592.0,2592.0,0.0,0.0,0.0,0.0,0.0,0.0,0.0,0.0,0.0,0.0,0.0,0.0,6652.8,7344.0,11016.0,7344.0,7344.0,11016.0,11845.44,0.0,0.0,0.0,0.0,0.0,0.0,0.0,0.0,0.0,0.0,0.0,0.0
9961.0,BARRA SANDWICH PROFESSIONAL LINE-CANAL HORECA 3 KG.,INDUSTRIALES & FOOD SERVICE,INTERPROVEEDORES,"000566-RESTO VITE, S.L.",288.0,576.0,288.0,288.0,576.0,1152.0,1080.0,408.0,288.0,936.0,576.0,576.0,288.0,576.0,288.0,0.0,288.0,288.0,288.0,1022.4,2002.2,1022.4,1022.4,2044.8,4089.6,3834.0,1448.4,1022.4,3322.8,2044.8,2044.8,1022.4,2044.8,1022.4,0.0,1022.4,1022.4,1022.4
9961.0,BARRA SANDWICH PROFESSIONAL LINE-CANAL HORECA 3 KG.,INDUSTRIALES & FOOD SERVICE,RESTO INDUSTRIALES & FOODSERVICE,000708-CASHDIPLO SLU ( bloq),648.0,792.0,1512.0,1224.0,1296.0,792.0,1152.0,0.0,0.0,0.0,0.0,0.0,0.0,0.0,0.0,0.0,0.0,0.0,0.0,2129.31,2854.36,5376.67,4411.3,4670.79,2854.37,4151.81,0.0,0.0,0.0,0.0,0.0,0.0,0.0,0.0,0.0,0.0,0.0,0.0
9961.0,BARRA SANDWICH PROFESSIONAL LINE-CANAL HORECA 3 KG.,INDUSTRIALES & FOOD SERVICE,RESTO INDUSTRIALES & FOODSERVICE,000727-ORTEGA 1939 S.L.,240.0,216.0,0.0,216.0,216.0,336.0,312.0,312.0,0.0,312.0,312.0,0.0,312.0,0.0,288.0,348.0,0.0,360.0,0.0,811.92,773.71,0.0,773.71,773.71,1203.55,1117.58,1117.58,0.0,1117.58,1117.58,0.0,1117.58,0.0,1031.62,1246.54,0.0,1289.52,0.0
9961.0,BARRA SANDWICH PROFESSIONAL LINE-CANAL HORECA 3 KG.,INDUSTRIALES & FOOD SERVICE,RESTO INDUSTRIALES & FOODSERVICE,000731-CARNICAS BONSABOR S.L. (BLOQ.),864.0,0.0,1728.0,0.0,864.0,864.0,864.0,864.0,864.0,1728.0,0.0,864.0,864.0,-864.0,0.0,0.0,0.0,0.0,0.0,2998.08,0.0,5996.16,0.0,2998.08,2998.08,2998.08,2998.08,2998.08,5996.16,0.0,2998.08,2998.08,-2998.08,0.0,0.0,0.0,0.0,0.0
9961.0,BARRA SANDWICH PROFESSIONAL LINE-CANAL HORECA 3 KG.,INDUSTRIALES & FOOD SERVICE,RESTO INDUSTRIALES & FOODSERVICE,"000749-MG SPECIAL CATERING, S.L.",0.0,0.0,96.0,120.0,168.0,0.0,0.0,144.0,0.0,144.0,0.0,144.0,0.0,144.0,0.0,0.0,216.0,0.0,0.0,0.0,0.0,336.0,420.0,588.0,0.0,0.0,504.0,0.0,504.0,0.0,504.0,0.0,504.0,0.0,0.0,756.0,0.0,0.0
9961.0,BARRA SANDWICH PROFESSIONAL LINE-CANAL HORECA 3 KG.,INDUSTRIALES & FOOD SERVICE,RESTO INDUSTRIALES & FOODSERVICE,000782-MANOLO GARCÍA EMBUTIDO CALIDAD S.L.,0.0,0.0,360.0,0.0,480.0,0.0,0.0,600.0,0.0,0.0,0.0,360.0,0.0,0.0,504.0,0.0,0.0,0.0,0.0,0.0,0.0,1368.0,0.0,1824.0,0.0,0.0,2280.0,0.0,0.0,0.0,1368.0,0.0,0.0,1915.2,0.0,0.0,0.0,0.0
9961.0,BARRA SANDWICH PROFESSIONAL LINE-CANAL HORECA 3 KG.,INDUSTRIALES & FOOD SERVICE,RESTO INDUSTRIALES & FOODSERVICE,"000828-QUE S LIDER, S.L.",192.0,168.0,408.0,408.0,216.0,456.0,792.0,144.0,288.0,288.0,360.0,624.0,240.0,180.0,480.0,216.0,144.0,360.0,72.0,620.16,542.64,1317.84,1317.84,697.68,1472.88,2558.16,465.12,930.24,930.24,1162.8,2015.52,775.2,581.4,1550.4,697.68,465.12,1162.8,232.56
9961.0,BARRA SANDWICH PROFESSIONAL LINE-CANAL HORECA 3 KG.,INDUSTRIALES & FOOD SERVICE,RESTO INDUSTRIALES & FOODSERVICE,000850-UNIDE SDAD. COOP. (BLOQ.),288.0,288.0,360.0,576.0,1080.0,792.0,720.0,504.0,936.0,864.0,720.0,1008.0,936.0,432.0,0.0,0.0,0.0,0.0,0.0,974.06,1009.16,1261.45,2018.31,3784.32,2775.17,2522.88,1766.01,3279.74,3027.46,2522.88,3532.03,3279.74,1513.73,0.0,0.0,0.0,0.0,0.0
9961.0,BARRA SANDWICH PROFESSIONAL LINE-CANAL HORECA 3 KG.,INDUSTRIALES & FOOD SERVICE,RESTO INDUSTRIALES & FOODSERVICE,000892-CARNES IBERICAS DEL NORTE S.L.U.,60.0,708.0,60.0,0.0,240.0,0.0,504.0,0.0,120.0,0.0,0.0,72.0,0.0,60.0,60.0,0.0,0.0,72.0,0.0,211.2,2492.16,211.2,0.0,844.8,0.0,1774.08,0.0,422.4,0.0,0.0,253.44,0.0,211.2,211.2,0.0,0.0,253.44,0.0
9961.0,BARRA SANDWICH PROFESSIONAL LINE-CANAL HORECA 3 KG.,INDUSTRIALES & FOOD SERVICE,RESTO INDUSTRIALES & FOODSERVICE,"000933-2010 FORMULAS Y RECETAS, S.L.",0.0,0.0,0.0,0.0,864.0,0.0,0.0,0.0,408.0,0.0,0.0,864.0,0.0,0.0,0.0,0.0,0.0,0.0,0.0,0.0,0.0,0.0,0.0,3041.28,0.0,0.0,0.0,1436.16,0.0,0.0,3041.28,0.0,0.0,0.0,0.0,0.0,0.0,0.0
9961.0,BARRA SANDWICH PROFESSIONAL LINE-CANAL HORECA 3 KG.,INDUSTRIALES & FOOD SERVICE,RESTO INDUSTRIALES & FOODSERVICE,000961-CARNICAS CAMPESANO SL (BLOQ.),0.0,0.0,0.0,0.0,0.0,0.0,0.0,0.0,0.0,0.0,0.0,0.0,0.0,1728.0,864.0,0.0,0.0,0.0,0.0,0.0,0.0,0.0,0.0,0.0,0.0,0.0,0.0,0.0,0.0,0.0,0.0,0.0,6177.6,3179.52,0.0,0.0,0.0,0.0
9961.0,BARRA SANDWICH PROFESSIONAL LINE-CANAL HORECA 3 KG.,RETAIL,IFA,000823-HIPER USERA S.L.,1800.0,1224.0,2448.0,0.0,4932.0,1728.0,0.0,1728.0,2592.0,1728.0,3456.0,0.0,1728.0,0.0,2592.0,1728.0,1728.0,1728.0,1728.0,5760.0,3916.8,7833.6,0.0,15782.4,5529.6,0.0,5529.6,8294.4,5529.6,11059.2,0.0,5529.6,0.0,8294.4,5529.6,5529.6,5529.6,5529.6
9961.0,BARRA SANDWICH PROFESSIONAL LINE-CANAL HORECA 3 KG.,RETAIL,IFA,000940-ALIMERKA S.A.U.,0.0,0.0,0.0,0.0,0.0,0.0,0.0,0.0,864.0,0.0,0.0,0.0,0.0,0.0,96.0,144.0,0.0,0.0,144.0,0.0,0.0,0.0,0.0,0.0,0.0,0.0,0.0,3153.6,0.0,0.0,0.0,0.0,0.0,350.4,525.6,0.0,0.0,525.6
9968.0,QUESO RALLADO SIN LACTOSA HACENDADO 150 G.,MERCADONA,MERCADONA,"000128-MERCADONA, S.A.",2592.0,0.0,0.0,0.0,0.0,0.0,0.0,0.0,0.0,0.0,0.0,0.0,0.0,0.0,0.0,0.0,0.0,0.0,0.0,16139.61,0.0,0.0,0.0,0.0,0.0,0.0,0.0,0.0,0.0,0.0,0.0,0.0,0.0,0.0,0.0,0.0,0.0,0.0
9970.0,"MOZZARELLA CON QUESO CURADO HILO 1,5 KG.",INDUSTRIALES & FOOD SERVICE,RESTO INDUSTRIALES & FOODSERVICE,000476-PLATOS PREPARADOS PESCASANA SL,2016.0,2016.0,4032.0,2016.0,2520.0,2520.0,2016.0,4680.0,4536.0,0.0,5040.0,2520.0,2520.0,2520.0,2520.0,2640.0,2520.0,2520.0,3024.0,11249.28,11088.0,22176.0,11088.0,13900.32,13860.0,11088.0,25740.0,24948.0,0.0,27720.0,13860.0,13860.0,13860.0,13860.0,14520.0,13104.0,13104.0,15724.8
9972.0,LONCHAS EDAM 300 G. CONDIS,RETAIL,EUROMADI,000648-CONDIS SUPERMERCATS S.A.,0.0,2496.0,2995.2,3494.4,2995.2,3494.4,3494.4,2935.2,3744.0,3482.4,2688.0,4116.0,2745.6,3494.4,4492.8,3993.6,4243.2,4992.0,3331.2,0.0,16215.69,20017.91,23291.09,19758.43,23051.52,23051.5,19362.63,24698.06,22972.35,17731.93,27152.03,17632.67,21933.3,27394.51,23988.36,25367.82,29386.4,19609.77
9972.0,LONCHAS EDAM 300 G. CONDIS,RETAIL,IFA,000648-CONDIS SUPERMERCATS S.A.,3244.8,0.0,0.0,0.0,0.0,0.0,0.0,0.0,0.0,0.0,0.0,0.0,0.0,0.0,0.0,0.0,0.0,0.0,0.0,21080.39,0.0,0.0,0.0,0.0,0.0,0.0,0.0,0.0,0.0,0.0,0.0,0.0,0.0,0.0,0.0,0.0,0.0,0.0
9973.0,LONCHAS EMMENTAL 200 G. CONDIS,RETAIL,EUROMADI,000648-CONDIS SUPERMERCATS S.A.,0.0,1996.8,1946.4,2246.4,1747.2,2246.4,1996.8,2181.6,2246.4,1996.8,2246.4,1996.8,2246.4,1497.6,1996.8,2246.4,1747.2,2496.0,1994.4,0.0,16823.04,17107.54,18077.3,13601.96,17488.25,15545.1,16983.76,17488.23,15545.09,17488.22,15545.09,17488.22,11658.82,15290.49,16724.44,13007.89,18582.71,14848.31
9973.0,LONCHAS EMMENTAL 200 G. CONDIS,RETAIL,IFA,000648-CONDIS SUPERMERCATS S.A.,1747.2,0.0,0.0,0.0,0.0,0.0,0.0,0.0,0.0,0.0,0.0,0.0,0.0,0.0,0.0,0.0,0.0,0.0,0.0,14720.16,0.0,0.0,0.0,0.0,0.0,0.0,0.0,0.0,0.0,0.0,0.0,0.0,0.0,0.0,0.0,0.0,0.0,0.0
9974.0,LONCHAS CHEDDAR 200 G. CONDIS,RETAIL,EUROMADI,000648-CONDIS SUPERMERCATS S.A.,0.0,1996.8,2745.6,3244.8,1497.6,2745.6,998.4,0.0,0.0,0.0,0.0,0.0,0.0,0.0,0.0,0.0,0.0,0.0,0.0,0.0,15864.56,22617.5,27968.91,12984.19,23804.33,8656.12,0.0,0.0,0.0,0.0,0.0,0.0,0.0,0.0,0.0,0.0,0.0,0.0
9974.0,LONCHAS CHEDDAR 200 G. CONDIS,RETAIL,IFA,000648-CONDIS SUPERMERCATS S.A.,2246.4,0.0,0.0,0.0,0.0,0.0,0.0,0.0,0.0,0.0,0.0,0.0,0.0,0.0,0.0,0.0,0.0,0.0,0.0,17847.63,0.0,0.0,0.0,0.0,0.0,0.0,0.0,0.0,0.0,0.0,0.0,0.0,0.0,0.0,0.0,0.0,0.0,0.0
9975.0,LONCHAS SUAVE Y CREMOSO 300 G CONDIS,RETAIL,EUROMADI,000648-CONDIS SUPERMERCATS S.A.,0.0,3244.8,3993.6,4243.2,3244.8,1996.8,499.2,0.0,0.0,0.0,0.0,0.0,0.0,0.0,0.0,0.0,0.0,0.0,0.0,0.0,26910.2,34447.38,37442.56,28651.58,17631.75,4407.94,0.0,0.0,0.0,0.0,0.0,0.0,0.0,0.0,0.0,0.0,0.0,0.0
9975.0,LONCHAS SUAVE Y CREMOSO 300 G CONDIS,RETAIL,IFA,000648-CONDIS SUPERMERCATS S.A.,4243.2,0.0,0.0,0.0,0.0,0.0,0.0,0.0,0.0,0.0,0.0,0.0,0.0,0.0,0.0,0.0,0.0,0.0,0.0,35190.27,0.0,0.0,0.0,0.0,0.0,0.0,0.0,0.0,0.0,0.0,0.0,0.0,0.0,0.0,0.0,0.0,0.0,0.0
9976.0,LONCHAS GOUDA 300 G. CONDIS,RETAIL,EUROMADI,000648-CONDIS SUPERMERCATS S.A.,0.0,4243.2,4742.4,5990.4,4492.8,4492.8,4992.0,4713.6,5510.4,4992.0,4742.4,5241.6,4492.8,4742.4,6240.0,5491.2,5491.2,6739.2,4370.4,0.0,28146.56,32797.55,40315.61,29637.66,29637.66,32930.72,31094.2,36350.46,32930.73,31284.19,34577.28,28838.94,29766.63,38093.2,32983.99,32804.27,39671.64,25727.23
9976.0,LONCHAS GOUDA 300 G. CONDIS,RETAIL,IFA,000648-CONDIS SUPERMERCATS S.A.,4492.8,0.0,0.0,0.0,0.0,0.0,0.0,0.0,0.0,0.0,0.0,0.0,0.0,0.0,0.0,0.0,0.0,0.0,0.0,29802.24,0.0,0.0,0.0,0.0,0.0,0.0,0.0,0.0,0.0,0.0,0.0,0.0,0.0,0.0,0.0,0.0,0.0,0.0
9977.0,LONCHAS MOZZARELLA 200 G. CONDIS,RETAIL,EUROMADI,000648-CONDIS SUPERMERCATS S.A.,0.0,1747.2,1996.8,2995.2,1747.2,2246.4,1996.8,1996.8,2496.0,2496.0,1747.2,2496.0,1747.2,1996.8,2246.4,2467.2,1591.2,2635.2,1747.2,0.0,14702.68,17536.91,24860.16,14126.12,18162.16,16144.13,16144.06,20180.16,20180.16,14126.11,20180.17,14126.11,16144.12,18162.15,19947.32,12864.85,21305.59,14126.11
9977.0,LONCHAS MOZZARELLA 200 G. CONDIS,RETAIL,IFA,000648-CONDIS SUPERMERCATS S.A.,1996.8,0.0,0.0,0.0,0.0,0.0,0.0,0.0,0.0,0.0,0.0,0.0,0.0,0.0,0.0,0.0,0.0,0.0,0.0,16803.07,0.0,0.0,0.0,0.0,0.0,0.0,0.0,0.0,0.0,0.0,0.0,0.0,0.0,0.0,0.0,0.0,0.0,0.0
9979.0,MEZCLA 3 QUESOS MOZZ-CHEDDAR-EMMENTAL RALLADO CORTO,INDUSTRIALES & FOOD SERVICE,INTERPROVEEDORES,000442-PLATOS TRADICIONALES S.A.,58680.0,52560.0,72360.0,47160.0,61200.0,69480.0,57240.0,51120.0,63720.0,62640.0,57240.0,52920.0,57852.0,51480.0,58257.0,46080.0,52200.0,55080.0,58536.0,295160.4,264376.8,363110.67,237214.8,307836.0,349484.4,303372.0,270936.0,337716.0,310068.0,283338.0,261954.0,274797.0,244530.0,276720.75,218880.0,247950.0,261630.0,271157.04
9980.0,LONCHAS CHEDDAR 150 G. AYALA,RETAIL,IFA,000807-HERMANOS AYALA SOUSA S.L.U.,218.4,218.4,218.4,436.8,218.4,218.4,436.8,218.4,218.4,218.4,218.4,436.8,218.4,218.4,218.4,218.4,218.4,436.8,218.4,1790.88,1790.88,1790.88,3581.76,1757.4,1757.4,3514.8,1757.4,1757.39,1757.4,1757.4,3514.8,1757.4,1757.4,1757.4,1757.4,1675.85,3126.04,1450.18
9981.0,LONCHAS EDAM 150 G. AYALA,RETAIL,IFA,000807-HERMANOS AYALA SOUSA S.L.U.,218.4,218.4,436.8,218.4,218.4,218.4,436.8,428.4,218.4,218.4,218.4,436.8,218.4,218.4,436.8,218.4,218.4,436.8,218.4,1576.85,1576.85,3153.7,1576.85,1549.18,1549.18,3098.36,3038.77,1549.18,1549.18,1549.18,3098.36,1549.18,1418.14,2836.28,1352.62,1352.62,2623.72,1311.86
9982.0,LONCHAS GOUDA 150 G. AYALA,RETAIL,IFA,000807-HERMANOS AYALA SOUSA S.L.U.,218.4,218.4,873.6,218.4,0.0,218.4,436.8,218.4,436.8,218.4,436.8,436.8,436.8,218.4,436.8,436.8,218.4,655.2,218.4,1605.96,1605.96,6423.84,1605.96,0.0,1578.31,3156.62,1578.31,3156.62,1578.3,3156.62,3156.62,3091.1,1381.74,2894.54,2827.56,1380.29,4001.09,1310.4
9983.0,LONCHAS CREMOSO 150 G. AYALA,RETAIL,IFA,000807-HERMANOS AYALA SOUSA S.L.U.,218.4,218.4,436.8,424.2,0.0,218.4,218.4,0.0,0.0,0.0,0.0,0.0,0.0,0.0,0.0,0.0,0.0,0.0,0.0,1921.92,1921.92,3843.84,4144.56,0.0,2304.84,2304.84,0.0,0.0,0.0,0.0,0.0,0.0,0.0,0.0,0.0,0.0,0.0,0.0
9990.0,ANÁLOGO MOZZARELLA PIEZA 3 KG.,DISTRIBUIDORES,RESTO DISTRIBUIDORES,"000643-ORTHIDAL, S.L.",0.0,0.0,295.56,24.26,0.0,0.0,0.0,0.0,0.0,0.0,0.0,0.0,0.0,0.0,0.0,0.0,0.0,0.0,0.0,0.0,0.0,931.01,76.42,0.0,0.0,0.0,0.0,0.0,0.0,0.0,0.0,0.0,0.0,0.0,0.0,0.0,0.0,0.0
9991.0,MOZZARELLA FRESCA PERLAS 2 g. BOTE 1 KG.,CASH & CARRY,MAKRO,000621-MAKRO DISTRIBUCIÓN MAYORISTA SA,416.0,432.0,520.0,586.0,626.0,834.0,780.0,632.0,682.0,860.0,322.0,674.0,504.0,390.0,602.0,576.0,698.0,774.0,720.0,3584.25,3722.11,4480.32,5048.98,5393.6,7185.74,6720.48,5445.32,5876.11,7409.75,2774.34,5807.17,4342.45,3360.23,5186.86,4962.8,6013.97,6668.78,6203.52
9991.0,MOZZARELLA FRESCA PERLAS 2 g. BOTE 1 KG.,CASH & CARRY,MAKRO,000645-MAKRO CASH & CARRY PORTUGAL S.A.,0.0,0.0,0.0,0.0,0.0,0.0,0.0,0.0,0.0,0.0,0.0,0.0,0.0,0.0,0.0,0.0,0.0,0.0,0.0,0.0,0.0,0.0,0.0,0.0,0.0,0.0,0.0,0.0,0.0,0.0,0.0,0.0,0.0,0.0,0.0,0.0,0.0,0.0
9991.0,MOZZARELLA FRESCA PERLAS 2 g. BOTE 1 KG.,DISTRIBUIDORES,PROVISIONES SUROESTE,"000879-PROVISIONES SUROESTE, S.L.",0.0,0.0,0.0,0.0,0.0,0.0,0.0,0.0,0.0,0.0,0.0,0.0,0.0,0.0,32.0,0.0,0.0,8.0,0.0,0.0,0.0,0.0,0.0,0.0,0.0,0.0,0.0,0.0,0.0,0.0,0.0,0.0,0.0,228.8,0.0,0.0,57.2,0.0
9992.0,BARRA EMMENTAL QUESLAND 3 KG,DISTRIBUIDORES,PROVISIONES SUROESTE,"000879-PROVISIONES SUROESTE, S.L.",1030.13,0.0,0.0,1082.39,131.02,407.58,824.116,535.92,537.98,133.53,399.09,130.04,401.99,136.39,762.68,551.44,415.06,453.86,1390.796,6348.42,0.0,0.0,7252.02,877.83,2730.79,5521.58,3590.66,3604.47,894.65,2673.91,871.27,2452.14,831.98,4652.35,3363.78,2531.86,2768.55,8483.85
9992.0,BARRA EMMENTAL QUESLAND 3 KG,DISTRIBUIDORES,RESTO DISTRIBUIDORES,000651-COMERGRAN S.L.,0.0,0.0,0.0,0.0,11.52,45.65,0.0,22.46,54.84,0.0,0.0,57.09,0.0,0.0,0.0,0.0,0.0,0.0,0.0,0.0,0.0,0.0,0.0,77.18,305.86,0.0,150.48,367.43,0.0,0.0,382.5,0.0,0.0,0.0,0.0,0.0,0.0,0.0
9992.0,BARRA EMMENTAL QUESLAND 3 KG,DISTRIBUIDORES,RESTO DISTRIBUIDORES,000654-COMERCIAL PINAMAS S.L.,0.0,0.0,10.92,0.0,47.56,206.12,0.0,0.0,0.0,0.0,0.0,10.87,0.0,0.0,0.0,0.0,0.0,0.0,0.0,0.0,0.0,67.7,0.0,313.9,1360.39,0.0,0.0,0.0,0.0,0.0,71.74,0.0,0.0,0.0,0.0,0.0,0.0,0.0
9992.0,BARRA EMMENTAL QUESLAND 3 KG,DISTRIBUIDORES,RESTO DISTRIBUIDORES,000679-SPANISH CHEESE S.L.U.,0.0,1190.03,666.83,0.0,759.88,563.48,0.0,566.24,0.0,504.17,0.0,0.0,0.0,0.0,0.0,0.0,737.89,0.0,0.0,0.0,7058.07,3954.97,0.0,4620.83,3426.52,0.0,3443.24,0.0,3065.8,0.0,0.0,0.0,0.0,0.0,0.0,4564.96,0.0,0.0
9992.0,BARRA EMMENTAL QUESLAND 3 KG,DISTRIBUIDORES,RESTO DISTRIBUIDORES,000843-OLIVERFOOD EXPORT IMPORT S.L.,0.0,1714.45,0.0,0.0,887.95,0.0,732.72,0.0,802.62,1930.31,0.0,0.0,0.0,0.0,0.0,0.0,0.0,0.0,0.0,0.0,11658.26,0.0,0.0,6038.06,0.0,4982.5,0.0,5457.82,13126.11,0.0,0.0,0.0,0.0,0.0,0.0,0.0,0.0,0.0
9992.0,BARRA EMMENTAL QUESLAND 3 KG,DISTRIBUIDORES,RESTO DISTRIBUIDORES,000870-COMERCIAL LEÓN ZARAGOZA S.L.,0.0,46.49,0.0,34.18,34.75,111.48,0.0,0.0,56.08,0.0,121.62,0.0,0.0,114.61,0.0,0.0,0.0,0.0,0.0,0.0,288.24,0.0,225.59,229.35,735.77,0.0,0.0,370.13,0.0,802.7,0.0,0.0,687.66,0.0,0.0,0.0,0.0,0.0
9992.0,BARRA EMMENTAL QUESLAND 3 KG,DISTRIBUIDORES,RESTO DISTRIBUIDORES,000950-GRUP ALIMENTARI DISTECO S.A,0.0,0.0,0.0,0.0,0.0,0.0,0.0,0.0,0.0,0.0,21.94,0.0,33.11,22.96,0.0,0.0,0.0,0.0,0.0,0.0,0.0,0.0,0.0,0.0,0.0,0.0,0.0,0.0,0.0,142.83,0.0,215.55,135.69,0.0,0.0,0.0,0.0,0.0
9992.0,BARRA EMMENTAL QUESLAND 3 KG,INTERNO,INTERNO,000679-SPANISH CHEESE S.L.U.,0.0,0.0,0.0,0.0,0.0,0.0,0.0,0.0,0.0,0.0,0.0,0.0,0.0,0.0,0.0,0.0,0.0,0.0,0.0,0.0,0.0,0.0,0.0,0.0,0.0,0.0,0.0,0.0,0.0,0.0,0.0,0.0,0.0,0.0,0.0,0.0,0.0,0.0
9992.0,BARRA EMMENTAL QUESLAND 3 KG,RETAIL,EUROMADI,"000931-TRANSGOURMET IBÉRICA, SAU",0.0,0.0,0.0,0.0,0.0,0.0,0.0,0.0,0.0,0.0,0.0,0.0,0.0,0.0,0.0,0.0,964.2,204.9,66.174,0.0,0.0,0.0,0.0,0.0,0.0,0.0,0.0,0.0,0.0,0.0,0.0,0.0,0.0,0.0,0.0,6219.08,1321.61,426.82
9993.0,NUTRILAC CH4560,INTERNO,INTERNO,"000086-CENTRAL QUESERA MONTESINOS, S.L.U.",0.0,0.0,0.0,0.0,0.0,0.0,100.0,0.0,0.0,0.0,0.0,0.0,0.0,0.0,0.0,0.0,0.0,0.0,0.0,0.0,0.0,0.0,0.0,0.0,0.0,855.6,0.0,0.0,0.0,0.0,0.0,0.0,0.0,0.0,0.0,0.0,0.0,0.0
9995.0,"QUESO RALLADO MOZZARELLA - ""P""",INDUSTRIALES & FOOD SERVICE,RESTO INDUSTRIALES & FOODSERVICE,000756-QUESOS EL PASTOR-HIJOS DE SALVADOR S.A.,49502.12,53532.64,43431.84,68718.34,69128.53,57042.97,49643.01,60557.0,47464.36,81660.78,82480.16,61450.68,74646.62,82199.85,73700.74,88824.5,52193.26,21126.98,0.0,269093.53,291003.43,236095.48,373552.89,357947.53,295368.5,257051.51,313564.15,245770.45,422839.52,427082.27,318191.62,386520.19,425630.83,381622.44,459933.26,270256.7,109395.5,0.0
9998.0,QUESO RALLADO EMMENTAL ZIPPER 200 G. CONDIS,RETAIL,EUROMADI,000648-CONDIS SUPERMERCATS S.A.,0.0,3225.6,4300.8,4300.8,3225.6,2956.8,3225.6,3494.4,4032.0,3494.4,3494.4,5107.2,4032.0,3494.4,4032.0,3494.4,3316.8,3494.4,2688.0,0.0,22708.22,31366.27,32226.23,24192.0,22176.0,24192.0,26208.0,30240.0,26208.0,26208.0,38304.0,30240.0,26208.0,30240.0,26208.0,24763.1,25841.09,19877.76
9998.0,QUESO RALLADO EMMENTAL ZIPPER 200 G. CONDIS,RETAIL,IFA,000648-CONDIS SUPERMERCATS S.A.,4836.0,0.0,0.0,0.0,0.0,0.0,0.0,0.0,0.0,0.0,0.0,0.0,0.0,0.0,0.0,0.0,0.0,0.0,0.0,34046.74,0.0,0.0,0.0,0.0,0.0,0.0,0.0,0.0,0.0,0.0,0.0,0.0,0.0,0.0,0.0,0.0,0.0,0.0
